original_index,repo,category,keyword,comment,file_path,is_genuine_satd,debt_category,severity,severity_reason,is_new_category,new_category_name,ml_pipeline_stage,model_used,classified_at
0,,Deep Learning,NOQA,,api_gen.py,True,Code Debt,3,Ignoring potential linting issues may lead to code quality degradation,False,,General,llama-3.1-8b-instant,2026-05-09T04:54:58.012022
1,,Deep Learning,TEMP,,api_gen.py,True,Code Debt,3,Temporary solution or workaround used in the code,False,,General,llama-3.1-8b-instant,2026-05-09T04:54:58.706191
2,,Deep Learning,NOQA,,conftest.py,True,Code Debt,2,Ignoring potential linting issues with NOQA,False,,General,llama-3.1-8b-instant,2026-05-09T04:54:59.498875
3,,Deep Learning,NOQA,,conftest.py,True,Code Debt,2,Ignoring potential linting issues with NOQA,False,,General,llama-3.1-8b-instant,2026-05-09T04:55:00.275271
4,,Deep Learning,NOQA,,conftest.py,True,Code Debt,2,Ignoring potential linting issues with NOQA,False,,General,llama-3.1-8b-instant,2026-05-09T04:55:01.195829
5,,Deep Learning,NOQA,,examples/demo_custom_jax_workflow.py,True,Code Debt,2,The presence of the NOQA comment may indicate a code debt related to code style or formatting.,False,,General,llama-3.1-8b-instant,2026-05-09T04:55:01.908150
6,,Deep Learning,NOQA,,examples/demo_custom_tf_workflow.py,True,Code Debt,3,Ignoring potential linting issues with NOQA comment,False,,General,llama-3.1-8b-instant,2026-05-09T04:55:02.684960
7,,Deep Learning,NOQA,,examples/demo_custom_torch_workflow.py,True,Code Debt,2,The presence of the NOQA keyword may indicate a code debt related to code style or formatting.,False,,General,llama-3.1-8b-instant,2026-05-09T04:55:03.499825
8,,Deep Learning,NOQA,,examples/demo_torch_multi_gpu.py,True,Code Debt,2,The presence of the NOQA keyword suggests a potential code debt related to code style or formatting.,False,,General,llama-3.1-8b-instant,2026-05-09T04:55:04.316462
9,,Deep Learning,NOQA,,integration_tests/model_visualization_test.py,True,Code Debt,2,The presence of the NOQA comment may indicate a code debt related to code style or formatting.,False,,General,llama-3.1-8b-instant,2026-05-09T04:55:05.214171
10,,Deep Learning,NOQA,,integration_tests/model_visualization_test.py,True,Code Debt,2,The presence of NOQA suggests a potential code debt related to code style or formatting.,False,,General,llama-3.1-8b-instant,2026-05-09T04:55:05.946373
11,,Deep Learning,NOQA,,integration_tests/model_visualization_test.py,True,Code Debt,2,The presence of NOQA suggests a potential code debt related to code style or formatting.,False,,General,llama-3.1-8b-instant,2026-05-09T04:55:06.647866
12,,Deep Learning,NOQA,,integration_tests/model_visualization_test.py,True,Test Debt,3,The presence of NOQA suggests a potential issue with test code quality or adherence to coding standards.,False,,General,llama-3.1-8b-instant,2026-05-09T04:55:07.434177
13,,Deep Learning,NOQA,,integration_tests/model_visualization_test.py,True,Code Debt,2,The presence of the NOQA comment may indicate a code debt related to code style or formatting.,False,,General,llama-3.1-8b-instant,2026-05-09T04:55:08.151024
14,,Deep Learning,NOQA,,integration_tests/model_visualization_test.py,True,Code Debt,2,The presence of the NOQA comment may indicate a code debt related to code style or formatting.,False,,General,llama-3.1-8b-instant,2026-05-09T04:55:08.889377
15,,Deep Learning,NOQA,,integration_tests/model_visualization_test.py,True,Test Debt,3,Ignoring test warnings can lead to undetected issues in the model visualization test.,False,,General,llama-3.1-8b-instant,2026-05-09T04:55:12.642186
16,,Deep Learning,NOQA,,integration_tests/model_visualization_test.py,True,Code Debt,2,The presence of the NOQA keyword may indicate a code debt related to code style or formatting.,False,,General,llama-3.1-8b-instant,2026-05-09T04:55:16.436157
17,,Deep Learning,NOQA,,integration_tests/model_visualization_test.py,True,Code Debt,3,Potential code quality issue due to NOQA comment,False,,General,llama-3.1-8b-instant,2026-05-09T04:55:20.181738
18,,Deep Learning,NOQA,,integration_tests/model_visualization_test.py,True,Code Debt,2,The presence of the NOQA comment suggests a potential code debt related to code style or formatting.,False,,General,llama-3.1-8b-instant,2026-05-09T04:55:25.099159
19,,Deep Learning,NOQA,,integration_tests/model_visualization_test.py,True,Code Debt,2,The presence of the NOQA comment suggests a potential code debt related to code style or formatting.,False,,General,llama-3.1-8b-instant,2026-05-09T04:55:29.375505
20,,Deep Learning,TEMP,,integration_tests/pytorch_export_test.py,True,Inadequate Testing Debt,3,Temporary solution or workaround found in the code,False,,General,llama-3.1-8b-instant,2026-05-09T04:55:32.359533
21,,Deep Learning,TEMP,,integration_tests/pytorch_export_test.py,True,Inadequate Testing Debt,3,Temporary solution or workaround in test code,False,,General,llama-3.1-8b-instant,2026-05-09T04:55:36.253678
22,,Deep Learning,HACK,,keras/__init__.py,True,Code Debt,3,The presence of a HACK keyword in a code file indicates a potential issue with the code's maintainability or readability.,False,,General,llama-3.1-8b-instant,2026-05-09T04:55:39.997074
23,,Deep Learning,NOQA,,keras/__init__.py,True,Code Debt,2,Ignoring linting rules may lead to inconsistent code quality,False,,General,llama-3.1-8b-instant,2026-05-09T04:55:43.751928
24,,Deep Learning,NOQA,,keras/__init__.py,True,Code Debt,2,Ignoring potential linting issues with NOQA,False,,General,llama-3.1-8b-instant,2026-05-09T04:55:47.674943
25,,Deep Learning,NOQA,,keras/__init__.py,True,Code Debt,2,Ignoring linting rules may lead to inconsistent code quality,False,,General,llama-3.1-8b-instant,2026-05-09T04:55:51.439168
26,,Deep Learning,NOQA,,pip_build.py,True,Code Debt,3,Ignoring potential linting issues may lead to code quality degradation,False,,General,llama-3.1-8b-instant,2026-05-09T04:55:55.292541
27,,Deep Learning,NOQA,,pip_build.py,True,Code Debt,3,Ignoring potential linting issues may lead to code quality degradation,False,,General,llama-3.1-8b-instant,2026-05-09T04:55:59.023918
28,,Deep Learning,TODO,,fastai/interpret.py,True,Code Debt,3,The presence of a TODO comment in the code indicates a potential issue or incomplete implementation.,False,,General,llama-3.1-8b-instant,2026-05-09T04:56:02.905387
29,,Deep Learning,TEMP,,fastai/learner.py,True,Code Debt,3,Temporary workaround or hack in the codebase,False,,General,llama-3.1-8b-instant,2026-05-09T04:56:06.760931
30,,Deep Learning,TEMP,,fastai/learner.py,True,Code Debt,3,Use of TEMP keyword may indicate a temporary or workaround solution in the code.,False,,General,llama-3.1-8b-instant,2026-05-09T04:56:10.604507
31,,Deep Learning,WORKAROUND,,fastai/torch_basics.py,True,Model Stack Workaround Debt,3,The presence of a WORKAROUND comment indicates a potential workaround for a model stack issue.,False,,General,llama-3.1-8b-instant,2026-05-09T04:56:14.372096
32,,Deep Learning,BUG,,fastai/torch_core.py,True,Defect Debt,3,The presence of a BUG keyword indicates a defect in the code.,False,,General,llama-3.1-8b-instant,2026-05-09T04:56:19.103642
33,,Deep Learning,TODO,,fastai/torch_core.py,True,Code Debt,3,Potential bug or inefficiency in the code,False,,General,llama-3.1-8b-instant,2026-05-09T04:56:22.819984
34,,Deep Learning,XXX,,fastai/torch_core.py,True,Code Debt,3,The presence of XXX in the code indicates a potential issue or incomplete implementation.,False,,General,llama-3.1-8b-instant,2026-05-09T04:56:26.542382
35,,Deep Learning,WORKAROUND,,fastai/torch_core.py,True,Model Stack Workaround Debt,3,The presence of a WORKAROUND comment suggests a workaround for a model stack issue.,False,,General,llama-3.1-8b-instant,2026-05-09T04:56:30.263366
36,,Deep Learning,TODO,,fast_neural_style/download_saved_models.py,True,Code Debt,3,The presence of a TODO comment in a code file indicates a potential issue or incomplete implementation.,False,,General,llama-3.1-8b-instant,2026-05-09T04:56:34.083972
37,,Deep Learning,TODO,,.actions/assistant.py,True,Code Debt,3,The presence of a TODO comment in a code file indicates a potential issue or improvement needed in the code.,False,,General,llama-3.1-8b-instant,2026-05-09T04:56:37.954028
38,,Deep Learning,TODO,,.actions/assistant.py,True,Code Debt,3,The presence of a TODO comment in a code file indicates a potential issue that needs to be addressed.,False,,General,llama-3.1-8b-instant,2026-05-09T04:56:41.803268
39,,Deep Learning,XXX,,.actions/assistant.py,True,Code Debt,3,The presence of XXX in a code file indicates a potential issue or placeholder that needs to be addressed.,False,,General,llama-3.1-8b-instant,2026-05-09T04:56:45.558780
40,,Deep Learning,TEMP,,.actions/assistant.py,True,Code Debt,3,Use of temporary variable suggests potential for code refactoring,False,,General,llama-3.1-8b-instant,2026-05-09T04:56:49.287049
41,,Deep Learning,BUG,,requirements/collect_env_details.py,True,Defect Debt,3,The presence of the keyword 'BUG' in the comment indicates a defect.,False,,General,llama-3.1-8b-instant,2026-05-09T04:56:54.010556
42,,Deep Learning,NOQA,,requirements/collect_env_details.py,True,Code Debt,2,Ignoring potential linting issues with NOQA,False,,General,llama-3.1-8b-instant,2026-05-09T04:56:58.199895
43,,Deep Learning,TEMP,,setup.py,True,Code Debt,3,Temporary code is often a sign of a deeper issue with code organization and maintainability.,False,,General,llama-3.1-8b-instant,2026-05-09T04:57:01.096100
44,,Deep Learning,TEMP,,setup.py,True,Configuration Debt,3,Temporary configuration is used in the setup.py file,False,,General,llama-3.1-8b-instant,2026-05-09T04:57:04.846477
45,,Deep Learning,TEMP,,setup.py,True,Code Debt,3,Temporary code is often a sign of a deeper issue with code organization and maintainability.,False,,General,llama-3.1-8b-instant,2026-05-09T04:57:08.588761
46,,Deep Learning,TEMP,,setup.py,True,Code Debt,3,Temporary code is often a sign of a deeper issue with code organization and maintainability.,False,,General,llama-3.1-8b-instant,2026-05-09T04:57:12.303285
47,,Deep Learning,TODO,,configure.py,True,Code Debt,3,The presence of a TODO comment in a configuration file indicates a potential issue with the code's maintainability.,False,,General,llama-3.1-8b-instant,2026-05-09T04:57:16.166041
48,,Deep Learning,TODO,,tensorflow/api_template.__init__.py,True,Code Debt,3,The presence of a TODO comment in a code file indicates a potential issue that needs to be addressed.,False,,General,llama-3.1-8b-instant,2026-05-09T04:57:19.904196
49,,Deep Learning,TODO,,tensorflow/api_template.__init__.py,True,Code Debt,3,The presence of a TODO comment in a code file indicates a potential issue that needs to be addressed.,False,,General,llama-3.1-8b-instant,2026-05-09T04:57:24.655545
50,,Deep Learning,TODO,,tensorflow/api_template_v1.__init__.py,True,Code Debt,3,The presence of a TODO comment in a code file indicates a potential issue or improvement needed in the code.,False,,General,llama-3.1-8b-instant,2026-05-09T04:57:28.417861
51,,Deep Learning,TODO,,tensorflow/api_template_v1.__init__.py,True,Code Debt,3,The presence of a TODO comment in a code file indicates a potential issue or improvement needed in the code.,False,,General,llama-3.1-8b-instant,2026-05-09T04:57:32.250469
52,,Deep Learning,NOQA,,.spin/cmds.py,True,Code Debt,2,The presence of NOQA suggests a potential coding standard deviation.,False,,General,llama-3.1-8b-instant,2026-05-09T04:57:36.005459
53,,Deep Learning,TODO,,mypy_plugins/sympy_mypy_plugin.py,True,Code Debt,3,The presence of a TODO comment indicates a potential issue or incomplete implementation in the code.,False,,General,llama-3.1-8b-instant,2026-05-09T04:57:39.758072
54,,Deep Learning,TEMP,,setup.py,True,Code Debt,3,Temporary code is often a sign of a deeper issue with code organization and maintainability.,False,,General,llama-3.1-8b-instant,2026-05-09T04:57:43.499139
55,,Deep Learning,TEMP,,setup.py,True,Code Debt,3,Temporary workaround or hack in the codebase,False,,General,llama-3.1-8b-instant,2026-05-09T04:57:47.410254
56,,Deep Learning,TEMP,,setup.py,True,Code Debt,3,Temporary code is often a sign of quick fixes or workarounds.,False,,General,llama-3.1-8b-instant,2026-05-09T04:57:51.129647
57,,Deep Learning,TEMP,,setup.py,True,Code Debt,3,Temporary code is often a sign of a deeper issue with code organization and maintainability.,False,,General,llama-3.1-8b-instant,2026-05-09T04:57:54.992403
58,,Deep Learning,TEMP,,setup.py,True,Code Debt,3,Temporary code is often a sign of a deeper issue with code organization and maintainability.,False,,General,llama-3.1-8b-instant,2026-05-09T04:57:58.714055
59,,Deep Learning,TEMP,,setup.py,True,Code Debt,3,Temporary code is often a sign of a deeper code debt issue.,False,,General,llama-3.1-8b-instant,2026-05-09T04:58:02.478002
60,,Deep Learning,XXX,,setup.py,True,Code Debt,3,The presence of XXX in the setup.py file indicates a potential code debt.,False,,General,llama-3.1-8b-instant,2026-05-09T04:58:06.250269
61,,Deep Learning,TODO,,test/_test_bazel.py,True,Test Debt,3,The presence of a TODO comment in a test file indicates a potential issue with testing.,False,,General,llama-3.1-8b-instant,2026-05-09T04:58:10.059159
62,,Deep Learning,WORKAROUND,,test/conftest.py,True,Code Debt,3,The presence of a WORKAROUND keyword in a test file indicates a workaround in the code.,False,,General,llama-3.1-8b-instant,2026-05-09T04:58:13.869846
63,,Deep Learning,TEMP,,test/conftest.py,True,Code Debt,3,"Temporary code (TEMP) suggests a workaround or quick fix, indicating potential technical debt.",False,,General,llama-3.1-8b-instant,2026-05-09T04:58:17.652822
64,,Deep Learning,HACK,,test/conftest.py,True,Code Debt,3,The presence of the HACK keyword in a test file indicates a potential code debt.,False,,General,llama-3.1-8b-instant,2026-05-09T04:58:22.483519
65,,Deep Learning,TODO,,test/conftest.py,True,Test Debt,3,The presence of a TODO comment in a test file indicates a potential issue that needs to be addressed.,False,,General,llama-3.1-8b-instant,2026-05-09T04:58:26.245178
66,,Deep Learning,TODO,,test/run_test.py,True,Test Debt,3,The presence of a TODO comment in a test file indicates a potential issue with testing.,False,,General,llama-3.1-8b-instant,2026-05-09T04:58:30.048648
67,,Deep Learning,TODO,,test/run_test.py,True,Test Debt,3,The presence of a TODO comment in a test file indicates a potential issue with testing.,False,,General,llama-3.1-8b-instant,2026-05-09T04:58:34.249338
68,,Deep Learning,TODO,,test/run_test.py,True,Test Debt,3,The presence of a TODO comment in a test file indicates a potential issue with testing.,False,,General,llama-3.1-8b-instant,2026-05-09T04:58:38.121353
69,,Deep Learning,NOQA,,test/run_test.py,True,Code Debt,2,Ignoring potential linting issues with NOQA,False,,General,llama-3.1-8b-instant,2026-05-09T04:58:42.021204
70,,Deep Learning,NOQA,,test/run_test.py,True,Code Debt,2,Ignoring potential linting issues with NOQA,False,,General,llama-3.1-8b-instant,2026-05-09T04:58:44.809508
71,,Deep Learning,NOQA,,test/run_test.py,True,Code Debt,2,Ignoring potential linting issues with NOQA,False,,General,llama-3.1-8b-instant,2026-05-09T04:58:48.804825
72,,Deep Learning,NOQA,,test/run_test.py,True,Code Debt,2,Ignoring potential linting issues with NOQA,False,,General,llama-3.1-8b-instant,2026-05-09T04:58:52.540409
73,,Deep Learning,TODO,,test/run_test.py,True,Test Debt,3,The presence of a TODO comment in a test file indicates a potential issue with test coverage or test logic.,False,,General,llama-3.1-8b-instant,2026-05-09T04:58:56.464588
74,,Deep Learning,TEMP,,test/run_test.py,True,Code Debt,3,Temporary solution or workaround in the code,False,,General,llama-3.1-8b-instant,2026-05-09T04:59:00.293977
75,,Deep Learning,HACK,,test/run_test.py,True,Code Debt,3,The presence of the HACK keyword in a test file indicates a potential code debt.,False,,General,llama-3.1-8b-instant,2026-05-09T04:59:04.041128
76,,Deep Learning,NOQA,,test/test_ao_sparsity.py,True,Code Debt,2,Ignoring potential linting issues with NOQA,False,,General,llama-3.1-8b-instant,2026-05-09T04:59:07.791758
77,,Deep Learning,NOQA,,test/test_ao_sparsity.py,True,Code Debt,2,Ignoring potential linting issues with NOQA,False,,General,llama-3.1-8b-instant,2026-05-09T04:59:12.523995
78,,Deep Learning,NOQA,,test/test_ao_sparsity.py,True,Code Debt,2,NOQA comment suggests a potential coding standard or style issue,False,,General,llama-3.1-8b-instant,2026-05-09T04:59:16.273527
79,,Deep Learning,NOQA,,test/test_ao_sparsity.py,True,Code Debt,2,The presence of NOQA suggests a potential code debt related to code style or formatting.,False,,General,llama-3.1-8b-instant,2026-05-09T04:59:19.353066
80,,Deep Learning,NOQA,,test/test_ao_sparsity.py,True,Code Debt,2,Potential code smell due to NOQA comment,False,,General,llama-3.1-8b-instant,2026-05-09T04:59:23.120175
81,,Deep Learning,NOQA,,test/test_ao_sparsity.py,True,Code Debt,2,Ignoring potential linting issues with NOQA,False,,General,llama-3.1-8b-instant,2026-05-09T04:59:27.222316
82,,Deep Learning,NOQA,,test/test_ao_sparsity.py,True,Code Debt,2,Ignoring linting rules may lead to inconsistent code quality,False,,General,llama-3.1-8b-instant,2026-05-09T04:59:31.193453
83,,Deep Learning,NOQA,,test/test_ao_sparsity.py,True,Code Debt,2,Ignoring linting rules may lead to inconsistent code quality,False,,General,llama-3.1-8b-instant,2026-05-09T04:59:35.109770
84,,Deep Learning,NOQA,,test/test_ao_sparsity.py,True,Code Debt,2,Ignoring potential linting issues with NOQA,False,,General,llama-3.1-8b-instant,2026-05-09T04:59:38.847308
85,,Deep Learning,NOQA,,test/test_ao_sparsity.py,True,Code Debt,2,The presence of NOQA suggests a potential coding standard deviation.,False,,General,llama-3.1-8b-instant,2026-05-09T04:59:42.575005
86,,Deep Learning,NOQA,,test/test_autograd.py,True,Code Debt,2,Ignoring potential linting issues with NOQA,False,,General,llama-3.1-8b-instant,2026-05-09T04:59:46.494788
87,,Deep Learning,NOQA,,test/test_autograd.py,True,Code Debt,2,Ignoring potential linting issues with NOQA,False,,General,llama-3.1-8b-instant,2026-05-09T04:59:50.264724
88,,Deep Learning,TODO,,test/test_autograd.py,True,Code Debt,3,The presence of a TODO comment in a test file indicates a potential issue with the code's correctness or maintainability.,False,,General,llama-3.1-8b-instant,2026-05-09T04:59:54.035934
89,,Deep Learning,TODO,,test/test_autograd.py,True,Code Debt,3,The presence of a TODO comment in a test file indicates a potential issue with the code's correctness or maintainability.,False,,General,llama-3.1-8b-instant,2026-05-09T04:59:57.778133
90,,Deep Learning,BUG,,test/test_autograd.py,True,Defect Debt,3,The presence of a BUG keyword in the comment indicates a defect in the code.,False,,General,llama-3.1-8b-instant,2026-05-09T05:00:02.613971
91,,Deep Learning,TODO,,test/test_autograd.py,True,Code Debt,3,The presence of a TODO comment in a test file indicates a potential issue with the code's correctness or maintainability.,False,,General,llama-3.1-8b-instant,2026-05-09T05:00:06.387411
92,,Deep Learning,TODO,,test/test_autograd.py,True,Code Debt,3,The presence of a TODO comment in a test file indicates a potential issue with the code's correctness or maintainability.,False,,General,llama-3.1-8b-instant,2026-05-09T05:00:10.258388
93,,Deep Learning,TODO,,test/test_autograd.py,True,Test Debt,3,The presence of a TODO comment in a test file indicates a potential issue with testing.,False,,General,llama-3.1-8b-instant,2026-05-09T05:00:14.081919
94,,Deep Learning,TODO,,test/test_autograd.py,True,Code Debt,3,The presence of a TODO comment in a test file indicates a potential issue with the code's correctness or maintainability.,False,,General,llama-3.1-8b-instant,2026-05-09T05:00:17.853882
95,,Deep Learning,TODO,,test/test_autograd.py,True,Code Debt,3,The presence of a TODO comment in a test file indicates a potential issue with the code's correctness or maintainability.,False,,General,llama-3.1-8b-instant,2026-05-09T05:00:22.005357
96,,Deep Learning,TEMP,,test/test_autograd.py,True,Code Debt,3,Temporary workaround or hack in the codebase,False,,General,llama-3.1-8b-instant,2026-05-09T05:00:25.954981
97,,Deep Learning,TODO,,test/test_autograd.py,True,Code Debt,3,The presence of a TODO comment in a test file indicates a potential issue with the code's correctness or maintainability.,False,,General,llama-3.1-8b-instant,2026-05-09T05:00:29.700487
98,,Deep Learning,TODO,,test/test_autograd.py,True,Code Debt,3,The presence of a TODO comment in a test file indicates a potential issue with the code's correctness or maintainability.,False,,General,llama-3.1-8b-instant,2026-05-09T05:00:33.551364
99,,Deep Learning,TODO,,test/test_autograd.py,True,Code Debt,3,The presence of a TODO comment in a test file indicates a potential issue with the code's correctness or maintainability.,False,,General,llama-3.1-8b-instant,2026-05-09T05:00:37.400993
100,,Deep Learning,TEMP,,test/test_autograd.py,True,Code Debt,3,Temporary workaround or hack in the codebase,False,,General,llama-3.1-8b-instant,2026-05-09T05:00:41.187852
101,,Deep Learning,TODO,,test/test_autograd.py,True,Code Debt,3,The presence of a TODO comment in a test file indicates a potential issue with the code's functionality.,False,,General,llama-3.1-8b-instant,2026-05-09T05:00:45.063818
102,,Deep Learning,TODO,,test/test_autograd.py,True,Code Debt,3,The presence of a TODO comment in a test file indicates a potential issue or incomplete implementation.,False,,General,llama-3.1-8b-instant,2026-05-09T05:00:48.951012
103,,Deep Learning,BUG,,test/test_autograd.py,True,Defect Debt,3,The presence of a BUG keyword in the comment indicates a defect in the code.,False,,General,llama-3.1-8b-instant,2026-05-09T05:00:52.694470
104,,Deep Learning,TEMP,,test/test_autograd.py,True,Code Debt,3,Temporary workaround or hack in the codebase,False,,General,llama-3.1-8b-instant,2026-05-09T05:00:56.540885
105,,Deep Learning,TODO,,test/test_autograd.py,True,Code Debt,3,The presence of a TODO comment in a test file indicates a potential issue with the code's correctness or maintainability.,False,,General,llama-3.1-8b-instant,2026-05-09T05:01:00.270995
106,,Deep Learning,FIXME,,test/test_autograd.py,True,Code Debt,3,The presence of a FIXME comment indicates a potential issue in the code that needs to be addressed.,False,,General,llama-3.1-8b-instant,2026-05-09T05:01:05.272131
107,,Deep Learning,TODO,,test/test_autograd.py,True,Code Debt,3,The presence of a TODO comment in a test file indicates a potential issue with the code's correctness or maintainability.,False,,General,llama-3.1-8b-instant,2026-05-09T05:01:08.040224
108,,Deep Learning,BUG,,test/test_autograd.py,True,Defect Debt,3,The presence of a BUG keyword in the comment indicates a defect in the code.,False,,General,llama-3.1-8b-instant,2026-05-09T05:01:12.842441
109,,Deep Learning,TODO,,test/test_autograd.py,True,Code Debt,3,The presence of a TODO comment in a test file indicates a potential issue with the code's correctness or maintainability.,False,,General,llama-3.1-8b-instant,2026-05-09T05:01:16.599502
110,,Deep Learning,TODO,,test/test_autograd.py,True,Code Debt,3,The presence of a TODO comment in a test file indicates a potential issue with the code's correctness or maintainability.,False,,General,llama-3.1-8b-instant,2026-05-09T05:01:20.468561
111,,Deep Learning,NOQA,,test/test_autograd.py,True,Code Debt,2,Ignoring potential linting issues with NOQA,False,,General,llama-3.1-8b-instant,2026-05-09T05:01:24.487411
112,,Deep Learning,TODO,,test/test_autograd.py,True,Code Debt,3,The presence of a TODO comment in a test file indicates a potential issue with the code's correctness or maintainability.,False,,General,llama-3.1-8b-instant,2026-05-09T05:01:28.416566
113,,Deep Learning,NOQA,,test/test_autograd.py,True,Code Debt,2,The presence of the NOQA keyword suggests a potential code debt related to code style or formatting.,False,,General,llama-3.1-8b-instant,2026-05-09T05:01:32.178897
114,,Deep Learning,NOQA,,test/test_autograd.py,True,Code Debt,2,Ignoring potential linting issues with NOQA,False,,General,llama-3.1-8b-instant,2026-05-09T05:01:36.228637
115,,Deep Learning,NOQA,,test/test_autograd.py,True,Code Debt,2,Ignoring potential linting issues with NOQA,False,,General,llama-3.1-8b-instant,2026-05-09T05:01:40.146771
116,,Deep Learning,NOQA,,test/test_autograd_fallback.py,True,Code Debt,3,Ignoring potential code style issues with NOQA,False,,General,llama-3.1-8b-instant,2026-05-09T05:01:43.881705
117,,Deep Learning,NOQA,,test/test_binary_ufuncs.py,True,Code Debt,2,Ignoring potential code style issues with NOQA,False,,General,llama-3.1-8b-instant,2026-05-09T05:01:47.618704
118,,Deep Learning,TODO,,test/test_binary_ufuncs.py,True,Test Debt,3,Potential test failure due to TODO comment,False,,General,llama-3.1-8b-instant,2026-05-09T05:01:51.361963
119,,Deep Learning,TODO,,test/test_binary_ufuncs.py,True,Code Debt,3,The presence of a TODO comment indicates a potential issue or incomplete implementation in the code.,False,,General,llama-3.1-8b-instant,2026-05-09T05:01:55.291415
120,,Deep Learning,TODO,,test/test_binary_ufuncs.py,True,Code Debt,3,The presence of a TODO comment indicates a potential issue or incomplete implementation in the code.,False,,General,llama-3.1-8b-instant,2026-05-09T05:01:59.069738
121,,Deep Learning,TODO,,test/test_binary_ufuncs.py,True,Test Debt,3,The presence of a TODO comment in a test file indicates a potential issue that needs to be addressed.,False,,General,llama-3.1-8b-instant,2026-05-09T05:02:02.882255
122,,Deep Learning,TODO,,test/test_binary_ufuncs.py,True,Code Debt,3,The presence of a TODO comment indicates a potential issue with the code itself.,False,,General,llama-3.1-8b-instant,2026-05-09T05:02:06.624115
123,,Deep Learning,TODO,,test/test_binary_ufuncs.py,True,Code Debt,3,The presence of a TODO comment indicates a potential issue with the code's implementation.,False,,General,llama-3.1-8b-instant,2026-05-09T05:02:10.879473
124,,Deep Learning,TODO,,test/test_binary_ufuncs.py,True,Code Debt,3,The presence of a TODO comment indicates a potential issue with the code's implementation.,False,,General,llama-3.1-8b-instant,2026-05-09T05:02:14.978995
125,,Deep Learning,TODO,,test/test_binary_ufuncs.py,True,Test Debt,3,Potential test failure due to TODO comment,False,,General,llama-3.1-8b-instant,2026-05-09T05:02:18.805555
126,,Deep Learning,TODO,,test/test_binary_ufuncs.py,True,Test Debt,3,The presence of a TODO comment in a test file indicates a potential issue that needs to be addressed.,False,,General,llama-3.1-8b-instant,2026-05-09T05:02:22.559193
127,,Deep Learning,TODO,,test/test_binary_ufuncs.py,True,Test Debt,3,Potential test failure due to unimplemented binary ufunc test,False,,General,llama-3.1-8b-instant,2026-05-09T05:02:26.411090
128,,Deep Learning,TODO,,test/test_binary_ufuncs.py,True,Code Debt,3,The presence of a TODO comment indicates a potential issue or incomplete functionality in the code.,False,,General,llama-3.1-8b-instant,2026-05-09T05:02:30.170438
129,,Deep Learning,NOQA,,test/test_binary_ufuncs.py,True,Code Debt,2,Ignoring potential code style issues with NOQA,False,,General,llama-3.1-8b-instant,2026-05-09T05:02:33.927994
130,,Deep Learning,NOQA,,test/test_binary_ufuncs.py,True,Code Debt,2,The presence of NOQA suggests a potential code debt related to code style or formatting.,False,,General,llama-3.1-8b-instant,2026-05-09T05:02:37.710500
131,,Deep Learning,TODO,,test/test_binary_ufuncs.py,True,Code Debt,3,The presence of a TODO comment indicates a potential issue or incomplete code.,False,,General,llama-3.1-8b-instant,2026-05-09T05:02:41.667198
132,,Deep Learning,TODO,,test/test_binary_ufuncs.py,True,Code Debt,3,The presence of a TODO comment indicates a potential issue or incomplete implementation in the code.,False,,General,llama-3.1-8b-instant,2026-05-09T05:02:45.517939
133,,Deep Learning,NOQA,,test/test_compile_benchmark_util.py,True,Code Debt,2,Ignoring potential code style issues with NOQA,False,,General,llama-3.1-8b-instant,2026-05-09T05:02:49.266731
134,,Deep Learning,TEMP,,test/test_content_store.py,True,Code Debt,3,Temporary workaround or hack in the codebase,False,,General,llama-3.1-8b-instant,2026-05-09T05:02:53.989880
135,,Deep Learning,TEMP,,test/test_content_store.py,True,Code Debt,3,Temporary workaround or hack in the codebase,False,,General,llama-3.1-8b-instant,2026-05-09T05:02:57.712840
136,,Deep Learning,TEMP,,test/test_content_store.py,True,Code Debt,3,Temporary solution or workaround used in the code,False,,General,llama-3.1-8b-instant,2026-05-09T05:03:01.441969
137,,Deep Learning,TODO,,test/test_cpp_extensions_aot.py,True,Code Debt,3,The presence of a TODO comment in a test file indicates a potential issue with the code itself.,False,,General,llama-3.1-8b-instant,2026-05-09T05:03:05.217832
138,,Deep Learning,NOQA,,test/test_cpp_extensions_aot.py,True,Code Debt,2,Ignoring potential code style issues with NOQA,False,,General,llama-3.1-8b-instant,2026-05-09T05:03:09.001520
139,,Deep Learning,NOQA,,test/test_cpp_extensions_aot.py,True,Code Debt,2,Ignoring potential code style issues with NOQA,False,,General,llama-3.1-8b-instant,2026-05-09T05:03:12.754474
140,,Deep Learning,WORKAROUND,,test/test_cpp_extensions_jit.py,True,Code Debt,3,The presence of a WORKAROUND comment indicates a temporary fix in the code.,False,,General,llama-3.1-8b-instant,2026-05-09T05:03:16.645007
141,,Deep Learning,TEMP,,test/test_cpp_extensions_jit.py,True,Code Debt,3,Temporary or placeholder code is present in the repository.,False,,General,llama-3.1-8b-instant,2026-05-09T05:03:20.381190
142,,Deep Learning,NOQA,,test/test_cuda.py,True,Code Debt,2,Ignoring potential linting issues with NOQA,False,,General,llama-3.1-8b-instant,2026-05-09T05:03:24.238209
143,,Deep Learning,TEMP,,test/test_cuda.py,True,Code Debt,3,Temporary workaround or hack in the code,False,,General,llama-3.1-8b-instant,2026-05-09T05:03:28.136530
144,,Deep Learning,NOQA,,test/test_cuda.py,True,Code Debt,2,Ignoring potential linting issues with NOQA,False,,General,llama-3.1-8b-instant,2026-05-09T05:03:31.896787
145,,Deep Learning,NOQA,,test/test_cuda.py,True,Code Debt,2,Ignoring linter warnings may lead to inconsistent code quality,False,,General,llama-3.1-8b-instant,2026-05-09T05:03:35.998866
146,,Deep Learning,TEMP,,test/test_cuda.py,True,Code Debt,3,Temporary workaround or hack in the code,False,,General,llama-3.1-8b-instant,2026-05-09T05:03:39.726085
147,,Deep Learning,TEMP,,test/test_cuda.py,True,Code Debt,3,Temporary workaround or hack in the code,False,,General,llama-3.1-8b-instant,2026-05-09T05:03:43.603367
148,,Deep Learning,TEMP,,test/test_cuda.py,True,Code Debt,3,Temporary workaround or hack in the code,False,,General,llama-3.1-8b-instant,2026-05-09T05:03:47.346761
149,,Deep Learning,TEMP,,test/test_cuda.py,True,Code Debt,3,Temporary workaround or hack in the codebase,False,,General,llama-3.1-8b-instant,2026-05-09T05:03:51.088201
150,,Deep Learning,BUG,,test/test_cuda.py,True,Defect Debt,3,The presence of the keyword 'BUG' in the comment indicates a defect.,False,,General,llama-3.1-8b-instant,2026-05-09T05:03:54.842728
151,,Deep Learning,BUG,,test/test_cuda.py,True,Defect Debt,3,The presence of the keyword 'BUG' in the comment indicates a defect.,False,,General,llama-3.1-8b-instant,2026-05-09T05:03:58.692839
152,,Deep Learning,BUG,,test/test_cuda.py,True,Defect Debt,3,The presence of the keyword 'BUG' in the comment indicates a defect.,False,,General,llama-3.1-8b-instant,2026-05-09T05:04:02.447570
153,,Deep Learning,BUG,,test/test_cuda.py,True,Defect Debt,3,The presence of the keyword 'BUG' in the comment indicates a defect.,False,,General,llama-3.1-8b-instant,2026-05-09T05:04:06.237430
154,,Deep Learning,TEMP,,test/test_cuda.py,True,Test Debt,3,Temporary workaround in test code may lead to unexpected behavior,False,,General,llama-3.1-8b-instant,2026-05-09T05:04:09.988313
155,,Deep Learning,TODO,,test/test_cuda.py,True,Test Debt,3,The presence of a TODO comment in a test file indicates a potential issue or incomplete functionality.,False,,General,llama-3.1-8b-instant,2026-05-09T05:04:13.791556
156,,Deep Learning,TODO,,test/test_cuda.py,True,Test Debt,3,Potential test failure due to TODO comment,False,,General,llama-3.1-8b-instant,2026-05-09T05:04:17.613319
157,,Deep Learning,NOQA,,test/test_cuda.py,True,Code Debt,2,Ignoring potential linting issues with NOQA,False,,General,llama-3.1-8b-instant,2026-05-09T05:04:21.385315
158,,Deep Learning,TEMP,,test/test_cuda.py,True,Code Debt,3,Temporary workaround or hack in the codebase,False,,General,llama-3.1-8b-instant,2026-05-09T05:04:25.128874
159,,Deep Learning,TEMP,,test/test_cuda.py,True,Test Debt,3,Temporary solution or workaround in test code,False,,General,llama-3.1-8b-instant,2026-05-09T05:04:28.886993
160,,Deep Learning,TODO,,test/test_cuda.py,True,Test Debt,3,The presence of a TODO comment in a test file indicates a potential issue that needs to be addressed.,False,,General,llama-3.1-8b-instant,2026-05-09T05:04:32.980023
161,,Deep Learning,TEMP,,test/test_cuda.py,True,Code Debt,3,Temporary solution or workaround in the code,False,,General,llama-3.1-8b-instant,2026-05-09T05:04:36.738550
162,,Deep Learning,NOQA,,test/test_cuda_expandable_segments.py,True,Code Debt,2,The presence of the NOQA keyword may indicate a code debt related to code style or formatting.,False,,General,llama-3.1-8b-instant,2026-05-09T05:04:40.589824
163,,Deep Learning,NOQA,,test/test_cuda_graph_annotations.py,True,Code Debt,2,Ignoring potential code style issues with NOQA,False,,General,llama-3.1-8b-instant,2026-05-09T05:04:44.420305
164,,Deep Learning,TEMP,,test/test_cuda_multigpu.py,True,Test Debt,3,Temporary solution or workaround in test code,False,,General,llama-3.1-8b-instant,2026-05-09T05:04:48.235967
165,,Deep Learning,TEMP,,test/test_cuda_multigpu.py,True,Test Debt,3,Temporary workaround in test code may lead to unexpected behavior,False,,General,llama-3.1-8b-instant,2026-05-09T05:04:52.150234
166,,Deep Learning,NOQA,,test/test_cuda_multigpu.py,True,Code Debt,2,Ignoring potential linting issues with NOQA,False,,General,llama-3.1-8b-instant,2026-05-09T05:04:55.891811
167,,Deep Learning,TODO,,docs/conf.py,True,Documentation Debt,3,Potential documentation issues may impact understanding of the project,False,,General,llama-3.1-8b-instant,2026-05-09T05:04:59.640310
168,,Deep Learning,TODO,,docs/conf_sphinx_patch.py,True,Documentation Debt,3,Incomplete documentation may lead to confusion and errors.,False,,General,llama-3.1-8b-instant,2026-05-09T05:05:03.470455
169,,Deep Learning,TODO,,docs_nnx/conf.py,True,Documentation Debt,3,The presence of a TODO comment in a configuration file indicates a need for documentation or clarification.,False,,General,llama-3.1-8b-instant,2026-05-09T05:05:07.253566
170,,Deep Learning,TODO,,docs_nnx/conf.py,True,Documentation Debt,3,The presence of a TODO comment in a configuration file indicates a need for documentation.,False,,General,llama-3.1-8b-instant,2026-05-09T05:05:12.450015
171,,Deep Learning,TODO,,docs_nnx/conf_sphinx_patch.py,True,Documentation Debt,3,The presence of a TODO comment in a documentation file indicates a need for clarification or improvement.,False,,General,llama-3.1-8b-instant,2026-05-09T05:05:15.227069
172,,Deep Learning,TODO,,flax/configurations.py,True,Code Debt,3,The presence of a TODO comment in a code file indicates a potential issue that needs to be addressed.,False,,General,llama-3.1-8b-instant,2026-05-09T05:05:19.097098
173,,Deep Learning,TEMP,,flax/errors.py,True,Code Debt,3,Temporary error handling is not properly refactored,False,,General,llama-3.1-8b-instant,2026-05-09T05:05:22.904540
174,,Deep Learning,TEMP,,flax/errors.py,True,Code Debt,3,Temporary fix or workaround in production code,False,,General,llama-3.1-8b-instant,2026-05-09T05:05:26.757745
175,,Deep Learning,TODO,,flax/errors.py,True,Code Debt,3,The presence of a TODO comment in the code indicates a potential issue that needs to be addressed.,False,,General,llama-3.1-8b-instant,2026-05-09T05:05:30.524829
176,,Deep Learning,TODO,,flax/errors.py,True,Code Debt,3,The presence of a TODO comment in a code file indicates a potential issue that needs to be addressed.,False,,General,llama-3.1-8b-instant,2026-05-09T05:05:34.279522
177,,Deep Learning,TODO,,flax/jax_utils.py,True,Code Debt,3,The presence of a TODO comment in a code file indicates a potential issue or incomplete implementation.,False,,General,llama-3.1-8b-instant,2026-05-09T05:05:39.259951
178,,Deep Learning,TODO,,flax/serialization.py,True,Code Debt,3,The presence of a TODO comment indicates a potential issue with the code's implementation.,False,,General,llama-3.1-8b-instant,2026-05-09T05:05:42.999219
179,,Deep Learning,TODO,,flax/serialization.py,True,Code Debt,3,The presence of a TODO comment in a code file indicates a potential issue or incomplete implementation.,False,,General,llama-3.1-8b-instant,2026-05-09T05:05:46.747512
180,,Deep Learning,TODO,,tests/flaxlib_test.py,True,Test Debt,3,The presence of a TODO comment in a test file indicates a potential issue with test coverage or test logic.,False,,General,llama-3.1-8b-instant,2026-05-09T05:05:50.611358
181,,Deep Learning,TEMP,,tests/io_test.py,True,Code Debt,3,Use of TEMP keyword suggests a temporary or workaround solution in the code.,False,,General,llama-3.1-8b-instant,2026-05-09T05:05:54.321845
182,,Deep Learning,TEMP,,tests/io_test.py,True,Inadequate Testing Debt,3,Temporary solution or workaround detected in test code,False,,General,llama-3.1-8b-instant,2026-05-09T05:05:58.154696
183,,Deep Learning,TEMP,,tests/io_test.py,True,Code Debt,3,Use of temporary keyword suggests potential for code duplication or complexity,False,,General,llama-3.1-8b-instant,2026-05-09T05:06:01.897027
184,,Deep Learning,TEMP,,tests/io_test.py,True,Code Debt,3,Use of temporary keyword suggests potential code duplication or inefficient implementation,False,,General,llama-3.1-8b-instant,2026-05-09T05:06:05.729289
185,,Deep Learning,TEMP,,tests/io_test.py,True,Test Debt,3,Temporary variable used in test file,False,,General,llama-3.1-8b-instant,2026-05-09T05:06:09.594531
186,,Deep Learning,TEMP,,tests/io_test.py,True,Code Debt,3,Use of temporary keyword suggests a workaround or quick fix in the code.,False,,General,llama-3.1-8b-instant,2026-05-09T05:06:13.349943
187,,Deep Learning,TEMP,,tests/io_test.py,True,Code Debt,3,Temporary variable or function name suggests potential for refactoring or improvement,False,,General,llama-3.1-8b-instant,2026-05-09T05:06:17.233539
188,,Deep Learning,TEMP,,tests/io_test.py,True,Inadequate Testing Debt,3,Temporary solution or workaround detected in test code,False,,General,llama-3.1-8b-instant,2026-05-09T05:06:20.982866
189,,Deep Learning,TEMP,,tests/io_test.py,True,Test Debt,3,Temporary solution or workaround in test code,False,,General,llama-3.1-8b-instant,2026-05-09T05:06:24.809233
190,,Deep Learning,TEMP,,tests/io_test.py,True,Code Debt,3,Use of temporary keyword suggests potential code smell or refactoring opportunity,False,,General,llama-3.1-8b-instant,2026-05-09T05:06:28.561805
191,,Deep Learning,TEMP,,tests/io_test.py,True,Code Debt,3,Use of temporary variables or flags in code,False,,General,llama-3.1-8b-instant,2026-05-09T05:06:32.462393
192,,Deep Learning,TEMP,,tests/io_test.py,True,Code Debt,3,Use of temporary keyword suggests a workaround or quick fix in the code.,False,,General,llama-3.1-8b-instant,2026-05-09T05:06:36.308174
193,,Deep Learning,TEMP,,tests/io_test.py,True,Code Debt,3,Use of TEMP keyword may indicate a temporary or workaround solution in the code.,False,,General,llama-3.1-8b-instant,2026-05-09T05:06:40.071697
194,,Deep Learning,TEMP,,tests/io_test.py,True,Inadequate Testing Debt,3,"Use of TEMP keyword suggests a temporary or workaround solution in a test file, indicating inadequate testing",False,,General,llama-3.1-8b-instant,2026-05-09T05:06:43.830390
195,,Deep Learning,TEMP,,tests/io_test.py,True,Code Debt,3,Use of TEMP keyword suggests a temporary or workaround solution in the code.,False,,General,llama-3.1-8b-instant,2026-05-09T05:06:47.665393
196,,Deep Learning,TEMP,,tests/io_test.py,True,Code Debt,3,Use of temporary keyword suggests a workaround or quick fix in the code.,False,,General,llama-3.1-8b-instant,2026-05-09T05:06:51.523169
197,,Deep Learning,BUG,,tests/pickle_test.py,True,Defect Debt,3,The presence of the keyword 'BUG' in the comment indicates a defect.,False,,General,llama-3.1-8b-instant,2026-05-09T05:06:55.429762
198,,Deep Learning,TODO,,tests/struct_test.py,True,Test Debt,3,The presence of a TODO comment in a test file indicates a potential issue with testing.,False,,General,llama-3.1-8b-instant,2026-05-09T05:06:59.319211
199,,Deep Learning,TEMP,,tests/test_accelerator.py,True,Code Debt,3,Temporary workaround or hack in the codebase,False,,General,llama-3.1-8b-instant,2026-05-09T05:07:03.168135
200,,Deep Learning,TEMP,,tests/test_accelerator.py,True,Code Debt,3,Temporary workaround or hack in the codebase,False,,General,llama-3.1-8b-instant,2026-05-09T05:07:07.001166
201,,Deep Learning,TEMP,,tests/test_accelerator.py,True,Code Debt,3,Use of temporary keyword suggests a workaround or quick fix in the code.,False,,General,llama-3.1-8b-instant,2026-05-09T05:07:10.928807
202,,Deep Learning,TEMP,,tests/test_accelerator.py,True,Code Debt,3,Temporary workaround or hack in the codebase,False,,General,llama-3.1-8b-instant,2026-05-09T05:07:13.817310
203,,Deep Learning,TEMP,,tests/test_accelerator.py,True,Code Debt,3,Temporary workaround or hack in the codebase,False,,General,llama-3.1-8b-instant,2026-05-09T05:07:17.657553
204,,Deep Learning,TEMP,,tests/test_accelerator.py,True,Code Debt,3,Use of temporary keyword suggests a workaround or quick fix in the code.,False,,General,llama-3.1-8b-instant,2026-05-09T05:07:21.489906
205,,Deep Learning,TEMP,,tests/test_accelerator.py,True,Code Debt,3,Use of temporary keyword suggests a workaround or quick fix in the code.,False,,General,llama-3.1-8b-instant,2026-05-09T05:07:25.233148
206,,Deep Learning,TODO,,tests/test_accelerator.py,True,Code Debt,3,The presence of a TODO comment in a test file indicates a potential issue with the code itself.,False,,General,llama-3.1-8b-instant,2026-05-09T05:07:28.991025
207,,Deep Learning,TEMP,,tests/test_accelerator.py,True,Code Debt,3,Temporary workaround or hack in the codebase,False,,General,llama-3.1-8b-instant,2026-05-09T05:07:32.804053
208,,Deep Learning,TEMP,,tests/test_accelerator.py,True,Code Debt,3,Temporary workaround or hack in the codebase,False,,General,llama-3.1-8b-instant,2026-05-09T05:07:36.588552
209,,Deep Learning,TEMP,,tests/test_big_modeling.py,True,Code Debt,3,Use of TEMP keyword suggests temporary or workaround code,False,,General,llama-3.1-8b-instant,2026-05-09T05:07:40.298070
210,,Deep Learning,TEMP,,tests/test_big_modeling.py,True,Code Debt,3,Use of TEMP keyword suggests temporary or workaround code,False,,General,llama-3.1-8b-instant,2026-05-09T05:07:44.148911
211,,Deep Learning,TEMP,,tests/test_big_modeling.py,True,Code Debt,3,Use of temporary keyword suggests a workaround or quick fix in the code.,False,,General,llama-3.1-8b-instant,2026-05-09T05:07:47.967900
212,,Deep Learning,TEMP,,tests/test_big_modeling.py,True,Code Debt,3,Temporary workaround or hack in the codebase,False,,General,llama-3.1-8b-instant,2026-05-09T05:07:51.884815
213,,Deep Learning,TEMP,,tests/test_big_modeling.py,True,Code Debt,3,Temporary workaround or hack in the codebase,False,,General,llama-3.1-8b-instant,2026-05-09T05:07:55.790537
214,,Deep Learning,TEMP,,tests/test_big_modeling.py,True,Code Debt,3,Use of temporary keyword suggests a workaround or quick fix in the code.,False,,General,llama-3.1-8b-instant,2026-05-09T05:07:59.631112
215,,Deep Learning,TEMP,,tests/test_big_modeling.py,True,Code Debt,3,Use of TEMP keyword suggests a temporary or workaround solution in the code.,False,,General,llama-3.1-8b-instant,2026-05-09T05:08:03.515965
216,,Deep Learning,TEMP,,tests/test_big_modeling.py,True,Code Debt,3,Use of TEMP keyword suggests temporary or workaround code,False,,General,llama-3.1-8b-instant,2026-05-09T05:08:07.477553
217,,Deep Learning,TEMP,,tests/test_big_modeling.py,True,Code Debt,3,Temporary workaround or hack in the codebase,False,,General,llama-3.1-8b-instant,2026-05-09T05:08:11.298834
218,,Deep Learning,NOQA,,tests/test_big_modeling.py,True,Code Debt,2,The presence of NOQA suggests a potential code debt related to code style or formatting.,False,,General,llama-3.1-8b-instant,2026-05-09T05:08:15.146751
219,,Deep Learning,NOQA,,tests/test_big_modeling.py,True,Code Debt,2,Ignoring potential linting issues with NOQA,False,,General,llama-3.1-8b-instant,2026-05-09T05:08:18.932838
220,,Deep Learning,BUG,,tests/test_big_modeling.py,True,Defect Debt,3,The presence of the keyword 'BUG' in the comment indicates a defect.,False,,General,llama-3.1-8b-instant,2026-05-09T05:08:22.700495
221,,Deep Learning,NOQA,,tests/test_big_modeling.py,True,Code Debt,2,Ignoring linting rules may lead to inconsistent code quality,False,,General,llama-3.1-8b-instant,2026-05-09T05:08:26.462475
222,,Deep Learning,NOQA,,tests/test_big_modeling.py,True,Code Debt,2,The presence of NOQA suggests a potential code debt related to code style or formatting.,False,,General,llama-3.1-8b-instant,2026-05-09T05:08:30.529922
223,,Deep Learning,BUG,,tests/test_big_modeling.py,True,Defect Debt,3,The presence of the keyword 'BUG' in the comment indicates a defect in the code.,False,,General,llama-3.1-8b-instant,2026-05-09T05:08:34.282231
224,,Deep Learning,NOQA,,tests/test_big_modeling.py,True,Code Debt,2,The presence of NOQA suggests a potential code debt related to code style or formatting.,False,,General,llama-3.1-8b-instant,2026-05-09T05:08:38.035977
225,,Deep Learning,NOQA,,tests/test_big_modeling.py,True,Code Debt,2,Ignoring linting issues may lead to code quality degradation,False,,General,llama-3.1-8b-instant,2026-05-09T05:08:41.846318
226,,Deep Learning,TEMP,,tests/test_big_modeling.py,True,Code Debt,3,Temporary workaround or hack in the codebase,False,,General,llama-3.1-8b-instant,2026-05-09T05:08:45.813132
227,,Deep Learning,BUG,,tests/test_big_modeling.py,True,Defect Debt,3,The presence of the keyword 'BUG' in the comment indicates a defect.,False,,General,llama-3.1-8b-instant,2026-05-09T05:08:49.572245
228,,Deep Learning,TEMP,,tests/test_big_modeling.py,True,Code Debt,3,Temporary workaround or quick fix in the code.,False,,General,llama-3.1-8b-instant,2026-05-09T05:08:53.443558
229,,Deep Learning,TEMP,,tests/test_big_modeling.py,True,Code Debt,3,Temporary workaround or hack in the code,False,,General,llama-3.1-8b-instant,2026-05-09T05:08:57.244336
230,,Deep Learning,TEMP,,tests/test_big_modeling.py,True,Code Debt,3,Use of TEMP keyword suggests temporary or workaround code,False,,General,llama-3.1-8b-instant,2026-05-09T05:09:01.094992
231,,Deep Learning,TEMP,,tests/test_big_modeling.py,True,Code Debt,3,Use of temporary keyword suggests a workaround or quick fix in the code.,False,,General,llama-3.1-8b-instant,2026-05-09T05:09:04.923710
232,,Deep Learning,TEMP,,tests/test_big_modeling.py,True,Code Debt,3,Use of TEMP keyword suggests temporary or workaround code,False,,General,llama-3.1-8b-instant,2026-05-09T05:09:08.731033
233,,Deep Learning,TEMP,,tests/test_big_modeling.py,True,Code Debt,3,Use of TEMP keyword in a test file may indicate a temporary or workaround solution.,False,,General,llama-3.1-8b-instant,2026-05-09T05:09:12.444890
234,,Deep Learning,TEMP,,tests/test_big_modeling.py,True,Code Debt,3,Temporary workaround or hack in the code,False,,General,llama-3.1-8b-instant,2026-05-09T05:09:16.279796
235,,Deep Learning,TEMP,,tests/test_big_modeling.py,True,Code Debt,3,Temporary workaround or hack in the codebase,False,,General,llama-3.1-8b-instant,2026-05-09T05:09:20.045621
236,,Deep Learning,TEMP,,tests/test_big_modeling.py,True,Code Debt,3,Use of TEMP keyword suggests temporary or workaround code,False,,General,llama-3.1-8b-instant,2026-05-09T05:09:23.946707
237,,Deep Learning,TEMP,,tests/test_big_modeling.py,True,Code Debt,3,Temporary workaround or hack in the codebase,False,,General,llama-3.1-8b-instant,2026-05-09T05:09:27.773937
238,,Deep Learning,TEMP,,tests/test_big_modeling.py,True,Code Debt,3,Use of temporary keyword suggests a workaround or quick fix in the code.,False,,General,llama-3.1-8b-instant,2026-05-09T05:09:31.514445
239,,Deep Learning,TEMP,,tests/test_examples.py,True,Code Debt,3,Use of TEMP keyword in a test file may indicate a temporary or workaround solution.,False,,General,llama-3.1-8b-instant,2026-05-09T05:09:35.378564
240,,Deep Learning,TEMP,,tests/test_fp8.py,True,Code Debt,3,Use of temporary variable or placeholder in code,False,,General,llama-3.1-8b-instant,2026-05-09T05:09:38.195371
241,,Deep Learning,TEMP,,tests/test_fp8.py,True,Code Debt,3,Temporary variable usage may indicate a lack of refactoring or code organization.,False,,General,llama-3.1-8b-instant,2026-05-09T05:09:42.146792
242,,Deep Learning,TEMP,,tests/test_fp8.py,True,Code Debt,3,Use of temporary variable suggests potential for code refactoring,False,,General,llama-3.1-8b-instant,2026-05-09T05:09:46.185767
243,,Deep Learning,TEMP,,tests/test_fp8.py,True,Code Debt,3,Use of temporary variable suggests potential code complexity or refactoring needed,False,,General,llama-3.1-8b-instant,2026-05-09T05:09:49.941934
244,,Deep Learning,TEMP,,tests/test_fp8.py,True,Code Debt,3,Use of temporary variable suggests potential for code refactoring,False,,General,llama-3.1-8b-instant,2026-05-09T05:09:53.654922
245,,Deep Learning,NOQA,,tests/test_metrics.py,True,Code Debt,2,Ignoring potential linting issues with NOQA,False,,General,llama-3.1-8b-instant,2026-05-09T05:09:57.407869
246,,Deep Learning,TEMP,,tests/test_modeling_utils.py,True,Code Debt,3,Use of TEMP keyword suggests a temporary or workaround solution in the code.,False,,General,llama-3.1-8b-instant,2026-05-09T05:10:01.195880
247,,Deep Learning,TEMP,,tests/test_modeling_utils.py,True,Code Debt,3,Use of TEMP keyword suggests a temporary or workaround solution in the code.,False,,General,llama-3.1-8b-instant,2026-05-09T05:10:05.019328
248,,Deep Learning,TEMP,,tests/test_modeling_utils.py,True,Code Debt,3,Use of temporary keyword suggests a workaround or quick fix in the code.,False,,General,llama-3.1-8b-instant,2026-05-09T05:10:08.982668
249,,Deep Learning,TEMP,,tests/test_modeling_utils.py,True,Code Debt,3,Temporary workaround or hack in the codebase,False,,General,llama-3.1-8b-instant,2026-05-09T05:10:12.747682
250,,Deep Learning,TEMP,,tests/test_modeling_utils.py,True,Code Debt,3,Temporary code is used in the testing environment,False,,General,llama-3.1-8b-instant,2026-05-09T05:10:16.504736
251,,Deep Learning,TEMP,,tests/test_modeling_utils.py,True,Code Debt,3,Temporary workaround or hack in the codebase,False,,General,llama-3.1-8b-instant,2026-05-09T05:10:20.840060
252,,Deep Learning,TEMP,,tests/test_modeling_utils.py,True,Code Debt,3,Temporary workaround or hack in the codebase,False,,General,llama-3.1-8b-instant,2026-05-09T05:10:23.606884
253,,Deep Learning,TEMP,,tests/test_modeling_utils.py,True,Code Debt,3,Temporary code (TEMP) suggests a workaround or quick fix.,False,,General,llama-3.1-8b-instant,2026-05-09T05:10:27.307705
254,,Deep Learning,TEMP,,tests/test_modeling_utils.py,True,Code Debt,3,Temporary workaround or hack in the codebase,False,,General,llama-3.1-8b-instant,2026-05-09T05:10:32.055856
255,,Deep Learning,TEMP,,tests/test_modeling_utils.py,True,Code Debt,3,Temporary workaround or hack in the codebase,False,,General,llama-3.1-8b-instant,2026-05-09T05:10:36.047940
256,,Deep Learning,TEMP,,tests/test_modeling_utils.py,True,Code Debt,3,Use of TEMP keyword in a comment suggests a temporary fix or workaround in the code.,False,,General,llama-3.1-8b-instant,2026-05-09T05:10:38.771274
257,,Deep Learning,TEMP,,tests/test_modeling_utils.py,True,Code Debt,3,Use of TEMP keyword suggests a temporary or workaround solution in the code.,False,,General,llama-3.1-8b-instant,2026-05-09T05:10:42.475075
258,,Deep Learning,TEMP,,tests/test_modeling_utils.py,True,Code Debt,3,Temporary workaround or hack in the codebase,False,,General,llama-3.1-8b-instant,2026-05-09T05:10:47.240113
259,,Deep Learning,TEMP,,tests/test_modeling_utils.py,True,Code Debt,3,Use of temporary keyword suggests a workaround or quick fix in the code.,False,,General,llama-3.1-8b-instant,2026-05-09T05:10:50.985020
260,,Deep Learning,TEMP,,tests/test_offload.py,True,Code Debt,3,Use of temporary keyword suggests a workaround or quick fix in the code.,False,,General,llama-3.1-8b-instant,2026-05-09T05:10:55.020595
261,,Deep Learning,TEMP,,tests/test_offload.py,True,Code Debt,3,Use of temporary keyword suggests a workaround or quick fix in the code.,False,,General,llama-3.1-8b-instant,2026-05-09T05:10:57.766467
262,,Deep Learning,TODO,,tests/test_offload.py,True,Code Debt,3,The presence of a TODO comment in a test file indicates a potential issue with the code itself.,False,,General,llama-3.1-8b-instant,2026-05-09T05:11:01.625527
263,,Deep Learning,TODO,,tests/test_offload.py,True,Code Debt,3,The presence of a TODO comment in a test file indicates a potential issue with the code itself.,False,,General,llama-3.1-8b-instant,2026-05-09T05:11:05.366628
264,,Deep Learning,TEMP,,tests/test_offload.py,True,Code Debt,3,Use of temporary keyword suggests potential code complexity or lack of refactoring,False,,General,llama-3.1-8b-instant,2026-05-09T05:11:10.110655
265,,Deep Learning,TEMP,,tests/test_offload.py,True,Code Debt,3,Use of temporary keyword suggests a workaround or quick fix in the code.,False,,General,llama-3.1-8b-instant,2026-05-09T05:11:13.964224
266,,Deep Learning,TEMP,,tests/test_offload.py,True,Code Debt,3,Use of temporary keyword suggests potential code organization or refactoring issues,False,,General,llama-3.1-8b-instant,2026-05-09T05:11:17.797486
267,,Deep Learning,TEMP,,tests/test_offload.py,True,Code Debt,3,Temporary variable usage may indicate a lack of proper code organization or refactoring.,False,,General,llama-3.1-8b-instant,2026-05-09T05:11:21.652147
268,,Deep Learning,TEMP,,tests/test_quantization.py,True,Code Debt,3,Use of temporary keyword suggests a workaround or quick fix in the code.,False,,General,llama-3.1-8b-instant,2026-05-09T05:11:25.388482
269,,Deep Learning,TEMP,,tests/test_quantization.py,True,Test Debt,3,Temporary workaround or placeholder in test code,False,,General,llama-3.1-8b-instant,2026-05-09T05:11:29.222285
270,,Deep Learning,TEMP,,tests/test_quantization.py,True,Code Debt,3,Temporary or placeholder code is used in the test file.,False,,General,llama-3.1-8b-instant,2026-05-09T05:11:33.073291
271,,Deep Learning,TEMP,,tests/test_quantization.py,True,Code Debt,3,Temporary variable usage may indicate a lack of refactoring or code organization.,False,,General,llama-3.1-8b-instant,2026-05-09T05:11:36.924885
272,,Deep Learning,TEMP,,tests/test_quantization.py,True,Code Debt,3,Temporary variable usage may indicate a lack of refactoring or code organization.,False,,General,llama-3.1-8b-instant,2026-05-09T05:11:39.769680
273,,Deep Learning,TEMP,,tests/test_state_checkpointing.py,True,Code Debt,3,Use of temporary keyword suggests a workaround or quick fix in the code.,False,,General,llama-3.1-8b-instant,2026-05-09T05:11:44.601918
274,,Deep Learning,TEMP,,tests/test_state_checkpointing.py,True,Code Debt,3,Temporary workaround or quick fix in the codebase,False,,General,llama-3.1-8b-instant,2026-05-09T05:11:48.464129
275,,Deep Learning,TEMP,,tests/test_state_checkpointing.py,True,Code Debt,3,Temporary workaround or hack in the code,False,,General,llama-3.1-8b-instant,2026-05-09T05:11:51.182460
276,,Deep Learning,TEMP,,tests/test_state_checkpointing.py,True,Code Debt,3,Temporary workaround or hack in the codebase,False,,General,llama-3.1-8b-instant,2026-05-09T05:11:54.950304
277,,Deep Learning,TEMP,,tests/test_state_checkpointing.py,True,Code Debt,3,Temporary workaround or hack in the code,False,,General,llama-3.1-8b-instant,2026-05-09T05:11:58.659098
278,,Deep Learning,TEMP,,tests/test_state_checkpointing.py,True,Test Debt,3,Temporary solution or workaround in test code,False,,General,llama-3.1-8b-instant,2026-05-09T05:12:03.374899
279,,Deep Learning,TEMP,,tests/test_state_checkpointing.py,True,Code Debt,3,Temporary workaround or hack in the codebase,False,,General,llama-3.1-8b-instant,2026-05-09T05:12:06.526926
280,,Deep Learning,TEMP,,tests/test_state_checkpointing.py,True,Code Debt,3,Temporary workaround or hack in the codebase,False,,General,llama-3.1-8b-instant,2026-05-09T05:12:10.309498
281,,Deep Learning,TEMP,,tests/test_state_checkpointing.py,True,Code Debt,3,Temporary workaround or hack in the code,False,,General,llama-3.1-8b-instant,2026-05-09T05:12:14.043843
282,,Deep Learning,TEMP,,tests/test_tracking.py,True,Inadequate Testing Debt,3,Temporary solution or workaround detected in test code,False,,General,llama-3.1-8b-instant,2026-05-09T05:12:17.810873
283,,Deep Learning,TEMP,,tests/test_tracking.py,True,Inadequate Testing Debt,3,Temporary solution or workaround detected in test code,False,,General,llama-3.1-8b-instant,2026-05-09T05:12:21.576757
284,,Deep Learning,TEMP,,tests/test_tracking.py,True,Inadequate Testing Debt,3,Temporary solution or workaround detected in a test file,False,,General,llama-3.1-8b-instant,2026-05-09T05:12:25.400854
285,,Deep Learning,TEMP,,tests/test_tracking.py,True,Inadequate Testing Debt,3,Temporary solution or workaround detected in test code,False,,General,llama-3.1-8b-instant,2026-05-09T05:12:29.249281
286,,Deep Learning,TEMP,,tests/test_tracking.py,True,Inadequate Testing Debt,3,Temporary solution or workaround detected in test code,False,,General,llama-3.1-8b-instant,2026-05-09T05:12:32.982867
287,,Deep Learning,TEMP,,tests/test_tracking.py,True,Inadequate Testing Debt,3,Temporary workaround or placeholder in test code,False,,General,llama-3.1-8b-instant,2026-05-09T05:12:36.696364
288,,Deep Learning,TEMP,,tests/test_tracking.py,True,Experiment Tracking Debt,3,Keyword 'TEMP' suggests temporary or experimental tracking code,False,,General,llama-3.1-8b-instant,2026-05-09T05:12:40.539835
289,,Deep Learning,TEMP,,tests/test_tracking.py,True,Inadequate Testing Debt,3,"Use of TEMP keyword in a test file suggests a workaround or a quick fix, indicating inadequate testing.",False,,General,llama-3.1-8b-instant,2026-05-09T05:12:44.357848
290,,Deep Learning,TEMP,,tests/test_tracking.py,True,Experiment Tracking Debt,3,Temporary tracking solution may lead to data inconsistencies,False,,General,llama-3.1-8b-instant,2026-05-09T05:12:48.165304
291,,Deep Learning,TEMP,,tests/test_tracking.py,True,Experiment Tracking Debt,3,Keyword 'TEMP' suggests temporary or experimental tracking code,False,,General,llama-3.1-8b-instant,2026-05-09T05:12:51.875868
292,,Deep Learning,TEMP,,tests/test_tracking.py,True,Inadequate Testing Debt,3,"Use of TEMP keyword in a test file suggests a workaround or a quick fix, indicating inadequate testing.",False,,General,llama-3.1-8b-instant,2026-05-09T05:12:55.656751
293,,Deep Learning,TEMP,,tests/test_tracking.py,True,Inadequate Testing Debt,3,Temporary solution or workaround detected in test code,False,,General,llama-3.1-8b-instant,2026-05-09T05:12:59.752657
294,,Deep Learning,TEMP,,tests/test_tracking.py,True,Inadequate Testing Debt,3,Temporary solution or workaround detected in test file,False,,General,llama-3.1-8b-instant,2026-05-09T05:13:03.497846
295,,Deep Learning,TEMP,,tests/test_tracking.py,True,Experiment Tracking Debt,3,Keyword 'TEMP' suggests temporary or experimental tracking code,False,,General,llama-3.1-8b-instant,2026-05-09T05:13:07.315135
296,,Deep Learning,TEMP,,tests/test_tracking.py,True,Inadequate Testing Debt,3,Use of TEMP keyword in a test file suggests incomplete or temporary testing,False,,General,llama-3.1-8b-instant,2026-05-09T05:13:11.155926
297,,Deep Learning,TEMP,,tests/test_tracking.py,True,Inadequate Testing Debt,3,Temporary solution or workaround detected in test file,False,,General,llama-3.1-8b-instant,2026-05-09T05:13:13.955069
298,,Deep Learning,NOQA,,tests/test_utils.py,True,Code Debt,2,Ignoring potential linting issues with NOQA,False,,General,llama-3.1-8b-instant,2026-05-09T05:13:17.907591
299,,Deep Learning,NOQA,,tests/test_utils.py,True,Code Debt,2,Ignoring potential linting issues with NOQA,False,,General,llama-3.1-8b-instant,2026-05-09T05:13:21.726528
300,,Deep Learning,NOQA,,tests/test_utils.py,True,Code Debt,2,Ignoring potential linting issues with NOQA,False,,General,llama-3.1-8b-instant,2026-05-09T05:13:25.495668
301,,Deep Learning,NOQA,,tests/test_utils.py,True,Code Debt,2,Ignoring potential linting issues with NOQA,False,,General,llama-3.1-8b-instant,2026-05-09T05:13:29.229279
302,,Deep Learning,TEMP,,tests/test_utils.py,True,Code Debt,3,"Temporary code (TEMP) suggests a workaround or quick fix, indicating potential technical debt.",False,,General,llama-3.1-8b-instant,2026-05-09T05:13:33.024053
303,,Deep Learning,NOQA,,accelerator/cpu_accelerator.py,True,Code Debt,3,Ignoring potential linting issues may lead to code quality degradation,False,,General,llama-3.1-8b-instant,2026-05-09T05:13:37.878814
304,,Deep Learning,TODO,,accelerator/cpu_accelerator.py,True,Code Debt,3,The presence of a TODO comment in a code file indicates a potential issue or improvement needed in the code.,False,,General,llama-3.1-8b-instant,2026-05-09T05:13:40.833489
305,,Deep Learning,TODO,,accelerator/cpu_accelerator.py,True,Code Debt,3,The presence of a TODO comment in a code file indicates a potential issue that needs to be addressed.,False,,General,llama-3.1-8b-instant,2026-05-09T05:13:44.605580
306,,Deep Learning,NOQA,,accelerator/cpu_accelerator.py,True,Code Debt,2,The presence of NOQA suggests a potential coding standard deviation.,False,,General,llama-3.1-8b-instant,2026-05-09T05:13:49.351975
307,,Deep Learning,NOQA,,accelerator/cpu_accelerator.py,True,Code Debt,2,The presence of the NOQA keyword suggests a potential code debt related to code style or formatting.,False,,General,llama-3.1-8b-instant,2026-05-09T05:13:53.228813
308,,Deep Learning,TODO,,accelerator/cpu_accelerator.py,True,Code Debt,3,The presence of a TODO comment in a production code file indicates a potential issue that needs to be addressed.,False,,General,llama-3.1-8b-instant,2026-05-09T05:13:57.061705
309,,Deep Learning,NOQA,,accelerator/cuda_accelerator.py,True,Code Debt,2,The presence of NOQA suggests a potential coding standard deviation.,False,,General,llama-3.1-8b-instant,2026-05-09T05:14:01.106457
310,,Deep Learning,TODO,,accelerator/hpu_accelerator.py,True,Code Debt,3,The presence of a TODO comment in a production code file indicates a potential issue that needs to be addressed.,False,,General,llama-3.1-8b-instant,2026-05-09T05:14:04.843621
311,,Deep Learning,NOQA,,accelerator/hpu_accelerator.py,True,Code Debt,3,Ignoring linter warnings may lead to inconsistent code quality,False,,General,llama-3.1-8b-instant,2026-05-09T05:14:08.668850
312,,Deep Learning,NOQA,,accelerator/mlu_accelerator.py,True,Code Debt,2,The presence of NOQA suggests a potential code debt related to code style or formatting.,False,,General,llama-3.1-8b-instant,2026-05-09T05:14:12.630160
313,,Deep Learning,NOQA,,accelerator/mps_accelerator.py,True,Code Debt,2,The presence of NOQA suggests a potential code debt related to code style or formatting.,False,,General,llama-3.1-8b-instant,2026-05-09T05:14:16.389061
314,,Deep Learning,TODO,,accelerator/mps_accelerator.py,True,Code Debt,3,The presence of a TODO comment in a production code file indicates a potential issue or incomplete implementation.,False,,General,llama-3.1-8b-instant,2026-05-09T05:14:20.127553
315,,Deep Learning,TODO,,accelerator/mps_accelerator.py,True,Code Debt,3,The presence of a TODO comment in a production code file indicates a potential issue that needs to be addressed.,False,,General,llama-3.1-8b-instant,2026-05-09T05:14:23.955253
316,,Deep Learning,NOQA,,accelerator/npu_accelerator.py,True,Code Debt,3,Ignoring potential linting issues may lead to code quality degradation,False,,General,llama-3.1-8b-instant,2026-05-09T05:14:27.841022
317,,Deep Learning,TODO,,accelerator/real_accelerator.py,True,Code Debt,3,The presence of a TODO comment in a production code file indicates a potential issue that needs to be addressed.,False,,General,llama-3.1-8b-instant,2026-05-09T05:14:31.763557
318,,Deep Learning,TODO,,accelerator/real_accelerator.py,True,Code Debt,3,The presence of a TODO comment in the code indicates a potential issue that needs to be addressed.,False,,General,llama-3.1-8b-instant,2026-05-09T05:14:35.493512
319,,Deep Learning,NOQA,,accelerator/real_accelerator.py,True,Code Debt,3,Potential performance impact due to unnecessary comments,False,,General,llama-3.1-8b-instant,2026-05-09T05:14:39.247689
320,,Deep Learning,NOQA,,accelerator/real_accelerator.py,True,Code Debt,3,Potential performance impact due to unnecessary comments,False,,General,llama-3.1-8b-instant,2026-05-09T05:14:44.021808
321,,Deep Learning,NOQA,,accelerator/real_accelerator.py,True,Code Debt,2,The presence of the NOQA keyword may indicate a code debt related to code style or formatting.,False,,General,llama-3.1-8b-instant,2026-05-09T05:14:47.795673
322,,Deep Learning,NOQA,,accelerator/real_accelerator.py,True,Code Debt,3,Potential performance impact due to unnecessary comments,False,,General,llama-3.1-8b-instant,2026-05-09T05:14:51.527552
323,,Deep Learning,NOQA,,accelerator/real_accelerator.py,True,Code Debt,2,The presence of NOQA suggests a potential code debt related to code style or formatting.,False,,General,llama-3.1-8b-instant,2026-05-09T05:14:55.347436
324,,Deep Learning,NOQA,,accelerator/real_accelerator.py,True,Code Debt,2,The presence of NOQA suggests a potential coding standard deviation.,False,,General,llama-3.1-8b-instant,2026-05-09T05:14:59.394949
325,,Deep Learning,NOQA,,accelerator/real_accelerator.py,True,Code Debt,2,The presence of NOQA suggests a potential code debt related to code style or formatting.,False,,General,llama-3.1-8b-instant,2026-05-09T05:15:03.209314
326,,Deep Learning,NOQA,,accelerator/real_accelerator.py,True,Code Debt,2,The presence of NOQA suggests a potential code debt related to code style or formatting.,False,,General,llama-3.1-8b-instant,2026-05-09T05:15:07.042654
327,,Deep Learning,TODO,,accelerator/real_accelerator.py,True,Code Debt,3,The presence of a TODO comment in the code indicates a potential issue that needs to be addressed.,False,,General,llama-3.1-8b-instant,2026-05-09T05:15:10.842957
328,,Deep Learning,NOQA,,accelerator/sdaa_accelerator.py,True,Code Debt,2,The presence of the NOQA keyword may indicate a code debt related to code style or formatting.,False,,General,llama-3.1-8b-instant,2026-05-09T05:15:15.020724
329,,Deep Learning,NOQA,,accelerator/xpu_accelerator.py,True,Code Debt,3,Ignoring potential linting issues may lead to code quality degradation,False,,General,llama-3.1-8b-instant,2026-05-09T05:15:18.843321
330,,Deep Learning,WORKAROUND,,accelerator/xpu_accelerator.py,True,Code Debt,3,The presence of a WORKAROUND comment suggests a temporary fix in the code.,False,,General,llama-3.1-8b-instant,2026-05-09T05:15:22.881666
331,,Deep Learning,TODO,,accelerator/xpu_accelerator.py,True,Code Debt,3,The presence of a TODO comment in a production code file indicates a potential issue that needs to be addressed.,False,,General,llama-3.1-8b-instant,2026-05-09T05:15:26.740397
332,,Deep Learning,TODO,,accelerator/xpu_accelerator.py,True,Code Debt,3,The presence of a TODO comment in a production code file indicates a potential issue that needs to be addressed.,False,,General,llama-3.1-8b-instant,2026-05-09T05:15:30.600922
333,,Deep Learning,NOQA,,accelerator/xpu_accelerator.py,True,Code Debt,2,The presence of NOQA suggests a potential code debt related to code style or formatting.,False,,General,llama-3.1-8b-instant,2026-05-09T05:15:34.563705
334,,Deep Learning,NOQA,,deepspeed/__init__.py,True,Code Debt,2,Ignoring potential linting issues with NOQA,False,,General,llama-3.1-8b-instant,2026-05-09T05:15:38.659638
335,,Deep Learning,TODO,,deepspeed/__init__.py,True,Code Debt,3,The presence of a TODO comment in a code file indicates a potential issue or improvement needed in the code.,False,,General,llama-3.1-8b-instant,2026-05-09T05:15:42.565197
336,,Deep Learning,NOQA,,deepspeed/git_version_info.py,True,Code Debt,2,Ignoring potential linting issues with NOQA,False,,General,llama-3.1-8b-instant,2026-05-09T05:15:46.368652
337,,Deep Learning,NOQA,,op_builder/__init__.py,True,Code Debt,3,Potential performance impact due to unnecessary comments,False,,General,llama-3.1-8b-instant,2026-05-09T05:15:50.199419
338,,Deep Learning,TEMP,,op_builder/builder.py,True,Code Debt,3,Temporary solution used in the code,False,,General,llama-3.1-8b-instant,2026-05-09T05:15:53.994192
339,,Deep Learning,TEMP,,op_builder/builder.py,True,Code Debt,3,Temporary solution or workaround in code,False,,General,llama-3.1-8b-instant,2026-05-09T05:15:57.844877
340,,Deep Learning,WORKAROUND,,op_builder/builder.py,True,Code Debt,3,The presence of a WORKAROUND comment suggests a temporary fix in the code.,False,,General,llama-3.1-8b-instant,2026-05-09T05:16:01.714257
341,,Deep Learning,TEMP,,op_builder/builder.py,True,Code Debt,3,Temporary solution or workaround in production code,False,,General,llama-3.1-8b-instant,2026-05-09T05:16:05.543396
342,,Deep Learning,TODO,,.github/compute_wheel_version.py,True,Code Debt,3,The presence of a TODO comment in a production code file indicates a potential issue that needs to be addressed.,False,,General,llama-3.1-8b-instant,2026-05-09T05:16:09.383275
343,,Deep Learning,NOQA,,.github/run-clang-format.py,True,Code Debt,2,Ignoring code style issues may lead to inconsistent codebase,False,,General,llama-3.1-8b-instant,2026-05-09T05:16:13.254587
344,,Deep Learning,NOQA,,.github/run-clang-format.py,True,Code Debt,2,Ignoring code style issues may lead to inconsistent codebase,False,,General,llama-3.1-8b-instant,2026-05-09T05:16:17.106119
345,,Deep Learning,NOQA,,.github/run-clang-format.py,True,Code Debt,2,Ignoring code style issues may lead to inconsistent codebase,False,,General,llama-3.1-8b-instant,2026-05-09T05:16:20.849446
346,,Deep Learning,NOQA,,.github/run-clang-format.py,True,Code Debt,1,Ignoring code style issues may lead to inconsistent codebase,False,,General,llama-3.1-8b-instant,2026-05-09T05:16:24.764540
347,,Deep Learning,NOQA,,.github/run-clang-format.py,True,Code Debt,2,Ignoring code style issues may lead to inconsistent codebase,False,,General,llama-3.1-8b-instant,2026-05-09T05:16:28.616631
348,,Deep Learning,NOQA,,.github/run-clang-format.py,True,Code Debt,1,Ignoring code style issues can lead to inconsistent codebase,False,,General,llama-3.1-8b-instant,2026-05-09T05:16:32.488074
349,,Deep Learning,NOQA,,.github/run-clang-format.py,True,Code Debt,2,Ignoring code style issues may lead to inconsistent codebase,False,,General,llama-3.1-8b-instant,2026-05-09T05:16:36.365437
350,,Deep Learning,NOQA,,.github/run-clang-format.py,True,Code Debt,1,Ignoring code style issues may lead to inconsistent codebase,False,,General,llama-3.1-8b-instant,2026-05-09T05:16:40.212044
351,,Deep Learning,NOQA,,.github/run-clang-format.py,True,Code Debt,1,Ignoring code style issues may lead to inconsistent codebase,False,,General,llama-3.1-8b-instant,2026-05-09T05:16:44.021994
352,,Deep Learning,NOQA,,.github/run-clang-format.py,True,Code Debt,2,Ignoring code style issues may lead to inconsistent codebase,False,,General,llama-3.1-8b-instant,2026-05-09T05:16:47.807965
353,,Deep Learning,NOQA,,.github/run-clang-format.py,True,Code Debt,1,Ignoring code style issues may lead to inconsistent codebase,False,,General,llama-3.1-8b-instant,2026-05-09T05:16:51.570574
354,,Deep Learning,NOQA,,.github/run-clang-format.py,True,Code Debt,1,Ignoring code style issues may lead to inconsistent codebase,False,,General,llama-3.1-8b-instant,2026-05-09T05:16:55.342060
355,,Deep Learning,NOQA,,setup.py,True,Code Debt,2,Ignoring linter warnings can lead to inconsistent code quality,False,,General,llama-3.1-8b-instant,2026-05-09T05:16:59.145102
356,,Deep Learning,TEMP,,setup.py,True,Code Debt,3,Temporary code is often a sign of a deeper issue with code organization and maintainability.,False,,General,llama-3.1-8b-instant,2026-05-09T05:17:03.143462
357,,Deep Learning,WORKAROUND,,setup.py,True,Model Stack Workaround Debt,3,The presence of the WORKAROUND keyword in the setup.py file indicates a workaround for a model stack issue.,False,,General,llama-3.1-8b-instant,2026-05-09T05:17:06.909703
358,,Deep Learning,NOQA,,stubs/torch_stub_tests.py,True,Code Debt,2,Ignoring potential code style issues with NOQA,False,,General,llama-3.1-8b-instant,2026-05-09T05:17:10.706705
359,,Deep Learning,FIXME,,stubs/torch_stub_tests.py,True,Code Debt,3,The presence of FIXME comment indicates a need for code refactoring or improvement.,False,,General,llama-3.1-8b-instant,2026-05-09T05:17:14.452682
360,,Deep Learning,FIXME,,stubs/torch_stub_tests.py,True,Code Debt,3,The presence of FIXME indicates a potential issue in the code that needs to be addressed.,False,,General,llama-3.1-8b-instant,2026-05-09T05:17:18.318589
361,,Deep Learning,FIXME,,stubs/torch_stub_tests.py,True,Code Debt,3,The presence of FIXME comment indicates a need for code refactoring.,False,,General,llama-3.1-8b-instant,2026-05-09T05:17:22.172769
362,,Deep Learning,FIXME,,stubs/torch_stub_tests.py,True,Code Debt,3,The presence of FIXME comment indicates a need for code refactoring or improvement.,False,,General,llama-3.1-8b-instant,2026-05-09T05:17:26.146482
363,,Deep Learning,FIXME,,stubs/torch_stub_tests.py,True,Code Debt,3,The presence of FIXME comment indicates a need for code refactoring or improvement.,False,,General,llama-3.1-8b-instant,2026-05-09T05:17:30.086406
364,,Deep Learning,FIXME,,stubs/torch_stub_tests.py,True,Code Debt,3,The presence of FIXME comment indicates a need for code refactoring.,False,,General,llama-3.1-8b-instant,2026-05-09T05:17:33.874811
365,,Deep Learning,FIXME,,stubs/torch_stub_tests.py,True,Code Debt,3,The presence of FIXME comment indicates a need for code refactoring or improvement.,False,,General,llama-3.1-8b-instant,2026-05-09T05:17:37.712914
366,,Deep Learning,TODO,,stubs/torch_stub_tests.py,True,Test Debt,3,The presence of a TODO comment in a test file indicates a potential issue with test coverage or test logic.,False,,General,llama-3.1-8b-instant,2026-05-09T05:17:41.533651
367,,Deep Learning,FIXME,,stubs/torch_stub_tests.py,True,Code Debt,3,The presence of FIXME comment indicates a potential issue in the code that needs to be addressed.,False,,General,llama-3.1-8b-instant,2026-05-09T05:17:45.361152
368,,Deep Learning,FIXME,,stubs/torch_stub_tests.py,True,Code Debt,3,The presence of FIXME comment indicates a potential issue in the code that needs to be addressed.,False,,General,llama-3.1-8b-instant,2026-05-09T05:17:49.370573
369,,Deep Learning,FIXME,,stubs/torch_stub_tests.py,True,Code Debt,3,The presence of FIXME comment indicates a need for code refactoring or improvement.,False,,General,llama-3.1-8b-instant,2026-05-09T05:17:53.427295
370,,Deep Learning,FIXME,,stubs/torch_stub_tests.py,True,Code Debt,3,The presence of FIXME comment indicates a need for code refactoring or improvement.,False,,General,llama-3.1-8b-instant,2026-05-09T05:17:57.276058
371,,Deep Learning,FIXME,,stubs/torch_stub_tests.py,True,Test Debt,3,Test stubs contain FIXME comments indicating incomplete or untested code.,False,,General,llama-3.1-8b-instant,2026-05-09T05:18:01.165873
372,,Deep Learning,FIXME,,stubs/torch_stub_tests.py,True,Code Debt,3,The presence of FIXME comment indicates a need for code refactoring.,False,,General,llama-3.1-8b-instant,2026-05-09T05:18:05.118191
373,,Deep Learning,FIXME,,stubs/torch_stub_tests.py,True,Code Debt,3,The presence of FIXME comment indicates a need for code refactoring or improvement.,False,,General,llama-3.1-8b-instant,2026-05-09T05:18:09.013017
374,,Deep Learning,FIXME,,stubs/torch_stub_tests.py,True,Code Debt,3,The presence of FIXME comment indicates a need for code refactoring or improvement.,False,,General,llama-3.1-8b-instant,2026-05-09T05:18:12.881704
375,,Deep Learning,FIXME,,stubs/torch_stub_tests.py,True,Code Debt,3,The presence of FIXME comment indicates a need for code refactoring.,False,,General,llama-3.1-8b-instant,2026-05-09T05:18:16.974975
376,,Deep Learning,FIXME,,stubs/torch_stub_tests.py,True,Code Debt,3,The presence of FIXME comment indicates a need for code refactoring.,False,,General,llama-3.1-8b-instant,2026-05-09T05:18:20.831116
377,,Deep Learning,FIXME,,stubs/torch_stub_tests.py,True,Code Debt,3,The presence of FIXME comment indicates a need for code refactoring or improvement.,False,,General,llama-3.1-8b-instant,2026-05-09T05:18:24.563761
378,,Deep Learning,FIXME,,stubs/torch_stub_tests.py,True,Code Debt,3,The presence of FIXME comment indicates a need for code refactoring.,False,,General,llama-3.1-8b-instant,2026-05-09T05:18:28.304534
379,,Deep Learning,FIXME,,stubs/torch_stub_tests.py,True,Code Debt,3,The presence of FIXME comment indicates a need for code refactoring or improvement.,False,,General,llama-3.1-8b-instant,2026-05-09T05:18:32.090415
380,,Deep Learning,FIXME,,stubs/torch_stub_tests.py,True,Code Debt,3,The presence of FIXME comment indicates a need for code refactoring.,False,,General,llama-3.1-8b-instant,2026-05-09T05:18:35.835865
381,,Deep Learning,FIXME,,stubs/torch_stub_tests.py,True,Test Debt,3,The FIXME comment indicates a potential issue in the test code.,False,,General,llama-3.1-8b-instant,2026-05-09T05:18:39.589060
382,,Deep Learning,FIXME,,stubs/torch_stub_tests.py,True,Code Debt,3,The presence of FIXME comment indicates a need for code refactoring or improvement.,False,,General,llama-3.1-8b-instant,2026-05-09T05:18:44.340188
383,,Deep Learning,FIXME,,stubs/torch_stub_tests.py,True,Code Debt,3,The presence of FIXME comment indicates a need for code refactoring or improvement.,False,,General,llama-3.1-8b-instant,2026-05-09T05:18:48.071485
384,,Deep Learning,FIXME,,stubs/torch_stub_tests.py,True,Code Debt,3,The presence of FIXME comment indicates a potential issue in the code that needs to be addressed.,False,,General,llama-3.1-8b-instant,2026-05-09T05:18:51.808907
385,,Deep Learning,FIXME,,stubs/torch_stub_tests.py,True,Code Debt,3,The presence of FIXME indicates a need for code refactoring or improvement.,False,,General,llama-3.1-8b-instant,2026-05-09T05:18:55.592700
386,,Deep Learning,FIXME,,stubs/torch_stub_tests.py,True,Code Debt,3,The presence of FIXME indicates a potential issue in the code that needs to be addressed.,False,,General,llama-3.1-8b-instant,2026-05-09T05:18:59.341079
387,,Deep Learning,FIXME,,stubs/torch_stub_tests.py,True,Code Debt,3,The presence of FIXME comment indicates a need for code refactoring or improvement.,False,,General,llama-3.1-8b-instant,2026-05-09T05:19:03.299386
388,,Deep Learning,FIXME,,stubs/torch_stub_tests.py,True,Test Debt,3,The FIXME comment indicates a potential issue in the test code.,False,,General,llama-3.1-8b-instant,2026-05-09T05:19:07.051040
389,,Deep Learning,FIXME,,stubs/torch_stub_tests.py,True,Code Debt,3,The presence of FIXME comment indicates a need for code refactoring or improvement.,False,,General,llama-3.1-8b-instant,2026-05-09T05:19:10.893922
390,,Deep Learning,FIXME,,stubs/torch_stub_tests.py,True,Code Debt,3,The presence of FIXME indicates a potential issue in the code that needs to be addressed.,False,,General,llama-3.1-8b-instant,2026-05-09T05:19:14.735735
391,,Deep Learning,FIXME,,stubs/torch_stub_tests.py,True,Code Debt,3,The presence of FIXME comment indicates a need for code refactoring or improvement.,False,,General,llama-3.1-8b-instant,2026-05-09T05:19:18.491542
392,,Deep Learning,FIXME,,stubs/torch_stub_tests.py,True,Code Debt,3,The presence of FIXME comment indicates a need for code refactoring or improvement.,False,,General,llama-3.1-8b-instant,2026-05-09T05:19:23.281302
393,,Deep Learning,FIXME,,stubs/torch_stub_tests.py,True,Test Debt,3,The FIXME comment indicates a potential issue in the test code that needs to be addressed.,False,,General,llama-3.1-8b-instant,2026-05-09T05:19:27.127493
394,,Deep Learning,FIXME,,stubs/torch_stub_tests.py,True,Code Debt,3,The presence of FIXME comment indicates a need for code refactoring or improvement.,False,,General,llama-3.1-8b-instant,2026-05-09T05:19:30.965640
395,,Deep Learning,FIXME,,stubs/torch_stub_tests.py,True,Code Debt,3,The presence of FIXME comment indicates a need for code refactoring or improvement.,False,,General,llama-3.1-8b-instant,2026-05-09T05:19:34.745270
396,,Deep Learning,FIXME,,stubs/torch_stub_tests.py,True,Code Debt,3,The presence of FIXME comment indicates a need for code refactoring or improvement.,False,,General,llama-3.1-8b-instant,2026-05-09T05:19:38.723016
397,,Deep Learning,FIXME,,stubs/torch_stub_tests.py,True,Code Debt,3,The presence of FIXME comment indicates a need for code refactoring.,False,,General,llama-3.1-8b-instant,2026-05-09T05:19:42.716075
398,,Deep Learning,FIXME,,stubs/torch_stub_tests.py,True,Code Debt,3,The presence of FIXME comment indicates a need for code refactoring or improvement.,False,,General,llama-3.1-8b-instant,2026-05-09T05:19:46.570879
399,,Deep Learning,FIXME,,stubs/torch_stub_tests.py,True,Code Debt,3,The presence of FIXME comment indicates a need for code refactoring or improvement.,False,,General,llama-3.1-8b-instant,2026-05-09T05:19:50.321930
400,,Deep Learning,FIXME,,stubs/torch_stub_tests.py,True,Code Debt,3,The presence of FIXME indicates a potential issue in the code that needs to be addressed.,False,,General,llama-3.1-8b-instant,2026-05-09T05:19:54.159449
401,,Deep Learning,FIXME,,stubs/torch_stub_tests.py,True,Code Debt,3,The presence of FIXME comment indicates a need for refactoring or improvement in the code.,False,,General,llama-3.1-8b-instant,2026-05-09T05:19:58.012949
402,,Deep Learning,FIXME,,stubs/torch_stub_tests.py,True,Code Debt,3,The presence of FIXME indicates a potential issue in the code that needs to be addressed.,False,,General,llama-3.1-8b-instant,2026-05-09T05:20:01.905082
403,,Deep Learning,FIXME,,stubs/torch_stub_tests.py,True,Code Debt,3,The presence of FIXME comment indicates a need for code refactoring or improvement.,False,,General,llama-3.1-8b-instant,2026-05-09T05:20:05.644685
404,,Deep Learning,FIXME,,stubs/torch_stub_tests.py,True,Code Debt,3,The presence of FIXME comment indicates a need for code refactoring or improvement.,False,,General,llama-3.1-8b-instant,2026-05-09T05:20:09.582888
405,,Deep Learning,FIXME,,stubs/torch_stub_tests.py,True,Code Debt,3,The presence of FIXME comment indicates a need for code refactoring or improvement.,False,,General,llama-3.1-8b-instant,2026-05-09T05:20:13.404377
406,,Deep Learning,FIXME,,stubs/torch_stub_tests.py,True,Code Debt,3,The presence of FIXME comment indicates a need for code refactoring or improvement.,False,,General,llama-3.1-8b-instant,2026-05-09T05:20:17.258257
407,,Deep Learning,FIXME,,stubs/torch_stub_tests.py,True,Test Debt,3,The FIXME comment indicates a test implementation issue.,False,,General,llama-3.1-8b-instant,2026-05-09T05:20:21.156168
408,,Deep Learning,FIXME,,stubs/torch_stub_tests.py,True,Code Debt,3,The presence of FIXME comment indicates a need for code refactoring or improvement.,False,,General,llama-3.1-8b-instant,2026-05-09T05:20:24.977789
409,,Deep Learning,FIXME,,stubs/torch_stub_tests.py,True,Code Debt,3,The presence of FIXME comment indicates a need for code refactoring or improvement.,False,,General,llama-3.1-8b-instant,2026-05-09T05:20:28.740363
410,,Deep Learning,FIXME,,stubs/torch_stub_tests.py,True,Code Debt,3,The presence of FIXME comment indicates a need for code refactoring.,False,,General,llama-3.1-8b-instant,2026-05-09T05:20:32.597438
411,,Deep Learning,FIXME,,stubs/torch_stub_tests.py,True,Test Debt,3,The FIXME comment indicates a potential issue in the test code.,False,,General,llama-3.1-8b-instant,2026-05-09T05:20:36.446313
412,,Deep Learning,FIXME,,stubs/torch_stub_tests.py,True,Code Debt,3,The presence of FIXME indicates a potential issue in the code that needs to be addressed.,False,,General,llama-3.1-8b-instant,2026-05-09T05:20:40.220576
413,,Deep Learning,FIXME,,stubs/torch_stub_tests.py,True,Code Debt,3,The presence of FIXME comment indicates a need for code refactoring.,False,,General,llama-3.1-8b-instant,2026-05-09T05:20:45.270371
414,,Deep Learning,FIXME,,stubs/torch_stub_tests.py,True,Code Debt,3,The presence of FIXME comment indicates a need for code refactoring.,False,,General,llama-3.1-8b-instant,2026-05-09T05:20:48.074406
415,,Deep Learning,FIXME,,stubs/torch_stub_tests.py,True,Test Debt,3,The FIXME comment indicates a potential test failure or incomplete test coverage.,False,,General,llama-3.1-8b-instant,2026-05-09T05:20:52.036726
416,,Deep Learning,FIXME,,stubs/torch_stub_tests.py,True,Code Debt,3,The presence of FIXME comment indicates a need for code refactoring or improvement.,False,,General,llama-3.1-8b-instant,2026-05-09T05:20:56.051057
417,,Deep Learning,FIXME,,stubs/torch_stub_tests.py,True,Code Debt,3,The presence of FIXME comment indicates a potential issue in the code that needs to be addressed.,False,,General,llama-3.1-8b-instant,2026-05-09T05:20:59.845758
418,,Deep Learning,FIXME,,stubs/torch_stub_tests.py,True,Code Debt,3,The presence of FIXME comment indicates a need for code refactoring or improvement.,False,,General,llama-3.1-8b-instant,2026-05-09T05:21:03.659774
419,,Deep Learning,FIXME,,stubs/torch_stub_tests.py,True,Code Debt,3,The presence of FIXME indicates a potential issue in the code that needs to be addressed.,False,,General,llama-3.1-8b-instant,2026-05-09T05:21:07.401845
420,,Deep Learning,FIXME,,stubs/torch_stub_tests.py,True,Code Debt,3,The presence of FIXME indicates a need for code refactoring or improvement.,False,,General,llama-3.1-8b-instant,2026-05-09T05:21:11.289058
421,,Deep Learning,FIXME,,stubs/torch_stub_tests.py,True,Code Debt,3,The presence of FIXME indicates a potential issue in the code that needs to be addressed.,False,,General,llama-3.1-8b-instant,2026-05-09T05:21:15.169247
422,,Deep Learning,FIXME,,stubs/torch_stub_tests.py,True,Code Debt,3,The presence of FIXME comment indicates a need for code refactoring or improvement.,False,,General,llama-3.1-8b-instant,2026-05-09T05:21:19.906991
423,,Deep Learning,TODO,,stubs/torch_stub_tests.py,True,Test Debt,3,The presence of a TODO comment in a test file indicates a potential issue that needs to be addressed.,False,,General,llama-3.1-8b-instant,2026-05-09T05:21:23.732060
424,,Deep Learning,TODO,,stubs/torch_stub_tests.py,True,Test Debt,3,The presence of a TODO comment in a test file indicates a potential issue with test coverage or completeness.,False,,General,llama-3.1-8b-instant,2026-05-09T05:21:27.744348
425,,Deep Learning,FIXME,,stubs/torch_stub_tests.py,True,Code Debt,3,The presence of FIXME indicates a potential issue or bug in the code.,False,,General,llama-3.1-8b-instant,2026-05-09T05:21:31.599543
426,,Deep Learning,FIXME,,stubs/torch_stub_tests.py,True,Code Debt,3,The presence of FIXME comment indicates a potential issue in the code that needs to be addressed.,False,,General,llama-3.1-8b-instant,2026-05-09T05:21:35.465469
427,,Deep Learning,FIXME,,stubs/torch_stub_tests.py,True,Test Debt,3,The FIXME comment indicates a potential test failure or incomplete test coverage.,False,,General,llama-3.1-8b-instant,2026-05-09T05:21:39.202460
428,,Deep Learning,FIXME,,stubs/torch_stub_tests.py,True,Code Debt,3,The presence of FIXME comment indicates a need for refactoring or improvement in the code.,False,,General,llama-3.1-8b-instant,2026-05-09T05:21:42.990515
429,,Deep Learning,FIXME,,stubs/torch_stub_tests.py,True,Code Debt,3,The presence of FIXME indicates a potential issue in the code that needs to be addressed.,False,,General,llama-3.1-8b-instant,2026-05-09T05:21:46.728198
430,,Deep Learning,FIXME,,stubs/torch_stub_tests.py,True,Code Debt,3,The presence of FIXME comment indicates a need for code refactoring or improvement.,False,,General,llama-3.1-8b-instant,2026-05-09T05:21:50.579312
431,,Deep Learning,FIXME,,stubs/torch_stub_tests.py,True,Code Debt,3,The presence of FIXME comment indicates a need for code refactoring or improvement.,False,,General,llama-3.1-8b-instant,2026-05-09T05:21:54.434387
432,,Deep Learning,FIXME,,stubs/torch_stub_tests.py,True,Code Debt,3,The presence of FIXME comment indicates a need for code refactoring.,False,,General,llama-3.1-8b-instant,2026-05-09T05:21:58.335704
433,,Deep Learning,FIXME,,stubs/torch_stub_tests.py,True,Code Debt,3,The presence of FIXME comment indicates a need for code refactoring or improvement.,False,,General,llama-3.1-8b-instant,2026-05-09T05:22:02.067445
434,,Deep Learning,FIXME,,stubs/torch_stub_tests.py,True,Code Debt,3,The presence of FIXME indicates a potential issue or bug in the code.,False,,General,llama-3.1-8b-instant,2026-05-09T05:22:05.832267
435,,Deep Learning,FIXME,,stubs/torch_stub_tests.py,True,Code Debt,3,The presence of FIXME comment indicates a need for code refactoring or improvement.,False,,General,llama-3.1-8b-instant,2026-05-09T05:22:10.680203
436,,Deep Learning,FIXME,,stubs/torch_stub_tests.py,True,Code Debt,3,The presence of FIXME comment indicates a need for code refactoring or improvement.,False,,General,llama-3.1-8b-instant,2026-05-09T05:22:14.457509
437,,Deep Learning,FIXME,,stubs/torch_stub_tests.py,True,Code Debt,3,The presence of FIXME comment indicates a potential issue in the code that needs to be addressed.,False,,General,llama-3.1-8b-instant,2026-05-09T05:22:18.220922
438,,Deep Learning,FIXME,,stubs/torch_stub_tests.py,True,Code Debt,3,The presence of FIXME comment indicates a need for code refactoring or improvement.,False,,General,llama-3.1-8b-instant,2026-05-09T05:22:21.996857
439,,Deep Learning,FIXME,,stubs/torch_stub_tests.py,True,Code Debt,3,The presence of FIXME comment indicates a need for code refactoring or improvement.,False,,General,llama-3.1-8b-instant,2026-05-09T05:22:25.748246
440,,Deep Learning,FIXME,,stubs/torch_stub_tests.py,True,Code Debt,3,The presence of FIXME comment indicates a need for code refactoring.,False,,General,llama-3.1-8b-instant,2026-05-09T05:22:29.529262
441,,Deep Learning,FIXME,,stubs/torch_stub_tests.py,True,Code Debt,3,The presence of FIXME comment indicates a need for code refactoring or improvement.,False,,General,llama-3.1-8b-instant,2026-05-09T05:22:33.378307
442,,Deep Learning,FIXME,,stubs/torch_stub_tests.py,True,Code Debt,3,The presence of FIXME comment indicates a need for code refactoring or improvement.,False,,General,llama-3.1-8b-instant,2026-05-09T05:22:37.217893
443,,Deep Learning,FIXME,,stubs/torch_stub_tests.py,True,Code Debt,3,The presence of FIXME comment indicates a need for code refactoring.,False,,General,llama-3.1-8b-instant,2026-05-09T05:22:40.981563
444,,Deep Learning,FIXME,,stubs/torch_stub_tests.py,True,Code Debt,3,The presence of FIXME comment indicates a need for code refactoring or improvement.,False,,General,llama-3.1-8b-instant,2026-05-09T05:22:44.815808
445,,Deep Learning,FIXME,,stubs/torch_stub_tests.py,True,Code Debt,3,The presence of FIXME indicates a need for code refactoring or improvement.,False,,General,llama-3.1-8b-instant,2026-05-09T05:22:48.580690
446,,Deep Learning,FIXME,,stubs/torch_stub_tests.py,True,Code Debt,3,The presence of FIXME comment indicates a potential issue in the code that needs to be addressed.,False,,General,llama-3.1-8b-instant,2026-05-09T05:22:52.497832
447,,Deep Learning,FIXME,,stubs/torch_stub_tests.py,True,Test Debt,3,The FIXME comment indicates a potential issue in the test code.,False,,General,llama-3.1-8b-instant,2026-05-09T05:22:56.523636
448,,Deep Learning,FIXME,,stubs/torch_stub_tests.py,True,Code Debt,3,The presence of FIXME comment indicates a need for code refactoring or improvement.,False,,General,llama-3.1-8b-instant,2026-05-09T05:23:00.399498
449,,Deep Learning,FIXME,,stubs/torch_stub_tests.py,True,Code Debt,3,The presence of FIXME comment indicates a need for code refactoring or improvement.,False,,General,llama-3.1-8b-instant,2026-05-09T05:23:04.141956
450,,Deep Learning,FIXME,,stubs/torch_stub_tests.py,True,Code Debt,3,The presence of FIXME indicates a potential issue in the code that needs to be addressed.,False,,General,llama-3.1-8b-instant,2026-05-09T05:23:08.917168
451,,Deep Learning,FIXME,,stubs/torch_stub_tests.py,True,Code Debt,3,The presence of FIXME comment indicates a need for code refactoring or improvement.,False,,General,llama-3.1-8b-instant,2026-05-09T05:23:12.791176
452,,Deep Learning,FIXME,,stubs/torch_stub_tests.py,True,Code Debt,3,The presence of FIXME comment indicates a need for code refactoring.,False,,General,llama-3.1-8b-instant,2026-05-09T05:23:16.593129
453,,Deep Learning,FIXME,,stubs/torch_stub_tests.py,True,Code Debt,3,The presence of FIXME comment indicates a need for code refactoring or improvement.,False,,General,llama-3.1-8b-instant,2026-05-09T05:23:20.340119
454,,Deep Learning,FIXME,,stubs/torch_stub_tests.py,True,Code Debt,3,The presence of FIXME comment indicates a need for code refactoring.,False,,General,llama-3.1-8b-instant,2026-05-09T05:23:24.104850
455,,Deep Learning,FIXME,,stubs/torch_stub_tests.py,True,Code Debt,3,The presence of FIXME comment indicates a need for code refactoring or improvement.,False,,General,llama-3.1-8b-instant,2026-05-09T05:23:28.330538
456,,Deep Learning,FIXME,,stubs/torch_stub_tests.py,True,Code Debt,3,The presence of FIXME comment indicates a potential issue or bug in the code.,False,,General,llama-3.1-8b-instant,2026-05-09T05:23:32.072915
457,,Deep Learning,FIXME,,stubs/torch_stub_tests.py,True,Code Debt,3,The presence of FIXME comment indicates a need for code refactoring or improvement.,False,,General,llama-3.1-8b-instant,2026-05-09T05:23:35.955304
458,,Deep Learning,FIXME,,stubs/torch_stub_tests.py,True,Code Debt,3,The presence of FIXME comment indicates a need for code refactoring.,False,,General,llama-3.1-8b-instant,2026-05-09T05:23:39.698380
459,,Deep Learning,FIXME,,stubs/torch_stub_tests.py,True,Code Debt,3,The presence of FIXME indicates a need for code refactoring or improvement.,False,,General,llama-3.1-8b-instant,2026-05-09T05:23:43.435702
460,,Deep Learning,FIXME,,stubs/torch_stub_tests.py,True,Code Debt,3,The presence of FIXME comment indicates a need for code refactoring.,False,,General,llama-3.1-8b-instant,2026-05-09T05:23:47.192052
461,,Deep Learning,FIXME,,stubs/torch_stub_tests.py,True,Code Debt,3,The presence of FIXME comment indicates a need for code refactoring.,False,,General,llama-3.1-8b-instant,2026-05-09T05:23:51.174738
462,,Deep Learning,FIXME,,stubs/torch_stub_tests.py,True,Code Debt,3,The presence of FIXME comment indicates a need for code refactoring or improvement.,False,,General,llama-3.1-8b-instant,2026-05-09T05:23:54.998917
463,,Deep Learning,FIXME,,stubs/torch_stub_tests.py,True,Code Debt,3,The presence of FIXME comment indicates a need for code refactoring or improvement.,False,,General,llama-3.1-8b-instant,2026-05-09T05:23:58.757949
464,,Deep Learning,FIXME,,stubs/torch_stub_tests.py,True,Code Debt,3,The presence of FIXME indicates a potential issue in the code that needs to be addressed.,False,,General,llama-3.1-8b-instant,2026-05-09T05:24:02.612550
465,,Deep Learning,FIXME,,stubs/torch_stub_tests.py,True,Code Debt,3,The presence of FIXME indicates a potential issue in the code that needs to be addressed.,False,,General,llama-3.1-8b-instant,2026-05-09T05:24:06.459441
466,,Deep Learning,FIXME,,stubs/torch_stub_tests.py,True,Code Debt,3,The presence of FIXME comment indicates a need for code refactoring or improvement.,False,,General,llama-3.1-8b-instant,2026-05-09T05:24:10.310669
467,,Deep Learning,FIXME,,stubs/torch_stub_tests.py,True,Code Debt,3,The presence of FIXME indicates a potential issue in the code that needs to be addressed.,False,,General,llama-3.1-8b-instant,2026-05-09T05:24:14.064213
468,,Deep Learning,FIXME,,stubs/torch_stub_tests.py,True,Code Debt,3,The presence of FIXME indicates a potential issue in the code that needs to be addressed.,False,,General,llama-3.1-8b-instant,2026-05-09T05:24:18.931963
469,,Deep Learning,FIXME,,stubs/torch_stub_tests.py,True,Code Debt,3,The presence of FIXME comment indicates a need for code refactoring or improvement.,False,,General,llama-3.1-8b-instant,2026-05-09T05:24:22.689698
470,,Deep Learning,FIXME,,stubs/torch_stub_tests.py,True,Code Debt,3,The presence of FIXME indicates a potential issue in the code that needs to be addressed.,False,,General,llama-3.1-8b-instant,2026-05-09T05:24:26.587033
471,,Deep Learning,FIXME,,stubs/torch_stub_tests.py,True,Code Debt,3,The presence of FIXME comment indicates a need for code refactoring or improvement.,False,,General,llama-3.1-8b-instant,2026-05-09T05:24:30.350892
472,,Deep Learning,FIXME,,stubs/torch_stub_tests.py,True,Code Debt,3,The presence of FIXME comment indicates a need for code refactoring.,False,,General,llama-3.1-8b-instant,2026-05-09T05:24:34.108989
473,,Deep Learning,FIXME,,stubs/torch_stub_tests.py,True,Code Debt,3,The presence of FIXME comment indicates a need for code refactoring.,False,,General,llama-3.1-8b-instant,2026-05-09T05:24:38.407745
474,,Deep Learning,FIXME,,stubs/torch_stub_tests.py,True,Code Debt,3,The presence of FIXME comment indicates a need for code refactoring.,False,,General,llama-3.1-8b-instant,2026-05-09T05:24:42.192056
475,,Deep Learning,FIXME,,stubs/torch_stub_tests.py,True,Code Debt,3,The presence of FIXME comment indicates a need for code refactoring or improvement.,False,,General,llama-3.1-8b-instant,2026-05-09T05:24:46.041404
476,,Deep Learning,FIXME,,stubs/torch_stub_tests.py,True,Code Debt,3,The presence of FIXME indicates a need for code refactoring or improvement.,False,,General,llama-3.1-8b-instant,2026-05-09T05:24:49.009207
477,,Deep Learning,FIXME,,stubs/torch_stub_tests.py,True,Code Debt,3,The presence of FIXME comment indicates a need for code refactoring.,False,,General,llama-3.1-8b-instant,2026-05-09T05:24:53.839162
478,,Deep Learning,FIXME,,stubs/torch_stub_tests.py,True,Test Debt,3,The FIXME comment indicates a potential issue in the test code.,False,,General,llama-3.1-8b-instant,2026-05-09T05:24:57.621938
479,,Deep Learning,FIXME,,stubs/torch_stub_tests.py,True,Test Debt,3,The FIXME comment indicates a potential issue in the test code.,False,,General,llama-3.1-8b-instant,2026-05-09T05:25:01.579406
480,,Deep Learning,FIXME,,stubs/torch_stub_tests.py,True,Test Debt,3,The FIXME comment indicates a potential issue in the test code that needs to be addressed.,False,,General,llama-3.1-8b-instant,2026-05-09T05:25:05.674830
481,,Deep Learning,FIXME,,stubs/torch_stub_tests.py,True,Code Debt,3,The presence of FIXME comment indicates a need for code refactoring or improvement.,False,,General,llama-3.1-8b-instant,2026-05-09T05:25:08.411343
482,,Deep Learning,FIXME,,stubs/torch_stub_tests.py,True,Code Debt,3,The presence of FIXME comment indicates a need for code refactoring or improvement.,False,,General,llama-3.1-8b-instant,2026-05-09T05:25:13.172432
483,,Deep Learning,FIXME,,stubs/torch_stub_tests.py,True,Code Debt,3,The presence of FIXME comment indicates a need for code refactoring or improvement.,False,,General,llama-3.1-8b-instant,2026-05-09T05:25:17.033624
484,,Deep Learning,FIXME,,stubs/torch_stub_tests.py,True,Code Debt,3,The presence of FIXME indicates a potential issue in the code that needs to be addressed.,False,,General,llama-3.1-8b-instant,2026-05-09T05:25:20.804206
485,,Deep Learning,FIXME,,stubs/torch_stub_tests.py,True,Code Debt,3,The presence of FIXME indicates a need for code refactoring or improvement.,False,,General,llama-3.1-8b-instant,2026-05-09T05:25:24.663236
486,,Deep Learning,FIXME,,stubs/torch_stub_tests.py,True,Code Debt,3,The presence of FIXME indicates a need for code refactoring or improvement.,False,,General,llama-3.1-8b-instant,2026-05-09T05:25:28.429839
487,,Deep Learning,FIXME,,stubs/torch_stub_tests.py,True,Code Debt,3,The presence of FIXME comment indicates a need for code refactoring or improvement.,False,,General,llama-3.1-8b-instant,2026-05-09T05:25:32.199191
488,,Deep Learning,FIXME,,stubs/torch_stub_tests.py,True,Code Debt,3,The presence of FIXME comment indicates a need for code refactoring or improvement.,False,,General,llama-3.1-8b-instant,2026-05-09T05:25:35.969470
489,,Deep Learning,FIXME,,stubs/torch_stub_tests.py,True,Code Debt,3,The presence of FIXME comment indicates a need for code refactoring or improvement.,False,,General,llama-3.1-8b-instant,2026-05-09T05:25:39.850846
490,,Deep Learning,FIXME,,stubs/torch_stub_tests.py,True,Test Debt,3,The presence of FIXME in a test file indicates a potential issue that needs to be addressed.,False,,General,llama-3.1-8b-instant,2026-05-09T05:25:43.721881
491,,Deep Learning,FIXME,,stubs/torch_stub_tests.py,True,Code Debt,3,The presence of FIXME comment indicates a need for code refactoring.,False,,General,llama-3.1-8b-instant,2026-05-09T05:25:47.459009
492,,Deep Learning,FIXME,,stubs/torch_stub_tests.py,True,Code Debt,3,The presence of FIXME comment indicates a need for code refactoring.,False,,General,llama-3.1-8b-instant,2026-05-09T05:25:51.308865
493,,Deep Learning,FIXME,,stubs/torch_stub_tests.py,True,Code Debt,3,The presence of FIXME comment indicates a need for code refactoring or improvement.,False,,General,llama-3.1-8b-instant,2026-05-09T05:25:55.043129
494,,Deep Learning,FIXME,,stubs/torch_stub_tests.py,True,Test Debt,3,The FIXME comment indicates a potential issue in the test code.,False,,General,llama-3.1-8b-instant,2026-05-09T05:25:59.805590
495,,Deep Learning,FIXME,,stubs/torch_stub_tests.py,True,Code Debt,3,The presence of FIXME comment indicates a need for code refactoring or improvement.,False,,General,llama-3.1-8b-instant,2026-05-09T05:26:03.619477
496,,Deep Learning,FIXME,,stubs/torch_stub_tests.py,True,Code Debt,3,The presence of FIXME comment indicates a need for code refactoring or improvement.,False,,General,llama-3.1-8b-instant,2026-05-09T05:26:07.531381
497,,Deep Learning,FIXME,,stubs/torch_stub_tests.py,True,Code Debt,3,The presence of FIXME comment indicates a need for code refactoring.,False,,General,llama-3.1-8b-instant,2026-05-09T05:26:11.435801
498,,Deep Learning,TEMP,,tests/multiprocessing_utils.py,True,Code Debt,3,Temporary or placeholder code is present in the repository.,False,,General,llama-3.1-8b-instant,2026-05-09T05:26:15.272809
499,,Deep Learning,TEMP,,tests/multiprocessing_utils.py,True,Code Debt,3,Temporary code (TEMP) suggests a workaround or quick fix.,False,,General,llama-3.1-8b-instant,2026-05-09T05:26:19.010779
500,,Deep Learning,TEMP,,tests/multiprocessing_utils.py,True,Code Debt,3,Temporary code (TEMP) suggests a workaround or quick fix.,False,,General,llama-3.1-8b-instant,2026-05-09T05:26:22.756121
501,,Deep Learning,TEMP,,tests/multiprocessing_utils.py,True,Code Debt,3,Temporary or placeholder code is present in the repository.,False,,General,llama-3.1-8b-instant,2026-05-09T05:26:26.522251
502,,Deep Learning,TEMP,,tests/multiprocessing_utils.py,True,Code Debt,3,Temporary solution or workaround in code,False,,General,llama-3.1-8b-instant,2026-05-09T05:26:30.295573
503,,Deep Learning,TEMP,,tests/multiprocessing_utils.py,True,Code Debt,3,Temporary variable usage may indicate a lack of proper abstraction or refactoring.,False,,General,llama-3.1-8b-instant,2026-05-09T05:26:34.165264
504,,Deep Learning,TEMP,,tests/multiprocessing_utils.py,True,Code Debt,3,Use of temporary keyword suggests potential for code duplication or inefficient implementation,False,,General,llama-3.1-8b-instant,2026-05-09T05:26:38.068008
505,,Deep Learning,TODO,,tests/test_checkpoint.py,True,Code Debt,3,Presence of TODO comment indicates potential code maintenance issues,False,,General,llama-3.1-8b-instant,2026-05-09T05:26:41.876359
506,,Deep Learning,TEMP,,tests/test_fmha_merge_attentions.py,True,Test Debt,3,Temporary solution or workaround in test code,False,,General,llama-3.1-8b-instant,2026-05-09T05:26:45.620893
507,,Deep Learning,NOQA,,tests/test_fmha_merge_attentions.py,True,Code Debt,2,Ignoring potential linting issues with NOQA,False,,General,llama-3.1-8b-instant,2026-05-09T05:26:49.434859
508,,Deep Learning,NOQA,,tests/test_mem_eff_attention.py,True,Code Debt,2,The presence of NOQA suggests a potential code debt related to code style or formatting.,False,,General,llama-3.1-8b-instant,2026-05-09T05:26:53.188437
509,,Deep Learning,TEMP,,tests/test_mem_eff_attention.py,True,Code Debt,3,Temporary solution or workaround in the code,False,,General,llama-3.1-8b-instant,2026-05-09T05:26:56.947457
510,,Deep Learning,NOQA,,tests/test_mem_eff_attention.py,True,Code Debt,2,Ignoring potential code style issues with NOQA,False,,General,llama-3.1-8b-instant,2026-05-09T05:27:00.783133
511,,Deep Learning,TODO,,tests/test_mem_eff_attention.py,True,Code Debt,3,The presence of a TODO comment in a test file indicates a potential issue or incomplete implementation.,False,,General,llama-3.1-8b-instant,2026-05-09T05:27:04.871311
512,,Deep Learning,TODO,,tests/test_mem_eff_attention.py,True,Code Debt,3,The presence of a TODO comment in a test file indicates a potential issue with the code itself.,False,,General,llama-3.1-8b-instant,2026-05-09T05:27:08.886026
513,,Deep Learning,TODO,,tests/test_mem_eff_attention.py,True,Code Debt,3,Presence of TODO comment indicates a potential code issue or improvement needed,False,,General,llama-3.1-8b-instant,2026-05-09T05:27:12.631398
514,,Deep Learning,TODO,,tests/test_mem_eff_attention.py,True,Code Debt,3,The presence of a TODO comment in a test file indicates a potential issue with the code itself.,False,,General,llama-3.1-8b-instant,2026-05-09T05:27:16.471948
515,,Deep Learning,TODO,,tests/test_mem_eff_attention.py,True,Code Debt,3,The presence of a TODO comment in a test file indicates a potential issue with the code itself.,False,,General,llama-3.1-8b-instant,2026-05-09T05:27:20.241511
516,,Deep Learning,TODO,,tests/test_mem_eff_attention.py,True,Code Debt,3,The presence of a TODO comment indicates a potential issue or incomplete code that needs attention.,False,,General,llama-3.1-8b-instant,2026-05-09T05:27:24.024832
517,,Deep Learning,TODO,,tests/test_mem_eff_attention.py,True,Code Debt,3,The presence of a TODO comment in a test file indicates a potential issue with the code itself.,False,,General,llama-3.1-8b-instant,2026-05-09T05:27:27.775557
518,,Deep Learning,NOQA,,tests/test_sparse_tensors.py,True,Code Debt,2,The presence of the NOQA keyword suggests a potential code debt related to code style or formatting.,False,,General,llama-3.1-8b-instant,2026-05-09T05:27:31.631470
519,,Deep Learning,WORKAROUND,,tests/test_sparse_tensors.py,True,Code Debt,3,The presence of a WORKAROUND keyword in a test file indicates a temporary fix that may not be ideal.,False,,General,llama-3.1-8b-instant,2026-05-09T05:27:35.388073
520,,Deep Learning,NOQA,,tests/test_sparsity24.py,True,Code Debt,2,The presence of NOQA suggests a potential code debt related to code style or formatting.,False,,General,llama-3.1-8b-instant,2026-05-09T05:27:40.156891
521,,Deep Learning,XXX,,tests/test_sparsity24.py,True,Code Debt,3,The presence of XXX in a test file indicates a potential code debt.,False,,General,llama-3.1-8b-instant,2026-05-09T05:27:43.915131
522,,Deep Learning,TODO,,tests/test_sparsity24.py,True,Code Debt,3,The presence of a TODO comment indicates a potential issue in the code that needs to be addressed.,False,,General,llama-3.1-8b-instant,2026-05-09T05:27:47.652889
523,,Deep Learning,TODO,,tests/test_splitk_reference.py,True,Test Debt,3,The presence of a TODO comment in a test file indicates a potential issue with test coverage or accuracy.,False,,General,llama-3.1-8b-instant,2026-05-09T05:27:51.472942
524,,Deep Learning,NOQA,,tests/test_tree_attention.py,True,Code Debt,2,Ignoring potential linting issues with NOQA,False,,General,llama-3.1-8b-instant,2026-05-09T05:27:55.209526
525,,Deep Learning,NOQA,,tests/test_tree_attention.py,True,Code Debt,2,Ignoring potential linting issues with NOQA,False,,General,llama-3.1-8b-instant,2026-05-09T05:27:58.933228
526,,Deep Learning,NOQA,,tests/test_tree_attention.py,True,Code Debt,2,The presence of NOQA suggests a potential code debt related to code style or formatting.,False,,General,llama-3.1-8b-instant,2026-05-09T05:28:02.782501
527,,Deep Learning,NOQA,,tests/test_tree_attention.py,True,Code Debt,2,Ignoring potential linting issues with NOQA,False,,General,llama-3.1-8b-instant,2026-05-09T05:28:06.522349
528,,Deep Learning,NOQA,,tests/test_tree_attention.py,True,Code Debt,2,The presence of NOQA suggests a potential code debt related to code style or formatting.,False,,General,llama-3.1-8b-instant,2026-05-09T05:28:10.279176
529,,Deep Learning,NOQA,,tests/test_tree_attention.py,True,Code Debt,2,Ignoring potential linting issues with NOQA,False,,General,llama-3.1-8b-instant,2026-05-09T05:28:14.007550
530,,Deep Learning,NOQA,,tests/test_tree_attention.py,True,Code Debt,2,The presence of the NOQA keyword suggests a potential code debt related to code style or formatting.,False,,General,llama-3.1-8b-instant,2026-05-09T05:28:18.791856
531,,Deep Learning,NOQA,,tests/test_tree_attention.py,True,Code Debt,2,Ignoring potential linting issues with NOQA,False,,General,llama-3.1-8b-instant,2026-05-09T05:28:22.656931
532,,Deep Learning,NOQA,,tests/test_tree_attention.py,True,Code Debt,2,The presence of the NOQA keyword suggests a potential code debt related to code style or formatting.,False,,General,llama-3.1-8b-instant,2026-05-09T05:28:26.419130
533,,Deep Learning,NOQA,,tests/test_tree_attention.py,True,Code Debt,2,Ignoring potential linting issues with NOQA,False,,General,llama-3.1-8b-instant,2026-05-09T05:28:30.173471
534,,Deep Learning,NOQA,,tests/test_tree_attention.py,True,Code Debt,2,The presence of NOQA suggests a potential code debt related to code style or formatting.,False,,General,llama-3.1-8b-instant,2026-05-09T05:28:33.927616
535,,Deep Learning,NOQA,,tests/test_tree_attention.py,True,Code Debt,2,Ignoring potential linting issues with NOQA,False,,General,llama-3.1-8b-instant,2026-05-09T05:28:37.771108
536,,Deep Learning,NOQA,,xformers/__init__.py,True,Code Debt,2,The presence of NOQA suggests a potential coding standard deviation.,False,,General,llama-3.1-8b-instant,2026-05-09T05:28:41.640490
537,,Deep Learning,NOQA,,xformers/__init__.py,True,Code Debt,2,Ignoring potential linting issues may lead to inconsistent code quality,False,,General,llama-3.1-8b-instant,2026-05-09T05:28:45.368850
538,,Deep Learning,NOQA,,xformers/__init__.py,True,Code Debt,2,The presence of NOQA suggests a potential coding standard deviation.,False,,General,llama-3.1-8b-instant,2026-05-09T05:28:49.135239
539,,Deep Learning,NOQA,,xformers/attn_bias_utils.py,True,Code Debt,2,The presence of NOQA suggests a potential coding standard deviation.,False,,General,llama-3.1-8b-instant,2026-05-09T05:28:52.880937
540,,Deep Learning,FIXME,,xformers/checkpoint.py,True,Code Debt,3,The presence of FIXME indicates a potential issue or bug in the code.,False,,General,llama-3.1-8b-instant,2026-05-09T05:28:56.617731
541,,Deep Learning,WORKAROUND,,xformers/checkpoint.py,True,Model Stack Workaround Debt,3,The presence of a WORKAROUND keyword in the code indicates a potential workaround for a model stack issue.,False,,General,llama-3.1-8b-instant,2026-05-09T05:29:00.374276
542,,Deep Learning,BUG,,xformers/checkpoint.py,True,Defect Debt,3,The presence of a BUG keyword in the comment indicates a defect in the code.,False,,General,llama-3.1-8b-instant,2026-05-09T05:29:04.278755
543,,Deep Learning,BUG,,xformers/fwbw_overlap.py,True,Defect Debt,3,The presence of a BUG keyword in the comment indicates a defect in the code.,False,,General,llama-3.1-8b-instant,2026-05-09T05:29:09.055851
544,,Deep Learning,TODO,,xformers/fwbw_overlap.py,True,Code Debt,3,The presence of a TODO comment in the code indicates a potential issue or incomplete implementation.,False,,General,llama-3.1-8b-instant,2026-05-09T05:29:12.832318
545,,Deep Learning,TODO,,xformers/fwbw_overlap.py,True,Code Debt,3,The presence of a TODO comment in the code indicates a potential issue or incomplete implementation.,False,,General,llama-3.1-8b-instant,2026-05-09T05:29:16.745294
546,,Deep Learning,TODO,,xformers/fwbw_overlap.py,True,Code Debt,3,The presence of a TODO comment indicates a potential issue or incomplete implementation in the code.,False,,General,llama-3.1-8b-instant,2026-05-09T05:29:20.497299
547,,Deep Learning,TODO,,xformers/fwbw_overlap.py,True,Code Debt,3,The presence of a TODO comment indicates a potential issue or improvement in the code.,False,,General,llama-3.1-8b-instant,2026-05-09T05:29:24.257123
548,,Deep Learning,BUG,,litgpt/__main__.py,True,Defect Debt,3,The presence of the keyword 'BUG' in the comment indicates a defect in the code.,False,,General,llama-3.1-8b-instant,2026-05-09T05:29:28.186310
549,,Deep Learning,TODO,,litgpt/args.py,True,Code Debt,3,The presence of a TODO comment in a code file indicates a potential issue that needs to be addressed.,False,,General,llama-3.1-8b-instant,2026-05-09T05:29:31.914867
550,,Deep Learning,BUG,,litgpt/model.py,True,Defect Debt,3,The presence of the keyword 'BUG' in the comment indicates a defect.,False,,General,llama-3.1-8b-instant,2026-05-09T05:29:35.630464
551,,Deep Learning,TODO,,litgpt/parser_config.py,True,Code Debt,3,The presence of a TODO comment in a code file indicates a potential issue or improvement needed in the code.,False,,General,llama-3.1-8b-instant,2026-05-09T05:29:39.402900
552,,Deep Learning,HACK,,litgpt/parser_config.py,True,Code Debt,3,The presence of the HACK keyword in the comment indicates a potential code debt issue.,False,,General,llama-3.1-8b-instant,2026-05-09T05:29:44.146700
553,,Deep Learning,TODO,,litgpt/pretrain.py,True,Code Debt,3,The presence of a TODO comment indicates a potential issue with the code's implementation.,False,,General,llama-3.1-8b-instant,2026-05-09T05:29:48.217047
554,,Deep Learning,NOQA,,litgpt/pretrain.py,True,Code Debt,3,Ignoring linter warnings may lead to inconsistent code quality,False,,General,llama-3.1-8b-instant,2026-05-09T05:29:52.022959
555,,Deep Learning,NOQA,,litgpt/pretrain.py,True,Code Debt,3,Ignoring linting rules may lead to inconsistent code quality and maintenance issues,False,,General,llama-3.1-8b-instant,2026-05-09T05:29:55.755634
556,,Deep Learning,TEMP,,litgpt/tokenizer.py,True,Code Debt,3,Temporary solution or workaround in production code,False,,General,llama-3.1-8b-instant,2026-05-09T05:29:59.539592
557,,Deep Learning,TODO,,litgpt/tokenizer.py,True,Code Debt,3,The presence of a TODO comment in a code file indicates a potential issue that needs to be addressed.,False,,General,llama-3.1-8b-instant,2026-05-09T05:30:03.814911
558,,Deep Learning,FIXME,,litgpt/utils.py,True,Code Debt,3,The presence of FIXME comment indicates a need for code refactoring or improvement.,False,,General,llama-3.1-8b-instant,2026-05-09T05:30:06.711275
559,,Deep Learning,TODO,,litgpt/utils.py,True,Code Debt,3,The presence of a TODO comment indicates a potential issue or incomplete implementation in the code.,False,,General,llama-3.1-8b-instant,2026-05-09T05:30:10.610110
560,,Deep Learning,HACK,,litgpt/utils.py,True,Code Debt,3,The presence of the keyword 'HACK' in a utility file indicates a potential code debt.,False,,General,llama-3.1-8b-instant,2026-05-09T05:30:14.495657
561,,Deep Learning,WORKAROUND,,litgpt/utils.py,True,Code Debt,3,The presence of a WORKAROUND comment suggests a temporary fix that may not be ideal.,False,,General,llama-3.1-8b-instant,2026-05-09T05:30:18.240056
562,,Deep Learning,TODO,,tests/test_batch.py,True,Test Debt,3,The presence of a TODO comment in a test file indicates a potential issue that needs to be addressed.,False,,General,llama-3.1-8b-instant,2026-05-09T05:30:23.092586
563,,Deep Learning,TODO,,tests/test_pretrain.py,True,Code Debt,3,The presence of a TODO comment in a test file indicates a potential issue with the code itself.,False,,General,llama-3.1-8b-instant,2026-05-09T05:30:26.864836
564,,Deep Learning,TODO,,tests/test_readme.py,True,Documentation Debt,3,The presence of TODO comment indicates a need for documentation improvement.,False,,General,llama-3.1-8b-instant,2026-05-09T05:30:30.611740
565,,Deep Learning,BUG,,tests/test_rope.py,True,Defect Debt,3,The presence of the keyword 'BUG' in the comment indicates a defect.,False,,General,llama-3.1-8b-instant,2026-05-09T05:30:34.336949
566,,Deep Learning,TODO,,tests/test_serve.py,True,Code Debt,3,The presence of a TODO comment in a test file indicates a potential issue with the code itself.,False,,General,llama-3.1-8b-instant,2026-05-09T05:30:38.247654
567,,Deep Learning,HACK,,tests/test_tokenizer.py,True,Code Debt,3,The presence of the HACK keyword in a test file indicates a potential code debt.,False,,General,llama-3.1-8b-instant,2026-05-09T05:30:42.107966
568,,Deep Learning,TEMP,,tests/test_utils.py,True,Code Debt,3,Use of TEMP keyword in a comment suggests a temporary solution or workaround in the code.,False,,General,llama-3.1-8b-instant,2026-05-09T05:30:46.112700
569,,Deep Learning,TEMP,,tests/test_utils.py,True,Code Debt,3,Use of TEMP keyword in a comment suggests a temporary solution or workaround in the code.,False,,General,llama-3.1-8b-instant,2026-05-09T05:30:50.227447
570,,Deep Learning,TEMP,,tests/test_utils.py,True,Code Debt,3,Use of temporary keyword suggests a workaround or quick fix in the code.,False,,General,llama-3.1-8b-instant,2026-05-09T05:30:52.942992
571,,Deep Learning,TEMP,,tests/test_utils.py,True,Code Debt,3,"Temporary code (TEMP) suggests a workaround or quick fix, indicating potential code debt.",False,,General,llama-3.1-8b-instant,2026-05-09T05:30:56.859354
572,,Deep Learning,TEMP,,tests/test_utils.py,True,Code Debt,3,Use of TEMP keyword in a comment suggests a temporary solution or workaround in the code.,False,,General,llama-3.1-8b-instant,2026-05-09T05:31:00.701586
573,,Deep Learning,TEMP,,tests/test_utils.py,True,Code Debt,3,Use of TEMP keyword in a comment suggests a temporary solution or workaround in the code.,False,,General,llama-3.1-8b-instant,2026-05-09T05:31:04.418371
574,,Deep Learning,TODO,,model.py,True,Code Debt,3,The presence of a TODO comment in the model.py file indicates a need for refactoring or improvement in the code.,False,,Model Training,llama-3.1-8b-instant,2026-05-09T05:31:08.203942
575,,Deep Learning,TODO,,sample.py,True,Code Debt,3,The presence of a TODO comment in the code indicates a need for refactoring or improvement.,False,,General,llama-3.1-8b-instant,2026-05-09T05:31:11.944190
576,,Deep Learning,HACK,,whisper/timing.py,True,Code Debt,3,The presence of a HACK comment indicates a workaround in the code.,False,,General,llama-3.1-8b-instant,2026-05-09T05:31:16.794364
577,,Deep Learning,HACK,,whisper/timing.py,True,Code Debt,3,The presence of a HACK comment indicates a workaround in the code.,False,,General,llama-3.1-8b-instant,2026-05-09T05:31:20.555899
578,,Deep Learning,NOQA,,whisper/triton_ops.py,True,Code Debt,2,The presence of NOQA suggests a potential coding standard deviation.,False,,General,llama-3.1-8b-instant,2026-05-09T05:31:24.420564
579,,Deep Learning,NOQA,,whisper/triton_ops.py,True,Code Debt,3,Ignoring potential linting issues may lead to code quality degradation,False,,General,llama-3.1-8b-instant,2026-05-09T05:31:28.277815
580,,Deep Learning,NOQA,,whisper/triton_ops.py,True,Code Debt,2,The presence of NOQA suggests a potential coding standard or style issue.,False,,General,llama-3.1-8b-instant,2026-05-09T05:31:32.132463
581,,Deep Learning,NOQA,,whisper/triton_ops.py,True,Code Debt,2,The presence of NOQA suggests a potential code debt related to code style or formatting.,False,,General,llama-3.1-8b-instant,2026-05-09T05:31:35.986379
582,,Deep Learning,TODO,,notebook_helpers.py,True,Code Debt,3,The presence of a TODO comment in a code file indicates a potential issue or incomplete implementation.,False,,General,llama-3.1-8b-instant,2026-05-09T05:31:39.994053
583,,Deep Learning,TODO,,notebook_helpers.py,True,Code Debt,3,The presence of a TODO comment in a code file indicates a potential issue that needs to be addressed.,False,,General,llama-3.1-8b-instant,2026-05-09T05:31:43.868519
584,,Deep Learning,TODO,,notebook_helpers.py,True,Code Debt,3,The presence of a TODO comment in a code file indicates a potential issue or improvement needed in the code.,False,,General,llama-3.1-8b-instant,2026-05-09T05:31:47.824745
585,,Deep Learning,TODO,,scripts/knn2img.py,True,Code Debt,3,The presence of a TODO comment indicates a potential issue with the code's maintainability or functionality.,False,,General,llama-3.1-8b-instant,2026-05-09T05:31:51.685385
586,,Deep Learning,TODO,,scripts/knn2img.py,True,Code Debt,3,The presence of a TODO comment in a script indicates a potential issue or incomplete implementation.,False,,General,llama-3.1-8b-instant,2026-05-09T05:31:55.450825
587,,Deep Learning,TODO,,scripts/train_searcher.py,True,Code Debt,3,The presence of a TODO comment in a critical script indicates a need for refactoring or improvement.,False,,Model Training,llama-3.1-8b-instant,2026-05-09T05:31:59.213434
588,,Deep Learning,FIXME,,scripts/generate_vae_linear_approximation.py,True,Code Debt,3,The presence of a FIXME comment indicates a potential issue with the code's implementation.,False,,General,llama-3.1-8b-instant,2026-05-09T05:32:03.063441
589,,Deep Learning,NOQA,,tests/conftest.py,True,Code Debt,2,Ignoring potential linting issues with NOQA,False,,General,llama-3.1-8b-instant,2026-05-09T05:32:06.787162
590,,Deep Learning,NOQA,,tests/conftest.py,True,Code Debt,2,Ignoring potential linting issues may lead to code quality degradation over time.,False,,General,llama-3.1-8b-instant,2026-05-09T05:32:10.648515
591,,Deep Learning,BUG,,tests/test_asyncio_shutdown.py,True,Defect Debt,3,The presence of a BUG keyword indicates a defect in the code.,False,,General,llama-3.1-8b-instant,2026-05-09T05:32:14.384886
592,,Deep Learning,TEMP,,tests/test_config.py,True,Configuration Debt,3,Temporary configuration is used in the test file,False,,General,llama-3.1-8b-instant,2026-05-09T05:32:18.268086
593,,Deep Learning,TEMP,,tests/test_config.py,True,Configuration Debt,3,Use of TEMP keyword suggests a temporary or workaround configuration,False,,General,llama-3.1-8b-instant,2026-05-09T05:32:21.962198
594,,Deep Learning,TEMP,,tests/test_config.py,True,Configuration Debt,3,Use of TEMP keyword suggests a temporary configuration or workaround,False,,General,llama-3.1-8b-instant,2026-05-09T05:32:25.700518
595,,Deep Learning,TODO,,tests/test_graph_execution_state.py,True,Code Debt,3,The presence of a TODO comment indicates a potential issue with the code's implementation.,False,,General,llama-3.1-8b-instant,2026-05-09T05:32:29.509323
596,,Deep Learning,BUG,,tests/test_graph_execution_state.py,True,Defect Debt,3,The presence of the keyword 'BUG' in the comment indicates a defect.,False,,General,llama-3.1-8b-instant,2026-05-09T05:32:33.347328
597,,Deep Learning,BUG,,tests/test_graph_execution_state.py,True,Defect Debt,3,The presence of the keyword 'BUG' in the comment indicates a defect.,False,,General,llama-3.1-8b-instant,2026-05-09T05:32:37.092594
598,,Deep Learning,BUG,,tests/test_graph_execution_state.py,True,Defect Debt,3,The presence of a BUG keyword indicates a defect in the code.,False,,General,llama-3.1-8b-instant,2026-05-09T05:32:40.847691
599,,Deep Learning,TODO,,tests/test_invocation_cache_memory.py,True,Inadequate Testing Debt,3,Presence of TODO comment in a test file indicates incomplete or untested functionality.,False,,General,llama-3.1-8b-instant,2026-05-09T05:32:44.629436
600,,Deep Learning,TODO,,tests/test_node_graph.py,True,Code Debt,3,The presence of a TODO comment in a test file indicates a potential issue with the code itself.,False,,General,llama-3.1-8b-instant,2026-05-09T05:32:49.405079
601,,Deep Learning,TODO,,tests/test_node_graph.py,True,Code Debt,3,The presence of a TODO comment in a test file indicates a potential issue with the code itself.,False,,General,llama-3.1-8b-instant,2026-05-09T05:32:53.158267
602,,Deep Learning,TODO,,tests/test_node_graph.py,True,Code Debt,3,The presence of a TODO comment in a test file indicates a potential issue with the code itself.,False,,General,llama-3.1-8b-instant,2026-05-09T05:32:56.926167
603,,Deep Learning,BUG,,tests/test_node_graph.py,True,Defect Debt,3,The presence of the keyword 'BUG' in the comment indicates a defect.,False,,General,llama-3.1-8b-instant,2026-05-09T05:33:00.654038
604,,Deep Learning,NOQA,,tests/test_nodes.py,True,Code Debt,2,Ignoring potential linting issues may lead to code quality degradation,False,,General,llama-3.1-8b-instant,2026-05-09T05:33:04.530229
605,,Deep Learning,NOQA,,tests/test_nodes.py,True,Code Debt,2,Ignoring potential linting issues may lead to code quality degradation,False,,General,llama-3.1-8b-instant,2026-05-09T05:33:08.581801
606,,Deep Learning,TEMP,,tests/test_object_serializer_disk.py,True,Inadequate Testing Debt,3,The presence of the keyword TEMP in a test file suggests incomplete or temporary testing.,False,,General,llama-3.1-8b-instant,2026-05-09T05:33:12.577739
607,,Deep Learning,TEMP,,tests/test_profiler.py,True,Code Debt,3,Temporary code is often a sign of a deeper code debt issue.,False,,General,llama-3.1-8b-instant,2026-05-09T05:33:16.466167
608,,Deep Learning,TEMP,,tests/test_profiler.py,True,Code Debt,3,Temporary code is often a sign of a deeper issue with code organization or structure.,False,,General,llama-3.1-8b-instant,2026-05-09T05:33:20.237985
609,,Deep Learning,TEMP,,tests/test_profiler.py,True,Code Debt,3,Temporary code is often a sign of a deeper code debt issue.,False,,General,llama-3.1-8b-instant,2026-05-09T05:33:24.002007
610,,Deep Learning,TEMP,,tests/test_profiler.py,True,Code Debt,3,Temporary workaround or quick fix in the codebase,False,,General,llama-3.1-8b-instant,2026-05-09T05:33:27.847471
611,,Deep Learning,TEMP,,tests/test_profiler.py,True,Code Debt,3,Temporary code is often a sign of a deeper code debt issue.,False,,General,llama-3.1-8b-instant,2026-05-09T05:33:31.695829
612,,Deep Learning,TEMP,,tests/test_sqlite_migrator.py,True,Inadequate Testing Debt,3,Use of TEMP keyword in test file may indicate incomplete or missing test cases,False,,General,llama-3.1-8b-instant,2026-05-09T05:33:35.418770
613,,Deep Learning,TEMP,,tests/test_sqlite_migrator.py,True,Inadequate Testing Debt,3,Insufficient testing for database migration functionality,False,,General,llama-3.1-8b-instant,2026-05-09T05:33:39.192906
614,,Deep Learning,TEMP,,tests/test_sqlite_migrator.py,True,Inadequate Testing Debt,3,Insufficient test coverage for SQLite migrator functionality,False,,General,llama-3.1-8b-instant,2026-05-09T05:33:42.943669
615,,Deep Learning,TODO,,LatentLM/utils.py,True,Code Debt,3,The presence of a TODO comment in a utility function indicates a potential issue that needs to be addressed.,False,,General,llama-3.1-8b-instant,2026-05-09T05:33:46.792442
616,,Deep Learning,WORKAROUND,,PFPO/trainer_base_ds_mul_fs_tp.py,True,Model Stack Workaround Debt,3,The presence of the WORKAROUND keyword indicates a workaround for a model stack issue.,False,,General,llama-3.1-8b-instant,2026-05-09T05:33:50.558620
617,,Deep Learning,TODO,,PFPO/trainer_base_ds_mul_fs_tp.py,True,Code Debt,3,The presence of a TODO comment indicates a potential issue or incomplete implementation in the code.,False,,General,llama-3.1-8b-instant,2026-05-09T05:33:54.322526
618,,Deep Learning,TODO,,PFPO/trainer_ds_megatron_mul.py,True,Code Debt,3,The presence of a TODO comment indicates a potential issue or incomplete implementation in the code.,False,,General,llama-3.1-8b-instant,2026-05-09T05:33:59.070323
619,,Deep Learning,WORKAROUND,,beats/backbone.py,True,Model Stack Workaround Debt,3,The presence of a WORKAROUND keyword indicates a potential workaround for a model stack issue.,False,,General,llama-3.1-8b-instant,2026-05-09T05:34:02.843253
620,,Deep Learning,XXX,,beit/dataset_folder.py,True,Code Debt,3,The presence of XXX in the code indicates a potential issue that needs to be addressed.,False,,General,llama-3.1-8b-instant,2026-05-09T05:34:06.648449
621,,Deep Learning,TODO,,beit/dataset_folder.py,True,Code Debt,3,The presence of a TODO comment in a code file indicates a potential issue or incomplete implementation.,False,,General,llama-3.1-8b-instant,2026-05-09T05:34:10.457561
622,,Deep Learning,XXX,,beit/dataset_folder.py,True,Code Debt,3,The presence of XXX in the code indicates a potential issue that needs to be addressed.,False,,General,llama-3.1-8b-instant,2026-05-09T05:34:14.292721
623,,Deep Learning,TEMP,,beit/modeling_discrete_vae.py,True,Code Debt,3,Use of TEMP keyword suggests a temporary or workaround solution in the code.,False,,General,llama-3.1-8b-instant,2026-05-09T05:34:18.322706
624,,Deep Learning,TEMP,,beit/modeling_discrete_vae.py,True,Code Debt,3,Use of temporary or placeholder values (TEMP) in code suggests a lack of proper handling or refactoring.,False,,General,llama-3.1-8b-instant,2026-05-09T05:34:22.111539
625,,Deep Learning,TEMP,,beit/modeling_discrete_vae.py,True,Code Debt,3,Use of temporary or placeholder values (TEMP) in code indicates a lack of proper handling or refactoring.,False,,General,llama-3.1-8b-instant,2026-05-09T05:34:25.894776
626,,Deep Learning,FIXME,,beit/modeling_finetune.py,True,Code Debt,3,The presence of FIXME comment indicates a need for code refactoring or improvement.,False,,General,llama-3.1-8b-instant,2026-05-09T05:34:29.728174
627,,Deep Learning,WORKAROUND,,beit/utils.py,True,Model Stack Workaround Debt,3,The presence of a WORKAROUND keyword in the comment suggests a temporary fix for a deeper issue.,False,,General,llama-3.1-8b-instant,2026-05-09T05:34:33.711538
628,,Deep Learning,XXX,,beit2/dataset_folder.py,True,Code Debt,3,Presence of XXX comment indicates potential code duplication or complexity,False,,General,llama-3.1-8b-instant,2026-05-09T05:34:37.435522
629,,Deep Learning,TODO,,beit2/dataset_folder.py,True,Code Debt,3,The presence of a TODO comment indicates a potential issue that needs to be addressed in the code.,False,,General,llama-3.1-8b-instant,2026-05-09T05:34:41.209061
630,,Deep Learning,XXX,,beit2/dataset_folder.py,True,Code Debt,3,The presence of XXX in the code suggests a placeholder for a missing implementation.,False,,General,llama-3.1-8b-instant,2026-05-09T05:34:46.107999
631,,Deep Learning,FIXME,,beit2/modeling_finetune.py,True,Code Debt,3,The presence of FIXME comment indicates a need for code refactoring or improvement.,False,,General,llama-3.1-8b-instant,2026-05-09T05:34:49.851152
632,,Deep Learning,TODO,,beit2/modeling_vqkd.py,True,Code Debt,3,The presence of a TODO comment indicates a potential issue or incomplete implementation in the code.,False,,General,llama-3.1-8b-instant,2026-05-09T05:34:52.900289
633,,Deep Learning,TODO,,docs/conf.py,True,Documentation Debt,3,Potential documentation issues may impact team productivity and knowledge sharing.,False,,General,llama-3.1-8b-instant,2026-05-09T05:34:57.630618
634,,Deep Learning,NOQA,,modules/cmd_args.py,True,Code Debt,2,The presence of the NOQA keyword suggests a potential code debt related to code style or formatting.,False,,General,llama-3.1-8b-instant,2026-05-09T05:35:01.498663
635,,Deep Learning,BUG,,modules/cmd_args.py,True,Defect Debt,3,The presence of the keyword 'BUG' in the comment indicates a defect.,False,,General,llama-3.1-8b-instant,2026-05-09T05:35:05.373797
636,,Deep Learning,BUG,,modules/devices.py,True,Defect Debt,3,The presence of the keyword 'BUG' in the comment indicates a defect in the code.,False,,General,llama-3.1-8b-instant,2026-05-09T05:35:09.456952
637,,Deep Learning,TODO,,modules/esrgan_model.py,True,Code Debt,3,The presence of a TODO comment indicates a potential issue or improvement in the code.,False,,General,llama-3.1-8b-instant,2026-05-09T05:35:12.231079
638,,Deep Learning,NOQA,,modules/extensions.py,True,Code Debt,2,Ignoring potential linting issues may lead to code quality degradation,False,,General,llama-3.1-8b-instant,2026-05-09T05:35:16.968518
639,,Deep Learning,TODO,,modules/hat_model.py,True,Code Debt,3,The presence of a TODO comment indicates a potential issue with the code's implementation.,False,,General,llama-3.1-8b-instant,2026-05-09T05:35:20.734487
640,,Deep Learning,TODO,,modules/hat_model.py,True,Code Debt,3,The presence of a TODO comment in the code indicates a potential issue that needs to be addressed.,False,,General,llama-3.1-8b-instant,2026-05-09T05:35:24.635948
641,,Deep Learning,TODO,,modules/hat_model.py,True,Code Debt,3,The presence of a TODO comment indicates a potential issue with the code's implementation.,False,,General,llama-3.1-8b-instant,2026-05-09T05:35:28.395782
642,,Deep Learning,TODO,,modules/hat_model.py,True,Code Debt,3,The presence of a TODO comment in the code indicates a potential issue that needs to be addressed.,False,,General,llama-3.1-8b-instant,2026-05-09T05:35:32.208426
643,,Deep Learning,TODO,,modules/hat_model.py,True,Code Debt,3,The presence of a TODO comment in the code indicates a potential issue that needs to be addressed.,False,,General,llama-3.1-8b-instant,2026-05-09T05:35:36.012845
644,,Deep Learning,NOQA,,modules/images.py,True,Code Debt,3,Ignoring potential linting issues may lead to code quality degradation,False,,General,llama-3.1-8b-instant,2026-05-09T05:35:39.779035
645,,Deep Learning,TODO,,modules/images.py,True,Code Debt,3,The presence of a TODO comment in a code file indicates a potential issue or improvement needed in the code.,False,,General,llama-3.1-8b-instant,2026-05-09T05:35:43.533016
646,,Deep Learning,HACK,,modules/import_hook.py,True,Code Debt,3,The presence of the HACK keyword in a comment indicates a potential code debt.,False,,General,llama-3.1-8b-instant,2026-05-09T05:35:47.314466
647,,Deep Learning,NOQA,,modules/import_hook.py,True,Code Debt,2,Ignoring potential linting issues may lead to code quality degradation,False,,General,llama-3.1-8b-instant,2026-05-09T05:35:51.086537
648,,Deep Learning,NOQA,,modules/initialize.py,True,Code Debt,2,The presence of NOQA suggests a potential coding standard deviation.,False,,General,llama-3.1-8b-instant,2026-05-09T05:35:55.146187
649,,Deep Learning,NOQA,,modules/initialize.py,True,Code Debt,2,The presence of the NOQA keyword suggests a potential code debt related to code style or formatting.,False,,General,llama-3.1-8b-instant,2026-05-09T05:35:59.074293
650,,Deep Learning,NOQA,,modules/initialize.py,True,Code Debt,3,Ignoring potential linting issues may lead to code quality degradation,False,,General,llama-3.1-8b-instant,2026-05-09T05:36:02.934850
651,,Deep Learning,NOQA,,modules/initialize.py,True,Code Debt,3,Ignoring potential linting issues may lead to code quality degradation over time,False,,General,llama-3.1-8b-instant,2026-05-09T05:36:06.719428
652,,Deep Learning,NOQA,,modules/initialize.py,True,Code Debt,3,Ignoring potential linting issues may lead to code quality degradation over time.,False,,General,llama-3.1-8b-instant,2026-05-09T05:36:10.489098
653,,Deep Learning,NOQA,,modules/initialize.py,True,Code Debt,3,Ignoring potential linting issues may lead to inconsistent code quality,False,,General,llama-3.1-8b-instant,2026-05-09T05:36:14.282412
654,,Deep Learning,NOQA,,modules/initialize.py,True,Code Debt,3,Ignoring potential linting issues may lead to code quality degradation,False,,General,llama-3.1-8b-instant,2026-05-09T05:36:18.128020
655,,Deep Learning,NOQA,,modules/initialize.py,True,Code Debt,2,The presence of the NOQA keyword suggests a potential code debt related to code style or formatting.,False,,General,llama-3.1-8b-instant,2026-05-09T05:36:21.959151
656,,Deep Learning,TODO,,modules/launch_utils.py,True,Code Debt,3,The presence of a TODO comment in a code file indicates a potential issue that needs to be addressed.,False,,General,llama-3.1-8b-instant,2026-05-09T05:36:25.764701
657,,Deep Learning,TEMP,,modules/launch_utils.py,True,Code Debt,3,Use of temporary variable or flag (TEMP) indicates potential code complexity or lack of refactoring,False,,General,llama-3.1-8b-instant,2026-05-09T05:36:29.549262
658,,Deep Learning,WORKAROUND,,modules/mac_specific.py,True,Model Stack Workaround Debt,3,The presence of a WORKAROUND keyword indicates a potential workaround for a model stack issue.,False,,General,llama-3.1-8b-instant,2026-05-09T05:36:34.411556
659,,Deep Learning,WORKAROUND,,modules/mac_specific.py,True,Code Debt,3,The presence of a WORKAROUND comment suggests a temporary fix in the code.,False,,General,llama-3.1-8b-instant,2026-05-09T05:36:38.226866
660,,Deep Learning,WORKAROUND,,modules/mac_specific.py,True,Model Stack Workaround Debt,3,The presence of a WORKAROUND keyword in the code indicates a potential workaround for a model stack issue.,False,,General,llama-3.1-8b-instant,2026-05-09T05:36:41.973091
661,,Deep Learning,WORKAROUND,,modules/mac_specific.py,True,Model Stack Workaround Debt,3,The presence of a WORKAROUND keyword in the comment suggests a workaround for a model stack issue.,False,,General,llama-3.1-8b-instant,2026-05-09T05:36:46.015144
662,,Deep Learning,WORKAROUND,,modules/mac_specific.py,True,Model Stack Workaround Debt,3,The presence of a WORKAROUND keyword indicates a potential workaround for a model stack issue.,False,,General,llama-3.1-8b-instant,2026-05-09T05:36:49.770330
663,,Deep Learning,WORKAROUND,,modules/mac_specific.py,True,Model Stack Workaround Debt,3,The presence of a WORKAROUND keyword indicates a workaround for a model stack issue.,False,,General,llama-3.1-8b-instant,2026-05-09T05:36:53.773401
664,,Deep Learning,WORKAROUND,,modules/mac_specific.py,True,Model Stack Workaround Debt,3,The presence of a WORKAROUND keyword in the code suggests a medium-severity debt related to a workaround in the model stack.,False,,General,llama-3.1-8b-instant,2026-05-09T05:36:57.587555
665,,Deep Learning,WORKAROUND,,modules/mac_specific.py,True,Model Stack Workaround Debt,3,The presence of a WORKAROUND keyword suggests a medium-severity debt related to a workaround in the model stack.,False,,General,llama-3.1-8b-instant,2026-05-09T05:37:01.461348
666,,Deep Learning,WORKAROUND,,modules/mac_specific.py,True,Model Stack Workaround Debt,3,The presence of a WORKAROUND comment suggests a medium-severity debt related to a workaround in the model stack.,False,,General,llama-3.1-8b-instant,2026-05-09T05:37:05.270031
667,,Deep Learning,NOQA,,modules/paths.py,True,Code Debt,2,The presence of the NOQA keyword suggests a potential code debt related to code style or formatting.,False,,General,llama-3.1-8b-instant,2026-05-09T05:37:09.037412
668,,Deep Learning,NOQA,,modules/paths.py,True,Code Debt,2,The presence of the NOQA keyword suggests a potential code debt related to code style or formatting.,False,,General,llama-3.1-8b-instant,2026-05-09T05:37:13.918530
669,,Deep Learning,NOQA,,modules/paths.py,True,Code Debt,2,The presence of the NOQA keyword suggests a potential code debt related to code style or formatting.,False,,General,llama-3.1-8b-instant,2026-05-09T05:37:17.852832
670,,Deep Learning,NOQA,,modules/processing.py,True,Code Debt,3,Ignoring potential linting issues may lead to code quality degradation,False,,General,llama-3.1-8b-instant,2026-05-09T05:37:21.577798
671,,Deep Learning,TODO,,modules/processing.py,True,Code Debt,3,The presence of a TODO comment in a code file indicates a potential issue that needs to be addressed.,False,,General,llama-3.1-8b-instant,2026-05-09T05:37:25.304964
672,,Deep Learning,HACK,,modules/processing.py,True,Code Debt,3,The presence of the HACK keyword in a comment indicates a workaround or a temporary solution in the code.,False,,General,llama-3.1-8b-instant,2026-05-09T05:37:29.047308
673,,NLP,TEMP,,benchmarks/benchmark_array_xd.py,True,Code Debt,3,Temporary solution or workaround in the code,False,,General,llama-3.1-8b-instant,2026-05-09T05:37:32.820921
674,,NLP,TEMP,,benchmarks/benchmark_array_xd.py,True,Code Debt,3,Temporary solution or workaround in the code,False,,General,llama-3.1-8b-instant,2026-05-09T05:37:36.543970
675,,NLP,TEMP,,benchmarks/benchmark_array_xd.py,True,Code Debt,3,Temporary solution or workaround used in the code,False,,General,llama-3.1-8b-instant,2026-05-09T05:37:40.358172
676,,NLP,TEMP,,benchmarks/benchmark_indices_mapping.py,True,Code Debt,3,Temporary solution or workaround used in the code,False,,General,llama-3.1-8b-instant,2026-05-09T05:37:44.116324
677,,NLP,TEMP,,benchmarks/benchmark_iterating.py,True,Code Debt,3,Temporary workaround or hack in the codebase,False,,General,llama-3.1-8b-instant,2026-05-09T05:37:48.097358
678,,NLP,TEMP,,benchmarks/benchmark_map_filter.py,True,Code Debt,3,Temporary solution or workaround used in the code,False,,General,llama-3.1-8b-instant,2026-05-09T05:37:51.854674
679,,NLP,NOQA,,tests/_test_patching.py,True,Code Debt,2,Ignoring potential linting issues with NOQA,False,,General,llama-3.1-8b-instant,2026-05-09T05:37:55.582749
680,,NLP,TODO,,tests/conftest.py,True,Test Debt,3,The presence of a TODO comment in a test file indicates a potential issue that needs to be addressed.,False,,General,llama-3.1-8b-instant,2026-05-09T05:37:59.342012
681,,NLP,TEMP,,tests/test_arrow_dataset.py,True,Test Debt,3,Use of TEMP keyword in a test file suggests a temporary or incomplete test implementation.,False,,General,llama-3.1-8b-instant,2026-05-09T05:38:03.097667
682,,NLP,TEMP,,tests/test_arrow_dataset.py,True,Test Debt,3,Temporary solution or workaround in test code,False,,General,llama-3.1-8b-instant,2026-05-09T05:38:06.974513
683,,NLP,TEMP,,tests/test_arrow_dataset.py,True,Code Debt,3,Temporary solution or workaround in the code,False,,General,llama-3.1-8b-instant,2026-05-09T05:38:10.822092
684,,NLP,TEMP,,tests/test_arrow_dataset.py,True,Code Debt,3,Temporary code (TEMP) suggests a workaround or quick fix.,False,,General,llama-3.1-8b-instant,2026-05-09T05:38:14.655291
685,,NLP,TEMP,,tests/test_arrow_dataset.py,True,Code Debt,3,Use of TEMP keyword in a test file may indicate a temporary or workaround solution.,False,,General,llama-3.1-8b-instant,2026-05-09T05:38:18.615354
686,,NLP,TEMP,,tests/test_arrow_dataset.py,True,Test Debt,3,Temporary solution or workaround in test code,False,,General,llama-3.1-8b-instant,2026-05-09T05:38:22.338972
687,,NLP,TEMP,,tests/test_arrow_dataset.py,True,Test Debt,3,Use of TEMP keyword in test file suggests temporary or incomplete testing,False,,General,llama-3.1-8b-instant,2026-05-09T05:38:26.210513
688,,NLP,TEMP,,tests/test_arrow_dataset.py,True,Code Debt,3,Temporary solution or workaround in the code,False,,General,llama-3.1-8b-instant,2026-05-09T05:38:30.125490
689,,NLP,TEMP,,tests/test_arrow_dataset.py,True,Test Debt,3,Temporary solution or workaround in test code,False,,General,llama-3.1-8b-instant,2026-05-09T05:38:33.919537
690,,NLP,TEMP,,tests/test_arrow_dataset.py,True,Test Debt,3,Temporary solution or workaround in test code,False,,General,llama-3.1-8b-instant,2026-05-09T05:38:37.661867
691,,NLP,TEMP,,tests/test_arrow_dataset.py,True,Test Debt,3,Temporary solution or workaround in test code,False,,General,llama-3.1-8b-instant,2026-05-09T05:38:41.441372
692,,NLP,TEMP,,tests/test_arrow_dataset.py,True,Test Debt,3,Temporary workaround in test code may lead to unexpected behavior,False,,General,llama-3.1-8b-instant,2026-05-09T05:38:45.191554
693,,NLP,TEMP,,tests/test_arrow_dataset.py,True,Test Debt,3,Temporary solution or workaround in test code,False,,General,llama-3.1-8b-instant,2026-05-09T05:38:48.908278
694,,NLP,TEMP,,tests/test_arrow_dataset.py,True,Code Debt,3,Temporary workaround or hack in the codebase,False,,General,llama-3.1-8b-instant,2026-05-09T05:38:52.643035
695,,NLP,TEMP,,tests/test_arrow_dataset.py,True,Test Debt,3,Temporary solution or workaround in test code,False,,General,llama-3.1-8b-instant,2026-05-09T05:38:56.338594
696,,NLP,TEMP,,tests/test_arrow_dataset.py,True,Inadequate Testing Debt,3,Temporary solution or workaround detected in test code,False,,General,llama-3.1-8b-instant,2026-05-09T05:39:00.062057
697,,NLP,TODO,,tests/test_arrow_dataset.py,True,Test Debt,3,Potential test failure due to TODO comment,False,,General,llama-3.1-8b-instant,2026-05-09T05:39:03.782658
698,,NLP,TEMP,,tests/test_arrow_dataset.py,True,Code Debt,3,Temporary workaround or hack in the codebase,False,,General,llama-3.1-8b-instant,2026-05-09T05:39:07.510548
699,,NLP,TEMP,,tests/test_arrow_dataset.py,True,Code Debt,3,Temporary solution or workaround in the code,False,,General,llama-3.1-8b-instant,2026-05-09T05:39:11.375798
700,,NLP,TEMP,,tests/test_arrow_dataset.py,True,Test Debt,3,Temporary solution or workaround in test code,False,,General,llama-3.1-8b-instant,2026-05-09T05:39:15.194021
701,,NLP,TEMP,,tests/test_arrow_dataset.py,True,Code Debt,3,Temporary solution or workaround in the code,False,,General,llama-3.1-8b-instant,2026-05-09T05:39:18.899646
702,,NLP,TEMP,,tests/test_arrow_dataset.py,True,Test Debt,3,Temporary solution or workaround in test code,False,,General,llama-3.1-8b-instant,2026-05-09T05:39:22.811109
703,,NLP,TEMP,,tests/test_arrow_dataset.py,True,Test Debt,3,Temporary solution or workaround in test code,False,,General,llama-3.1-8b-instant,2026-05-09T05:39:26.531320
704,,NLP,TEMP,,tests/test_arrow_dataset.py,True,Code Debt,3,Use of temporary keyword suggests a workaround or quick fix in the code.,False,,General,llama-3.1-8b-instant,2026-05-09T05:39:30.348013
705,,NLP,TEMP,,tests/test_arrow_dataset.py,True,Test Debt,3,Temporary solution or workaround in test code,False,,General,llama-3.1-8b-instant,2026-05-09T05:39:34.168121
706,,NLP,TEMP,,tests/test_arrow_dataset.py,True,Code Debt,3,Use of temporary keyword suggests a workaround or quick fix in the code.,False,,General,llama-3.1-8b-instant,2026-05-09T05:39:37.932691
707,,NLP,TEMP,,tests/test_arrow_dataset.py,True,Test Debt,3,Temporary solution or workaround in test code,False,,General,llama-3.1-8b-instant,2026-05-09T05:39:41.759295
708,,NLP,TEMP,,tests/test_arrow_dataset.py,True,Code Debt,3,Temporary code (TEMP) suggests a workaround or quick fix.,False,,General,llama-3.1-8b-instant,2026-05-09T05:39:45.579080
709,,NLP,TEMP,,tests/test_arrow_dataset.py,True,Code Debt,3,Temporary solution or workaround in the code,False,,General,llama-3.1-8b-instant,2026-05-09T05:39:49.463932
710,,NLP,TEMP,,tests/test_arrow_dataset.py,True,Test Debt,3,Temporary solution or workaround in test code,False,,General,llama-3.1-8b-instant,2026-05-09T05:39:53.294324
711,,NLP,TEMP,,tests/test_arrow_dataset.py,True,Test Debt,3,Use of TEMP keyword in a test file suggests a temporary or incomplete test implementation.,False,,General,llama-3.1-8b-instant,2026-05-09T05:39:57.327557
712,,NLP,TEMP,,tests/test_arrow_dataset.py,True,Code Debt,3,Use of temporary keyword suggests a workaround or quick fix in the code.,False,,General,llama-3.1-8b-instant,2026-05-09T05:40:00.112668
713,,NLP,TEMP,,tests/test_arrow_dataset.py,True,Code Debt,3,Temporary code (TEMP) suggests a workaround or quick fix.,False,,General,llama-3.1-8b-instant,2026-05-09T05:40:04.022854
714,,NLP,TEMP,,tests/test_arrow_dataset.py,True,Test Debt,3,Temporary workaround in test file may indicate incomplete or inadequate testing,False,,General,llama-3.1-8b-instant,2026-05-09T05:40:07.980334
715,,NLP,TEMP,,tests/test_arrow_dataset.py,True,Code Debt,3,Use of temporary keyword suggests a workaround or quick fix in the code.,False,,General,llama-3.1-8b-instant,2026-05-09T05:40:11.719865
716,,NLP,TEMP,,tests/test_arrow_dataset.py,True,Test Debt,3,Use of TEMP keyword in test file suggests temporary or incomplete testing,False,,General,llama-3.1-8b-instant,2026-05-09T05:40:15.586449
717,,NLP,TEMP,,tests/test_arrow_dataset.py,True,Code Debt,3,Temporary code (TEMP) suggests a workaround or quick fix.,False,,General,llama-3.1-8b-instant,2026-05-09T05:40:19.306334
718,,NLP,TEMP,,tests/test_arrow_dataset.py,True,Test Debt,3,Use of TEMP keyword in a test file suggests a temporary or incomplete test implementation.,False,,General,llama-3.1-8b-instant,2026-05-09T05:40:23.038276
719,,NLP,TEMP,,tests/test_arrow_dataset.py,True,Test Debt,3,Use of TEMP keyword in a test file suggests a temporary or incomplete test implementation.,False,,General,llama-3.1-8b-instant,2026-05-09T05:40:26.867446
720,,NLP,TEMP,,tests/test_arrow_dataset.py,True,Code Debt,3,Temporary solution or workaround in the code,False,,General,llama-3.1-8b-instant,2026-05-09T05:40:30.813970
721,,NLP,TEMP,,tests/test_arrow_dataset.py,True,Test Debt,3,Temporary solution or workaround in test code,False,,General,llama-3.1-8b-instant,2026-05-09T05:40:34.525485
722,,NLP,TEMP,,tests/test_arrow_dataset.py,True,Test Debt,3,Temporary solution or workaround in test code,False,,General,llama-3.1-8b-instant,2026-05-09T05:40:38.291976
723,,NLP,TEMP,,tests/test_arrow_dataset.py,True,Test Debt,3,Use of TEMP keyword in test file suggests temporary or incomplete testing,False,,General,llama-3.1-8b-instant,2026-05-09T05:40:42.132931
724,,NLP,TEMP,,tests/test_arrow_dataset.py,True,Test Debt,3,Use of TEMP keyword in test file suggests temporary or incomplete testing,False,,General,llama-3.1-8b-instant,2026-05-09T05:40:46.064924
725,,NLP,TEMP,,tests/test_arrow_dataset.py,True,Test Debt,3,Temporary solution or workaround in test code,False,,General,llama-3.1-8b-instant,2026-05-09T05:40:49.879802
726,,NLP,TEMP,,tests/test_arrow_dataset.py,True,Code Debt,3,Temporary solution or workaround in the code,False,,General,llama-3.1-8b-instant,2026-05-09T05:40:52.606574
727,,NLP,TEMP,,tests/test_arrow_dataset.py,True,Test Debt,3,Temporary solution or workaround in test code,False,,General,llama-3.1-8b-instant,2026-05-09T05:40:57.346751
728,,NLP,TEMP,,tests/test_arrow_dataset.py,True,Test Debt,3,Use of TEMP keyword in test file suggests temporary or incomplete testing,False,,General,llama-3.1-8b-instant,2026-05-09T05:41:01.342383
729,,NLP,TEMP,,tests/test_arrow_dataset.py,True,Test Debt,3,Temporary solution or workaround in test code,False,,General,llama-3.1-8b-instant,2026-05-09T05:41:04.068929
730,,NLP,TEMP,,tests/test_arrow_dataset.py,True,Test Debt,3,Use of TEMP keyword in test file suggests temporary or incomplete testing,False,,General,llama-3.1-8b-instant,2026-05-09T05:41:07.886650
731,,NLP,TEMP,,tests/test_arrow_dataset.py,True,Test Debt,3,Temporary solution or workaround in test code,False,,General,llama-3.1-8b-instant,2026-05-09T05:41:11.718391
732,,NLP,TEMP,,tests/test_arrow_dataset.py,True,Code Debt,3,Use of TEMP keyword in a test file may indicate a temporary solution or workaround.,False,,General,llama-3.1-8b-instant,2026-05-09T05:41:15.446067
733,,NLP,TEMP,,tests/test_arrow_dataset.py,True,Test Debt,3,Use of TEMP keyword in a test file suggests a temporary or incomplete test implementation.,False,,General,llama-3.1-8b-instant,2026-05-09T05:41:19.179350
734,,NLP,TEMP,,tests/test_arrow_dataset.py,True,Test Debt,3,Temporary solution or workaround in test code,False,,General,llama-3.1-8b-instant,2026-05-09T05:41:23.040699
735,,NLP,TEMP,,tests/test_arrow_dataset.py,True,Test Debt,3,Temporary solution or workaround in test code,False,,General,llama-3.1-8b-instant,2026-05-09T05:41:26.906374
736,,NLP,TEMP,,tests/test_arrow_dataset.py,True,Code Debt,3,Use of temporary keyword suggests a workaround or quick fix in the code.,False,,General,llama-3.1-8b-instant,2026-05-09T05:41:30.745310
737,,NLP,TEMP,,tests/test_arrow_dataset.py,True,Code Debt,3,Temporary solution or workaround in the code,False,,General,llama-3.1-8b-instant,2026-05-09T05:41:34.444679
738,,NLP,TEMP,,tests/test_arrow_dataset.py,True,Test Debt,3,Temporary solution or workaround in test code,False,,General,llama-3.1-8b-instant,2026-05-09T05:41:38.146872
739,,NLP,TEMP,,tests/test_arrow_dataset.py,True,Code Debt,3,Temporary solution or workaround in the codebase,False,,General,llama-3.1-8b-instant,2026-05-09T05:41:41.972651
740,,NLP,TEMP,,tests/test_arrow_dataset.py,True,Test Debt,3,Temporary solution or workaround in test code,False,,General,llama-3.1-8b-instant,2026-05-09T05:41:45.721163
741,,NLP,TEMP,,tests/test_arrow_dataset.py,True,Code Debt,3,Temporary solution or workaround in code,False,,General,llama-3.1-8b-instant,2026-05-09T05:41:49.505099
742,,NLP,TEMP,,tests/test_arrow_dataset.py,True,Test Debt,3,Temporary solution or workaround in test code,False,,General,llama-3.1-8b-instant,2026-05-09T05:41:53.241490
743,,NLP,TEMP,,tests/test_arrow_dataset.py,True,Test Debt,3,Temporary solution or workaround in test code,False,,General,llama-3.1-8b-instant,2026-05-09T05:41:56.979467
744,,NLP,TEMP,,tests/test_arrow_dataset.py,True,Test Debt,3,Temporary solution or workaround in test code,False,,General,llama-3.1-8b-instant,2026-05-09T05:42:00.823248
745,,NLP,TEMP,,tests/test_arrow_dataset.py,True,Test Debt,3,Temporary solution or workaround in test code,False,,General,llama-3.1-8b-instant,2026-05-09T05:42:04.574041
746,,NLP,TEMP,,tests/test_arrow_dataset.py,True,Test Debt,3,Temporary solution or workaround in test code,False,,General,llama-3.1-8b-instant,2026-05-09T05:42:08.366635
747,,NLP,TEMP,,tests/test_arrow_dataset.py,True,Code Debt,3,Temporary code (TEMP) suggests a workaround or quick fix.,False,,General,llama-3.1-8b-instant,2026-05-09T05:42:12.155247
748,,NLP,TEMP,,tests/test_arrow_dataset.py,True,Code Debt,3,Temporary workaround or hack in the codebase,False,,General,llama-3.1-8b-instant,2026-05-09T05:42:15.914441
749,,NLP,TEMP,,tests/test_arrow_dataset.py,True,Test Debt,3,Temporary workaround in test code may lead to unexpected behavior,False,,General,llama-3.1-8b-instant,2026-05-09T05:42:20.060783
750,,NLP,TEMP,,tests/test_arrow_dataset.py,True,Code Debt,3,Temporary code (TEMP) suggests a workaround or quick fix.,False,,General,llama-3.1-8b-instant,2026-05-09T05:42:23.804176
751,,NLP,TEMP,,tests/test_arrow_dataset.py,True,Test Debt,3,Temporary solution or workaround in test code,False,,General,llama-3.1-8b-instant,2026-05-09T05:42:27.799691
752,,NLP,TEMP,,tests/test_arrow_dataset.py,True,Inadequate Testing Debt,3,Temporary solution or workaround detected in test code,False,,General,llama-3.1-8b-instant,2026-05-09T05:42:31.658917
753,,NLP,TEMP,,tests/test_arrow_dataset.py,True,Test Debt,3,Temporary solution or workaround in test code,False,,General,llama-3.1-8b-instant,2026-05-09T05:42:35.474946
754,,NLP,TEMP,,tests/test_arrow_dataset.py,True,Code Debt,3,Temporary code (TEMP) suggests a workaround or quick fix.,False,,General,llama-3.1-8b-instant,2026-05-09T05:42:38.314462
755,,NLP,TEMP,,tests/test_arrow_dataset.py,True,Code Debt,3,Temporary solution or workaround in the code,False,,General,llama-3.1-8b-instant,2026-05-09T05:42:42.125909
756,,NLP,TEMP,,tests/test_arrow_dataset.py,True,Code Debt,3,Temporary solution or workaround in the code,False,,General,llama-3.1-8b-instant,2026-05-09T05:42:45.878511
757,,NLP,TEMP,,tests/test_arrow_dataset.py,True,Test Debt,3,Temporary solution or workaround in test code,False,,General,llama-3.1-8b-instant,2026-05-09T05:42:49.639838
758,,NLP,TEMP,,tests/test_arrow_dataset.py,True,Test Debt,3,Temporary solution or workaround in test code,False,,General,llama-3.1-8b-instant,2026-05-09T05:42:53.478548
759,,NLP,TEMP,,tests/test_arrow_dataset.py,True,Code Debt,3,Temporary workaround or hack in the code,False,,General,llama-3.1-8b-instant,2026-05-09T05:42:57.211214
760,,NLP,TEMP,,tests/test_arrow_dataset.py,True,Code Debt,3,Temporary solution or workaround in the code,False,,General,llama-3.1-8b-instant,2026-05-09T05:43:01.931202
761,,NLP,TEMP,,tests/test_arrow_dataset.py,True,Test Debt,3,Use of TEMP keyword in a test file suggests a temporary or incomplete test implementation.,False,,General,llama-3.1-8b-instant,2026-05-09T05:43:05.799139
762,,NLP,TEMP,,tests/test_arrow_dataset.py,True,Code Debt,3,Temporary solution or workaround in the code,False,,General,llama-3.1-8b-instant,2026-05-09T05:43:09.498010
763,,NLP,TEMP,,tests/test_arrow_dataset.py,True,Test Debt,3,Temporary solution or workaround in test code,False,,General,llama-3.1-8b-instant,2026-05-09T05:43:13.238189
764,,NLP,TEMP,,tests/test_arrow_dataset.py,True,Test Debt,3,Temporary solution or workaround in test code,False,,General,llama-3.1-8b-instant,2026-05-09T05:43:17.061985
765,,NLP,TEMP,,tests/test_arrow_dataset.py,True,Test Debt,3,Temporary solution or workaround in test code,False,,General,llama-3.1-8b-instant,2026-05-09T05:43:20.784591
766,,NLP,TEMP,,tests/test_arrow_dataset.py,True,Code Debt,3,Use of TEMP keyword in a test file may indicate a temporary solution or workaround.,False,,General,llama-3.1-8b-instant,2026-05-09T05:43:24.498570
767,,NLP,TEMP,,tests/test_arrow_dataset.py,True,Test Debt,3,Temporary workaround in test file may indicate incomplete or inadequate testing,False,,General,llama-3.1-8b-instant,2026-05-09T05:43:28.243678
768,,NLP,TEMP,,tests/test_arrow_dataset.py,True,Test Debt,3,Temporary solution or workaround in test code,False,,General,llama-3.1-8b-instant,2026-05-09T05:43:31.954560
769,,NLP,TEMP,,tests/test_arrow_dataset.py,True,Test Debt,3,Use of TEMP keyword in test file suggests temporary or incomplete testing,False,,General,llama-3.1-8b-instant,2026-05-09T05:43:35.761033
770,,NLP,TEMP,,tests/test_arrow_dataset.py,True,Test Debt,3,Temporary solution or workaround in test code,False,,General,llama-3.1-8b-instant,2026-05-09T05:43:39.499017
771,,NLP,TEMP,,tests/test_arrow_dataset.py,True,Test Debt,3,Temporary solution or workaround in test code,False,,General,llama-3.1-8b-instant,2026-05-09T05:43:43.223957
772,,NLP,TEMP,,tests/test_arrow_dataset.py,True,Test Debt,3,Temporary solution or workaround in test code,False,,General,llama-3.1-8b-instant,2026-05-09T05:43:47.023070
773,,NLP,TEMP,,tests/test_arrow_dataset.py,True,Code Debt,3,Temporary code (TEMP) suggests a quick fix or workaround.,False,,General,llama-3.1-8b-instant,2026-05-09T05:43:50.783625
774,,NLP,TEMP,,tests/test_arrow_dataset.py,True,Code Debt,3,Temporary workaround or hack in the codebase,False,,General,llama-3.1-8b-instant,2026-05-09T05:43:54.684171
775,,NLP,TEMP,,tests/test_arrow_dataset.py,True,Test Debt,3,Use of TEMP keyword in test file suggests temporary or incomplete testing,False,,General,llama-3.1-8b-instant,2026-05-09T05:43:58.511716
776,,NLP,TEMP,,tests/test_arrow_dataset.py,True,Code Debt,3,Use of temporary keyword suggests a workaround or quick fix in the code.,False,,General,llama-3.1-8b-instant,2026-05-09T05:44:02.404874
777,,NLP,TEMP,,tests/test_arrow_dataset.py,True,Test Debt,3,Temporary solution or workaround in test code,False,,General,llama-3.1-8b-instant,2026-05-09T05:44:05.170641
778,,NLP,TEMP,,tests/test_arrow_dataset.py,True,Test Debt,3,Use of TEMP keyword in test file suggests temporary or incomplete testing,False,,General,llama-3.1-8b-instant,2026-05-09T05:44:09.195998
779,,NLP,TEMP,,tests/test_arrow_dataset.py,True,Test Debt,3,Temporary solution or workaround in test code,False,,General,llama-3.1-8b-instant,2026-05-09T05:44:12.965503
780,,NLP,TEMP,,tests/test_arrow_dataset.py,True,Code Debt,3,Use of temporary keyword suggests a workaround or quick fix in the code.,False,,General,llama-3.1-8b-instant,2026-05-09T05:44:16.766088
781,,NLP,TEMP,,tests/test_arrow_dataset.py,True,Test Debt,3,Temporary solution or workaround in test code,False,,General,llama-3.1-8b-instant,2026-05-09T05:44:20.494350
782,,NLP,TEMP,,tests/test_arrow_dataset.py,True,Test Debt,3,Use of TEMP keyword in test file suggests a temporary or incomplete test implementation,False,,General,llama-3.1-8b-instant,2026-05-09T05:44:24.228970
783,,NLP,TEMP,,tests/test_arrow_dataset.py,True,Code Debt,3,"Temporary code (TEMP) suggests a workaround or quick fix, indicating potential technical debt.",False,,General,llama-3.1-8b-instant,2026-05-09T05:44:28.039825
784,,NLP,TEMP,,tests/test_arrow_dataset.py,True,Test Debt,3,Temporary solution or workaround in test code,False,,General,llama-3.1-8b-instant,2026-05-09T05:44:31.837074
785,,NLP,TODO,,tests/test_arrow_dataset.py,True,Test Debt,3,Potential test failure due to TODO comment,False,,General,llama-3.1-8b-instant,2026-05-09T05:44:35.554083
786,,NLP,TEMP,,tests/test_arrow_dataset.py,True,Test Debt,3,Temporary solution or workaround in test code,False,,General,llama-3.1-8b-instant,2026-05-09T05:44:39.320139
787,,NLP,TEMP,,tests/test_arrow_dataset.py,True,Code Debt,3,Temporary code (TEMP) suggests a workaround or quick fix.,False,,General,llama-3.1-8b-instant,2026-05-09T05:44:43.077319
788,,NLP,TEMP,,tests/test_arrow_dataset.py,True,Test Debt,3,Use of TEMP keyword in test file suggests temporary or incomplete testing,False,,General,llama-3.1-8b-instant,2026-05-09T05:44:46.796445
789,,NLP,TEMP,,tests/test_arrow_dataset.py,True,Code Debt,3,Use of temporary keyword suggests a workaround or quick fix in the code.,False,,General,llama-3.1-8b-instant,2026-05-09T05:44:50.761809
790,,NLP,TEMP,,tests/test_arrow_dataset.py,True,Test Debt,3,Temporary solution or workaround in test code,False,,General,llama-3.1-8b-instant,2026-05-09T05:44:54.495422
791,,NLP,TEMP,,tests/test_arrow_dataset.py,True,Test Debt,3,Temporary solution or workaround in test code,False,,General,llama-3.1-8b-instant,2026-05-09T05:44:58.239070
792,,NLP,TEMP,,tests/test_arrow_dataset.py,True,Code Debt,3,Temporary solution or workaround in the code,False,,General,llama-3.1-8b-instant,2026-05-09T05:45:02.170922
793,,NLP,TEMP,,tests/test_arrow_dataset.py,True,Test Debt,3,Use of temporary keyword suggests incomplete or inadequate testing,False,,General,llama-3.1-8b-instant,2026-05-09T05:45:06.024617
794,,NLP,TEMP,,tests/test_arrow_dataset.py,True,Test Debt,3,Use of TEMP keyword in test file suggests temporary or incomplete testing,False,,General,llama-3.1-8b-instant,2026-05-09T05:45:09.771470
795,,NLP,TEMP,,tests/test_arrow_dataset.py,True,Test Debt,3,Temporary solution or workaround in test code,False,,General,llama-3.1-8b-instant,2026-05-09T05:45:13.518113
796,,NLP,TEMP,,tests/test_arrow_dataset.py,True,Test Debt,3,Use of TEMP keyword in test file suggests temporary or incomplete testing,False,,General,llama-3.1-8b-instant,2026-05-09T05:45:17.364694
797,,NLP,TEMP,,tests/test_arrow_dataset.py,True,Test Debt,3,Use of TEMP keyword in test file suggests temporary or incomplete testing,False,,General,llama-3.1-8b-instant,2026-05-09T05:45:21.189182
798,,NLP,TEMP,,tests/test_arrow_dataset.py,True,Test Debt,3,Use of TEMP keyword in test file suggests temporary or incomplete testing,False,,General,llama-3.1-8b-instant,2026-05-09T05:45:25.028585
799,,NLP,TEMP,,tests/test_arrow_dataset.py,True,Test Debt,3,Temporary solution or workaround in test code,False,,General,llama-3.1-8b-instant,2026-05-09T05:45:28.744904
800,,NLP,TEMP,,tests/test_arrow_dataset.py,True,Test Debt,3,Use of TEMP keyword in a test file suggests a temporary or incomplete test implementation.,False,,General,llama-3.1-8b-instant,2026-05-09T05:45:32.527122
801,,NLP,TEMP,,tests/test_arrow_dataset.py,True,Test Debt,3,Temporary solution or workaround in test code,False,,General,llama-3.1-8b-instant,2026-05-09T05:45:36.718579
802,,NLP,TEMP,,tests/test_arrow_dataset.py,True,Test Debt,3,Temporary solution or workaround in test code,False,,General,llama-3.1-8b-instant,2026-05-09T05:45:39.429550
803,,NLP,TEMP,,tests/test_arrow_dataset.py,True,Code Debt,3,Temporary solution or workaround in code,False,,General,llama-3.1-8b-instant,2026-05-09T05:45:43.275997
804,,NLP,TEMP,,tests/test_arrow_dataset.py,True,Test Debt,3,Temporary solution or workaround in test code,False,,General,llama-3.1-8b-instant,2026-05-09T05:45:47.102654
805,,NLP,TEMP,,tests/test_arrow_dataset.py,True,Test Debt,3,Temporary solution or workaround in test code,False,,General,llama-3.1-8b-instant,2026-05-09T05:45:50.805786
806,,NLP,TEMP,,tests/test_arrow_dataset.py,True,Test Debt,3,Temporary workaround in test code may lead to future maintenance issues,False,,General,llama-3.1-8b-instant,2026-05-09T05:45:54.710497
807,,NLP,TEMP,,tests/test_arrow_dataset.py,True,Test Debt,3,Use of TEMP keyword in a test file may indicate a temporary solution or workaround.,False,,General,llama-3.1-8b-instant,2026-05-09T05:45:58.669953
808,,NLP,TEMP,,tests/test_arrow_dataset.py,True,Code Debt,3,Temporary code (TEMP) suggests a workaround or quick fix.,False,,General,llama-3.1-8b-instant,2026-05-09T05:46:02.400293
809,,NLP,TEMP,,tests/test_arrow_dataset.py,True,Test Debt,3,Temporary solution or workaround in test code,False,,General,llama-3.1-8b-instant,2026-05-09T05:46:06.112181
810,,NLP,TEMP,,tests/test_arrow_dataset.py,True,Code Debt,3,Temporary solution or workaround in the code,False,,General,llama-3.1-8b-instant,2026-05-09T05:46:09.884482
811,,NLP,TEMP,,tests/test_arrow_dataset.py,True,Test Debt,3,Temporary solution or workaround in test code,False,,General,llama-3.1-8b-instant,2026-05-09T05:46:13.658686
812,,NLP,TEMP,,tests/test_arrow_dataset.py,True,Test Debt,3,Temporary solution or workaround in test code,False,,General,llama-3.1-8b-instant,2026-05-09T05:46:17.637907
813,,NLP,TEMP,,tests/test_arrow_dataset.py,True,Code Debt,3,Use of temporary keyword suggests a workaround or quick fix in the code.,False,,General,llama-3.1-8b-instant,2026-05-09T05:46:21.364191
814,,NLP,TEMP,,tests/test_arrow_dataset.py,True,Test Debt,3,Use of TEMP keyword in test file suggests temporary or incomplete testing,False,,General,llama-3.1-8b-instant,2026-05-09T05:46:25.110422
815,,NLP,TEMP,,tests/test_arrow_dataset.py,True,Test Debt,3,Temporary solution or workaround in test code,False,,General,llama-3.1-8b-instant,2026-05-09T05:46:28.844370
816,,NLP,TEMP,,tests/test_arrow_dataset.py,True,Test Debt,3,Use of TEMP keyword in test file suggests temporary or incomplete testing,False,,General,llama-3.1-8b-instant,2026-05-09T05:46:32.651013
817,,NLP,NOQA,,tests/test_arrow_dataset.py,True,Code Debt,2,Ignoring potential linting issues with NOQA,False,,General,llama-3.1-8b-instant,2026-05-09T05:46:36.519663
818,,NLP,TEMP,,tests/test_arrow_dataset.py,True,Test Debt,3,Temporary solution or workaround in test code,False,,General,llama-3.1-8b-instant,2026-05-09T05:46:40.220177
819,,NLP,TEMP,,tests/test_arrow_dataset.py,True,Test Debt,3,Use of TEMP keyword in test file suggests temporary or incomplete testing,False,,General,llama-3.1-8b-instant,2026-05-09T05:46:44.133553
820,,NLP,TEMP,,tests/test_arrow_dataset.py,True,Inadequate Testing Debt,3,Temporary solution or workaround detected in test code,False,,General,llama-3.1-8b-instant,2026-05-09T05:46:47.865226
821,,NLP,TEMP,,tests/test_arrow_dataset.py,True,Test Debt,3,Temporary solution or workaround in test code,False,,General,llama-3.1-8b-instant,2026-05-09T05:46:51.816218
822,,NLP,TEMP,,tests/test_arrow_dataset.py,True,Code Debt,3,Use of temporary keyword suggests a workaround or quick fix in the code.,False,,General,llama-3.1-8b-instant,2026-05-09T05:46:55.532632
823,,NLP,TEMP,,tests/test_arrow_dataset.py,True,Test Debt,3,Temporary workaround in test code may lead to unexpected behavior,False,,General,llama-3.1-8b-instant,2026-05-09T05:46:59.364595
824,,NLP,TEMP,,tests/test_arrow_reader.py,True,Code Debt,3,Potential performance impact due to temporary solutions,False,,General,llama-3.1-8b-instant,2026-05-09T05:47:03.413367
825,,NLP,TEMP,,tests/test_arrow_reader.py,True,Code Debt,3,Temporary solution or workaround in the code,False,,General,llama-3.1-8b-instant,2026-05-09T05:47:07.280724
826,,NLP,TEMP,,tests/test_arrow_reader.py,True,Code Debt,3,Temporary code (TEMP) suggests a workaround or a quick fix.,False,,General,llama-3.1-8b-instant,2026-05-09T05:47:10.071020
827,,NLP,TEMP,,tests/test_arrow_writer.py,True,Test Debt,3,Temporary solution or workaround in test code,False,,General,llama-3.1-8b-instant,2026-05-09T05:47:13.850874
828,,NLP,TEMP,,tests/test_builder.py,True,Code Debt,3,Temporary code (TEMP) suggests a workaround or quick fix.,False,,General,llama-3.1-8b-instant,2026-05-09T05:47:17.632054
829,,NLP,TEMP,,tests/test_builder.py,True,Code Debt,3,Use of temporary keyword suggests a workaround or quick fix in the code.,False,,General,llama-3.1-8b-instant,2026-05-09T05:47:21.404926
830,,NLP,TEMP,,tests/test_builder.py,True,Code Debt,3,Use of temporary keyword suggests a workaround or quick fix in the code.,False,,General,llama-3.1-8b-instant,2026-05-09T05:47:25.218624
831,,NLP,TEMP,,tests/test_builder.py,True,Code Debt,3,Use of temporary keyword suggests a workaround or quick fix in the code.,False,,General,llama-3.1-8b-instant,2026-05-09T05:47:29.154325
832,,NLP,TEMP,,tests/test_builder.py,True,Code Debt,3,Temporary code (TEMP) suggests a workaround or quick fix.,False,,General,llama-3.1-8b-instant,2026-05-09T05:47:32.926158
833,,NLP,TEMP,,tests/test_builder.py,True,Code Debt,3,Use of temporary keyword suggests a workaround or quick fix in the code.,False,,General,llama-3.1-8b-instant,2026-05-09T05:47:36.660893
834,,NLP,TEMP,,tests/test_builder.py,True,Code Debt,3,Temporary code (TEMP) suggests a workaround or quick fix.,False,,General,llama-3.1-8b-instant,2026-05-09T05:47:40.509068
835,,NLP,TEMP,,tests/test_builder.py,True,Test Debt,3,Use of TEMP keyword in a test file suggests a temporary or incomplete test implementation.,False,,General,llama-3.1-8b-instant,2026-05-09T05:47:44.473908
836,,NLP,TEMP,,tests/test_builder.py,True,Code Debt,3,Use of temporary keyword suggests a workaround or quick fix in the code.,False,,General,llama-3.1-8b-instant,2026-05-09T05:47:48.195704
837,,NLP,TEMP,,tests/test_builder.py,True,Code Debt,3,Temporary code (TEMP) suggests a workaround or quick fix.,False,,General,llama-3.1-8b-instant,2026-05-09T05:47:52.025143
838,,NLP,TEMP,,tests/test_builder.py,True,Code Debt,3,Use of TEMP keyword in a comment suggests a temporary or workaround solution in the code.,False,,General,llama-3.1-8b-instant,2026-05-09T05:47:55.794090
839,,NLP,TEMP,,tests/test_builder.py,True,Code Debt,3,Use of temporary keyword suggests a workaround or quick fix in the code.,False,,General,llama-3.1-8b-instant,2026-05-09T05:47:59.581134
840,,NLP,TEMP,,tests/test_builder.py,True,Code Debt,3,Use of temporary keyword suggests a workaround or quick fix in the code.,False,,General,llama-3.1-8b-instant,2026-05-09T05:48:03.643650
841,,NLP,TEMP,,tests/test_builder.py,True,Code Debt,3,"Temporary code (TEMP) suggests a workaround or quick fix, indicating potential code debt.",False,,General,llama-3.1-8b-instant,2026-05-09T05:48:06.434534
842,,NLP,TEMP,,tests/test_dataset_dict.py,True,Test Debt,3,Temporary solution or workaround in test code,False,,General,llama-3.1-8b-instant,2026-05-09T05:48:11.175075
843,,NLP,TEMP,,tests/test_dataset_dict.py,True,Test Debt,3,Use of TEMP keyword in a test file may indicate a placeholder or temporary solution.,False,,General,llama-3.1-8b-instant,2026-05-09T05:48:15.024407
844,,NLP,TEMP,,tests/test_dataset_dict.py,True,Test Debt,3,Use of TEMP keyword in a test file suggests a temporary or incomplete test implementation.,False,,General,llama-3.1-8b-instant,2026-05-09T05:48:18.912840
845,,NLP,TEMP,,tests/test_dataset_dict.py,True,Test Debt,3,Use of TEMP keyword in a test file suggests a temporary or incomplete test implementation.,False,,General,llama-3.1-8b-instant,2026-05-09T05:48:21.710072
846,,NLP,TEMP,,tests/test_dataset_dict.py,True,Code Debt,3,Temporary solution or workaround in the code,False,,General,llama-3.1-8b-instant,2026-05-09T05:48:25.827235
847,,NLP,TEMP,,tests/test_dataset_dict.py,True,Code Debt,3,Use of temporary keyword suggests a workaround or quick fix in the code.,False,,General,llama-3.1-8b-instant,2026-05-09T05:48:29.725440
848,,NLP,TEMP,,tests/test_dataset_dict.py,True,Code Debt,3,Use of temporary keyword suggests a workaround or quick fix in the code.,False,,General,llama-3.1-8b-instant,2026-05-09T05:48:33.467511
849,,NLP,TEMP,,tests/test_dataset_dict.py,True,Code Debt,3,Use of temporary keyword suggests a workaround or quick fix in the code.,False,,General,llama-3.1-8b-instant,2026-05-09T05:48:37.689279
850,,NLP,TODO,,tests/test_fingerprint.py,True,Test Debt,3,Potential test failure due to TODO comment,False,,General,llama-3.1-8b-instant,2026-05-09T05:48:41.544868
851,,NLP,TEMP,,tests/test_fingerprint.py,True,Test Debt,3,Temporary solution or workaround in test code,False,,General,llama-3.1-8b-instant,2026-05-09T05:48:45.474933
852,,NLP,TEMP,,tests/test_fingerprint.py,True,Test Debt,3,Use of TEMP keyword in test file suggests temporary or incomplete testing,False,,General,llama-3.1-8b-instant,2026-05-09T05:48:48.473843
853,,NLP,TEMP,,tests/test_fingerprint.py,True,Test Debt,3,Use of TEMP keyword in test file suggests temporary or incomplete testing,False,,General,llama-3.1-8b-instant,2026-05-09T05:48:52.238188
854,,NLP,TEMP,,tests/test_fingerprint.py,True,Test Debt,3,Use of TEMP keyword in a test file suggests a temporary or incomplete test implementation.,False,,General,llama-3.1-8b-instant,2026-05-09T05:48:56.147358
855,,NLP,TEMP,,tests/test_fingerprint.py,True,Test Debt,3,Use of TEMP keyword in test file suggests temporary or incomplete testing,False,,General,llama-3.1-8b-instant,2026-05-09T05:48:59.965224
856,,NLP,TEMP,,tests/test_fingerprint.py,True,Test Debt,3,Use of TEMP keyword in a test file may indicate a temporary or incomplete test implementation.,False,,General,llama-3.1-8b-instant,2026-05-09T05:49:03.800816
857,,NLP,TEMP,,tests/test_fingerprint.py,True,Test Debt,3,Use of TEMP keyword in test file suggests temporary or ad-hoc testing approach,False,,General,llama-3.1-8b-instant,2026-05-09T05:49:07.592985
858,,NLP,TEMP,,tests/test_fingerprint.py,True,Code Debt,3,Temporary code (TEMP) suggests a workaround or quick fix.,False,,General,llama-3.1-8b-instant,2026-05-09T05:49:11.368634
859,,NLP,TEMP,,tests/test_fingerprint.py,True,Test Debt,3,Use of TEMP keyword in test file suggests temporary or incomplete testing,False,,General,llama-3.1-8b-instant,2026-05-09T05:49:15.187714
860,,NLP,TEMP,,tests/test_hub.py,True,Test Debt,3,Use of TEMP keyword in a test file suggests a temporary or incomplete test implementation.,False,,General,llama-3.1-8b-instant,2026-05-09T05:49:19.024915
861,,NLP,TEMP,,tests/test_hub.py,True,Test Debt,3,Use of TEMP keyword in a test file suggests a temporary or incomplete test implementation.,False,,General,llama-3.1-8b-instant,2026-05-09T05:49:22.789064
862,,NLP,NOQA,,tests/test_iterable_dataset.py,True,Test Debt,3,The presence of NOQA suggests a potential issue with test code quality.,False,,General,llama-3.1-8b-instant,2026-05-09T05:49:26.621348
863,,NLP,NOQA,,tests/test_iterable_dataset.py,True,Code Debt,2,The presence of the NOQA comment suggests a potential code debt related to code style or formatting.,False,,General,llama-3.1-8b-instant,2026-05-09T05:49:30.400875
864,,NLP,NOQA,,tests/test_iterable_dataset.py,True,Code Debt,2,Ignoring potential linting issues with NOQA,False,,General,llama-3.1-8b-instant,2026-05-09T05:49:34.237893
865,,NLP,NOQA,,tests/test_iterable_dataset.py,True,Test Debt,3,Ignoring test warnings may lead to undetected issues in the future.,False,,General,llama-3.1-8b-instant,2026-05-09T05:49:38.002762
866,,NLP,TEMP,,tests/test_load.py,True,Code Debt,3,Use of temporary keyword suggests a workaround or quick fix in the code.,False,,General,llama-3.1-8b-instant,2026-05-09T05:49:41.757622
867,,NLP,TEMP,,tests/test_metadata_util.py,True,Test Debt,3,Temporary solution or workaround in test code,False,,General,llama-3.1-8b-instant,2026-05-09T05:49:45.642594
868,,NLP,BUG,,tests/test_metadata_util.py,True,Defect Debt,3,The presence of the keyword 'BUG' in the comment indicates a defect.,False,,General,llama-3.1-8b-instant,2026-05-09T05:49:49.414477
869,,NLP,TEMP,,tests/test_metadata_util.py,True,Test Debt,3,Temporary solution or workaround in test code,False,,General,llama-3.1-8b-instant,2026-05-09T05:49:53.305049
870,,NLP,TEMP,,tests/test_metadata_util.py,True,Code Debt,3,Use of temporary keyword suggests a workaround or quick fix in the code.,False,,General,llama-3.1-8b-instant,2026-05-09T05:49:57.084668
871,,NLP,TEMP,,tests/test_offline_util.py,True,Test Debt,3,Temporary solution or workaround in test code,False,,General,llama-3.1-8b-instant,2026-05-09T05:50:00.885789
872,,NLP,TEMP,,tests/test_offline_util.py,True,Code Debt,3,Use of temporary keyword suggests inefficient or unclean code,False,,General,llama-3.1-8b-instant,2026-05-09T05:50:04.609071
873,,NLP,TEMP,,tests/test_offline_util.py,True,Code Debt,3,Temporary workaround or hack in the code,False,,General,llama-3.1-8b-instant,2026-05-09T05:50:08.535144
874,,NLP,TEMP,,tests/test_offline_util.py,True,Code Debt,3,Use of temporary keyword suggests a workaround or quick fix in the code.,False,,General,llama-3.1-8b-instant,2026-05-09T05:50:12.264895
875,,NLP,TEMP,,tests/test_py_utils.py,True,Code Debt,3,"Temporary code (TEMP) suggests a workaround or quick fix, indicating potential technical debt.",False,,General,llama-3.1-8b-instant,2026-05-09T05:50:16.092196
876,,NLP,TEMP,,tests/test_py_utils.py,True,Code Debt,3,Temporary solution or workaround in the code,False,,General,llama-3.1-8b-instant,2026-05-09T05:50:19.848357
877,,NLP,TEMP,,tests/test_py_utils.py,True,Code Debt,3,Temporary workaround or hack in the codebase,False,,General,llama-3.1-8b-instant,2026-05-09T05:50:23.572935
878,,NLP,TEMP,,tests/test_search.py,True,Test Debt,3,Temporary solution or workaround in test code,False,,General,llama-3.1-8b-instant,2026-05-09T05:50:27.298587
879,,NLP,TEMP,,tests/test_search.py,True,Test Debt,3,Temporary solution or workaround in test code,False,,General,llama-3.1-8b-instant,2026-05-09T05:50:31.117475
880,,NLP,TEMP,,tests/test_search.py,True,Test Debt,3,Temporary solution or workaround in test code,False,,General,llama-3.1-8b-instant,2026-05-09T05:50:34.854817
881,,NLP,TEMP,,tests/test_search.py,True,Code Debt,3,Use of temporary keyword suggests a workaround or quick fix in the code.,False,,General,llama-3.1-8b-instant,2026-05-09T05:50:38.609339
882,,NLP,WORKAROUND,,tests/test_tqdm.py,True,Code Debt,3,The presence of a WORKAROUND keyword in a test file indicates a potential code issue.,False,,General,llama-3.1-8b-instant,2026-05-09T05:50:42.445936
883,,NLP,TEMP,,tests/test_upstream_hub.py,True,Test Debt,3,Use of TEMP keyword in test file suggests temporary or incomplete testing,False,,General,llama-3.1-8b-instant,2026-05-09T05:50:46.337717
884,,NLP,TEMP,,tests/test_upstream_hub.py,True,Test Debt,3,Use of TEMP keyword in test file suggests temporary or incomplete testing,False,,General,llama-3.1-8b-instant,2026-05-09T05:50:50.065030
885,,NLP,TEMP,,tests/test_upstream_hub.py,True,Test Debt,3,Use of TEMP keyword in test file suggests temporary or incomplete testing,False,,General,llama-3.1-8b-instant,2026-05-09T05:50:53.904107
886,,NLP,TEMP,,tests/test_upstream_hub.py,True,Test Debt,3,Use of TEMP keyword in test file suggests temporary or incomplete testing,False,,General,llama-3.1-8b-instant,2026-05-09T05:50:57.717813
887,,NLP,TEMP,,tests/test_upstream_hub.py,True,Test Debt,3,Temporary workaround or placeholder in test code,False,,General,llama-3.1-8b-instant,2026-05-09T05:51:01.568001
888,,NLP,TEMP,,tests/test_upstream_hub.py,True,Test Debt,3,Temporary workaround or placeholder in test code,False,,General,llama-3.1-8b-instant,2026-05-09T05:51:05.609020
889,,NLP,TEMP,,tests/test_upstream_hub.py,True,Test Debt,3,Use of TEMP keyword in a test file suggests a potential test debt issue.,False,,General,llama-3.1-8b-instant,2026-05-09T05:51:08.329882
890,,NLP,TEMP,,tests/test_upstream_hub.py,True,Test Debt,3,Temporary workaround or placeholder in test code,False,,General,llama-3.1-8b-instant,2026-05-09T05:51:12.225747
891,,NLP,TEMP,,tests/test_upstream_hub.py,True,Test Debt,3,Temporary workaround in test file may indicate incomplete or inadequate testing.,False,,General,llama-3.1-8b-instant,2026-05-09T05:51:16.170872
892,,NLP,TEMP,,tests/test_upstream_hub.py,True,Test Debt,3,Use of TEMP keyword in test file suggests temporary or incomplete testing,False,,General,llama-3.1-8b-instant,2026-05-09T05:51:20.104121
893,,NLP,TEMP,,tests/test_upstream_hub.py,True,Test Debt,3,Temporary workaround or placeholder in test code,False,,General,llama-3.1-8b-instant,2026-05-09T05:51:23.930692
894,,NLP,TEMP,,tests/test_upstream_hub.py,True,Test Debt,3,Temporary workaround or placeholder in test code,False,,General,llama-3.1-8b-instant,2026-05-09T05:51:27.657374
895,,NLP,TEMP,,tests/test_upstream_hub.py,True,Test Debt,3,Temporary workaround or placeholder in test code,False,,General,llama-3.1-8b-instant,2026-05-09T05:51:31.434319
896,,NLP,TEMP,,tests/test_upstream_hub.py,True,Test Debt,3,Temporary workaround or placeholder in test code,False,,General,llama-3.1-8b-instant,2026-05-09T05:51:35.268226
897,,NLP,TEMP,,tests/test_upstream_hub.py,True,Test Debt,3,Temporary workaround or placeholder in test code,False,,General,llama-3.1-8b-instant,2026-05-09T05:51:39.186084
898,,NLP,TEMP,,tests/test_upstream_hub.py,True,Test Debt,3,Use of TEMP keyword in test file suggests a temporary or workaround solution,False,,General,llama-3.1-8b-instant,2026-05-09T05:51:42.932342
899,,NLP,TEMP,,tests/test_upstream_hub.py,True,Test Debt,3,Temporary workaround or placeholder in test code,False,,General,llama-3.1-8b-instant,2026-05-09T05:51:46.764834
900,,NLP,TEMP,,tests/test_upstream_hub.py,True,Test Debt,3,Use of TEMP keyword in test file suggests temporary or incomplete testing,False,,General,llama-3.1-8b-instant,2026-05-09T05:51:50.541311
901,,NLP,TEMP,,tests/test_upstream_hub.py,True,Test Debt,3,Use of TEMP keyword in test file suggests temporary or incomplete testing,False,,General,llama-3.1-8b-instant,2026-05-09T05:51:54.644313
902,,NLP,TEMP,,tests/test_upstream_hub.py,True,Test Debt,3,Use of TEMP keyword in test file suggests temporary or incomplete testing,False,,General,llama-3.1-8b-instant,2026-05-09T05:51:58.365716
903,,NLP,TEMP,,tests/test_upstream_hub.py,True,Test Debt,3,Temporary workaround or placeholder in test code,False,,General,llama-3.1-8b-instant,2026-05-09T05:52:02.110057
904,,NLP,TEMP,,tests/test_upstream_hub.py,True,Test Debt,3,Use of TEMP keyword in test file suggests temporary or incomplete testing,False,,General,llama-3.1-8b-instant,2026-05-09T05:52:05.903587
905,,NLP,TEMP,,tests/test_upstream_hub.py,True,Test Debt,3,Temporary workaround or placeholder in test code,False,,General,llama-3.1-8b-instant,2026-05-09T05:52:09.698987
906,,NLP,TEMP,,tests/test_upstream_hub.py,True,Test Debt,3,Use of TEMP keyword in test file suggests temporary or incomplete testing,False,,General,llama-3.1-8b-instant,2026-05-09T05:52:13.452801
907,,NLP,TEMP,,tests/test_upstream_hub.py,True,Test Debt,3,Use of TEMP keyword in test file suggests temporary or incomplete testing,False,,General,llama-3.1-8b-instant,2026-05-09T05:52:17.182617
908,,NLP,TEMP,,tests/test_upstream_hub.py,True,Test Debt,3,Use of TEMP keyword in test file suggests temporary or incomplete testing,False,,General,llama-3.1-8b-instant,2026-05-09T05:52:20.909107
909,,NLP,TEMP,,tests/test_upstream_hub.py,True,Test Debt,3,Use of TEMP keyword in test file suggests temporary or incomplete testing,False,,General,llama-3.1-8b-instant,2026-05-09T05:52:24.725082
910,,NLP,TEMP,,tests/test_upstream_hub.py,True,Test Debt,3,Temporary workaround or placeholder in test code,False,,General,llama-3.1-8b-instant,2026-05-09T05:52:28.452086
911,,NLP,TEMP,,tests/test_upstream_hub.py,True,Test Debt,3,Use of TEMP keyword in test file suggests temporary or incomplete testing,False,,General,llama-3.1-8b-instant,2026-05-09T05:52:32.196850
912,,NLP,TEMP,,tests/test_upstream_hub.py,True,Test Debt,3,Temporary workaround or placeholder in test code,False,,General,llama-3.1-8b-instant,2026-05-09T05:52:35.977573
913,,NLP,TEMP,,tests/test_upstream_hub.py,True,Test Debt,3,Temporary workaround in test file may indicate incomplete or inadequate testing,False,,General,llama-3.1-8b-instant,2026-05-09T05:52:39.741246
914,,NLP,TEMP,,tests/test_upstream_hub.py,True,Test Debt,3,Use of TEMP keyword in test file suggests temporary or incomplete testing,False,,General,llama-3.1-8b-instant,2026-05-09T05:52:43.551879
915,,NLP,TEMP,,tests/test_upstream_hub.py,True,Test Debt,3,Use of TEMP keyword in test file suggests temporary or incomplete testing,False,,General,llama-3.1-8b-instant,2026-05-09T05:52:47.361583
916,,NLP,TEMP,,tests/test_upstream_hub.py,True,Test Debt,3,Temporary workaround or placeholder in test code,False,,General,llama-3.1-8b-instant,2026-05-09T05:52:51.083638
917,,NLP,TEMP,,tests/test_upstream_hub.py,True,Test Debt,3,Temporary workaround or placeholder in test code,False,,General,llama-3.1-8b-instant,2026-05-09T05:52:54.818426
918,,NLP,TEMP,,tests/test_upstream_hub.py,True,Test Debt,3,Use of TEMP keyword in test file suggests temporary or incomplete testing,False,,General,llama-3.1-8b-instant,2026-05-09T05:52:58.589106
919,,NLP,TEMP,,tests/test_upstream_hub.py,True,Test Debt,3,Use of TEMP keyword in test file suggests temporary or incomplete testing,False,,General,llama-3.1-8b-instant,2026-05-09T05:53:02.609483
920,,NLP,TEMP,,tests/test_upstream_hub.py,True,Test Debt,3,Temporary workaround in test file may indicate incomplete or inadequate testing,False,,General,llama-3.1-8b-instant,2026-05-09T05:53:06.459145
921,,NLP,TEMP,,tests/test_upstream_hub.py,True,Test Debt,3,Temporary workaround in test code may indicate incomplete or inadequate testing,False,,General,llama-3.1-8b-instant,2026-05-09T05:53:10.205893
922,,NLP,TEMP,,tests/test_upstream_hub.py,True,Test Debt,3,Temporary solution or workaround in test code,False,,General,llama-3.1-8b-instant,2026-05-09T05:53:13.996342
923,,NLP,TEMP,,tests/test_upstream_hub.py,True,Test Debt,3,Temporary workaround in test code may lead to future maintenance issues,False,,General,llama-3.1-8b-instant,2026-05-09T05:53:17.774780
924,,NLP,TEMP,,tests/test_upstream_hub.py,True,Test Debt,3,Temporary workaround or placeholder in test code,False,,General,llama-3.1-8b-instant,2026-05-09T05:53:21.524953
925,,NLP,TEMP,,tests/test_upstream_hub.py,True,Test Debt,3,Use of TEMP keyword in test file suggests temporary or incomplete testing,False,,General,llama-3.1-8b-instant,2026-05-09T05:53:25.253339
926,,NLP,TEMP,,tests/test_upstream_hub.py,True,Test Debt,3,Temporary solution or workaround in test code,False,,General,llama-3.1-8b-instant,2026-05-09T05:53:28.953891
927,,NLP,TEMP,,tests/test_upstream_hub.py,True,Test Debt,3,Temporary workaround in test code may lead to future maintenance issues,False,,General,llama-3.1-8b-instant,2026-05-09T05:53:32.730935
928,,NLP,TEMP,,tests/test_upstream_hub.py,True,Test Debt,3,Use of TEMP keyword in test file suggests temporary or incomplete testing,False,,General,llama-3.1-8b-instant,2026-05-09T05:53:36.676696
929,,NLP,TEMP,,tests/test_upstream_hub.py,True,Test Debt,3,Temporary workaround in test file indicates incomplete or inadequate testing,False,,General,llama-3.1-8b-instant,2026-05-09T05:53:40.439806
930,,NLP,TEMP,,tests/test_upstream_hub.py,True,Test Debt,3,Temporary workaround or placeholder in test code,False,,General,llama-3.1-8b-instant,2026-05-09T05:53:44.209917
931,,NLP,TEMP,,tests/test_upstream_hub.py,True,Test Debt,3,Use of TEMP keyword in test file suggests temporary or incomplete testing,False,,General,llama-3.1-8b-instant,2026-05-09T05:53:48.329294
932,,NLP,TEMP,,tests/test_upstream_hub.py,True,Test Debt,3,Use of TEMP keyword in test file suggests temporary or incomplete testing,False,,General,llama-3.1-8b-instant,2026-05-09T05:53:52.102562
933,,NLP,TEMP,,tests/test_upstream_hub.py,True,Test Debt,3,Use of TEMP keyword in test file suggests temporary or incomplete testing,False,,General,llama-3.1-8b-instant,2026-05-09T05:53:55.844269
934,,NLP,TEMP,,tests/test_upstream_hub.py,True,Test Debt,3,Use of TEMP keyword in test file suggests temporary or incomplete testing,False,,General,llama-3.1-8b-instant,2026-05-09T05:53:59.559086
935,,NLP,TEMP,,tests/test_upstream_hub.py,True,Test Debt,3,Temporary workaround in test code may lead to future maintenance issues,False,,General,llama-3.1-8b-instant,2026-05-09T05:54:03.329997
936,,NLP,TEMP,,tests/test_upstream_hub.py,True,Test Debt,3,Use of TEMP keyword in a test file suggests a temporary or incomplete test implementation.,False,,General,llama-3.1-8b-instant,2026-05-09T05:54:07.071452
937,,NLP,TEMP,,tests/test_upstream_hub.py,True,Inadequate Testing Debt,3,Temporary solution or workaround in testing code,False,,General,llama-3.1-8b-instant,2026-05-09T05:54:10.872849
938,,NLP,TEMP,,tests/test_upstream_hub.py,True,Test Debt,3,Temporary workaround in test code may lead to future maintenance issues,False,,General,llama-3.1-8b-instant,2026-05-09T05:54:14.777455
939,,NLP,TEMP,,tests/test_upstream_hub.py,True,Test Debt,3,Temporary solution or workaround in test code,False,,General,llama-3.1-8b-instant,2026-05-09T05:54:18.688004
940,,NLP,TEMP,,tests/test_upstream_hub.py,True,Test Debt,3,Temporary workaround in test code may lead to future maintenance issues,False,,General,llama-3.1-8b-instant,2026-05-09T05:54:22.452860
941,,NLP,TEMP,,tests/test_upstream_hub.py,True,Test Debt,3,Temporary workaround in test code may lead to unexpected behavior,False,,General,llama-3.1-8b-instant,2026-05-09T05:54:26.255972
942,,NLP,TEMP,,tests/test_upstream_hub.py,True,Test Debt,3,Use of TEMP keyword in test file suggests temporary or incomplete testing,False,,General,llama-3.1-8b-instant,2026-05-09T05:54:29.960833
943,,NLP,TEMP,,tests/test_upstream_hub.py,True,Test Debt,3,Use of TEMP keyword in test file suggests temporary or incomplete testing,False,,General,llama-3.1-8b-instant,2026-05-09T05:54:33.764494
944,,NLP,TEMP,,tests/test_upstream_hub.py,True,Test Debt,3,Temporary workaround or placeholder in test code,False,,General,llama-3.1-8b-instant,2026-05-09T05:54:37.537986
945,,NLP,TEMP,,tests/test_upstream_hub.py,True,Test Debt,3,Use of TEMP keyword in test file suggests temporary or incomplete testing,False,,General,llama-3.1-8b-instant,2026-05-09T05:54:41.278809
946,,NLP,TEMP,,tests/test_upstream_hub.py,True,Test Debt,3,Temporary solution or workaround in test code,False,,General,llama-3.1-8b-instant,2026-05-09T05:54:45.209302
947,,NLP,TEMP,,tests/test_upstream_hub.py,True,Test Debt,3,Temporary workaround or placeholder in test code,False,,General,llama-3.1-8b-instant,2026-05-09T05:54:48.953729
948,,NLP,TEMP,,tests/test_upstream_hub.py,True,Test Debt,3,Temporary workaround in test code may lead to future maintenance issues,False,,General,llama-3.1-8b-instant,2026-05-09T05:54:52.805842
949,,NLP,TEMP,,tests/test_upstream_hub.py,True,Test Debt,3,Temporary solution or workaround in test code,False,,General,llama-3.1-8b-instant,2026-05-09T05:54:56.537501
950,,NLP,TEMP,,tests/test_upstream_hub.py,True,Test Debt,3,Use of TEMP keyword in test file suggests temporary or incomplete testing,False,,General,llama-3.1-8b-instant,2026-05-09T05:55:00.276912
951,,NLP,TEMP,,tests/test_upstream_hub.py,True,Test Debt,3,Use of TEMP keyword in test file suggests temporary or incomplete testing,False,,General,llama-3.1-8b-instant,2026-05-09T05:55:04.068437
952,,NLP,TEMP,,tests/test_upstream_hub.py,True,Test Debt,3,Temporary workaround or placeholder in test code,False,,General,llama-3.1-8b-instant,2026-05-09T05:55:07.842919
953,,NLP,TEMP,,tests/test_upstream_hub.py,True,Test Debt,3,Temporary workaround or placeholder in test code,False,,General,llama-3.1-8b-instant,2026-05-09T05:55:11.575993
954,,NLP,TEMP,,tests/test_upstream_hub.py,True,Test Debt,3,Temporary workaround or placeholder in test code,False,,General,llama-3.1-8b-instant,2026-05-09T05:55:15.342944
955,,NLP,TEMP,,tests/test_upstream_hub.py,True,Test Debt,3,Temporary solution or workaround in test code,False,,General,llama-3.1-8b-instant,2026-05-09T05:55:19.043829
956,,NLP,TEMP,,tests/test_upstream_hub.py,True,Test Debt,3,Temporary workaround in test code may lead to future maintenance issues,False,,General,llama-3.1-8b-instant,2026-05-09T05:55:22.800501
957,,NLP,TEMP,,tests/test_upstream_hub.py,True,Test Debt,3,Temporary workaround or placeholder in test code,False,,General,llama-3.1-8b-instant,2026-05-09T05:55:26.710173
958,,NLP,TEMP,,tests/test_upstream_hub.py,True,Test Debt,3,Temporary solution or workaround in test code,False,,General,llama-3.1-8b-instant,2026-05-09T05:55:30.629802
959,,NLP,TEMP,,tests/test_upstream_hub.py,True,Test Debt,3,Use of TEMP keyword in test file suggests temporary or incomplete testing,False,,General,llama-3.1-8b-instant,2026-05-09T05:55:34.789224
960,,NLP,TEMP,,tests/test_upstream_hub.py,True,Test Debt,3,Use of TEMP keyword in test file suggests temporary or incomplete testing,False,,General,llama-3.1-8b-instant,2026-05-09T05:55:37.576845
961,,NLP,TEMP,,tests/test_upstream_hub.py,True,Test Debt,3,Temporary workaround or placeholder in test code,False,,General,llama-3.1-8b-instant,2026-05-09T05:55:41.543436
962,,NLP,TEMP,,tests/test_upstream_hub.py,True,Test Debt,3,Temporary workaround in test code may lead to future maintenance issues,False,,General,llama-3.1-8b-instant,2026-05-09T05:55:45.405263
963,,NLP,TEMP,,tests/test_upstream_hub.py,True,Test Debt,3,Temporary solution or workaround in test code,False,,General,llama-3.1-8b-instant,2026-05-09T05:55:49.161088
964,,NLP,TEMP,,tests/test_upstream_hub.py,True,Test Debt,3,Temporary solution or workaround in test code,False,,General,llama-3.1-8b-instant,2026-05-09T05:55:52.867909
965,,NLP,TEMP,,tests/test_upstream_hub.py,True,Test Debt,3,Use of TEMP keyword in test file suggests temporary or incomplete testing,False,,General,llama-3.1-8b-instant,2026-05-09T05:55:56.584786
966,,NLP,TEMP,,tests/test_upstream_hub.py,True,Test Debt,3,Temporary workaround or placeholder in test code,False,,General,llama-3.1-8b-instant,2026-05-09T05:56:00.423588
967,,NLP,TEMP,,tests/test_upstream_hub.py,True,Test Debt,3,Use of TEMP keyword in test file suggests temporary or incomplete testing,False,,General,llama-3.1-8b-instant,2026-05-09T05:56:04.142318
968,,NLP,NOQA,,tests/utils.py,True,Code Debt,2,Use of NOQA is a code debt as it may indicate a lack of adherence to coding standards.,False,,General,llama-3.1-8b-instant,2026-05-09T05:56:07.894906
969,,NLP,NOQA,,tests/utils.py,True,Code Debt,2,Ignoring potential linting issues may lead to inconsistent code quality,False,,General,llama-3.1-8b-instant,2026-05-09T05:56:11.666052
970,,NLP,NOQA,,tests/utils.py,True,Code Debt,2,Presence of NOQA keyword suggests a potential code debt related to code style or formatting,False,,General,llama-3.1-8b-instant,2026-05-09T05:56:15.411503
971,,NLP,NOQA,,tests/utils.py,True,Code Debt,2,Ignoring potential linting issues with NOQA,False,,General,llama-3.1-8b-instant,2026-05-09T05:56:19.189014
972,,NLP,NOQA,,tests/utils.py,True,Code Debt,2,Ignoring potential linting issues may lead to inconsistent code quality,False,,General,llama-3.1-8b-instant,2026-05-09T05:56:23.929596
973,,NLP,NOQA,,tests/utils.py,True,Code Debt,2,Ignoring potential linting issues with NOQA,False,,General,llama-3.1-8b-instant,2026-05-09T05:56:27.692207
974,,NLP,NOQA,,tests/utils.py,True,Code Debt,2,The presence of NOQA suggests a potential code debt related to code style or formatting.,False,,General,llama-3.1-8b-instant,2026-05-09T05:56:31.487773
975,,NLP,NOQA,,tests/utils.py,True,Code Debt,2,Ignoring potential linting issues with NOQA,False,,General,llama-3.1-8b-instant,2026-05-09T05:56:35.329591
976,,NLP,NOQA,,tests/utils.py,True,Code Debt,2,Ignoring potential linting issues may lead to inconsistent code quality,False,,General,llama-3.1-8b-instant,2026-05-09T05:56:39.084831
977,,NLP,NOQA,,tests/utils.py,True,Code Debt,2,Ignoring potential linting issues with NOQA,False,,General,llama-3.1-8b-instant,2026-05-09T05:56:42.837076
978,,NLP,TEMP,,tests/utils.py,True,Code Debt,3,Use of TEMP keyword suggests temporary or ad-hoc code that may not be properly maintained or refactored.,False,,General,llama-3.1-8b-instant,2026-05-09T05:56:46.552236
979,,NLP,XXX,,tests/utils.py,True,Code Debt,3,The presence of XXX in a comment indicates a potential code smell or incomplete implementation.,False,,General,llama-3.1-8b-instant,2026-05-09T05:56:50.401468
980,,NLP,NOQA,,spacy/__init__.py,True,Code Debt,2,The presence of NOQA indicates a potential coding standard deviation.,False,,General,llama-3.1-8b-instant,2026-05-09T05:56:54.218114
981,,NLP,NOQA,,spacy/__init__.py,True,Code Debt,2,Ignoring potential linting issues with NOQA,False,,General,llama-3.1-8b-instant,2026-05-09T05:56:58.034838
982,,NLP,NOQA,,spacy/__init__.py,True,Code Debt,2,Ignoring potential linting issues with NOQA,False,,General,llama-3.1-8b-instant,2026-05-09T05:57:01.757989
983,,NLP,NOQA,,spacy/__init__.py,True,Code Debt,2,The presence of NOQA suggests a potential coding standard deviation.,False,,General,llama-3.1-8b-instant,2026-05-09T05:57:05.478469
984,,NLP,NOQA,,spacy/__init__.py,True,Code Debt,2,Ignoring potential linting issues with NOQA,False,,General,llama-3.1-8b-instant,2026-05-09T05:57:09.199001
985,,NLP,NOQA,,spacy/__init__.py,True,Code Debt,2,Ignoring potential linting issues may lead to code quality degradation over time,False,,General,llama-3.1-8b-instant,2026-05-09T05:57:12.953926
986,,NLP,NOQA,,spacy/__init__.py,True,Code Debt,2,The presence of NOQA indicates a potential code debt related to code style or formatting.,False,,General,llama-3.1-8b-instant,2026-05-09T05:57:16.910220
987,,NLP,NOQA,,spacy/__init__.py,True,Code Debt,2,Ignoring potential linting issues may lead to code quality degradation over time.,False,,General,llama-3.1-8b-instant,2026-05-09T05:57:20.793289
988,,NLP,NOQA,,spacy/__init__.py,True,Code Debt,2,Ignoring potential linting issues with NOQA,False,,General,llama-3.1-8b-instant,2026-05-09T05:57:24.526277
989,,NLP,NOQA,,spacy/compat.py,True,Code Debt,2,The presence of NOQA suggests a potential code debt related to code style or formatting.,False,,General,llama-3.1-8b-instant,2026-05-09T05:57:28.524677
990,,NLP,NOQA,,spacy/compat.py,True,Code Debt,2,Ignoring potential linting issues with NOQA,False,,General,llama-3.1-8b-instant,2026-05-09T05:57:32.457278
991,,NLP,NOQA,,spacy/compat.py,True,Code Debt,2,Ignoring potential linting issues with NOQA,False,,General,llama-3.1-8b-instant,2026-05-09T05:57:36.297549
992,,NLP,NOQA,,spacy/errors.py,True,Code Debt,2,Ignoring potential linting issues with NOQA,False,,General,llama-3.1-8b-instant,2026-05-09T05:57:40.058145
993,,NLP,NOQA,,spacy/errors.py,True,Code Debt,2,The presence of NOQA suggests a potential code debt related to code style or formatting.,False,,General,llama-3.1-8b-instant,2026-05-09T05:57:43.837390
994,,NLP,TEMP,,spacy/errors.py,True,Code Debt,3,Temporary workaround or quick fix in the codebase,False,,General,llama-3.1-8b-instant,2026-05-09T05:57:47.684352
995,,NLP,BUG,,spacy/errors.py,True,Defect Debt,3,The presence of a BUG keyword in the comment indicates a defect.,False,,General,llama-3.1-8b-instant,2026-05-09T05:57:51.424273
996,,NLP,TEMP,,spacy/errors.py,True,Code Debt,3,Temporary fix or workaround in code,False,,General,llama-3.1-8b-instant,2026-05-09T05:57:55.170484
997,,NLP,BUG,,spacy/errors.py,True,Defect Debt,3,The presence of a BUG keyword in the comment indicates a defect in the code.,False,,General,llama-3.1-8b-instant,2026-05-09T05:57:59.077147
998,,NLP,BUG,,spacy/errors.py,True,Defect Debt,3,The presence of the keyword 'BUG' in the comment indicates a defect in the code.,False,,General,llama-3.1-8b-instant,2026-05-09T05:58:03.415913
999,,NLP,BUG,,spacy/errors.py,True,Defect Debt,3,The presence of a BUG keyword in the comment indicates a defect in the code.,False,,General,llama-3.1-8b-instant,2026-05-09T05:58:06.156822
1000,,NLP,BUG,,spacy/errors.py,True,Defect Debt,3,The presence of a BUG keyword in the comment indicates a defect in the code.,False,,General,llama-3.1-8b-instant,2026-05-09T05:58:09.907102
1001,,NLP,BUG,,spacy/errors.py,True,Defect Debt,3,The presence of a BUG keyword in the comment indicates a defect in the code.,False,,General,llama-3.1-8b-instant,2026-05-09T05:58:13.635699
1002,,NLP,BUG,,spacy/errors.py,True,Defect Debt,3,The presence of a BUG keyword in the comment indicates a defect in the code.,False,,General,llama-3.1-8b-instant,2026-05-09T05:58:17.395459
1003,,NLP,BUG,,spacy/errors.py,True,Defect Debt,3,The presence of a BUG keyword in the comment indicates a defect in the code.,False,,General,llama-3.1-8b-instant,2026-05-09T05:58:21.251763
1004,,NLP,BUG,,spacy/errors.py,True,Defect Debt,3,The presence of a BUG keyword in the comment indicates a defect in the code.,False,,General,llama-3.1-8b-instant,2026-05-09T05:58:25.992261
1005,,NLP,BUG,,spacy/errors.py,True,Defect Debt,3,The presence of a BUG keyword in the comment indicates a defect in the code.,False,,General,llama-3.1-8b-instant,2026-05-09T05:58:29.727003
1006,,NLP,BUG,,spacy/errors.py,True,Defect Debt,3,The presence of a BUG keyword in the comment indicates a defect in the code.,False,,General,llama-3.1-8b-instant,2026-05-09T05:58:33.461549
1007,,NLP,BUG,,spacy/errors.py,True,Defect Debt,3,The presence of a BUG keyword in the comment indicates a defect in the code.,False,,General,llama-3.1-8b-instant,2026-05-09T05:58:39.231568
1008,,NLP,BUG,,spacy/errors.py,True,Defect Debt,3,The presence of a BUG keyword in the comment indicates a defect in the code.,False,,General,llama-3.1-8b-instant,2026-05-09T05:58:45.991021
1009,,NLP,TEMP,,spacy/language.py,True,Code Debt,3,Temporary solution or workaround in the codebase,False,,General,llama-3.1-8b-instant,2026-05-09T05:58:47.711550
1010,,NLP,TODO,,spacy/language.py,True,Code Debt,3,The presence of a TODO comment in a code file indicates a potential issue or incomplete implementation.,False,,General,llama-3.1-8b-instant,2026-05-09T05:58:51.531061
1011,,NLP,NOQA,,spacy/language.py,True,Code Debt,3,The presence of NOQA suggests a potential code quality issue.,False,,General,llama-3.1-8b-instant,2026-05-09T05:58:55.323059
1012,,NLP,TODO,,spacy/language.py,True,Code Debt,3,The presence of a TODO comment in a code file indicates a potential issue or incomplete implementation.,False,,General,llama-3.1-8b-instant,2026-05-09T05:58:59.141786
1013,,NLP,WORKAROUND,,spacy/language.py,True,Code Debt,3,"The presence of a WORKAROUND keyword in the code indicates a potential fix for a known issue, which is a characteristic of technical debt.",False,,General,llama-3.1-8b-instant,2026-05-09T05:59:02.901634
1014,,NLP,NOQA,,spacy/language.py,True,Code Debt,3,Ignoring potential linting issues may lead to code quality degradation over time.,False,,General,llama-3.1-8b-instant,2026-05-09T05:59:06.706720
1015,,NLP,NOQA,,spacy/language.py,True,Code Debt,2,The presence of NOQA suggests a potential code debt related to code style or formatting.,False,,General,llama-3.1-8b-instant,2026-05-09T05:59:11.478801
1016,,NLP,NOQA,,spacy/language.py,True,Code Debt,2,The presence of NOQA suggests a potential code debt related to code style or formatting.,False,,General,llama-3.1-8b-instant,2026-05-09T05:59:15.267867
1017,,NLP,NOQA,,spacy/language.py,True,Code Debt,3,Ignoring potential linting issues with NOQA,False,,General,llama-3.1-8b-instant,2026-05-09T05:59:19.096167
1018,,NLP,TEMP,,spacy/language.py,True,Code Debt,3,Temporary solution or workaround in the code,False,,General,llama-3.1-8b-instant,2026-05-09T05:59:22.878737
1019,,NLP,TODO,,spacy/lookups.py,True,Code Debt,3,The presence of a TODO comment indicates a potential issue with the code's implementation.,False,,General,llama-3.1-8b-instant,2026-05-09T05:59:26.720075
1020,,NLP,NOQA,,spacy/pipe_analysis.py,True,Code Debt,2,Ignoring potential linting issues with NOQA,False,,General,llama-3.1-8b-instant,2026-05-09T05:59:30.593789
1021,,NLP,NOQA,,spacy/schemas.py,True,Code Debt,2,Presence of NOQA comment indicates potential code debt due to ignored PEP8 conventions.,False,,General,llama-3.1-8b-instant,2026-05-09T05:59:34.442156
1022,,NLP,NOQA,,spacy/schemas.py,True,Code Debt,3,Ignoring potential linting issues may lead to code quality degradation over time.,False,,General,llama-3.1-8b-instant,2026-05-09T05:59:38.184464
1023,,NLP,NOQA,,spacy/schemas.py,True,Code Debt,2,Presence of NOQA comment indicates potential code debt due to possible non-compliance with coding standards.,False,,General,llama-3.1-8b-instant,2026-05-09T05:59:41.915967
1024,,NLP,TEMP,,spacy/schemas.py,True,Code Debt,3,Temporary (TEMP) keyword suggests a workaround or a quick fix in the code.,False,,General,llama-3.1-8b-instant,2026-05-09T05:59:45.667491
1025,,NLP,NOQA,,spacy/scorer.py,True,Code Debt,3,The presence of NOQA indicates a potential coding standard deviation.,False,,General,llama-3.1-8b-instant,2026-05-09T05:59:49.394898
1026,,NLP,NOQA,,spacy/util.py,True,Code Debt,3,The presence of NOQA suggests a potential code quality issue.,False,,General,llama-3.1-8b-instant,2026-05-09T05:59:53.117283
1027,,NLP,NOQA,,spacy/util.py,True,Code Debt,3,Ignoring potential linting issues may lead to code quality degradation over time.,False,,General,llama-3.1-8b-instant,2026-05-09T05:59:56.846104
1028,,NLP,NOQA,,spacy/util.py,True,Code Debt,3,Ignoring potential linting issues with NOQA,False,,General,llama-3.1-8b-instant,2026-05-09T06:00:00.612216
1029,,NLP,NOQA,,spacy/util.py,True,Code Debt,3,Ignoring potential linting issues with NOQA,False,,General,llama-3.1-8b-instant,2026-05-09T06:00:04.412118
1030,,NLP,NOQA,,spacy/util.py,True,Code Debt,3,Ignoring potential linting issues with NOQA,False,,General,llama-3.1-8b-instant,2026-05-09T06:00:08.163525
1031,,NLP,TODO,,spacy/util.py,True,Code Debt,3,The presence of a TODO comment in a utility file indicates a potential issue that needs to be addressed.,False,,General,llama-3.1-8b-instant,2026-05-09T06:00:11.913112
1032,,NLP,NOQA,,spacy/util.py,True,Code Debt,3,Ignoring potential linting issues may lead to code quality degradation over time.,False,,General,llama-3.1-8b-instant,2026-05-09T06:00:16.772865
1033,,NLP,TEMP,,spacy/util.py,True,Code Debt,3,Temporary variable usage may indicate a lack of refactoring or code organization,False,,General,llama-3.1-8b-instant,2026-05-09T06:00:19.504627
1034,,NLP,TEMP,,spacy/util.py,True,Code Debt,3,Temporary code (TEMP) suggests a workaround or quick fix.,False,,General,llama-3.1-8b-instant,2026-05-09T06:00:24.229380
1035,,NLP,TODO,,docs/conf.py,True,Documentation Debt,3,The presence of a TODO comment in a documentation file indicates a need for clarification or improvement.,False,,General,llama-3.1-8b-instant,2026-05-09T06:00:27.076021
1036,,NLP,NOQA,,examples/__init__.py,True,Code Debt,2,The presence of NOQA suggests a potential code debt related to code style or formatting.,False,,General,llama-3.1-8b-instant,2026-05-09T06:00:31.953111
1037,,NLP,NOQA,,fairseq/__init__.py,True,Code Debt,2,The presence of NOQA suggests a potential coding standard deviation.,False,,General,llama-3.1-8b-instant,2026-05-09T06:00:35.836472
1038,,NLP,NOQA,,fairseq/__init__.py,True,Code Debt,2,The presence of NOQA suggests a potential code debt related to code style or formatting.,False,,General,llama-3.1-8b-instant,2026-05-09T06:00:39.827410
1039,,NLP,NOQA,,fairseq/__init__.py,True,Code Debt,2,The presence of NOQA suggests a potential code debt related to code style or formatting.,False,,General,llama-3.1-8b-instant,2026-05-09T06:00:42.799300
1040,,NLP,NOQA,,fairseq/__init__.py,True,Code Debt,2,The presence of NOQA suggests a potential code debt related to code style or formatting.,False,,General,llama-3.1-8b-instant,2026-05-09T06:00:46.710894
1041,,NLP,NOQA,,fairseq/__init__.py,True,Code Debt,2,The presence of NOQA suggests a potential coding standard deviation.,False,,General,llama-3.1-8b-instant,2026-05-09T06:00:50.512407
1042,,NLP,NOQA,,fairseq/__init__.py,True,Code Debt,2,The presence of NOQA suggests a potential code debt related to code style or formatting.,False,,General,llama-3.1-8b-instant,2026-05-09T06:00:54.355627
1043,,NLP,NOQA,,fairseq/__init__.py,True,Code Debt,2,The presence of NOQA suggests a potential code debt related to code style or formatting.,False,,General,llama-3.1-8b-instant,2026-05-09T06:00:59.223699
1044,,NLP,NOQA,,fairseq/__init__.py,True,Code Debt,2,The presence of NOQA suggests a potential code debt related to code style or formatting.,False,,General,llama-3.1-8b-instant,2026-05-09T06:01:03.126586
1045,,NLP,NOQA,,fairseq/__init__.py,True,Code Debt,2,The presence of NOQA suggests a potential coding standard deviation.,False,,General,llama-3.1-8b-instant,2026-05-09T06:01:05.900522
1046,,NLP,NOQA,,fairseq/__init__.py,True,Code Debt,2,The presence of NOQA suggests a potential coding standard deviation.,False,,General,llama-3.1-8b-instant,2026-05-09T06:01:09.770048
1047,,NLP,NOQA,,fairseq/__init__.py,True,Code Debt,2,The presence of NOQA suggests a potential code debt related to code style or formatting.,False,,General,llama-3.1-8b-instant,2026-05-09T06:01:14.620395
1048,,NLP,NOQA,,fairseq/__init__.py,True,Code Debt,2,The presence of NOQA suggests a potential coding standard deviation.,False,,General,llama-3.1-8b-instant,2026-05-09T06:01:18.423700
1049,,NLP,NOQA,,fairseq/__init__.py,True,Code Debt,2,The presence of NOQA suggests a potential code debt related to code style or formatting.,False,,General,llama-3.1-8b-instant,2026-05-09T06:01:22.259569
1050,,NLP,NOQA,,fairseq/__init__.py,True,Code Debt,2,The presence of NOQA suggests a potential coding standard issue.,False,,General,llama-3.1-8b-instant,2026-05-09T06:01:26.052424
1051,,NLP,TODO,,fairseq/checkpoint_utils.py,True,Code Debt,3,The presence of a TODO comment in a production code file indicates a potential issue or incomplete implementation.,False,,General,llama-3.1-8b-instant,2026-05-09T06:01:29.823567
1052,,NLP,TODO,,fairseq/checkpoint_utils.py,True,Code Debt,3,The presence of a TODO comment indicates a potential issue or improvement in the code.,False,,General,llama-3.1-8b-instant,2026-05-09T06:01:33.660058
1053,,NLP,HACK,,fairseq/checkpoint_utils.py,True,Code Debt,3,The presence of a HACK comment indicates a workaround in the code.,False,,General,llama-3.1-8b-instant,2026-05-09T06:01:37.543228
1054,,NLP,TEMP,,fairseq/file_utils.py,True,Code Debt,3,Temporary variable usage may lead to code complexity and maintenance issues,False,,General,llama-3.1-8b-instant,2026-05-09T06:01:41.409227
1055,,NLP,TEMP,,fairseq/file_utils.py,True,Code Debt,3,Temporary variable usage may lead to unclear code and maintenance issues,False,,General,llama-3.1-8b-instant,2026-05-09T06:01:45.239075
1056,,NLP,TEMP,,fairseq/file_utils.py,True,Code Debt,3,Use of TEMP keyword suggests a temporary or workaround solution in the code.,False,,General,llama-3.1-8b-instant,2026-05-09T06:01:48.998750
1057,,NLP,TEMP,,fairseq/file_utils.py,True,Code Debt,3,Use of TEMP keyword may indicate a temporary or workaround solution in the code.,False,,General,llama-3.1-8b-instant,2026-05-09T06:01:52.926642
1058,,NLP,TEMP,,fairseq/file_utils.py,True,Code Debt,3,Temporary variable usage may lead to code complexity and maintenance issues,False,,General,llama-3.1-8b-instant,2026-05-09T06:01:56.731786
1059,,NLP,HACK,,fairseq/hub_utils.py,True,Code Debt,3,The presence of a HACK comment suggests a workaround or a temporary fix in the code.,False,,General,llama-3.1-8b-instant,2026-05-09T06:02:00.700096
1060,,NLP,TODO,,fairseq/iterative_refinement_generator.py,True,Code Debt,3,The presence of a TODO comment indicates a potential issue or incomplete implementation in the code.,False,,General,llama-3.1-8b-instant,2026-05-09T06:02:04.451733
1061,,NLP,TODO,,fairseq/iterative_refinement_generator.py,True,Code Debt,3,The presence of a TODO comment in the code indicates a potential issue or incomplete implementation.,False,,General,llama-3.1-8b-instant,2026-05-09T06:02:08.303778
1062,,NLP,NOQA,,fairseq/options.py,True,Code Debt,3,Ignoring potential linting issues with NOQA,False,,General,llama-3.1-8b-instant,2026-05-09T06:02:12.255469
1063,,NLP,HACK,,fairseq/options.py,True,Code Debt,3,The presence of a HACK keyword in the code indicates a potential workaround or temporary fix.,False,,General,llama-3.1-8b-instant,2026-05-09T06:02:16.002892
1064,,NLP,HACK,,fairseq/search.py,True,Code Debt,3,The presence of a HACK comment indicates a workaround in the code.,False,,General,llama-3.1-8b-instant,2026-05-09T06:02:19.894043
1065,,NLP,TODO,,fairseq/sequence_generator.py,True,Code Debt,3,The presence of a TODO comment in the code indicates a potential issue or incomplete implementation.,False,,General,llama-3.1-8b-instant,2026-05-09T06:02:23.793068
1066,,NLP,TODO,,fairseq/sequence_generator.py,True,Code Debt,3,The presence of a TODO comment in a production code file indicates a potential issue or incomplete implementation.,False,,General,llama-3.1-8b-instant,2026-05-09T06:02:27.900538
1067,,NLP,TODO,,fairseq/trainer.py,True,Code Debt,3,The presence of a TODO comment in a critical code file indicates a potential issue that needs to be addressed.,False,,General,llama-3.1-8b-instant,2026-05-09T06:02:31.656162
1068,,NLP,TODO,,fairseq/utils.py,True,Code Debt,3,The presence of a TODO comment in a utility file indicates a potential issue that needs to be addressed.,False,,General,llama-3.1-8b-instant,2026-05-09T06:02:35.518507
1069,,NLP,TODO,,fairseq/utils.py,True,Code Debt,3,The presence of a TODO comment in a utility file indicates a potential issue that needs to be addressed.,False,,General,llama-3.1-8b-instant,2026-05-09T06:02:39.407212
1070,,NLP,TODO,,fairseq_cli/generate.py,True,Code Debt,3,The presence of a TODO comment indicates a potential issue or incomplete functionality in the code.,False,,General,llama-3.1-8b-instant,2026-05-09T06:02:43.287198
1071,,NLP,WORKAROUND,,fairseq_cli/generate.py,True,Code Debt,3,The presence of a WORKAROUND comment suggests a temporary fix in the code.,False,,General,llama-3.1-8b-instant,2026-05-09T06:02:47.094157
1072,,NLP,NOQA,,fairseq_cli/train.py,True,Code Debt,3,Ignoring potential linting issues with NOQA,False,,General,llama-3.1-8b-instant,2026-05-09T06:02:50.863536
1073,,NLP,TODO,,fairseq_cli/train.py,True,Code Debt,3,The presence of a TODO comment in a critical training script indicates a potential issue that needs to be addressed.,False,,Model Training,llama-3.1-8b-instant,2026-05-09T06:02:54.672516
1074,,NLP,TODO,,fairseq_cli/train.py,True,Code Debt,3,Potential performance impact due to TODO comment in critical training script.,False,,Model Training,llama-3.1-8b-instant,2026-05-09T06:02:58.493711
1075,,NLP,HACK,,hubconf.py,True,Code Debt,3,The presence of a HACK comment indicates a workaround in the code.,False,,General,llama-3.1-8b-instant,2026-05-09T06:03:02.284844
1076,,NLP,NOQA,,hubconf.py,True,Code Debt,2,The presence of NOQA suggests a potential code debt related to code style or formatting.,False,,General,llama-3.1-8b-instant,2026-05-09T06:03:06.193352
1077,,NLP,NOQA,,hubconf.py,True,Code Debt,2,The presence of NOQA suggests a potential coding standard or style issue.,False,,General,llama-3.1-8b-instant,2026-05-09T06:03:10.052767
1078,,NLP,NOQA,,hubconf.py,True,Code Debt,3,Ignoring potential linting issues may lead to code quality degradation,False,,General,llama-3.1-8b-instant,2026-05-09T06:03:13.846625
1079,,NLP,NOQA,,hubconf.py,True,Code Debt,3,Ignoring potential linting issues may lead to code quality degradation over time,False,,General,llama-3.1-8b-instant,2026-05-09T06:03:17.639726
1080,,NLP,NOQA,,scripts/compare_namespaces.py,True,Code Debt,3,The presence of the NOQA comment suggests a potential code smell or a deliberate choice to ignore a specific coding convention.,False,,General,llama-3.1-8b-instant,2026-05-09T06:03:21.502827
1081,,NLP,NOQA,,allennlp/__init__.py,True,Code Debt,2,The presence of NOQA suggests a potential code debt related to code style or formatting.,False,,General,llama-3.1-8b-instant,2026-05-09T06:03:26.251715
1082,,NLP,NOQA,,allennlp/__init__.py,True,Code Debt,2,The presence of NOQA suggests a potential coding standard deviation.,False,,General,llama-3.1-8b-instant,2026-05-09T06:03:29.986795
1083,,NLP,NOQA,,allennlp/__init__.py,True,Code Debt,2,The presence of NOQA suggests a potential code debt related to code style or formatting.,False,,General,llama-3.1-8b-instant,2026-05-09T06:03:33.806360
1084,,NLP,NOQA,,allennlp/__main__.py,True,Code Debt,2,Ignoring potential linting issues with NOQA,False,,General,llama-3.1-8b-instant,2026-05-09T06:03:37.647045
1085,,NLP,NOQA,,scripts/py2md.py,True,Code Debt,2,Ignoring potential linting issues with NOQA,False,,General,llama-3.1-8b-instant,2026-05-09T06:03:41.509512
1086,,NLP,NOQA,,haystack/__init__.py,True,Code Debt,2,The presence of NOQA suggests a potential coding standard deviation.,False,,General,llama-3.1-8b-instant,2026-05-09T06:03:45.291711
1087,,NLP,NOQA,,haystack/logging.py,True,Code Debt,2,Ignoring potential linting issues with NOQA,False,,General,llama-3.1-8b-instant,2026-05-09T06:03:49.223508
1088,,NLP,NOQA,,haystack/logging.py,True,Code Debt,2,Ignoring potential linting issues may lead to inconsistent code quality,False,,General,llama-3.1-8b-instant,2026-05-09T06:03:52.969622
1089,,NLP,TEMP,,scripts/ruff_format_docs.py,True,Documentation Debt,3,Temporary solution or placeholder used in documentation,False,,General,llama-3.1-8b-instant,2026-05-09T06:03:56.759404
1090,,NLP,NOQA,,test/conftest.py,True,Code Debt,2,Ignoring potential linting issues with NOQA,False,,General,llama-3.1-8b-instant,2026-05-09T06:04:00.492933
1091,,NLP,NOQA,,test/test_imports.py,True,Code Debt,2,Ignoring potential import issues may lead to unexpected behavior,False,,General,llama-3.1-8b-instant,2026-05-09T06:04:04.237965
1092,,NLP,NOQA,,test/test_imports.py,True,Code Debt,2,Ignoring potential import issues may lead to unexpected behavior,False,,General,llama-3.1-8b-instant,2026-05-09T06:04:08.077234
1093,,NLP,NOQA,,test/test_logging.py,True,Code Debt,2,Ignoring potential logging issues may lead to debugging difficulties,False,,General,llama-3.1-8b-instant,2026-05-09T06:04:11.829515
1094,,NLP,FIXME,,nltk/__init__.py,True,Code Debt,3,The presence of FIXME indicates a potential bug or issue in the code.,False,,General,llama-3.1-8b-instant,2026-05-09T06:04:15.734668
1095,,NLP,FIXME,,nltk/collections.py,True,Code Debt,3,The presence of FIXME indicates a potential issue in the code that needs to be addressed.,False,,General,llama-3.1-8b-instant,2026-05-09T06:04:19.510115
1096,,NLP,TODO,,nltk/data.py,True,Code Debt,3,The presence of a TODO comment in a code file indicates a potential issue that needs to be addressed.,False,,General,llama-3.1-8b-instant,2026-05-09T06:04:23.375072
1097,,NLP,HACK,,nltk/decorators.py,True,Code Debt,3,The presence of a HACK keyword in a code comment indicates a potential code debt.,False,,General,llama-3.1-8b-instant,2026-05-09T06:04:27.129241
1098,,NLP,HACK,,nltk/downloader.py,True,Code Debt,3,The presence of a HACK keyword in a code comment indicates a potential code smell or workaround.,False,,General,llama-3.1-8b-instant,2026-05-09T06:04:31.027546
1099,,NLP,HACK,,nltk/downloader.py,True,Code Debt,3,The presence of a HACK comment in the code indicates a potential workaround or temporary fix.,False,,General,llama-3.1-8b-instant,2026-05-09T06:04:34.876261
1100,,NLP,WORKAROUND,,nltk/tgrep.py,True,Code Debt,3,The presence of a WORKAROUND comment indicates a temporary fix in the code.,False,,General,llama-3.1-8b-instant,2026-05-09T06:04:38.755325
1101,,NLP,BUG,,setup.py,True,Defect Debt,3,Presence of the keyword 'BUG' in the comment indicates a defect.,False,,General,llama-3.1-8b-instant,2026-05-09T06:04:42.552949
1102,,NLP,HACK,,tools/find_deprecated.py,True,Code Debt,3,The presence of the HACK keyword in a comment indicates a potential code debt.,False,,General,llama-3.1-8b-instant,2026-05-09T06:04:46.397297
1103,,NLP,HACK,,tools/find_deprecated.py,True,Code Debt,3,The presence of the HACK keyword in a comment indicates a potential code debt.,False,,General,llama-3.1-8b-instant,2026-05-09T06:04:50.401585
1104,,NLP,TEMP,,continuous_integration/upgrade_pip_py310.py,True,Code Debt,3,Temporary fix or workaround in the code,False,,General,llama-3.1-8b-instant,2026-05-09T06:04:54.226820
1105,,NLP,NOQA,,gensim/__init__.py,True,Code Debt,2,The presence of NOQA suggests a potential coding standard deviation.,False,,General,llama-3.1-8b-instant,2026-05-09T06:04:58.024542
1106,,NLP,HACK,,gensim/matutils.py,True,Code Debt,3,The presence of a HACK comment indicates a workaround in the code.,False,,General,llama-3.1-8b-instant,2026-05-09T06:05:01.790830
1107,,NLP,NOQA,,gensim/matutils.py,True,Code Debt,3,"The presence of the NOQA keyword suggests a deliberate choice to ignore a specific linter rule, which may indicate a deviation from the project's coding standards.",False,,General,llama-3.1-8b-instant,2026-05-09T06:05:05.824840
1108,,NLP,HACK,,gensim/utils.py,True,Code Debt,3,The presence of a HACK comment suggests a workaround or a temporary fix in the code.,False,,General,llama-3.1-8b-instant,2026-05-09T06:05:09.689356
1109,,NLP,HACK,,gensim/utils.py,True,Code Debt,3,The presence of a HACK comment indicates a temporary or quick fix in the code.,False,,General,llama-3.1-8b-instant,2026-05-09T06:05:13.445813
1110,,NLP,XXX,,gensim/utils.py,True,Code Debt,3,The presence of XXX in a comment suggests a placeholder for code that needs to be implemented.,False,,General,llama-3.1-8b-instant,2026-05-09T06:05:17.202131
1111,,NLP,TEMP,,gensim/utils.py,True,Code Debt,3,Temporary variable usage may indicate a lack of refactoring or code organization.,False,,General,llama-3.1-8b-instant,2026-05-09T06:05:21.040952
1112,,NLP,TEMP,,gensim/utils.py,True,Code Debt,3,Use of temporary variable suggests potential for code refactoring,False,,General,llama-3.1-8b-instant,2026-05-09T06:05:24.852051
1113,,NLP,NOQA,,gensim/utils.py,True,Code Debt,3,Ignoring potential linting issues with NOQA,False,,General,llama-3.1-8b-instant,2026-05-09T06:05:28.637412
1114,,NLP,TODO,,release/generate_changelog.py,True,Documentation Debt,3,The presence of a TODO comment indicates a need for documentation or clarification.,False,,General,llama-3.1-8b-instant,2026-05-09T06:05:32.534274
1115,,NLP,BUG,,release/update_changelog.py,True,Defect Debt,3,The presence of a BUG keyword in the comment indicates a defect.,False,,General,llama-3.1-8b-instant,2026-05-09T06:05:36.414395
1116,,NLP,HACK,,setup.py,True,Code Debt,3,The presence of the HACK keyword in the comment suggests a workaround or a temporary fix in the code.,False,,General,llama-3.1-8b-instant,2026-05-09T06:05:40.258745
1117,,NLP,HACK,,setup.py,True,Code Debt,3,The presence of the keyword HACK in the comment suggests a workaround or a quick fix in the code.,False,,General,llama-3.1-8b-instant,2026-05-09T06:05:44.039349
1118,,NLP,NOQA,,setup.py,True,Code Debt,2,Ignoring potential linting issues may lead to inconsistent code quality,False,,General,llama-3.1-8b-instant,2026-05-09T06:05:47.904678
1119,,NLP,NOQA,,docs/conf.py,True,Documentation Debt,1,The presence of NOQA suggests a documentation issue rather than a code or performance issue.,False,,General,llama-3.1-8b-instant,2026-05-09T06:05:51.678249
1120,,NLP,TEMP,,docs/conf.py,True,Documentation Debt,2,Temporary keyword found in documentation file,False,,General,llama-3.1-8b-instant,2026-05-09T06:05:55.464617
1121,,NLP,NOQA,,flair/__init__.py,True,Code Debt,2,Ignoring potential linting issues may lead to code quality degradation over time,False,,General,llama-3.1-8b-instant,2026-05-09T06:05:59.255706
1122,,NLP,BUG,,flair/data.py,True,Defect Debt,3,The presence of a BUG keyword in a data file indicates a defect in the data processing or loading mechanism.,False,,General,llama-3.1-8b-instant,2026-05-09T06:06:03.143718
1123,,NLP,WORKAROUND,,flair/file_utils.py,True,Code Debt,3,The presence of a WORKAROUND keyword in a file suggests a temporary fix that may not be ideal or maintainable.,False,,General,llama-3.1-8b-instant,2026-05-09T06:06:06.952730
1124,,NLP,TODO,,flair/file_utils.py,True,Code Debt,3,The presence of a TODO comment in a utility file indicates a potential issue that needs to be addressed.,False,,General,llama-3.1-8b-instant,2026-05-09T06:06:10.696224
1125,,NLP,TEMP,,flair/file_utils.py,True,Code Debt,3,Temporary variable usage may lead to code complexity and maintenance issues,False,,General,llama-3.1-8b-instant,2026-05-09T06:06:15.662476
1126,,NLP,TEMP,,flair/file_utils.py,True,Code Debt,3,Temporary variables or functions may indicate a lack of refactoring or code organization.,False,,General,llama-3.1-8b-instant,2026-05-09T06:06:18.403410
1127,,NLP,WORKAROUND,,flair/file_utils.py,True,Code Debt,3,The presence of a WORKAROUND keyword in a file suggests a temporary fix that may not be ideal or maintainable.,False,,General,llama-3.1-8b-instant,2026-05-09T06:06:23.326217
1128,,NLP,TEMP,,tests/test_datasets.py,True,Code Debt,3,"Temporary code (TEMP) suggests a workaround or quick fix, indicating potential technical debt.",False,,General,llama-3.1-8b-instant,2026-05-09T06:06:27.412164
1129,,NLP,TODO,,tests/test_sentence.py,True,Inadequate Testing Debt,3,Presence of TODO comment in test file indicates incomplete or missing test cases.,False,,General,llama-3.1-8b-instant,2026-05-09T06:06:30.170811
1130,,NLP,TODO,,conftest.py,True,Test Debt,3,The presence of a TODO comment in a test file indicates a potential issue that needs to be addressed.,False,,General,llama-3.1-8b-instant,2026-05-09T06:06:35.032703
1131,,NLP,NOQA,,tests/test_dict.py,True,Code Debt,2,Ignoring potential linting issues with NOQA,False,,General,llama-3.1-8b-instant,2026-05-09T06:06:38.969330
1132,,NLP,TODO,,tests/test_dynamicbatching.py,True,Test Debt,3,Presence of TODO comment in a test file indicates incomplete or pending test cases.,False,,General,llama-3.1-8b-instant,2026-05-09T06:06:41.916325
1133,,NLP,TODO,,tests/test_eval_model.py,True,Test Debt,3,The presence of a TODO comment in a test file indicates a potential issue with the testing process.,False,,Model Evaluation,llama-3.1-8b-instant,2026-05-09T06:06:45.669194
1134,,NLP,TODO,,tests/test_eval_model.py,True,Test Debt,3,Presence of TODO comment in test file indicates incomplete or pending test implementation,False,,Model Evaluation,llama-3.1-8b-instant,2026-05-09T06:06:50.439219
1135,,NLP,NOQA,,tests/test_lr_schedulers.py,True,Code Debt,2,The presence of the NOQA comment suggests a potential code debt related to code style or formatting.,False,,General,llama-3.1-8b-instant,2026-05-09T06:06:54.308079
1136,,NLP,TEMP,,tests/test_miscscripts.py,True,Code Debt,3,Use of temporary variable or placeholder,False,,General,llama-3.1-8b-instant,2026-05-09T06:06:58.114684
1137,,NLP,TODO,,tests/test_other_scripts.py,True,Test Debt,3,Presence of TODO comment in a test file indicates incomplete or pending test cases,False,,General,llama-3.1-8b-instant,2026-05-09T06:07:00.939548
1138,,NLP,TODO,,tests/test_other_scripts.py,True,Test Debt,3,The presence of a TODO comment in a test file indicates a potential issue that needs to be addressed.,False,,General,llama-3.1-8b-instant,2026-05-09T06:07:04.731830
1139,,NLP,TEMP,,tests/test_self_chat.py,True,Test Debt,3,Use of TEMP keyword in test file suggests temporary or incomplete test implementation,False,,General,llama-3.1-8b-instant,2026-05-09T06:07:09.510222
1140,,NLP,TEMP,,tests/test_self_chat.py,True,Code Debt,3,Use of TEMP keyword suggests a temporary or workaround solution in the code.,False,,General,llama-3.1-8b-instant,2026-05-09T06:07:13.309459
1141,,NLP,NOQA,,tests/test_tfidf_retriever.py,True,Code Debt,2,Ignoring potential linting issues with NOQA,False,,General,llama-3.1-8b-instant,2026-05-09T06:07:17.164985
1142,,NLP,TEMP,,run_squad.py,True,Code Debt,3,Temporary solution or workaround used in the code,False,,General,llama-3.1-8b-instant,2026-05-09T06:07:19.973966
1143,,NLP,TEMP,,tokenization_test.py,True,Test Debt,3,Temporary tokenization test implementation may lead to inconsistent results,False,,General,llama-3.1-8b-instant,2026-05-09T06:07:24.810486
1144,,NLP,TEMP,,method_comparison/app.py,True,Code Debt,3,Temporary variable usage may indicate a lack of refactoring or code organization,False,,General,llama-3.1-8b-instant,2026-05-09T06:07:27.578038
1145,,NLP,TEMP,,scripts/train_memory.py,True,Code Debt,3,Use of temporary keyword suggests potential for code refactoring or optimization,False,,General,llama-3.1-8b-instant,2026-05-09T06:07:32.353439
1146,,NLP,TODO,,setup.py,True,Code Debt,3,The presence of a TODO comment in a setup.py file indicates a potential issue with the code's maintainability or functionality.,False,,General,llama-3.1-8b-instant,2026-05-09T06:07:35.429386
1147,,NLP,TODO,,tests/conftest.py,True,Test Debt,3,The presence of a TODO comment in a test file indicates a potential issue that needs to be addressed.,False,,General,llama-3.1-8b-instant,2026-05-09T06:07:39.421817
1148,,NLP,TEMP,,tests/test_adaption_prompt.py,True,Prompt Template Debt,3,TEMP keyword suggests a temporary or placeholder prompt template,False,,General,llama-3.1-8b-instant,2026-05-09T06:07:43.193459
1149,,NLP,TEMP,,tests/test_adaption_prompt.py,True,Prompt Template Debt,3,Use of TEMP keyword in comment suggests a temporary solution or workaround for prompt template,False,,General,llama-3.1-8b-instant,2026-05-09T06:07:46.980791
1150,,NLP,TEMP,,tests/test_adaption_prompt.py,True,Prompt Template Debt,3,TEMP keyword suggests a temporary or placeholder prompt template,False,,General,llama-3.1-8b-instant,2026-05-09T06:07:50.803888
1151,,NLP,TODO,,tests/test_adaption_prompt.py,True,Prompt Template Debt,3,The presence of a TODO comment in a test file indicates a potential issue with prompt template adaptation.,False,,General,llama-3.1-8b-instant,2026-05-09T06:07:54.916440
1152,,NLP,TEMP,,tests/test_arrow.py,True,Code Debt,3,Use of temporary keyword suggests a workaround or quick fix in the code.,False,,General,llama-3.1-8b-instant,2026-05-09T06:07:58.648895
1153,,NLP,TEMP,,tests/test_auto.py,True,Test Debt,3,Use of TEMP keyword in test file suggests temporary or ad-hoc testing approach,False,,General,llama-3.1-8b-instant,2026-05-09T06:08:02.448679
1154,,NLP,TEMP,,tests/test_auto.py,True,Test Debt,3,Use of TEMP keyword in test file suggests temporary or ad-hoc testing approach,False,,General,llama-3.1-8b-instant,2026-05-09T06:08:06.178307
1155,,NLP,TEMP,,tests/test_auto.py,True,Test Debt,3,Temporary workaround or placeholder in test code,False,,General,llama-3.1-8b-instant,2026-05-09T06:08:10.057139
1156,,NLP,TEMP,,tests/test_auto.py,True,Code Debt,3,Temporary code (TEMP) suggests a workaround or quick fix.,False,,General,llama-3.1-8b-instant,2026-05-09T06:08:13.882395
1157,,NLP,TEMP,,tests/test_auto.py,True,Test Debt,3,Temporary solution or workaround in test code,False,,General,llama-3.1-8b-instant,2026-05-09T06:08:17.704732
1158,,NLP,TEMP,,tests/test_auto.py,True,Test Debt,3,Temporary test setup detected,False,,General,llama-3.1-8b-instant,2026-05-09T06:08:21.583962
1159,,NLP,TEMP,,tests/test_auto.py,True,Test Debt,3,Temporary solution or workaround in test code,False,,General,llama-3.1-8b-instant,2026-05-09T06:08:25.343394
1160,,NLP,BUG,,tests/test_auto.py,True,Defect Debt,3,The presence of the keyword 'BUG' in the comment indicates a defect.,False,,General,llama-3.1-8b-instant,2026-05-09T06:08:29.089484
1161,,NLP,TEMP,,tests/test_common_gpu.py,True,Code Debt,3,Temporary or placeholder code is often a sign of code debt.,False,,General,llama-3.1-8b-instant,2026-05-09T06:08:32.868238
1162,,NLP,TEMP,,tests/test_common_gpu.py,True,Test Debt,3,Temporary workaround or placeholder in test code,False,,General,llama-3.1-8b-instant,2026-05-09T06:08:36.720584
1163,,NLP,TEMP,,tests/test_common_gpu.py,True,Test Debt,3,Temporary workaround or placeholder in test code,False,,General,llama-3.1-8b-instant,2026-05-09T06:08:40.560679
1164,,NLP,TEMP,,tests/test_common_gpu.py,True,Test Debt,3,Temporary workaround or placeholder in test code,False,,General,llama-3.1-8b-instant,2026-05-09T06:08:44.455814
1165,,NLP,TEMP,,tests/test_common_gpu.py,True,Test Debt,3,Temporary workaround or placeholder in test code,False,,General,llama-3.1-8b-instant,2026-05-09T06:08:48.287542
1166,,NLP,TEMP,,tests/test_common_gpu.py,True,Test Debt,3,Temporary solution or workaround in test code,False,,General,llama-3.1-8b-instant,2026-05-09T06:08:52.053457
1167,,NLP,TEMP,,tests/test_common_gpu.py,True,Test Debt,3,Temporary workaround or placeholder in test code,False,,General,llama-3.1-8b-instant,2026-05-09T06:08:55.882971
1168,,NLP,TEMP,,tests/test_config.py,True,Configuration Debt,3,Use of TEMP keyword in a comment suggests a temporary configuration or workaround.,False,,General,llama-3.1-8b-instant,2026-05-09T06:08:59.708855
1169,,NLP,TEMP,,tests/test_config.py,True,Configuration Debt,3,Use of TEMP keyword in a comment may indicate a temporary configuration or workaround,False,,General,llama-3.1-8b-instant,2026-05-09T06:09:03.515441
1170,,NLP,TEMP,,tests/test_config.py,True,Configuration Debt,3,Use of TEMP keyword suggests a temporary configuration that may not be properly managed,False,,General,llama-3.1-8b-instant,2026-05-09T06:09:07.237416
1171,,NLP,TEMP,,tests/test_config.py,True,Configuration Debt,3,Potential misconfiguration in the test environment,False,,General,llama-3.1-8b-instant,2026-05-09T06:09:11.026163
1172,,NLP,TEMP,,tests/test_config.py,True,Configuration Debt,3,Use of TEMP keyword in a comment suggests a temporary configuration or workaround.,False,,General,llama-3.1-8b-instant,2026-05-09T06:09:14.827627
1173,,NLP,TEMP,,tests/test_config.py,True,Configuration Debt,3,Use of TEMP keyword in a comment suggests a temporary configuration or workaround,False,,General,llama-3.1-8b-instant,2026-05-09T06:09:18.606697
1174,,NLP,TEMP,,tests/test_config.py,True,Configuration Debt,3,Potential misconfiguration due to use of TEMP keyword,False,,General,llama-3.1-8b-instant,2026-05-09T06:09:22.334871
1175,,NLP,BUG,,tests/test_config.py,True,Defect Debt,3,The presence of the keyword 'BUG' in the comment indicates a defect.,False,,General,llama-3.1-8b-instant,2026-05-09T06:09:26.161566
1176,,NLP,TEMP,,tests/test_custom_models.py,True,Code Debt,3,Use of temporary keyword suggests a workaround or quick fix in the code.,False,,General,llama-3.1-8b-instant,2026-05-09T06:09:29.888320
1177,,NLP,BUG,,tests/test_custom_models.py,True,Defect Debt,3,The presence of the keyword 'BUG' in the comment indicates a defect in the code.,False,,General,llama-3.1-8b-instant,2026-05-09T06:09:33.731910
1178,,NLP,BUG,,tests/test_custom_models.py,True,Defect Debt,3,The presence of the keyword 'BUG' in the comment indicates a defect.,False,,General,llama-3.1-8b-instant,2026-05-09T06:09:37.480245
1179,,NLP,TEMP,,tests/test_custom_models.py,True,Test Debt,3,Temporary workaround in test file may indicate incomplete or inadequate testing,False,,General,llama-3.1-8b-instant,2026-05-09T06:09:41.257634
1180,,NLP,TEMP,,tests/test_custom_models.py,True,Test Debt,3,Temporary solution or workaround in test code,False,,General,llama-3.1-8b-instant,2026-05-09T06:09:45.119349
1181,,NLP,BUG,,tests/test_custom_models.py,True,Defect Debt,3,The presence of the keyword 'BUG' in the comment indicates a defect.,False,,General,llama-3.1-8b-instant,2026-05-09T06:09:48.886421
1182,,NLP,WORKAROUND,,tests/test_custom_models.py,True,Code Debt,3,The presence of a WORKAROUND keyword in a test file suggests a temporary fix in the code.,False,,General,llama-3.1-8b-instant,2026-05-09T06:09:52.662622
1183,,NLP,TODO,,tests/test_decoder_models.py,True,Code Debt,3,The presence of a TODO comment indicates a potential issue or incomplete implementation in the code.,False,,General,llama-3.1-8b-instant,2026-05-09T06:09:56.411222
1184,,NLP,TODO,,tests/test_decoder_models.py,True,Code Debt,3,The presence of a TODO comment indicates a potential issue with the code itself.,False,,General,llama-3.1-8b-instant,2026-05-09T06:10:00.243804
1185,,NLP,BUG,,tests/test_decoder_models.py,True,Defect Debt,3,The presence of the keyword 'BUG' in the comment indicates a defect.,False,,General,llama-3.1-8b-instant,2026-05-09T06:10:04.030205
1186,,NLP,BUG,,tests/test_decoder_models.py,True,Defect Debt,3,The presence of the keyword 'BUG' in the comment indicates a defect in the code.,False,,General,llama-3.1-8b-instant,2026-05-09T06:10:07.893684
1187,,NLP,TEMP,,tests/test_decoder_models.py,True,Code Debt,3,Temporary workaround or hack in the code,False,,General,llama-3.1-8b-instant,2026-05-09T06:10:11.746967
1188,,NLP,TEMP,,tests/test_decoder_models.py,True,Code Debt,3,Temporary or placeholder code is often a sign of code debt.,False,,General,llama-3.1-8b-instant,2026-05-09T06:10:15.516581
1189,,NLP,TODO,,tests/test_encoder_decoder_models.py,True,Code Debt,3,The presence of a TODO comment in a test file indicates a potential issue with the code itself.,False,,General,llama-3.1-8b-instant,2026-05-09T06:10:19.276901
1190,,NLP,TEMP,,tests/test_encoder_decoder_models.py,True,Code Debt,3,Temporary or placeholder code is often a sign of code debt.,False,,General,llama-3.1-8b-instant,2026-05-09T06:10:22.998806
1191,,NLP,TODO,,tests/test_feature_extraction_models.py,True,Code Debt,3,The presence of a TODO comment in a test file indicates a potential issue that needs to be addressed.,False,,General,llama-3.1-8b-instant,2026-05-09T06:10:26.760267
1192,,NLP,TEMP,,tests/test_gptqmodel.py,True,Test Debt,3,Temporary workaround in test file indicates incomplete or inadequate testing,False,,General,llama-3.1-8b-instant,2026-05-09T06:10:30.499686
1193,,NLP,TEMP,,tests/test_gptqmodel.py,True,Test Debt,3,Temporary workaround in test file indicates incomplete or inadequate testing,False,,General,llama-3.1-8b-instant,2026-05-09T06:10:35.798304
1194,,NLP,TEMP,,tests/test_gptqmodel.py,True,Test Debt,3,Use of TEMP keyword in test file suggests temporary or incomplete testing,False,,General,llama-3.1-8b-instant,2026-05-09T06:10:38.563259
1195,,NLP,TEMP,,tests/test_gptqmodel.py,True,Inadequate Testing Debt,3,Temporary solution or workaround detected in test code,False,,General,llama-3.1-8b-instant,2026-05-09T06:10:42.303963
1196,,NLP,TEMP,,tests/test_gptqmodel.py,True,Test Debt,3,Temporary workaround in test file may indicate incomplete or inadequate testing.,False,,General,llama-3.1-8b-instant,2026-05-09T06:10:46.046325
1197,,NLP,TEMP,,tests/test_gptqmodel.py,True,Test Debt,3,Use of TEMP keyword in test file suggests temporary or incomplete testing,False,,General,llama-3.1-8b-instant,2026-05-09T06:10:49.885916
1198,,NLP,TEMP,,tests/test_gptqmodel.py,True,Test Debt,3,Use of TEMP keyword in test file suggests temporary or incomplete test implementation,False,,General,llama-3.1-8b-instant,2026-05-09T06:10:53.597664
1199,,NLP,TEMP,,tests/test_gpu_examples.py,True,Test Debt,3,Temporary workaround or placeholder in test code,False,,General,llama-3.1-8b-instant,2026-05-09T06:10:57.459460
1200,,NLP,TEMP,,tests/test_gpu_examples.py,True,Code Debt,3,Use of temporary keyword suggests potential code duplication or complexity,False,,General,llama-3.1-8b-instant,2026-05-09T06:11:01.277643
1201,,NLP,TEMP,,tests/test_gpu_examples.py,True,Test Debt,3,Temporary workaround or placeholder in test code,False,,General,llama-3.1-8b-instant,2026-05-09T06:11:05.002932
1202,,NLP,TEMP,,tests/test_gpu_examples.py,True,Test Debt,3,Use of TEMP keyword in test file suggests temporary or incomplete testing,False,,General,llama-3.1-8b-instant,2026-05-09T06:11:08.736087
1203,,NLP,TEMP,,tests/test_gpu_examples.py,True,Test Debt,3,Temporary solution or workaround in test code,False,,General,llama-3.1-8b-instant,2026-05-09T06:11:12.480971
1204,,NLP,TEMP,,tests/test_gpu_examples.py,True,Test Debt,3,Potential test failure due to temporary conditions,False,,General,llama-3.1-8b-instant,2026-05-09T06:11:16.355866
1205,,NLP,TEMP,,tests/test_gpu_examples.py,True,Code Debt,3,Use of temporary keyword suggests a workaround or quick fix in the code.,False,,General,llama-3.1-8b-instant,2026-05-09T06:11:20.221578
1206,,NLP,TEMP,,tests/test_gpu_examples.py,True,Code Debt,3,Potential performance impact due to temporary variables,False,,General,llama-3.1-8b-instant,2026-05-09T06:11:24.022347
1207,,NLP,TODO,,tests/test_gpu_examples.py,True,Test Debt,3,The presence of a TODO comment in a test file indicates a potential issue with testing.,False,,General,llama-3.1-8b-instant,2026-05-09T06:11:27.865447
1208,,NLP,TEMP,,tests/test_gpu_examples.py,True,Test Debt,3,Temporary workaround or placeholder in test code,False,,General,llama-3.1-8b-instant,2026-05-09T06:11:31.610304
1209,,NLP,TEMP,,tests/test_gpu_examples.py,True,Test Debt,3,Temporary workaround or placeholder in test code,False,,General,llama-3.1-8b-instant,2026-05-09T06:11:35.447033
1210,,NLP,TEMP,,tests/test_gpu_examples.py,True,Code Debt,3,Temporary or placeholder code is often a sign of technical debt in the codebase.,False,,General,llama-3.1-8b-instant,2026-05-09T06:11:39.365530
1211,,NLP,TEMP,,tests/test_gpu_examples.py,True,Code Debt,3,Use of temporary keyword suggests a workaround or quick fix in the code.,False,,General,llama-3.1-8b-instant,2026-05-09T06:11:43.181517
1212,,NLP,TEMP,,tests/test_gpu_examples.py,True,Code Debt,3,Use of temporary keyword suggests a workaround or quick fix in the code.,False,,General,llama-3.1-8b-instant,2026-05-09T06:11:46.925831
1213,,NLP,TEMP,,tests/test_gpu_examples.py,True,Code Debt,3,Temporary or placeholder code is often a sign of code debt.,False,,General,llama-3.1-8b-instant,2026-05-09T06:11:50.839990
1214,,NLP,TEMP,,tests/test_gpu_examples.py,True,Test Debt,3,Use of TEMP keyword in test file suggests temporary or incomplete testing,False,,General,llama-3.1-8b-instant,2026-05-09T06:11:54.683253
1215,,NLP,TEMP,,tests/test_gpu_examples.py,True,Test Debt,3,Temporary workaround or placeholder in test code,False,,General,llama-3.1-8b-instant,2026-05-09T06:11:58.448888
1216,,NLP,TEMP,,tests/test_gpu_examples.py,True,Code Debt,3,Temporary or placeholder code is present in the repository.,False,,General,llama-3.1-8b-instant,2026-05-09T06:12:02.314499
1217,,NLP,TEMP,,tests/test_gpu_examples.py,True,Code Debt,3,Use of temporary keyword suggests potential code duplication or complexity,False,,General,llama-3.1-8b-instant,2026-05-09T06:12:06.157892
1218,,NLP,TEMP,,tests/test_gpu_examples.py,True,Code Debt,3,Temporary workaround or hack in the codebase,False,,General,llama-3.1-8b-instant,2026-05-09T06:12:09.924443
1219,,NLP,TEMP,,tests/test_gpu_examples.py,True,Code Debt,3,Use of temporary keyword suggests a workaround or quick fix in the code.,False,,General,llama-3.1-8b-instant,2026-05-09T06:12:13.698403
1220,,NLP,TEMP,,tests/test_gpu_examples.py,True,Test Debt,3,Temporary workaround or placeholder in test code,False,,General,llama-3.1-8b-instant,2026-05-09T06:12:17.493880
1221,,NLP,TEMP,,tests/test_gpu_examples.py,True,Test Debt,3,Temporary solution or placeholder used in testing,False,,General,llama-3.1-8b-instant,2026-05-09T06:12:21.354299
1222,,NLP,TEMP,,tests/test_gpu_examples.py,True,Test Debt,3,Temporary workaround or placeholder in test code,False,,General,llama-3.1-8b-instant,2026-05-09T06:12:25.391294
1223,,NLP,TEMP,,tests/test_gpu_examples.py,True,Code Debt,3,Use of temporary keyword suggests a workaround or quick fix in the code.,False,,General,llama-3.1-8b-instant,2026-05-09T06:12:29.156460
1224,,NLP,TEMP,,tests/test_gpu_examples.py,True,Test Debt,3,Temporary solution or placeholder in test code,False,,General,llama-3.1-8b-instant,2026-05-09T06:12:32.969230
1225,,NLP,TEMP,,tests/test_gpu_examples.py,True,Test Debt,3,Temporary solution or placeholder used in testing,False,,General,llama-3.1-8b-instant,2026-05-09T06:12:35.835783
1226,,NLP,TEMP,,tests/test_gpu_examples.py,True,Code Debt,3,Temporary workaround or hack in the code,False,,General,llama-3.1-8b-instant,2026-05-09T06:12:40.278488
1227,,NLP,TEMP,,tests/test_gpu_examples.py,True,Test Debt,3,Temporary workaround or placeholder in test code,False,,General,llama-3.1-8b-instant,2026-05-09T06:12:44.166169
1228,,NLP,TEMP,,tests/test_gpu_examples.py,True,Code Debt,3,Use of TEMP keyword in a test file may indicate temporary or workaround code,False,,General,llama-3.1-8b-instant,2026-05-09T06:12:47.888484
1229,,NLP,TEMP,,tests/test_gpu_examples.py,True,Test Debt,3,Temporary workaround or placeholder in test code,False,,General,llama-3.1-8b-instant,2026-05-09T06:12:51.712915
1230,,NLP,TEMP,,tests/test_gpu_examples.py,True,Test Debt,3,Use of TEMP keyword in test file suggests temporary or incomplete testing,False,,General,llama-3.1-8b-instant,2026-05-09T06:12:55.514677
1231,,NLP,TEMP,,tests/test_gpu_examples.py,True,Test Debt,3,Temporary or placeholder code is used in tests,False,,General,llama-3.1-8b-instant,2026-05-09T06:12:59.346002
1232,,NLP,TEMP,,tests/test_gpu_examples.py,True,Code Debt,3,Temporary workaround or hack in the code,False,,General,llama-3.1-8b-instant,2026-05-09T06:13:02.082373
1233,,NLP,TEMP,,tests/test_gpu_examples.py,True,Code Debt,3,Use of temporary keyword suggests potential code complexity or lack of refactoring,False,,General,llama-3.1-8b-instant,2026-05-09T06:13:05.964752
1234,,NLP,TEMP,,tests/test_gpu_examples.py,True,Test Debt,3,Temporary solution or placeholder used in testing code,False,,General,llama-3.1-8b-instant,2026-05-09T06:13:09.698753
1235,,NLP,TODO,,tests/test_gpu_examples.py,True,Test Debt,3,The presence of a TODO comment in a test file indicates a potential issue with testing.,False,,General,llama-3.1-8b-instant,2026-05-09T06:13:13.471499
1236,,NLP,TEMP,,tests/test_gpu_examples.py,True,Code Debt,3,Use of TEMP keyword suggests temporary or workaround code,False,,General,llama-3.1-8b-instant,2026-05-09T06:13:17.208890
1237,,NLP,TEMP,,tests/test_gpu_examples.py,True,Code Debt,3,Use of TEMP keyword in a test file may indicate a temporary or workaround solution.,False,,General,llama-3.1-8b-instant,2026-05-09T06:13:21.083230
1238,,NLP,TEMP,,tests/test_gpu_examples.py,True,Code Debt,3,Use of temporary variable or placeholder in code,False,,General,llama-3.1-8b-instant,2026-05-09T06:13:24.899981
1239,,NLP,TEMP,,tests/test_gpu_examples.py,True,Code Debt,3,Use of temporary keyword suggests potential for code refactoring,False,,General,llama-3.1-8b-instant,2026-05-09T06:13:28.811418
1240,,NLP,TEMP,,tests/test_gpu_examples.py,True,Code Debt,3,Use of temporary keyword suggests potential code complexity or fragility,False,,General,llama-3.1-8b-instant,2026-05-09T06:13:32.567221
1241,,NLP,TEMP,,tests/test_gpu_examples.py,True,Test Debt,3,Use of TEMP keyword in test file suggests temporary or incomplete testing,False,,General,llama-3.1-8b-instant,2026-05-09T06:13:36.534829
1242,,NLP,TEMP,,tests/test_gpu_examples.py,True,Test Debt,3,Temporary workaround or placeholder in test code,False,,General,llama-3.1-8b-instant,2026-05-09T06:13:40.406029
1243,,NLP,TEMP,,tests/test_gpu_examples.py,True,Code Debt,3,Use of temporary keyword suggests potential code duplication or complexity,False,,General,llama-3.1-8b-instant,2026-05-09T06:13:44.133523
1244,,NLP,TEMP,,tests/test_gpu_examples.py,True,Test Debt,3,Temporary workaround or placeholder in test code,False,,General,llama-3.1-8b-instant,2026-05-09T06:13:47.896121
1245,,NLP,TEMP,,tests/test_gpu_examples.py,True,Code Debt,3,Temporary or placeholder code (TEMP) may indicate a lack of proper refactoring or code organization.,False,,General,llama-3.1-8b-instant,2026-05-09T06:13:51.787756
1246,,NLP,TEMP,,tests/test_gpu_examples.py,True,Test Debt,3,Temporary workaround or placeholder in test code,False,,General,llama-3.1-8b-instant,2026-05-09T06:13:55.555562
1247,,NLP,TEMP,,tests/test_gpu_examples.py,True,Code Debt,3,Use of temporary keyword suggests potential code duplication or complexity,False,,General,llama-3.1-8b-instant,2026-05-09T06:13:59.374353
1248,,NLP,TODO,,tests/test_gpu_examples.py,True,Test Debt,3,The presence of a TODO comment in a test file indicates a potential issue that needs to be addressed.,False,,General,llama-3.1-8b-instant,2026-05-09T06:14:03.153439
1249,,NLP,TEMP,,tests/test_gpu_examples.py,True,Code Debt,3,Use of temporary keyword suggests a workaround or quick fix in the code.,False,,General,llama-3.1-8b-instant,2026-05-09T06:14:07.000527
1250,,NLP,TEMP,,tests/test_gpu_examples.py,True,Code Debt,3,Use of temporary keyword suggests a workaround or quick fix in the code.,False,,General,llama-3.1-8b-instant,2026-05-09T06:14:10.948947
1251,,NLP,TEMP,,tests/test_gpu_examples.py,True,Test Debt,3,Use of TEMP keyword in test file suggests temporary or incomplete testing,False,,General,llama-3.1-8b-instant,2026-05-09T06:14:14.677525
1252,,NLP,TEMP,,tests/test_gpu_examples.py,True,Code Debt,3,Use of temporary keyword suggests a workaround or quick fix in the code.,False,,General,llama-3.1-8b-instant,2026-05-09T06:14:18.441855
1253,,NLP,TEMP,,tests/test_gpu_examples.py,True,Code Debt,3,Temporary workaround or hack in the codebase,False,,General,llama-3.1-8b-instant,2026-05-09T06:14:22.202239
1254,,NLP,TODO,,tests/test_gpu_examples.py,True,Test Debt,3,The presence of a TODO comment in a test file indicates a potential issue that needs to be addressed.,False,,General,llama-3.1-8b-instant,2026-05-09T06:14:26.244404
1255,,NLP,TEMP,,tests/test_gpu_examples.py,True,Code Debt,2,Temporary keyword used in file name,False,,General,llama-3.1-8b-instant,2026-05-09T06:14:30.058686
1256,,NLP,TODO,,tests/test_gpu_examples.py,True,Test Debt,3,The presence of a TODO comment in a test file indicates a potential issue or incomplete functionality.,False,,General,llama-3.1-8b-instant,2026-05-09T06:14:34.228322
1257,,NLP,TEMP,,tests/test_gpu_examples.py,True,Code Debt,3,Use of temporary keyword suggests a workaround or quick fix in the code.,False,,General,llama-3.1-8b-instant,2026-05-09T06:14:37.088217
1258,,NLP,TEMP,,tests/test_gpu_examples.py,True,Test Debt,3,Use of TEMP keyword in test file suggests temporary or incomplete testing,False,,General,llama-3.1-8b-instant,2026-05-09T06:14:40.973938
1259,,NLP,TODO,,tests/test_gpu_examples.py,True,Test Debt,3,The presence of a TODO comment in a test file indicates a potential issue that needs to be addressed.,False,,General,llama-3.1-8b-instant,2026-05-09T06:14:44.832805
1260,,NLP,TEMP,,tests/test_gpu_examples.py,True,Test Debt,3,The presence of the keyword TEMP in a test file suggests a potential test debt.,False,,General,llama-3.1-8b-instant,2026-05-09T06:14:48.844893
1261,,NLP,TEMP,,tests/test_gpu_examples.py,True,Test Debt,3,Use of TEMP keyword in test file suggests temporary or incomplete testing,False,,General,llama-3.1-8b-instant,2026-05-09T06:14:52.667803
1262,,NLP,TEMP,,tests/test_gpu_examples.py,True,Code Debt,3,Use of temporary keyword suggests potential code complexity or workaround,False,,General,llama-3.1-8b-instant,2026-05-09T06:14:56.406798
1263,,NLP,TODO,,tests/test_gpu_examples.py,True,Test Debt,3,The presence of a TODO comment in a test file indicates a potential issue that needs to be addressed.,False,,General,llama-3.1-8b-instant,2026-05-09T06:15:00.185899
1264,,NLP,TODO,,tests/test_gpu_examples.py,True,Test Debt,3,The presence of a TODO comment in a test file indicates a potential issue that needs to be addressed.,False,,General,llama-3.1-8b-instant,2026-05-09T06:15:04.070205
1265,,NLP,TODO,,tests/test_hub_features.py,True,Test Debt,3,The presence of a TODO comment in a test file indicates a potential issue that needs to be addressed.,False,,General,llama-3.1-8b-instant,2026-05-09T06:15:07.930398
1266,,NLP,WORKAROUND,,tests/test_initialization.py,True,Code Debt,3,The presence of a WORKAROUND comment suggests a temporary fix in the code.,False,,General,llama-3.1-8b-instant,2026-05-09T06:15:12.066135
1267,,NLP,WORKAROUND,,tests/test_initialization.py,True,Code Debt,3,The presence of a WORKAROUND keyword in a test file suggests a temporary fix in the code.,False,,General,llama-3.1-8b-instant,2026-05-09T06:15:16.047981
1268,,NLP,WORKAROUND,,tests/test_initialization.py,True,Code Debt,3,The presence of a WORKAROUND keyword in a test file suggests a temporary fix in the code.,False,,General,llama-3.1-8b-instant,2026-05-09T06:15:19.794772
1269,,NLP,WORKAROUND,,tests/test_initialization.py,True,Code Debt,3,The presence of a WORKAROUND keyword in a test file indicates a temporary fix that may not be ideal.,False,,General,llama-3.1-8b-instant,2026-05-09T06:15:23.565510
1270,,NLP,TODO,,tests/test_initialization.py,True,Test Debt,3,The presence of a TODO comment in a test file indicates a potential issue with test coverage or test logic.,False,,General,llama-3.1-8b-instant,2026-05-09T06:15:27.458805
1271,,NLP,TEMP,,tests/test_initialization.py,True,Test Debt,3,Temporary solution or workaround in test code,False,,General,llama-3.1-8b-instant,2026-05-09T06:15:31.519208
1272,,NLP,TEMP,,tests/test_initialization.py,True,Test Debt,3,Use of TEMP keyword in test file suggests temporary or incomplete testing,False,,General,llama-3.1-8b-instant,2026-05-09T06:15:35.354145
1273,,NLP,TODO,,tests/test_integrations.py,True,Test Debt,3,Potential test failure due to TODO comment,False,,General,llama-3.1-8b-instant,2026-05-09T06:15:39.457027
1274,,NLP,BUG,,tests/test_integrations.py,True,Defect Debt,3,The presence of the keyword 'BUG' in the comment indicates a defect.,False,,General,llama-3.1-8b-instant,2026-05-09T06:15:42.605054
1275,,NLP,BUG,,tests/test_integrations.py,True,Defect Debt,3,The presence of the keyword 'BUG' in the comment indicates a defect.,False,,General,llama-3.1-8b-instant,2026-05-09T06:15:46.443942
1276,,NLP,TODO,,tests/test_integrations.py,True,Test Debt,3,The presence of a TODO comment in a test file indicates a potential issue that needs to be addressed.,False,,General,llama-3.1-8b-instant,2026-05-09T06:15:50.284646
1277,,NLP,BUG,,tests/test_integrations.py,True,Defect Debt,3,The presence of the keyword 'BUG' in the comment indicates a defect.,False,,General,llama-3.1-8b-instant,2026-05-09T06:15:54.152083
1278,,NLP,TEMP,,tests/test_mixed.py,True,Test Debt,3,Use of TEMP keyword in test file suggests temporary or incomplete testing,False,,General,llama-3.1-8b-instant,2026-05-09T06:15:57.990225
1279,,NLP,TODO,,tests/test_mixed.py,True,Test Debt,3,The presence of a TODO comment in a test file indicates a potential issue that needs to be addressed.,False,,General,llama-3.1-8b-instant,2026-05-09T06:16:01.833686
1280,,NLP,TEMP,,tests/test_mixed.py,True,Test Debt,3,Use of temporary keyword suggests incomplete or placeholder test code,False,,General,llama-3.1-8b-instant,2026-05-09T06:16:05.729287
1281,,NLP,TEMP,,tests/test_multitask_prompt_tuning.py,True,Test Debt,3,Temporary workaround in test file,False,,General,llama-3.1-8b-instant,2026-05-09T06:16:09.488108
1282,,NLP,TEMP,,tests/test_multitask_prompt_tuning.py,True,Test Debt,3,Temporary workaround or placeholder in test code,False,,General,llama-3.1-8b-instant,2026-05-09T06:16:13.233266
1283,,NLP,TEMP,,tests/test_multitask_prompt_tuning.py,True,Test Debt,3,Temporary workaround in test file,False,,General,llama-3.1-8b-instant,2026-05-09T06:16:16.935733
1284,,NLP,BUG,,tests/test_other.py,True,Defect Debt,3,The presence of the keyword 'BUG' in the comment indicates a defect.,False,,General,llama-3.1-8b-instant,2026-05-09T06:16:20.675753
1285,,NLP,BUG,,tests/test_other.py,True,Defect Debt,3,The presence of the keyword 'BUG' in the comment indicates a defect.,False,,General,llama-3.1-8b-instant,2026-05-09T06:16:24.511930
1286,,NLP,BUG,,tests/test_other.py,True,Defect Debt,3,The presence of the keyword 'BUG' in the comment indicates a defect.,False,,General,llama-3.1-8b-instant,2026-05-09T06:16:28.279773
1287,,NLP,BUG,,tests/test_other.py,True,Defect Debt,3,The presence of the keyword 'BUG' in the comment indicates a defect.,False,,General,llama-3.1-8b-instant,2026-05-09T06:16:33.126678
1288,,NLP,TODO,,tests/test_other.py,True,Test Debt,3,The presence of a TODO comment in a test file indicates a potential issue that needs to be addressed.,False,,General,llama-3.1-8b-instant,2026-05-09T06:16:36.912239
1289,,NLP,TODO,,tests/test_other.py,True,Test Debt,3,The presence of a TODO comment in a test file indicates a potential issue that needs to be addressed.,False,,General,llama-3.1-8b-instant,2026-05-09T06:16:40.827867
1290,,NLP,TODO,,tests/test_other.py,True,Test Debt,3,Presence of TODO comment in a test file indicates incomplete or pending test cases.,False,,General,llama-3.1-8b-instant,2026-05-09T06:16:44.678091
1291,,NLP,TODO,,tests/test_other.py,True,Test Debt,3,Potential test failure due to TODO comment,False,,General,llama-3.1-8b-instant,2026-05-09T06:16:48.436097
1292,,NLP,TEMP,,tests/test_poly.py,True,Code Debt,3,Use of temporary keyword suggests a workaround or quick fix in the code.,False,,General,llama-3.1-8b-instant,2026-05-09T06:16:52.278012
1293,,NLP,TODO,,docs/conf.py,True,Documentation Debt,3,Incomplete documentation may lead to confusion and errors.,False,,General,llama-3.1-8b-instant,2026-05-09T06:16:56.020484
1294,,NLP,NOQA,,guidance/__init__.py,True,Code Debt,2,The presence of NOQA suggests a potential coding standard deviation.,False,,General,llama-3.1-8b-instant,2026-05-09T06:16:59.876399
1295,,NLP,TODO,,guidance/_ast.py,True,Code Debt,3,The presence of a TODO comment in the code indicates a potential issue that needs to be addressed.,False,,General,llama-3.1-8b-instant,2026-05-09T06:17:02.720182
1296,,NLP,TODO,,guidance/_ast.py,True,Code Debt,3,The presence of a TODO comment in the code indicates a potential issue that needs to be addressed.,False,,General,llama-3.1-8b-instant,2026-05-09T06:17:06.722257
1297,,NLP,TODO,,guidance/_grammar.py,True,Code Debt,3,Presence of TODO comment indicates a potential issue that needs to be addressed in the code.,False,,General,llama-3.1-8b-instant,2026-05-09T06:17:10.681941
1298,,NLP,TODO,,guidance/_parser.py,True,Code Debt,3,The presence of a TODO comment indicates a potential issue that needs to be addressed in the code.,False,,General,llama-3.1-8b-instant,2026-05-09T06:17:14.488906
1299,,NLP,TODO,,guidance/_parser.py,True,Code Debt,3,The presence of a TODO comment in the code indicates a potential issue that needs to be addressed.,False,,General,llama-3.1-8b-instant,2026-05-09T06:17:18.338523
1300,,NLP,TODO,,guidance/_parser.py,True,Code Debt,3,The presence of a TODO comment indicates a potential issue or incomplete implementation in the code.,False,,General,llama-3.1-8b-instant,2026-05-09T06:17:22.236216
1301,,NLP,TODO,,guidance/_parser.py,True,Code Debt,3,The presence of a TODO comment in the code indicates a potential issue that needs to be addressed.,False,,General,llama-3.1-8b-instant,2026-05-09T06:17:26.163661
1302,,NLP,TODO,,guidance/_parser.py,True,Code Debt,3,The presence of a TODO comment in the code indicates a potential issue that needs to be addressed.,False,,General,llama-3.1-8b-instant,2026-05-09T06:17:29.986631
1303,,NLP,TODO,,guidance/_parser.py,True,Code Debt,3,The presence of a TODO comment in the code indicates a potential issue that needs to be addressed.,False,,General,llama-3.1-8b-instant,2026-05-09T06:17:33.825154
1304,,NLP,NOQA,,guidance/_tools.py,True,Code Debt,2,The presence of NOQA suggests a potential code debt related to code style or formatting.,False,,General,llama-3.1-8b-instant,2026-05-09T06:17:38.747279
1305,,NLP,TODO,,guidance/_utils.py,True,Code Debt,3,The presence of a TODO comment indicates a potential issue that needs to be addressed in the code.,False,,General,llama-3.1-8b-instant,2026-05-09T06:17:41.711968
1306,,NLP,NOQA,,guidance/_utils.py,True,Code Debt,3,Ignoring potential linting issues may lead to code quality degradation over time,False,,General,llama-3.1-8b-instant,2026-05-09T06:17:45.491781
1307,,NLP,TODO,,guidance/chat.py,True,Code Debt,3,Presence of TODO comment indicates potential code complexity or incomplete implementation,False,,General,llama-3.1-8b-instant,2026-05-09T06:17:50.250686
1308,,NLP,TODO,,guidance/chat.py,True,Code Debt,3,The presence of a TODO comment indicates a potential issue or improvement in the code.,False,,General,llama-3.1-8b-instant,2026-05-09T06:17:54.086393
1309,,NLP,TODO,,guidance/chat.py,True,Code Debt,3,The presence of a TODO comment indicates a potential issue or improvement in the code.,False,,General,llama-3.1-8b-instant,2026-05-09T06:17:58.006112
1310,,NLP,TODO,,guidance/chat.py,True,Code Debt,3,The presence of a TODO comment indicates a potential issue or improvement in the code.,False,,General,llama-3.1-8b-instant,2026-05-09T06:18:01.866712
1311,,NLP,TODO,,guidance/chat.py,True,Code Debt,3,The presence of a TODO comment indicates a potential issue or improvement in the code.,False,,General,llama-3.1-8b-instant,2026-05-09T06:18:05.706755
1312,,NLP,NOQA,,guidance/chat.py,True,Code Debt,3,The presence of NOQA suggests a potential code quality issue.,False,,General,llama-3.1-8b-instant,2026-05-09T06:18:08.550947
1313,,NLP,NOQA,,guidance/chat.py,True,Code Debt,3,Ignoring potential linting issues may lead to code quality degradation over time,False,,General,llama-3.1-8b-instant,2026-05-09T06:18:12.447727
1314,,NLP,NOQA,,guidance/chat.py,True,Code Debt,2,The presence of NOQA suggests a potential code smell or a deliberate choice to ignore a specific linter rule.,False,,General,llama-3.1-8b-instant,2026-05-09T06:18:16.232585
1315,,NLP,NOQA,,guidance/chat.py,True,Code Debt,3,Ignoring potential linting issues may lead to code quality degradation,False,,General,llama-3.1-8b-instant,2026-05-09T06:18:19.980889
1316,,NLP,NOQA,,guidance/chat.py,True,Code Debt,3,Ignoring potential linting issues may lead to inconsistent code quality,False,,General,llama-3.1-8b-instant,2026-05-09T06:18:24.786215
1317,,NLP,NOQA,,guidance/chat.py,True,Code Debt,3,Potential performance impact due to unnecessary comments,False,,General,llama-3.1-8b-instant,2026-05-09T06:18:28.620246
1318,,NLP,NOQA,,guidance/chat.py,True,Code Debt,2,The presence of NOQA suggests a potential code quality issue.,False,,General,llama-3.1-8b-instant,2026-05-09T06:18:32.428656
1319,,NLP,TODO,,guidance/chat.py,True,Code Debt,3,The presence of a TODO comment in the code indicates a potential issue that needs to be addressed.,False,,General,llama-3.1-8b-instant,2026-05-09T06:18:36.326501
1320,,NLP,TODO,,guidance/chat.py,True,Code Debt,3,The presence of a TODO comment indicates a potential issue with the code's implementation.,False,,General,llama-3.1-8b-instant,2026-05-09T06:18:40.169658
1321,,NLP,NOQA,,guidance/chat.py,True,Code Debt,3,Presence of NOQA keyword may indicate a code style or formatting issue,False,,General,llama-3.1-8b-instant,2026-05-09T06:18:44.031994
1322,,NLP,NOQA,,scripts/integration_health_check.py,True,Code Debt,3,Ignoring potential linting issues may lead to code quality degradation over time.,False,,General,llama-3.1-8b-instant,2026-05-09T06:18:47.892841
1323,,NLP,HACK,,tests/test_offsets.py,True,Code Debt,3,The presence of a HACK keyword in a test file indicates a workaround in the code.,False,,General,llama-3.1-8b-instant,2026-05-09T06:18:50.716082
1324,,NLP,TODO,,tests/test_offsets.py,True,Test Debt,3,Potential test failure due to TODO comment,False,,General,llama-3.1-8b-instant,2026-05-09T06:18:55.579840
1325,,NLP,NOQA,,tiktoken/core.py,True,Code Debt,3,Ignoring potential linting issues may lead to code quality degradation over time.,False,,General,llama-3.1-8b-instant,2026-05-09T06:18:58.438252
1326,,NLP,NOQA,,tiktoken/core.py,True,Code Debt,3,Ignoring linting issues may lead to code quality degradation,False,,General,llama-3.1-8b-instant,2026-05-09T06:19:02.245467
1327,,NLP,NOQA,,tiktoken/core.py,True,Code Debt,2,The presence of NOQA suggests a potential coding standard or style issue.,False,,General,llama-3.1-8b-instant,2026-05-09T06:19:06.169545
1328,,NLP,NOQA,,tiktoken/core.py,True,Code Debt,3,Ignoring potential linting issues may lead to code quality degradation over time.,False,,General,llama-3.1-8b-instant,2026-05-09T06:19:09.913122
1329,,NLP,TODO,,tiktoken/core.py,True,Code Debt,3,The presence of a TODO comment in the code indicates a potential issue or improvement needed.,False,,General,llama-3.1-8b-instant,2026-05-09T06:19:14.706080
1330,,NLP,TODO,,tiktoken/model.py,True,Code Debt,3,The presence of a TODO comment in the code indicates a potential issue or improvement needed.,False,,General,llama-3.1-8b-instant,2026-05-09T06:19:18.895415
1331,,NLP,TEMP,,ci_cd/run_migration.py,True,Code Debt,3,Use of temporary keyword suggests a workaround or quick fix in the code.,False,,General,llama-3.1-8b-instant,2026-05-09T06:19:22.027202
1332,,NLP,TEMP,,ci_cd/run_migration.py,True,Code Debt,3,Temporary workaround or quick fix in production code,False,,General,llama-3.1-8b-instant,2026-05-09T06:19:25.869398
1333,,NLP,TEMP,,ci_cd/run_migration.py,True,Code Debt,3,Temporary or placeholder code is used in production,False,,General,llama-3.1-8b-instant,2026-05-09T06:19:29.743159
1334,,NLP,TEMP,,ci_cd/run_migration.py,True,Code Debt,3,Use of temporary keyword suggests a workaround or quick fix in the code.,False,,General,llama-3.1-8b-instant,2026-05-09T06:19:33.708416
1335,,NLP,TEMP,,ci_cd/run_migration.py,True,Code Debt,3,Temporary solution used in the code,False,,General,llama-3.1-8b-instant,2026-05-09T06:19:37.559884
1336,,NLP,TEMP,,ci_cd/run_migration.py,True,Code Debt,3,Temporary solution used in the code,False,,General,llama-3.1-8b-instant,2026-05-09T06:19:41.300829
1337,,NLP,NOQA,,db_scripts/create_views.py,True,Code Debt,3,The presence of the NOQA keyword suggests a potential code debt due to a possible disagreement with the code style or linter.,False,,General,llama-3.1-8b-instant,2026-05-09T06:19:45.200309
1338,,NLP,NOQA,,db_scripts/create_views.py,True,Code Debt,3,The presence of the NOQA keyword suggests a potential code debt due to a possible disagreement with the code style or linter.,False,,General,llama-3.1-8b-instant,2026-05-09T06:19:49.236769
1339,,NLP,NOQA,,db_scripts/create_views.py,True,Code Debt,3,The presence of the NOQA keyword may indicate a code debt related to code style or formatting.,False,,General,llama-3.1-8b-instant,2026-05-09T06:19:53.042362
1340,,NLP,NOQA,,db_scripts/create_views.py,True,Code Debt,3,The presence of the NOQA comment suggests a potential code debt related to code style or formatting.,False,,General,llama-3.1-8b-instant,2026-05-09T06:19:56.901382
1341,,NLP,NOQA,,db_scripts/create_views.py,True,Code Debt,3,The presence of the NOQA keyword suggests a potential code debt due to a possible disagreement with the code style or linter.,False,,General,llama-3.1-8b-instant,2026-05-09T06:20:00.790127
1342,,NLP,NOQA,,db_scripts/create_views.py,True,Code Debt,3,The presence of the NOQA keyword suggests a potential code debt due to a possible disagreement with the code style or linter.,False,,General,llama-3.1-8b-instant,2026-05-09T06:20:04.776782
1343,,NLP,NOQA,,db_scripts/create_views.py,True,Code Debt,3,The presence of the NOQA keyword suggests a potential code debt due to possible code style inconsistencies.,False,,General,llama-3.1-8b-instant,2026-05-09T06:20:08.658028
1344,,NLP,NOQA,,db_scripts/create_views.py,True,Code Debt,3,The presence of the NOQA keyword suggests a potential code debt due to possible ignored PEP8 violations.,False,,General,llama-3.1-8b-instant,2026-05-09T06:20:12.544506
1345,,NLP,NOQA,,db_scripts/create_views.py,True,Code Debt,3,The presence of the NOQA keyword may indicate a code debt related to code style or formatting.,False,,General,llama-3.1-8b-instant,2026-05-09T06:20:16.305835
1346,,NLP,NOQA,,db_scripts/create_views.py,True,Code Debt,3,The presence of the NOQA keyword suggests a potential code debt related to code style or formatting.,False,,General,llama-3.1-8b-instant,2026-05-09T06:20:20.238622
1347,,NLP,NOQA,,db_scripts/create_views.py,True,Code Debt,3,The presence of the NOQA keyword suggests a potential code debt related to code style or formatting.,False,,General,llama-3.1-8b-instant,2026-05-09T06:20:24.147493
1348,,NLP,NOQA,,db_scripts/create_views.py,True,Code Debt,3,The presence of the NOQA keyword may indicate a code debt related to code style or formatting.,False,,General,llama-3.1-8b-instant,2026-05-09T06:20:28.155308
1349,,NLP,NOQA,,db_scripts/create_views.py,True,Code Debt,3,The presence of the NOQA keyword suggests a potential code debt due to a possible disagreement with the code style or linter.,False,,General,llama-3.1-8b-instant,2026-05-09T06:20:32.022132
1350,,NLP,NOQA,,db_scripts/create_views.py,True,Code Debt,3,The presence of the NOQA keyword suggests a potential code debt related to code style or formatting.,False,,General,llama-3.1-8b-instant,2026-05-09T06:20:36.004282
1351,,NLP,NOQA,,db_scripts/create_views.py,True,Code Debt,3,The presence of the NOQA keyword suggests a potential code debt due to a possible disagreement with the code style or linter.,False,,General,llama-3.1-8b-instant,2026-05-09T06:20:39.972317
1352,,NLP,NOQA,,db_scripts/create_views.py,True,Code Debt,3,The presence of the NOQA keyword suggests a potential code debt due to a possible disagreement with the code style or linter.,False,,General,llama-3.1-8b-instant,2026-05-09T06:20:43.901437
1353,,NLP,NOQA,,db_scripts/create_views.py,True,Code Debt,3,The presence of the NOQA keyword suggests a potential code debt related to code style or formatting.,False,,General,llama-3.1-8b-instant,2026-05-09T06:20:47.715897
1354,,NLP,NOQA,,litellm/_logging.py,True,Code Debt,2,The presence of NOQA suggests a potential code debt related to code style or formatting.,False,,General,llama-3.1-8b-instant,2026-05-09T06:20:51.482013
1355,,NLP,TODO,,litellm/_service_logger.py,True,Code Debt,3,The presence of a TODO comment in a code file indicates a potential issue that needs to be addressed.,False,,General,llama-3.1-8b-instant,2026-05-09T06:20:55.300511
1356,,NLP,BUG,,litellm/constants.py,True,Defect Debt,3,The presence of the keyword 'BUG' in the comment indicates a potential defect.,False,,General,llama-3.1-8b-instant,2026-05-09T06:21:00.105137
1357,,NLP,NOQA,,litellm/cost_calculator.py,True,Code Debt,3,Ignoring potential linting issues with NOQA,False,,General,llama-3.1-8b-instant,2026-05-09T06:21:03.915015
1358,,NLP,NOQA,,litellm/cost_calculator.py,True,Code Debt,3,The presence of NOQA suggests a potential code quality issue.,False,,General,llama-3.1-8b-instant,2026-05-09T06:21:07.866617
1359,,NLP,NOQA,,litellm/main.py,True,Code Debt,2,Ignoring potential linting issues may lead to code quality degradation,False,,General,llama-3.1-8b-instant,2026-05-09T06:21:12.002504
1360,,NLP,NOQA,,litellm/main.py,True,Code Debt,2,Ignoring potential linting issues may lead to code quality degradation over time,False,,General,llama-3.1-8b-instant,2026-05-09T06:21:14.953757
1361,,NLP,NOQA,,litellm/main.py,True,Code Debt,2,Ignoring potential linting issues with NOQA,False,,General,llama-3.1-8b-instant,2026-05-09T06:21:18.966384
1362,,NLP,NOQA,,litellm/main.py,True,Code Debt,2,Ignoring potential linting issues with NOQA,False,,General,llama-3.1-8b-instant,2026-05-09T06:21:22.839441
1363,,NLP,NOQA,,litellm/main.py,True,Code Debt,2,Ignoring potential linting issues with NOQA,False,,General,llama-3.1-8b-instant,2026-05-09T06:21:26.675742
1364,,NLP,NOQA,,litellm/main.py,True,Code Debt,2,Ignoring potential linting issues with NOQA,False,,General,llama-3.1-8b-instant,2026-05-09T06:21:30.477337
1365,,NLP,NOQA,,litellm/main.py,True,Code Debt,2,Ignoring potential linting issues may lead to code quality degradation over time,False,,General,llama-3.1-8b-instant,2026-05-09T06:21:34.293856
1366,,NLP,NOQA,,litellm/router.py,True,Code Debt,2,The presence of NOQA suggests a potential code debt related to code style or formatting.,False,,General,llama-3.1-8b-instant,2026-05-09T06:21:38.127866
1367,,NLP,TODO,,litellm/router.py,True,Code Debt,3,The presence of a TODO comment in a code file indicates a potential issue that needs to be addressed.,False,,General,llama-3.1-8b-instant,2026-05-09T06:21:41.981389
1368,,NLP,NOQA,,litellm/router.py,True,Code Debt,2,The presence of NOQA suggests a potential coding standard deviation.,False,,General,llama-3.1-8b-instant,2026-05-09T06:21:45.764475
1369,,NLP,NOQA,,litellm/router.py,True,Code Debt,3,Presence of NOQA keyword may indicate a code style or formatting issue,False,,General,llama-3.1-8b-instant,2026-05-09T06:21:49.549119
1370,,NLP,TEMP,,litellm/router.py,True,Code Debt,3,Temporary solution or workaround in the code,False,,General,llama-3.1-8b-instant,2026-05-09T06:21:53.279441
1371,,NLP,NOQA,,litellm/router.py,True,Code Debt,3,The presence of NOQA suggests a potential code quality issue.,False,,General,llama-3.1-8b-instant,2026-05-09T06:21:57.035004
1372,,NLP,TODO,,litellm/router.py,True,Code Debt,3,The presence of a TODO comment in the code indicates a potential issue that needs to be addressed.,False,,General,llama-3.1-8b-instant,2026-05-09T06:22:00.769407
1373,,NLP,NOQA,,litellm/router.py,True,Code Debt,3,The presence of NOQA suggests a potential code smell or a deliberate choice to ignore a specific linter rule.,False,,General,llama-3.1-8b-instant,2026-05-09T06:22:04.509941
1374,,NLP,NOQA,,litellm/router.py,True,Code Debt,2,The presence of NOQA suggests a potential code smell or a deliberate choice to ignore a specific linter rule.,False,,General,llama-3.1-8b-instant,2026-05-09T06:22:09.401434
1375,,NLP,TEMP,,litellm/router.py,True,Code Debt,3,Temporary solution or workaround in the code,False,,General,llama-3.1-8b-instant,2026-05-09T06:23:33.340588
1376,,NLP,NOQA,,litellm/router.py,True,Code Debt,2,Ignoring potential linting issues may lead to code quality degradation over time,False,,General,llama-3.1-8b-instant,2026-05-09T06:24:03.116473
1377,,NLP,TEMP,,litellm/router.py,True,Code Debt,3,Temporary solution or workaround in the code,False,,General,llama-3.1-8b-instant,2026-05-09T06:25:09.088422
1378,,NLP,TODO,,litellm/router.py,True,Code Debt,3,The presence of a TODO comment in a code file indicates a potential issue or improvement needed in the code.,False,,General,llama-3.1-8b-instant,2026-05-09T06:26:14.976713
1379,,NLP,NOQA,,litellm/router.py,True,Code Debt,3,Ignoring potential linting issues may lead to code quality degradation,False,,General,llama-3.1-8b-instant,2026-05-09T06:27:22.923070
1380,,NLP,TODO,,litellm/router.py,True,Code Debt,3,The presence of a TODO comment in the code indicates a potential issue or improvement needed.,False,,General,llama-3.1-8b-instant,2026-05-09T06:28:29.851565
1381,,NLP,TEMP,,litellm/router.py,True,Code Debt,3,Temporary workaround or quick fix in the codebase,False,,General,llama-3.1-8b-instant,2026-05-09T06:29:36.712040
1382,,NLP,NOQA,,litellm/setup_wizard.py,True,Code Debt,2,The presence of NOQA suggests a potential coding standard or style issue.,False,,General,llama-3.1-8b-instant,2026-05-09T06:30:42.701664
1383,,NLP,NOQA,,litellm/setup_wizard.py,True,Code Debt,2,The presence of NOQA suggests a potential code debt related to code style or formatting.,False,,General,llama-3.1-8b-instant,2026-05-09T06:32:27.659497
1384,,NLP,NOQA,,litellm/setup_wizard.py,True,Code Debt,2,The presence of NOQA suggests a potential code debt related to code style or formatting.,False,,General,llama-3.1-8b-instant,2026-05-09T06:33:36.548638
1385,,NLP,TODO,,litellm/timeout.py,True,Code Debt,3,Potential performance issue due to hardcoded timeout,False,,General,llama-3.1-8b-instant,2026-05-09T06:35:21.557845
1386,,NLP,TODO,,litellm/timeout.py,True,Code Debt,3,Potential performance issue due to hardcoded timeout,False,,General,llama-3.1-8b-instant,2026-05-09T06:35:49.322391
1387,,NLP,NOQA,,litellm/utils.py,True,Code Debt,2,The presence of NOQA suggests a potential code debt related to code style or formatting.,False,,General,llama-3.1-8b-instant,2026-05-09T06:37:33.347481
1388,,NLP,NOQA,,litellm/utils.py,True,Code Debt,2,The presence of NOQA suggests a potential code debt related to code style or formatting.,False,,General,llama-3.1-8b-instant,2026-05-09T06:38:42.329052
1389,,NLP,NOQA,,litellm/utils.py,True,Code Debt,2,The NOQA comment suggests a minor code issue that is being ignored,False,,General,llama-3.3-70b-versatile,2026-05-09T06:39:28.388482
1390,,NLP,NOQA,,litellm/utils.py,True,Code Debt,2,The presence of NOQA suggests a potential code debt related to code style or formatting.,False,,General,llama-3.1-8b-instant,2026-05-09T06:39:49.179763
1391,,NLP,NOQA,,litellm/utils.py,True,Code Debt,3,Ignoring potential linting issues may lead to code quality degradation over time.,False,,General,llama-3.1-8b-instant,2026-05-09T06:41:34.215531
1392,,NLP,NOQA,,litellm/utils.py,True,Code Debt,3,Ignoring potential linting issues may lead to code quality degradation,False,,General,llama-3.1-8b-instant,2026-05-09T06:43:21.168035
1393,,NLP,NOQA,,litellm/utils.py,True,Code Debt,2,The NOQA comment suggests a minor code issue that is being ignored,False,,General,llama-3.3-70b-versatile,2026-05-09T06:44:07.204777
1394,,NLP,NOQA,,litellm/utils.py,True,Code Debt,2,Ignoring potential linting issues with NOQA,False,,General,llama-3.1-8b-instant,2026-05-09T06:45:08.118364
1395,,NLP,TODO,,litellm/utils.py,True,Code Debt,3,The presence of a TODO comment in a utility file indicates a potential issue that needs to be addressed.,False,,General,llama-3.1-8b-instant,2026-05-09T06:46:16.004483
1396,,NLP,NOQA,,litellm/utils.py,True,Code Debt,2,The presence of NOQA suggests a potential coding standard issue.,False,,General,llama-3.1-8b-instant,2026-05-09T06:47:23.973792
1397,,NLP,NOQA,,litellm/utils.py,True,Code Debt,2,The presence of NOQA suggests a minor code issue that is being intentionally ignored,False,,General,llama-3.3-70b-versatile,2026-05-09T06:48:10.033816
1398,,NLP,NOQA,,litellm/utils.py,True,Code Debt,2,Ignoring potential linting issues with NOQA,False,,General,llama-3.1-8b-instant,2026-05-09T06:49:08.891400
1399,,NLP,NOQA,,litellm/utils.py,True,Code Debt,3,Ignoring potential linting issues may lead to code quality degradation,False,,General,llama-3.1-8b-instant,2026-05-09T06:50:17.777208
1400,,NLP,XXX,,scripts/eval_compression.py,True,Code Debt,3,The presence of XXX in a comment indicates a placeholder for code that has not been implemented.,False,,General,llama-3.1-8b-instant,2026-05-09T06:52:01.896357
1401,,NLP,XXX,,scripts/eval_compression.py,True,Code Debt,3,The presence of XXX in a comment suggests a placeholder for code that needs to be implemented.,False,,General,llama-3.1-8b-instant,2026-05-09T06:53:08.822925
1402,,NLP,TEMP,,scripts/eval_compression.py,True,Code Debt,3,Use of temporary variable suggests potential for code refactoring,False,,General,llama-3.1-8b-instant,2026-05-09T06:54:16.703754
1403,,NLP,NOQA,,scripts/mock_grayswan_timeout_server.py,True,Code Debt,3,The presence of the NOQA keyword suggests a potential code debt related to code style or formatting.,False,,General,llama-3.1-8b-instant,2026-05-09T06:55:23.723769
1404,,NLP,NOQA,,scripts/mock_grayswan_timeout_server.py,True,Code Debt,3,Potential performance impact due to inefficient code structure,False,,General,llama-3.1-8b-instant,2026-05-09T06:57:10.655112
1405,,NLP,NOQA,,scripts/verify_adaptive_router.py,True,Code Debt,2,The presence of NOQA suggests a potential code debt due to a possible lack of adherence to coding standards.,False,,General,llama-3.1-8b-instant,2026-05-09T06:58:17.634741
1406,,NLP,NOQA,,scripts/verify_adaptive_router.py,True,Code Debt,2,The presence of the NOQA comment suggests a potential code debt related to code style or formatting.,False,,General,llama-3.1-8b-instant,2026-05-09T07:00:04.777544
1407,,NLP,NOQA,,tests/eval_swe_bench.py,True,Code Debt,2,Ignoring potential linting issues with NOQA,False,,General,llama-3.1-8b-instant,2026-05-09T07:00:35.005801
1408,,NLP,NOQA,,tests/eval_swe_bench.py,True,Code Debt,2,The presence of NOQA indicates a potential code debt related to code style or formatting.,False,,General,llama-3.1-8b-instant,2026-05-09T07:01:42.029703
1409,,NLP,NOQA,,tests/eval_swe_bench.py,True,Code Debt,2,The presence of NOQA suggests a potential code debt related to code style or formatting.,False,,General,llama-3.1-8b-instant,2026-05-09T07:03:24.976290
1410,,NLP,TODO,,tests/test_client.py,True,Code Debt,3,The presence of a TODO comment in a test file indicates a potential issue that needs to be addressed.,False,,General,llama-3.1-8b-instant,2026-05-09T07:04:31.006366
1411,,NLP,TODO,,tests/test_client.py,True,Code Debt,3,The presence of a TODO comment indicates a potential issue with the code itself.,False,,General,llama-3.1-8b-instant,2026-05-09T07:05:39.154972
1412,,NLP,TODO,,tests/test_models.py,True,Code Debt,3,The presence of a TODO comment in a test file indicates a potential issue that needs to be addressed.,False,,General,llama-3.1-8b-instant,2026-05-09T07:06:46.036998
1413,,NLP,TODO,,tests/test_models.py,True,Code Debt,3,The presence of a TODO comment in a test file indicates a potential issue that needs to be addressed.,False,,General,llama-3.1-8b-instant,2026-05-09T07:07:53.152260
1414,,NLP,NOQA,,tests/test_models.py,True,Code Debt,2,The presence of NOQA suggests a potential code debt related to code style or formatting.,False,,General,llama-3.1-8b-instant,2026-05-09T07:09:39.171857
1415,,NLP,NOQA,,tests/test_module_client.py,True,Code Debt,2,Ignoring potential linting issues with NOQA,False,,General,llama-3.1-8b-instant,2026-05-09T07:10:44.077671
1416,,NLP,NOQA,,tests/test_module_client.py,True,Code Debt,2,The presence of NOQA suggests a potential code debt related to code style or formatting.,False,,General,llama-3.1-8b-instant,2026-05-09T07:11:53.069540
1417,,NLP,NOQA,,tests/test_module_client.py,True,Code Debt,2,Ignoring potential linting issues with NOQA,False,,General,llama-3.1-8b-instant,2026-05-09T07:12:58.901912
1418,,NLP,TODO,,tests/test_required_args.py,True,Inadequate Testing Debt,3,Presence of TODO comment in test file indicates incomplete or missing test cases.,False,,General,llama-3.1-8b-instant,2026-05-09T07:14:41.924038
1419,,NLP,BUG,,tests/test_chat_template_utils.py,True,Defect Debt,3,The presence of a BUG keyword in the comment indicates a defect in the code.,False,,General,llama-3.1-8b-instant,2026-05-09T07:16:28.878702
1420,,NLP,TEMP,,tests/test_cli.py,True,Test Debt,3,Use of TEMP keyword in test file suggests temporary or incomplete testing,False,,General,llama-3.1-8b-instant,2026-05-09T07:16:57.733403
1421,,NLP,TEMP,,tests/test_cli_utils.py,True,Code Debt,3,Use of TEMP keyword suggests temporary or workaround code,False,,General,llama-3.1-8b-instant,2026-05-09T07:18:01.620470
1422,,NLP,TEMP,,tests/test_cli_utils.py,True,Test Debt,3,Use of TEMP keyword in test file suggests temporary or incomplete testing,False,,General,llama-3.1-8b-instant,2026-05-09T07:19:05.592199
1423,,NLP,TEMP,,tests/test_cli_utils.py,True,Test Debt,3,Temporary workaround in test file may indicate incomplete or inadequate testing,False,,General,llama-3.1-8b-instant,2026-05-09T07:20:49.833258
1424,,NLP,TEMP,,tests/test_cli_utils.py,True,Code Debt,3,"Temporary code (TEMP) suggests a workaround or quick fix, indicating potential technical debt.",False,,General,llama-3.1-8b-instant,2026-05-09T07:21:56.728831
1425,,NLP,BUG,,tests/test_grpo_trainer.py,True,Defect Debt,3,The presence of a BUG keyword in the comment indicates a defect in the code.,False,,General,llama-3.1-8b-instant,2026-05-09T07:23:03.613500
1426,,NLP,TEMP,,trl/_compat.py,True,Code Debt,3,Temporary workaround or hack in the codebase,False,,General,llama-3.1-8b-instant,2026-05-09T07:24:11.460519
1427,,NLP,BUG,,trl/chat_template_utils.py,True,Defect Debt,3,The presence of a BUG keyword in the comment indicates a defect in the code.,False,,General,llama-3.1-8b-instant,2026-05-09T07:25:17.335112
1428,,NLP,BUG,,trl/chat_template_utils.py,True,Defect Debt,3,The presence of a BUG keyword in the comment indicates a defect in the code.,False,,General,llama-3.1-8b-instant,2026-05-09T07:26:25.264652
1429,,NLP,TEMP,,trl/chat_template_utils.py,True,Prompt Template Debt,3,Potential impact on model performance due to outdated template,False,,General,llama-3.1-8b-instant,2026-05-09T07:27:32.399198
1430,,NLP,BUG,,trl/data_utils.py,True,Defect Debt,3,The presence of the keyword 'BUG' in the comment indicates a defect.,False,,General,llama-3.1-8b-instant,2026-05-09T07:28:38.343576
1431,,Computer Vision,NOQA,,demo/demo.py,True,Code Debt,2,The presence of NOQA suggests a potential code style or formatting issue.,False,,General,llama-3.1-8b-instant,2026-05-09T07:30:22.378379
1432,,Computer Vision,TEMP,,demo/demo.py,True,Code Debt,3,Temporary variable usage may indicate a lack of refactoring or code organization,False,,General,llama-3.1-8b-instant,2026-05-09T07:31:30.254125
1433,,Computer Vision,NOQA,,docs/conf.py,True,Code Debt,"The NOQA comment is used to suppress a linter warning, which is a cosmetic issue",,False,,General,llama-3.3-70b-versatile,2026-05-09T07:32:16.269686
1434,,Computer Vision,BUG,,docs/conf.py,True,Documentation Debt,3,The presence of a BUG keyword in a documentation file indicates a potential issue that needs to be addressed.,False,,General,llama-3.1-8b-instant,2026-05-09T07:32:35.130537
1435,,Computer Vision,NOQA,,docs/conf.py,True,Documentation Debt,2,The presence of NOQA suggests a potential documentation debt related to code style or formatting.,False,,General,llama-3.1-8b-instant,2026-05-09T07:33:43.009518
1436,,Computer Vision,TODO,,docs/conf.py,True,Documentation Debt,3,The presence of a TODO comment in the documentation file indicates a need for clarification or improvement.,False,,General,llama-3.1-8b-instant,2026-05-09T07:35:26.992975
1437,,Computer Vision,TODO,,docs/conf.py,True,Documentation Debt,3,Potential documentation issues may impact maintainability and readability.,False,,General,llama-3.1-8b-instant,2026-05-09T07:36:34.868026
1438,,Computer Vision,TODO,,docs/conf.py,True,Documentation Debt,3,Potential documentation issue may cause confusion or misinterpretation,False,,General,llama-3.1-8b-instant,2026-05-09T07:37:39.763442
1439,,Computer Vision,XXX,,docs/conf.py,True,Documentation Debt,2,The detected keyword XXX in the docs directory suggests a minor documentation issue,False,,General,llama-3.3-70b-versatile,2026-05-09T07:38:25.776403
1440,,Computer Vision,TODO,,setup.py,True,Code Debt,3,The presence of a TODO comment in the setup.py file indicates a potential issue that needs to be addressed.,False,,General,llama-3.1-8b-instant,2026-05-09T07:39:24.702530
1441,,Computer Vision,TEMP,,tests/test_checkpoint.py,True,Code Debt,3,Temporary workaround or hack in the codebase,False,,General,llama-3.1-8b-instant,2026-05-09T07:39:54.484138
1442,,Computer Vision,TEMP,,tests/test_checkpoint.py,True,Code Debt,3,Temporary code (TEMP) suggests a workaround or quick fix.,False,,General,llama-3.1-8b-instant,2026-05-09T07:41:37.525559
1443,,Computer Vision,TEMP,,tests/test_engine.py,True,Code Debt,3,Use of temporary keyword in a test file may indicate a code smell or a workaround.,False,,General,llama-3.1-8b-instant,2026-05-09T07:42:04.328431
1444,,Computer Vision,TEMP,,tests/test_engine.py,True,Code Debt,3,Temporary code (TEMP) suggests a workaround or quick fix.,False,,General,llama-3.1-8b-instant,2026-05-09T07:43:48.230379
1445,,Computer Vision,TEMP,,tests/test_engine.py,True,Code Debt,3,Temporary workaround or hack in the codebase,False,,General,llama-3.1-8b-instant,2026-05-09T07:44:56.152725
1446,,Computer Vision,TODO,,tests/test_engine.py,True,Code Debt,3,The presence of a TODO comment in a test file indicates a potential issue with the code itself.,False,,General,llama-3.1-8b-instant,2026-05-09T07:46:40.068020
1447,,Computer Vision,TEMP,,tests/test_engine.py,True,Code Debt,3,Temporary code (TEMP) suggests a workaround or quick fix.,False,,General,llama-3.1-8b-instant,2026-05-09T07:47:47.865114
1448,,Computer Vision,TEMP,,tests/test_engine.py,True,Code Debt,3,Temporary workaround or hack in the codebase,False,,General,llama-3.1-8b-instant,2026-05-09T07:49:33.807745
1449,,Computer Vision,TEMP,,tests/test_engine.py,True,Code Debt,3,Use of TEMP keyword in a test file may indicate a temporary solution or workaround.,False,,General,llama-3.1-8b-instant,2026-05-09T07:49:58.796221
1450,,Computer Vision,TEMP,,tests/test_engine.py,True,Code Debt,3,Use of TEMP keyword in a test file may indicate a temporary or workaround solution.,False,,General,llama-3.1-8b-instant,2026-05-09T07:51:44.766668
1451,,Computer Vision,TEMP,,tests/test_events.py,True,Code Debt,3,Use of temporary keyword suggests a workaround or quick fix in the code.,False,,General,llama-3.1-8b-instant,2026-05-09T07:52:17.643787
1452,,Computer Vision,TEMP,,tests/test_events.py,True,Code Debt,3,Use of temporary keyword suggests a workaround or quick fix in the code.,False,,General,llama-3.1-8b-instant,2026-05-09T07:53:54.493668
1453,,Computer Vision,TEMP,,tests/test_events.py,True,Code Debt,3,Temporary workaround or hack in the codebase,False,,General,llama-3.1-8b-instant,2026-05-09T07:55:40.372495
1454,,Computer Vision,TODO,,tests/test_export_caffe2.py,True,Test Debt,3,Potential test failure due to TODO comment,False,,General,llama-3.1-8b-instant,2026-05-09T07:56:06.132467
1455,,Computer Vision,TEMP,,tests/test_export_caffe2.py,True,Code Debt,3,Temporary workaround or hack in the codebase,False,,General,llama-3.1-8b-instant,2026-05-09T07:57:13.126500
1456,,Computer Vision,TODO,,tests/test_export_onnx.py,True,Code Debt,3,The presence of a TODO comment in a test file indicates a potential issue with the code.,False,,General,llama-3.1-8b-instant,2026-05-09T07:58:19.219926
1457,,Computer Vision,TODO,,tests/test_export_torchscript.py,True,Code Debt,3,The presence of a TODO comment in a test file indicates a potential issue that needs to be addressed.,False,,General,llama-3.1-8b-instant,2026-05-09T07:59:26.096018
1458,,Computer Vision,BUG,,tests/test_export_torchscript.py,True,Defect Debt,3,The presence of a BUG keyword in the comment indicates a defect in the code.,False,,General,llama-3.1-8b-instant,2026-05-09T08:00:35.044841
1459,,Computer Vision,TEMP,,tests/test_export_torchscript.py,True,Test Debt,2,The presence of 'TEMP' in a test file may indicate a temporary workaround or incomplete test case,False,,Model Deployment,llama-3.3-70b-versatile,2026-05-09T08:01:21.081227
1460,,Computer Vision,TODO,,tests/test_export_torchscript.py,True,Code Debt,3,The presence of a TODO comment indicates a potential issue with the code's implementation.,False,,General,llama-3.1-8b-instant,2026-05-09T08:02:20.069926
1461,,Computer Vision,TEMP,,tests/test_export_torchscript.py,True,Code Debt,3,Temporary workaround or hack in the codebase,False,,General,llama-3.1-8b-instant,2026-05-09T08:03:28.924170
1462,,Computer Vision,TEMP,,tests/test_export_torchscript.py,True,Code Debt,3,Temporary workaround or hack in the codebase,False,,General,llama-3.1-8b-instant,2026-05-09T08:04:34.920953
1463,,Computer Vision,NOQA,,tests/test_model_zoo.py,True,Code Debt,2,The presence of the NOQA keyword suggests a potential code debt related to code style or formatting.,False,,General,llama-3.1-8b-instant,2026-05-09T08:05:40.866855
1464,,Computer Vision,NOQA,,tests/test_solver.py,True,Code Debt,2,Ignoring potential linting issues with NOQA,False,,General,llama-3.1-8b-instant,2026-05-09T08:06:46.750884
1465,,Computer Vision,NOQA,,tests/test_solver.py,True,Code Debt,2,Ignoring potential linting issues with NOQA,False,,General,llama-3.1-8b-instant,2026-05-09T08:07:52.611360
1466,,Computer Vision,NOQA,,tests/test_solver.py,True,Code Debt,2,The presence of the NOQA keyword suggests a potential code debt related to code style or formatting.,False,,General,llama-3.1-8b-instant,2026-05-09T08:08:58.571677
1467,,Computer Vision,NOQA,,tests/test_solver.py,True,Code Debt,2,The presence of NOQA suggests a potential coding standard issue.,False,,General,llama-3.1-8b-instant,2026-05-09T08:10:42.481866
1468,,Computer Vision,NOQA,,tests/test_solver.py,True,Code Debt,2,Ignoring potential linting issues with NOQA,False,,General,llama-3.1-8b-instant,2026-05-09T08:11:50.664595
1469,,Computer Vision,NOQA,,tests/test_solver.py,True,Code Debt,2,The presence of NOQA suggests a potential code debt related to code style or formatting.,False,,General,llama-3.1-8b-instant,2026-05-09T08:13:34.592261
1470,,Computer Vision,NOQA,,tests/test_solver.py,True,Code Debt,3,The presence of the NOQA keyword suggests a potential code debt related to code style or formatting.,False,,General,llama-3.1-8b-instant,2026-05-09T08:14:42.522375
1471,,Computer Vision,NOQA,,tests/test_solver.py,True,Code Debt,2,The presence of NOQA suggests a potential code debt related to code style or formatting.,False,,General,llama-3.1-8b-instant,2026-05-09T08:15:48.461003
1472,,Computer Vision,NOQA,,tests/test_solver.py,True,Code Debt,2,Ignoring potential linting issues with NOQA,False,,General,llama-3.1-8b-instant,2026-05-09T08:16:52.261340
1473,,Computer Vision,NOQA,,tests/test_solver.py,True,Code Debt,2,The presence of NOQA suggests a potential code debt related to code style or formatting.,False,,General,llama-3.1-8b-instant,2026-05-09T08:18:38.176219
1474,,Computer Vision,TEMP,,tests/test_visualizer.py,True,Code Debt,3,Use of temporary keyword suggests a workaround or quick fix in the code.,False,,General,llama-3.1-8b-instant,2026-05-09T08:19:03.908513
1475,,Computer Vision,NOQA,,tools/analyze_model.py,True,Code Debt,3,The presence of NOQA suggests a potential code quality issue.,False,,General,llama-3.1-8b-instant,2026-05-09T08:20:09.759361
1476,,Computer Vision,NOQA,,tools/analyze_model.py,True,Code Debt,3,The presence of the NOQA keyword suggests a potential code debt related to code style or formatting.,False,,General,llama-3.1-8b-instant,2026-05-09T08:21:54.698636
1477,,Computer Vision,TODO,,models/yolo.py,True,Code Debt,3,The presence of a TODO comment in a production code file indicates a potential issue that needs to be addressed.,False,,General,llama-3.1-8b-instant,2026-05-09T08:23:00.893436
1478,,Computer Vision,BUG,,utils/activations.py,True,Defect Debt,3,The presence of a BUG keyword in the comment indicates a defect in the code.,False,,General,llama-3.1-8b-instant,2026-05-09T08:24:46.800820
1479,,Computer Vision,BUG,,utils/activations.py,True,Defect Debt,3,The presence of a BUG keyword in the comment indicates a defect in the code.,False,,General,llama-3.1-8b-instant,2026-05-09T08:25:14.536260
1480,,Computer Vision,BUG,,utils/activations.py,True,Defect Debt,3,The presence of a BUG keyword in the comment indicates a defect in the code.,False,,General,llama-3.1-8b-instant,2026-05-09T08:26:21.530372
1481,,Computer Vision,TODO,,utils/augmentations.py,True,Code Debt,3,The presence of a TODO comment in a utility file indicates a potential issue that needs to be addressed.,False,,General,llama-3.1-8b-instant,2026-05-09T08:28:07.508471
1482,,Computer Vision,TEMP,,utils/general.py,True,Code Debt,3,Temporary variable usage may indicate a lack of refactoring or code organization.,False,,General,llama-3.1-8b-instant,2026-05-09T08:28:36.276816
1483,,Computer Vision,NOQA,,.dev_scripts/batch_test_list.py,True,Code Debt,2,The presence of NOQA suggests a minor code issue that is being intentionally ignored,False,,General,llama-3.3-70b-versatile,2026-05-09T08:29:22.585409
1484,,Computer Vision,NOQA,,.dev_scripts/batch_test_list.py,True,Code Debt,2,The presence of the NOQA keyword suggests a potential code debt related to code style or formatting.,False,,General,llama-3.1-8b-instant,2026-05-09T08:29:44.390919
1485,,Computer Vision,NOQA,,.dev_scripts/batch_test_list.py,True,Code Debt,2,The presence of the NOQA keyword suggests a potential code debt related to code style or formatting.,False,,General,llama-3.1-8b-instant,2026-05-09T08:31:30.345807
1486,,Computer Vision,NOQA,,.dev_scripts/batch_test_list.py,True,Code Debt,2,The presence of the NOQA keyword suggests a potential code debt related to code style or formatting.,False,,General,llama-3.1-8b-instant,2026-05-09T08:32:39.243183
1487,,Computer Vision,NOQA,,.dev_scripts/batch_test_list.py,True,Code Debt,2,The presence of the NOQA keyword suggests a potential code debt related to code style or formatting.,False,,General,llama-3.1-8b-instant,2026-05-09T08:34:25.231615
1488,,Computer Vision,NOQA,,.dev_scripts/batch_test_list.py,True,Code Debt,2,The presence of the NOQA keyword suggests a potential code debt related to code style or formatting.,False,,General,llama-3.1-8b-instant,2026-05-09T08:35:34.098582
1489,,Computer Vision,NOQA,,.dev_scripts/batch_test_list.py,True,Code Debt,3,Potential code quality issue due to NOQA comment,False,,General,llama-3.1-8b-instant,2026-05-09T08:36:42.031958
1490,,Computer Vision,NOQA,,.dev_scripts/batch_test_list.py,True,Code Debt,2,The presence of the NOQA keyword suggests a potential code debt related to code style or formatting.,False,,General,llama-3.1-8b-instant,2026-05-09T08:37:49.910981
1491,,Computer Vision,NOQA,,.dev_scripts/batch_test_list.py,True,Code Debt,2,The presence of the NOQA keyword suggests a potential code debt related to code style or formatting.,False,,General,llama-3.1-8b-instant,2026-05-09T08:38:57.896388
1492,,Computer Vision,NOQA,,.dev_scripts/batch_test_list.py,True,Code Debt,2,The presence of the NOQA keyword suggests a potential code debt related to code style or formatting.,False,,General,llama-3.1-8b-instant,2026-05-09T08:40:44.899370
1493,,Computer Vision,NOQA,,.dev_scripts/batch_test_list.py,True,Code Debt,2,The presence of the NOQA keyword suggests a potential code debt related to code style or formatting.,False,,General,llama-3.1-8b-instant,2026-05-09T08:41:53.091781
1494,,Computer Vision,NOQA,,.dev_scripts/batch_test_list.py,True,Code Debt,2,The presence of the NOQA keyword suggests a potential code debt related to code style or formatting.,False,,General,llama-3.1-8b-instant,2026-05-09T08:43:02.048894
1495,,Computer Vision,NOQA,,.dev_scripts/batch_test_list.py,True,Code Debt,2,The presence of the NOQA keyword suggests a potential code debt related to code style or formatting.,False,,General,llama-3.1-8b-instant,2026-05-09T08:44:48.117411
1496,,Computer Vision,NOQA,,.dev_scripts/batch_test_list.py,True,Code Debt,2,The presence of the NOQA keyword suggests a potential code debt related to code style or formatting.,False,,General,llama-3.1-8b-instant,2026-05-09T08:45:18.884020
1497,,Computer Vision,NOQA,,.dev_scripts/batch_test_list.py,True,Code Debt,2,The presence of NOQA suggests a minor code issue that is being intentionally ignored,False,,General,llama-3.3-70b-versatile,2026-05-09T08:46:05.204520
1498,,Computer Vision,NOQA,,.dev_scripts/batch_test_list.py,True,Code Debt,2,The presence of the NOQA keyword suggests a potential code debt related to code style or formatting.,False,,General,llama-3.1-8b-instant,2026-05-09T08:47:05.036947
1499,,Computer Vision,NOQA,,.dev_scripts/batch_test_list.py,True,Code Debt,2,The presence of the NOQA keyword suggests a potential code debt related to code style or formatting.,False,,General,llama-3.1-8b-instant,2026-05-09T08:47:34.818979
1500,,Computer Vision,NOQA,,.dev_scripts/batch_test_list.py,True,Code Debt,2,The presence of the NOQA keyword suggests a potential code debt related to code style or formatting.,False,,General,llama-3.1-8b-instant,2026-05-09T08:48:42.817366
1501,,Computer Vision,NOQA,,.dev_scripts/batch_test_list.py,True,Code Debt,3,Potential code quality issue due to NOQA comment,False,,General,llama-3.1-8b-instant,2026-05-09T08:49:51.759747
1502,,Computer Vision,NOQA,,.dev_scripts/batch_test_list.py,True,Code Debt,2,The presence of the NOQA keyword suggests a potential code debt related to code style or formatting.,False,,General,llama-3.1-8b-instant,2026-05-09T08:50:57.691500
1503,,Computer Vision,NOQA,,.dev_scripts/batch_test_list.py,True,Code Debt,2,The presence of the NOQA keyword suggests a potential code debt related to code style or formatting.,False,,General,llama-3.1-8b-instant,2026-05-09T08:52:43.622130
1504,,Computer Vision,NOQA,,.dev_scripts/batch_test_list.py,True,Code Debt,2,The presence of the NOQA keyword suggests a potential coding standard deviation.,False,,General,llama-3.1-8b-instant,2026-05-09T08:53:14.686365
1505,,Computer Vision,NOQA,,.dev_scripts/batch_test_list.py,True,Code Debt,2,The presence of the NOQA keyword suggests a potential code debt related to code style or formatting.,False,,General,llama-3.1-8b-instant,2026-05-09T08:54:21.633066
1506,,Computer Vision,NOQA,,.dev_scripts/batch_test_list.py,True,Code Debt,3,Potential code quality issue due to NOQA comment,False,,General,llama-3.1-8b-instant,2026-05-09T08:56:07.586930
1507,,Computer Vision,NOQA,,.dev_scripts/batch_test_list.py,True,Code Debt,2,The presence of the NOQA keyword suggests a potential code debt related to code style or formatting.,False,,General,llama-3.1-8b-instant,2026-05-09T08:57:14.450681
1508,,Computer Vision,NOQA,,.dev_scripts/batch_test_list.py,True,Code Debt,2,The presence of the NOQA keyword suggests a potential code debt related to code style or formatting.,False,,General,llama-3.1-8b-instant,2026-05-09T08:58:23.386290
1509,,Computer Vision,NOQA,,.dev_scripts/batch_test_list.py,True,Code Debt,2,The presence of the NOQA keyword suggests a potential code debt related to code style or formatting.,False,,General,llama-3.1-8b-instant,2026-05-09T08:59:31.451152
1510,,Computer Vision,NOQA,,.dev_scripts/batch_test_list.py,True,Code Debt,2,The presence of the NOQA keyword suggests a potential code debt related to code style or formatting.,False,,General,llama-3.1-8b-instant,2026-05-09T09:00:01.284262
1511,,Computer Vision,NOQA,,.dev_scripts/batch_test_list.py,True,Code Debt,2,Potential code smell due to NOQA comment,False,,General,llama-3.1-8b-instant,2026-05-09T09:01:47.181451
1512,,Computer Vision,NOQA,,.dev_scripts/batch_test_list.py,True,Code Debt,2,The presence of the NOQA keyword suggests a potential code debt related to code style or formatting.,False,,General,llama-3.1-8b-instant,2026-05-09T09:02:16.019464
1513,,Computer Vision,NOQA,,.dev_scripts/batch_test_list.py,True,Code Debt,2,The presence of the NOQA keyword suggests a potential code debt related to code style or formatting.,False,,General,llama-3.1-8b-instant,2026-05-09T09:04:02.101555
1514,,Computer Vision,NOQA,,.dev_scripts/batch_test_list.py,True,Code Debt,2,The presence of the NOQA keyword suggests a potential code debt related to code style or formatting.,False,,General,llama-3.1-8b-instant,2026-05-09T09:05:10.983091
1515,,Computer Vision,NOQA,,.dev_scripts/batch_test_list.py,True,Code Debt,2,The presence of the NOQA keyword suggests a potential code debt related to code style or formatting.,False,,General,llama-3.1-8b-instant,2026-05-09T09:06:18.848573
1516,,Computer Vision,NOQA,,.dev_scripts/batch_test_list.py,True,Code Debt,2,The presence of the NOQA keyword suggests a potential code debt related to code style or formatting.,False,,General,llama-3.1-8b-instant,2026-05-09T09:07:27.791946
1517,,Computer Vision,NOQA,,.dev_scripts/batch_test_list.py,True,Code Debt,2,The presence of the NOQA keyword suggests a potential code debt related to code style or formatting.,False,,General,llama-3.1-8b-instant,2026-05-09T09:08:35.714822
1518,,Computer Vision,NOQA,,.dev_scripts/batch_test_list.py,True,Code Debt,2,The presence of the NOQA comment suggests a potential code debt related to code style or formatting.,False,,General,llama-3.1-8b-instant,2026-05-09T09:10:21.689412
1519,,Computer Vision,NOQA,,.dev_scripts/batch_test_list.py,True,Code Debt,2,The presence of the NOQA keyword suggests a potential code debt related to code style or formatting.,False,,General,llama-3.1-8b-instant,2026-05-09T09:11:30.560536
1520,,Computer Vision,NOQA,,.dev_scripts/batch_test_list.py,True,Code Debt,2,The presence of the NOQA keyword may indicate a code debt related to code style or formatting.,False,,General,llama-3.1-8b-instant,2026-05-09T09:12:38.579130
1521,,Computer Vision,NOQA,,.dev_scripts/batch_test_list.py,True,Code Debt,2,The presence of the NOQA keyword suggests a potential code debt related to code style or formatting.,False,,General,llama-3.1-8b-instant,2026-05-09T09:14:25.677049
1522,,Computer Vision,NOQA,,.dev_scripts/batch_test_list.py,True,Code Debt,3,Presence of NOQA keyword may indicate a code smell or a workaround in the codebase.,False,,General,llama-3.1-8b-instant,2026-05-09T09:15:34.530626
1523,,Computer Vision,NOQA,,.dev_scripts/batch_test_list.py,True,Code Debt,2,The presence of the NOQA keyword suggests a potential code debt related to code style or formatting.,False,,General,llama-3.1-8b-instant,2026-05-09T09:16:41.600579
1524,,Computer Vision,NOQA,,.dev_scripts/batch_test_list.py,True,Code Debt,2,The presence of the NOQA keyword suggests a potential code debt related to code style or formatting.,False,,General,llama-3.1-8b-instant,2026-05-09T09:17:49.483651
1525,,Computer Vision,NOQA,,.dev_scripts/batch_test_list.py,True,Code Debt,3,Ignoring potential linting issues may lead to code quality degradation over time.,False,,General,llama-3.1-8b-instant,2026-05-09T09:19:35.393387
1526,,Computer Vision,NOQA,,.dev_scripts/batch_test_list.py,True,Code Debt,2,The presence of the NOQA keyword suggests a potential code debt related to code style or formatting.,False,,General,llama-3.1-8b-instant,2026-05-09T09:20:44.318351
1527,,Computer Vision,NOQA,,.dev_scripts/batch_test_list.py,True,Code Debt,2,The presence of the NOQA keyword suggests a potential code debt related to code style or formatting.,False,,General,llama-3.1-8b-instant,2026-05-09T09:21:52.198398
1528,,Computer Vision,NOQA,,.dev_scripts/batch_test_list.py,True,Code Debt,2,The presence of NOQA suggests a minor code issue that is being intentionally ignored,False,,General,llama-3.3-70b-versatile,2026-05-09T09:22:38.470672
1529,,Computer Vision,NOQA,,.dev_scripts/batch_test_list.py,True,Code Debt,3,Potential code quality issue due to NOQA comment,False,,General,llama-3.1-8b-instant,2026-05-09T09:23:39.241803
1530,,Computer Vision,NOQA,,.dev_scripts/batch_test_list.py,True,Code Debt,2,The presence of the NOQA keyword may indicate a code debt related to code style or formatting.,False,,General,llama-3.1-8b-instant,2026-05-09T09:24:07.148238
1531,,Computer Vision,NOQA,,.dev_scripts/batch_test_list.py,True,Code Debt,3,Potential code quality issue due to NOQA comment,False,,General,llama-3.1-8b-instant,2026-05-09T09:25:54.058416
1532,,Computer Vision,NOQA,,.dev_scripts/batch_test_list.py,True,Code Debt,2,The presence of the NOQA keyword suggests a potential code debt related to code style or formatting.,False,,General,llama-3.1-8b-instant,2026-05-09T09:27:40.983803
1533,,Computer Vision,NOQA,,.dev_scripts/batch_test_list.py,True,Code Debt,2,The presence of the NOQA comment suggests a potential code debt related to code style or formatting.,False,,General,llama-3.1-8b-instant,2026-05-09T09:28:49.888409
1534,,Computer Vision,NOQA,,.dev_scripts/batch_test_list.py,True,Code Debt,2,The presence of NOQA suggests a minor code issue that is being intentionally ignored,False,,General,llama-3.3-70b-versatile,2026-05-09T09:29:35.923903
1535,,Computer Vision,NOQA,,.dev_scripts/batch_test_list.py,True,Code Debt,2,The presence of the NOQA keyword suggests a potential code debt related to code style or formatting.,False,,General,llama-3.1-8b-instant,2026-05-09T09:29:57.721785
1536,,Computer Vision,NOQA,,.dev_scripts/batch_test_list.py,True,Code Debt,2,The presence of the NOQA keyword suggests a potential code debt related to code style or formatting.,False,,General,llama-3.1-8b-instant,2026-05-09T09:31:06.585863
1537,,Computer Vision,NOQA,,.dev_scripts/batch_test_list.py,True,Code Debt,2,The presence of the NOQA keyword suggests a potential code debt related to code style or formatting.,False,,General,llama-3.1-8b-instant,2026-05-09T09:32:14.475397
1538,,Computer Vision,NOQA,,.dev_scripts/batch_test_list.py,True,Code Debt,2,The presence of NOQA suggests a minor code issue that is being intentionally ignored,False,,General,llama-3.3-70b-versatile,2026-05-09T09:33:00.552627
1539,,Computer Vision,NOQA,,.dev_scripts/batch_test_list.py,True,Code Debt,2,The presence of the NOQA keyword suggests a potential code debt related to code style or formatting.,False,,General,llama-3.1-8b-instant,2026-05-09T09:34:00.458130
1540,,Computer Vision,NOQA,,.dev_scripts/batch_test_list.py,True,Code Debt,3,Potential code quality issue due to NOQA comment,False,,General,llama-3.1-8b-instant,2026-05-09T09:35:09.275561
1541,,Computer Vision,NOQA,,.dev_scripts/batch_test_list.py,True,Code Debt,2,The presence of the NOQA comment may indicate a code debt related to code style or formatting.,False,,General,llama-3.1-8b-instant,2026-05-09T09:36:15.384869
1542,,Computer Vision,NOQA,,.dev_scripts/batch_test_list.py,True,Code Debt,2,The presence of the NOQA keyword suggests a potential code debt related to code style or formatting.,False,,General,llama-3.1-8b-instant,2026-05-09T09:37:23.351751
1543,,Computer Vision,NOQA,,.dev_scripts/batch_test_list.py,True,Code Debt,2,The presence of the NOQA keyword suggests a potential code debt related to code style or formatting.,False,,General,llama-3.1-8b-instant,2026-05-09T09:37:54.517696
1544,,Computer Vision,NOQA,,.dev_scripts/batch_test_list.py,True,Code Debt,3,Potential code quality issue due to NOQA comment,False,,General,llama-3.1-8b-instant,2026-05-09T09:39:40.557431
1545,,Computer Vision,NOQA,,.dev_scripts/batch_test_list.py,True,Code Debt,2,The presence of the NOQA keyword suggests a potential code debt related to code style or formatting.,False,,General,llama-3.1-8b-instant,2026-05-09T09:41:27.578785
1546,,Computer Vision,NOQA,,.dev_scripts/batch_test_list.py,True,Code Debt,2,The presence of the NOQA keyword suggests a potential code debt related to code style or formatting.,False,,General,llama-3.1-8b-instant,2026-05-09T09:42:35.412059
1547,,Computer Vision,NOQA,,.dev_scripts/batch_test_list.py,True,Code Debt,2,The presence of the NOQA keyword suggests a potential code debt related to code style or formatting.,False,,General,llama-3.1-8b-instant,2026-05-09T09:43:06.238914
1548,,Computer Vision,NOQA,,.dev_scripts/batch_test_list.py,True,Code Debt,2,The presence of NOQA suggests a minor code issue that is being intentionally ignored,False,,General,llama-3.3-70b-versatile,2026-05-09T09:43:52.339402
1549,,Computer Vision,NOQA,,.dev_scripts/batch_test_list.py,True,Code Debt,2,The presence of the NOQA keyword suggests a potential code debt related to code style or formatting.,False,,General,llama-3.1-8b-instant,2026-05-09T09:44:52.247335
1550,,Computer Vision,NOQA,,.dev_scripts/batch_test_list.py,True,Code Debt,2,The presence of the NOQA keyword suggests a potential code debt related to code style or formatting.,False,,General,llama-3.1-8b-instant,2026-05-09T09:46:00.133741
1551,,Computer Vision,NOQA,,.dev_scripts/batch_test_list.py,True,Code Debt,2,The presence of the NOQA keyword suggests a potential code debt related to code style or formatting.,False,,General,llama-3.1-8b-instant,2026-05-09T09:46:30.885190
1552,,Computer Vision,NOQA,,.dev_scripts/batch_test_list.py,True,Code Debt,2,The presence of the NOQA keyword suggests a potential code debt related to code style or formatting.,False,,General,llama-3.1-8b-instant,2026-05-09T09:48:14.929195
1553,,Computer Vision,NOQA,,.dev_scripts/batch_test_list.py,True,Code Debt,2,The presence of the NOQA keyword suggests a potential code debt related to code style or formatting.,False,,General,llama-3.1-8b-instant,2026-05-09T09:49:23.833139
1554,,Computer Vision,NOQA,,.dev_scripts/batch_test_list.py,True,Code Debt,2,The presence of the NOQA keyword suggests a potential code debt related to code style or formatting.,False,,General,llama-3.1-8b-instant,2026-05-09T09:50:31.954390
1555,,Computer Vision,NOQA,,.dev_scripts/batch_test_list.py,True,Code Debt,2,The presence of the NOQA keyword suggests a potential code debt related to code style or formatting.,False,,General,llama-3.1-8b-instant,2026-05-09T09:52:18.014946
1556,,Computer Vision,NOQA,,.dev_scripts/batch_test_list.py,True,Code Debt,3,Potential code quality issue due to NOQA comment,False,,General,llama-3.1-8b-instant,2026-05-09T09:53:26.022766
1557,,Computer Vision,NOQA,,.dev_scripts/batch_test_list.py,True,Code Debt,2,The presence of the NOQA keyword may indicate a code debt related to code style or formatting.,False,,General,llama-3.1-8b-instant,2026-05-09T09:54:33.041804
1558,,Computer Vision,NOQA,,.dev_scripts/batch_test_list.py,True,Code Debt,2,The presence of the NOQA keyword may indicate a code debt related to code style or formatting.,False,,General,llama-3.1-8b-instant,2026-05-09T09:56:19.971954
1559,,Computer Vision,NOQA,,.dev_scripts/batch_test_list.py,True,Code Debt,3,Potential code quality issue due to NOQA comment,False,,General,llama-3.1-8b-instant,2026-05-09T09:57:28.799047
1560,,Computer Vision,NOQA,,.dev_scripts/batch_test_list.py,True,Code Debt,2,The presence of the NOQA keyword suggests a potential code debt related to code style or formatting.,False,,General,llama-3.1-8b-instant,2026-05-09T09:58:35.683939
1561,,Computer Vision,NOQA,,.dev_scripts/batch_test_list.py,True,Code Debt,2,The presence of the NOQA keyword suggests a potential code debt related to code style or formatting.,False,,General,llama-3.1-8b-instant,2026-05-09T09:59:43.560874
1562,,Computer Vision,NOQA,,.dev_scripts/batch_test_list.py,True,Code Debt,2,The use of NOQA suggests a minor code issue that is being intentionally ignored,False,,General,llama-3.3-70b-versatile,2026-05-09T10:00:29.655134
1563,,Computer Vision,NOQA,,.dev_scripts/batch_test_list.py,True,Code Debt,2,The presence of the NOQA keyword suggests a potential code debt related to code style or formatting.,False,,General,llama-3.1-8b-instant,2026-05-09T10:01:30.465178
1564,,Computer Vision,NOQA,,.dev_scripts/batch_test_list.py,True,Code Debt,2,The presence of the NOQA keyword suggests a potential code debt related to code style or formatting.,False,,General,llama-3.1-8b-instant,2026-05-09T10:02:39.702733
1565,,Computer Vision,NOQA,,.dev_scripts/batch_test_list.py,True,Code Debt,2,The presence of NOQA suggests a minor code issue that is being intentionally ignored,False,,General,llama-3.3-70b-versatile,2026-05-09T10:03:25.785105
1566,,Computer Vision,NOQA,,.dev_scripts/batch_test_list.py,True,Code Debt,2,The presence of the NOQA keyword suggests a potential code debt related to code style or formatting.,False,,General,llama-3.1-8b-instant,2026-05-09T10:03:47.566281
1567,,Computer Vision,NOQA,,.dev_scripts/batch_test_list.py,True,Code Debt,3,Potential code quality issue due to NOQA comment,False,,General,llama-3.1-8b-instant,2026-05-09T10:05:33.635485
1568,,Computer Vision,NOQA,,.dev_scripts/batch_test_list.py,True,Code Debt,2,The presence of the NOQA keyword suggests a potential code debt related to code style or formatting.,False,,General,llama-3.1-8b-instant,2026-05-09T10:06:41.659640
1569,,Computer Vision,NOQA,,.dev_scripts/batch_test_list.py,True,Code Debt,2,The presence of the NOQA keyword suggests a potential code debt related to code style or formatting.,False,,General,llama-3.1-8b-instant,2026-05-09T10:08:28.580684
1570,,Computer Vision,NOQA,,.dev_scripts/batch_test_list.py,True,Code Debt,3,Potential code quality issue due to NOQA comment,False,,General,llama-3.1-8b-instant,2026-05-09T10:09:37.519341
1571,,Computer Vision,NOQA,,.dev_scripts/batch_test_list.py,True,Code Debt,2,The presence of the NOQA keyword suggests a potential code debt related to code style or formatting.,False,,General,llama-3.1-8b-instant,2026-05-09T10:10:44.536746
1572,,Computer Vision,NOQA,,.dev_scripts/batch_test_list.py,True,Code Debt,2,The presence of the NOQA keyword suggests a potential code debt related to code style or formatting.,False,,General,llama-3.1-8b-instant,2026-05-09T10:12:30.463927
1573,,Computer Vision,NOQA,,.dev_scripts/batch_test_list.py,True,Code Debt,3,Potential code quality issue due to NOQA comment,False,,General,llama-3.1-8b-instant,2026-05-09T10:13:38.304894
1574,,Computer Vision,NOQA,,.dev_scripts/batch_test_list.py,True,Code Debt,2,The presence of the NOQA keyword suggests a potential code debt related to code style or formatting.,False,,General,llama-3.1-8b-instant,2026-05-09T10:14:47.602269
1575,,Computer Vision,NOQA,,.dev_scripts/batch_test_list.py,True,Code Debt,2,The presence of the NOQA keyword suggests a potential code debt related to code style or formatting.,False,,General,llama-3.1-8b-instant,2026-05-09T10:15:55.509558
1576,,Computer Vision,NOQA,,.dev_scripts/batch_test_list.py,True,Code Debt,2,The presence of the NOQA keyword suggests a potential code debt related to code style or formatting.,False,,General,llama-3.1-8b-instant,2026-05-09T10:17:03.548691
1577,,Computer Vision,NOQA,,.dev_scripts/batch_test_list.py,True,Code Debt,2,The presence of NOQA suggests a minor code issue that is being intentionally ignored,False,,General,llama-3.3-70b-versatile,2026-05-09T10:17:49.697037
1578,,Computer Vision,NOQA,,.dev_scripts/batch_test_list.py,True,Code Debt,2,The presence of the NOQA keyword suggests a potential code debt related to code style or formatting.,False,,General,llama-3.1-8b-instant,2026-05-09T10:18:11.456473
1579,,Computer Vision,NOQA,,.dev_scripts/batch_test_list.py,True,Code Debt,2,The presence of NOQA suggests a minor code issue that is being intentionally ignored,False,,General,llama-3.3-70b-versatile,2026-05-09T10:18:57.486244
1580,,Computer Vision,NOQA,,.dev_scripts/batch_test_list.py,True,Code Debt,2,The presence of the NOQA keyword suggests a potential code debt related to code style or formatting.,False,,General,llama-3.1-8b-instant,2026-05-09T10:19:20.394978
1581,,Computer Vision,NOQA,,.dev_scripts/batch_test_list.py,True,Code Debt,2,The presence of the NOQA keyword suggests a potential code debt related to code style or formatting.,False,,General,llama-3.1-8b-instant,2026-05-09T10:21:06.424002
1582,,Computer Vision,NOQA,,.dev_scripts/batch_test_list.py,True,Code Debt,3,Potential code quality issue due to NOQA comment,False,,General,llama-3.1-8b-instant,2026-05-09T10:22:15.292840
1583,,Computer Vision,NOQA,,.dev_scripts/batch_test_list.py,True,Code Debt,3,Potential code quality issue due to NOQA comment,False,,General,llama-3.1-8b-instant,2026-05-09T10:23:22.256128
1584,,Computer Vision,NOQA,,.dev_scripts/batch_test_list.py,True,Code Debt,2,The presence of NOQA suggests a minor code issue that is being intentionally ignored,False,,General,llama-3.3-70b-versatile,2026-05-09T10:24:08.372336
1585,,Computer Vision,NOQA,,.dev_scripts/batch_test_list.py,True,Code Debt,2,The presence of the NOQA keyword suggests a potential code debt related to code style or formatting.,False,,General,llama-3.1-8b-instant,2026-05-09T10:24:29.257385
1586,,Computer Vision,NOQA,,.dev_scripts/batch_test_list.py,True,Code Debt,2,The presence of NOQA suggests a minor code issue that is being intentionally ignored,False,,General,llama-3.3-70b-versatile,2026-05-09T10:25:15.331722
1587,,Computer Vision,NOQA,,.dev_scripts/batch_test_list.py,True,Code Debt,2,The presence of the NOQA keyword suggests a potential code debt related to code style or formatting.,False,,General,llama-3.1-8b-instant,2026-05-09T10:26:15.382056
1588,,Computer Vision,NOQA,,.dev_scripts/batch_test_list.py,True,Code Debt,2,The presence of the NOQA keyword suggests a potential code debt related to code style or formatting.,False,,General,llama-3.1-8b-instant,2026-05-09T10:27:23.311430
1589,,Computer Vision,NOQA,,.dev_scripts/batch_test_list.py,True,Code Debt,2,The presence of the NOQA keyword suggests a potential code debt related to code style or formatting.,False,,General,llama-3.1-8b-instant,2026-05-09T10:28:32.190450
1590,,Computer Vision,NOQA,,.dev_scripts/batch_test_list.py,True,Code Debt,3,Potential code quality issue due to NOQA comment,False,,General,llama-3.1-8b-instant,2026-05-09T10:29:40.171293
1591,,Computer Vision,NOQA,,.dev_scripts/batch_test_list.py,True,Code Debt,2,The presence of the NOQA keyword suggests a potential code debt related to code style or formatting.,False,,General,llama-3.1-8b-instant,2026-05-09T10:31:25.194517
1592,,Computer Vision,NOQA,,.dev_scripts/benchmark_filter.py,True,Code Debt,2,The presence of the NOQA keyword suggests a potential code debt related to code style or formatting.,False,,General,llama-3.1-8b-instant,2026-05-09T10:33:12.228295
1593,,Computer Vision,XXX,,.dev_scripts/benchmark_inference_fps.py,True,Performance Optimization Debt,3,Potential performance issue due to unknown implementation,False,,General,llama-3.1-8b-instant,2026-05-09T10:34:21.095737
1594,,Computer Vision,XXX,,.dev_scripts/benchmark_test.py,True,Code Debt,3,The presence of XXX in a comment suggests a workaround or a temporary solution in the code.,False,,General,llama-3.1-8b-instant,2026-05-09T10:35:27.184169
1595,,Computer Vision,TODO,,.dev_scripts/benchmark_test.py,True,Code Debt,3,The presence of a TODO comment in a code file indicates a potential issue that needs to be addressed.,False,,General,llama-3.1-8b-instant,2026-05-09T10:37:13.111947
1596,,Computer Vision,TODO,,.dev_scripts/benchmark_test.py,True,Code Debt,3,The presence of a TODO comment in a code file indicates a potential issue or incomplete implementation.,False,,General,llama-3.1-8b-instant,2026-05-09T10:38:22.021361
1597,,Computer Vision,TEMP,,.dev_scripts/benchmark_test.py,True,Code Debt,3,Potential performance impact due to temporary solutions,False,,General,llama-3.1-8b-instant,2026-05-09T10:40:07.024310
1598,,Computer Vision,XXX,,.dev_scripts/benchmark_train.py,True,Code Debt,3,The presence of XXX in a comment suggests a workaround or a temporary solution in the code.,False,,General,llama-3.1-8b-instant,2026-05-09T10:41:53.921301
1599,,Computer Vision,TODO,,.dev_scripts/benchmark_train.py,True,Code Debt,3,The presence of a TODO comment in a critical script indicates a need for refactoring or improvement.,False,,General,llama-3.1-8b-instant,2026-05-09T10:43:02.782112
1600,,Computer Vision,TODO,,.dev_scripts/benchmark_train.py,True,Code Debt,3,The presence of a TODO comment in a production script indicates a potential issue that needs to be addressed.,False,,General,llama-3.1-8b-instant,2026-05-09T10:44:10.691064
1601,,Computer Vision,TEMP,,.dev_scripts/benchmark_train.py,True,Code Debt,3,Temporary workaround or hack in the codebase,False,,General,llama-3.1-8b-instant,2026-05-09T10:45:18.598250
1602,,Computer Vision,XXX,,.dev_scripts/benchmark_valid_flops.py,True,Code Debt,3,The presence of XXX in a code comment indicates a potential issue or incomplete implementation.,False,,General,llama-3.1-8b-instant,2026-05-09T10:47:03.634485
1603,,Computer Vision,NOQA,,.dev_scripts/benchmark_valid_flops.py,True,Code Debt,2,The presence of the NOQA keyword suggests a potential code debt related to code style or formatting.,False,,General,llama-3.1-8b-instant,2026-05-09T10:47:34.515761
1604,,Computer Vision,TEMP,,.dev_scripts/benchmark_valid_flops.py,True,Code Debt,3,Use of temporary keyword suggests a workaround or quick fix in the code,False,,General,llama-3.1-8b-instant,2026-05-09T10:48:42.459766
1605,,Computer Vision,NOQA,,.dev_scripts/benchmark_valid_flops.py,True,Code Debt,2,The presence of NOQA suggests a minor code issue that is being intentionally ignored,False,,General,llama-3.3-70b-versatile,2026-05-09T10:49:28.500999
1606,,Computer Vision,NOQA,,.dev_scripts/benchmark_valid_flops.py,True,Code Debt,2,The presence of NOQA suggests a potential coding standard deviation or a deliberate choice to ignore a specific linter rule.,False,,General,llama-3.1-8b-instant,2026-05-09T10:49:49.354847
1607,,Computer Vision,TODO,,demo/create_result_gif.py,True,Code Debt,3,The presence of a TODO comment in a code file indicates a potential issue that needs to be addressed.,False,,General,llama-3.1-8b-instant,2026-05-09T10:50:58.731811
1608,,Computer Vision,NOQA,,demo/demo_multi_model.py,True,Code Debt,3,Potential code quality issue due to NOQA comment,False,,General,llama-3.1-8b-instant,2026-05-09T10:52:43.709261
1609,,Computer Vision,XXX,,demo/image_demo.py,True,Code Debt,3,The presence of XXX in a code comment indicates a potential issue or incomplete implementation.,False,,General,llama-3.1-8b-instant,2026-05-09T10:53:11.509143
1610,,Computer Vision,TODO,,demo/image_demo.py,True,Code Debt,3,The presence of a TODO comment in a production code file indicates a need for refactoring or improvement.,False,,General,llama-3.1-8b-instant,2026-05-09T10:54:18.596442
1611,,Computer Vision,NOQA,,demo/large_image_demo.py,True,Code Debt,2,The presence of NOQA suggests a potential coding standard deviation.,False,,General,llama-3.1-8b-instant,2026-05-09T10:56:04.525459
1612,,Computer Vision,TODO,,demo/large_image_demo.py,True,Code Debt,3,The presence of a TODO comment in a production code file indicates a potential issue that needs to be addressed.,False,,General,llama-3.1-8b-instant,2026-05-09T10:56:33.275932
1613,,Computer Vision,TEMP,,demo/mot_demo.py,True,Code Debt,3,Temporary workaround or hack in the code,False,,General,llama-3.1-8b-instant,2026-05-09T10:58:18.224021
1614,,Computer Vision,TODO,,mmdet/registry.py,True,Code Debt,3,The presence of a TODO comment in a code file indicates a potential issue that needs to be addressed.,False,,General,llama-3.1-8b-instant,2026-05-09T10:58:47.006280
1615,,Computer Vision,NOQA,,setup.py,True,Code Debt,2,Ignoring linting rules may lead to inconsistent code quality,False,,General,llama-3.1-8b-instant,2026-05-09T11:00:32.180187
1616,,Computer Vision,TODO,,tools/test.py,True,Code Debt,3,The presence of a TODO comment in a test file indicates a potential issue with the code itself.,False,,General,llama-3.1-8b-instant,2026-05-09T11:01:38.074162
1617,,Computer Vision,XXX,,tools/test.py,True,Code Debt,3,The presence of XXX in a test file indicates a potential code debt.,False,,General,llama-3.1-8b-instant,2026-05-09T11:03:24.058971
1618,,Computer Vision,TODO,,tools/test_tracking.py,True,Test Debt,3,The presence of a TODO comment in a test file indicates a potential issue with testing.,False,,General,llama-3.1-8b-instant,2026-05-09T11:03:53.167870
1619,,Computer Vision,XXX,,tools/test_tracking.py,True,Test Debt,3,Presence of XXX comment in test code indicates incomplete or untested functionality,False,,General,llama-3.1-8b-instant,2026-05-09T11:04:58.164279
1620,,Computer Vision,XXX,,tools/train.py,True,Code Debt,3,The detected keyword XXX in the tools/train.py file may indicate a potential issue with the code quality or implementation,False,,Model Training,llama-3.3-70b-versatile,2026-05-09T11:05:44.158728
1621,,Computer Vision,FIXME,,bulk_runner.py,True,Code Debt,3,The presence of FIXME comment indicates a need for code refactoring or improvement.,False,,General,llama-3.1-8b-instant,2026-05-09T11:06:40.955834
1622,,Computer Vision,FIXME,,legacy_train.py,True,Code Debt,3,The presence of FIXME comment indicates a need for code refactoring.,False,,General,llama-3.1-8b-instant,2026-05-09T11:07:08.728641
1623,,Computer Vision,FIXME,,legacy_train.py,True,Code Debt,3,The presence of FIXME comment indicates a need for code refactoring.,False,,General,llama-3.1-8b-instant,2026-05-09T11:08:16.678269
1624,,Computer Vision,FIXME,,legacy_train.py,True,Code Debt,3,The presence of a FIXME comment indicates a need for refactoring or improvement in the code.,False,,Model Training,llama-3.1-8b-instant,2026-05-09T11:09:21.697463
1625,,Computer Vision,FIXME,,legacy_train.py,True,Code Debt,3,The presence of FIXME comment indicates a need for code refactoring.,False,,Model Training,llama-3.1-8b-instant,2026-05-09T11:10:28.722726
1626,,Computer Vision,TEMP,,tests/test_models.py,True,Code Debt,3,Temporary workaround or hack in the codebase,False,,General,llama-3.1-8b-instant,2026-05-09T11:11:36.694133
1627,,Computer Vision,FIXME,,tests/test_models.py,True,Code Debt,3,The presence of FIXME comment indicates a need for refactoring or improvement in the code.,False,,General,llama-3.1-8b-instant,2026-05-09T11:13:19.639536
1628,,Computer Vision,TODO,,tests/test_models.py,True,Code Debt,3,The presence of a TODO comment in a test file indicates a potential issue with the code itself.,False,,General,llama-3.1-8b-instant,2026-05-09T11:13:49.407903
1629,,Computer Vision,FIXME,,tests/test_models.py,True,Code Debt,3,The presence of FIXME comment indicates a need for code refactoring or improvement.,False,,General,llama-3.1-8b-instant,2026-05-09T11:14:56.259684
1630,,Computer Vision,FIXME,,tests/test_models.py,True,Code Debt,3,The presence of FIXME comment indicates a need for code refactoring or improvement.,False,,General,llama-3.1-8b-instant,2026-05-09T11:16:03.338484
1631,,Computer Vision,HACK,,tests/test_optim.py,True,Code Debt,3,The presence of the HACK keyword in a test file indicates a potential code debt.,False,,General,llama-3.1-8b-instant,2026-05-09T11:17:10.182243
1632,,Computer Vision,FIXME,,tests/test_optim.py,True,Code Debt,3,The presence of FIXME comment indicates a need for code refactoring.,False,,General,llama-3.1-8b-instant,2026-05-09T11:18:18.286171
1633,,Computer Vision,FIXME,,train.py,True,Code Debt,3,The presence of FIXME comment indicates a potential issue in the code that needs to be addressed.,False,,General,llama-3.1-8b-instant,2026-05-09T11:20:01.316121
1634,,Computer Vision,FIXME,,train.py,True,Code Debt,3,The presence of FIXME comment indicates a need for refactoring or improvement in the code.,False,,General,llama-3.1-8b-instant,2026-05-09T11:20:29.204545
1635,,Computer Vision,FIXME,,train.py,True,Code Debt,3,The presence of FIXME comment indicates a need for code refactoring or improvement.,False,,General,llama-3.1-8b-instant,2026-05-09T11:21:34.136576
1636,,Computer Vision,FIXME,,train.py,True,Code Debt,3,The presence of FIXME comment indicates a potential issue in the code that needs to be addressed.,False,,Model Training,llama-3.1-8b-instant,2026-05-09T11:23:18.150995
1637,,Computer Vision,FIXME,,validate.py,True,Code Debt,3,The presence of FIXME comment indicates a potential issue in the code that needs to be addressed.,False,,General,llama-3.1-8b-instant,2026-05-09T11:23:48.036621
1638,,Computer Vision,TODO,,docs/build_docs.py,True,Documentation Debt,3,The presence of a TODO comment in a documentation file indicates a need for clarification or improvement.,False,,General,llama-3.1-8b-instant,2026-05-09T11:25:32.012011
1639,,Computer Vision,TEMP,,docs/build_docs.py,True,Documentation Debt,3,Temporary keyword used in documentation file,False,,General,llama-3.1-8b-instant,2026-05-09T11:26:40.073950
1640,,Computer Vision,TEMP,,docs/build_docs.py,True,Documentation Debt,3,TEMP keyword in a documentation file suggests temporary or incomplete documentation,False,,General,llama-3.1-8b-instant,2026-05-09T11:27:43.044744
1641,,Computer Vision,TODO,,docs/build_reference.py,True,Documentation Debt,3,The presence of a TODO comment in a documentation file indicates a need for clarification or improvement.,False,,General,llama-3.1-8b-instant,2026-05-09T11:28:50.929979
1642,,Computer Vision,TODO,,docs/build_reference.py,True,Documentation Debt,3,The presence of a TODO comment in a documentation file indicates a need for clarification or improvement.,False,,General,llama-3.1-8b-instant,2026-05-09T11:29:58.826457
1643,,Computer Vision,BUG,,tests/test_exports.py,True,Defect Debt,3,The presence of the keyword 'BUG' in the comment indicates a defect in the code.,False,,General,llama-3.1-8b-instant,2026-05-09T11:31:05.714510
1644,,Computer Vision,BUG,,tests/test_python.py,True,Defect Debt,The presence of a BUG keyword in a test file indicates a significant issue,,False,,Model Evaluation,llama-3.3-70b-versatile,2026-05-09T11:31:51.723322
1645,,Computer Vision,BUG,,tests/test_python.py,True,Defect Debt,3,The presence of a BUG keyword indicates a defect in the code.,False,,General,llama-3.1-8b-instant,2026-05-09T11:32:13.452076
1646,,Computer Vision,NOQA,,ultralytics/__init__.py,True,Code Debt,2,Ignoring potential linting issues with NOQA,False,,General,llama-3.1-8b-instant,2026-05-09T11:33:18.504674
1647,,Computer Vision,NOQA,,scripts/amg.py,True,Code Debt,3,Ignoring potential linting issues may lead to code quality degradation over time,False,,General,llama-3.1-8b-instant,2026-05-09T11:34:24.418929
1648,,Computer Vision,NOQA,,segment_anything/automatic_mask_generator.py,True,Code Debt,3,Potential code quality issue due to NOQA comment,False,,General,llama-3.1-8b-instant,2026-05-09T11:36:09.605846
1649,,Computer Vision,NOQA,,segment_anything/automatic_mask_generator.py,True,Code Debt,3,The presence of the NOQA keyword may indicate a code debt related to code style or formatting.,False,,General,llama-3.1-8b-instant,2026-05-09T11:36:38.991909
1650,,Computer Vision,BUG,,.github/process_commit.py,True,Defect Debt,3,The presence of the keyword 'BUG' in the comment indicates a defect in the code.,False,,General,llama-3.1-8b-instant,2026-05-09T11:37:46.011335
1651,,Computer Vision,FIXME,,test/builtin_dataset_mocks.py,True,Test Debt,2,The FIXME comment in a test file indicates a minor issue that needs to be addressed,False,,General,llama-3.3-70b-versatile,2026-05-09T11:38:32.001509
1652,,Computer Vision,TEMP,,test/builtin_dataset_mocks.py,True,Test Debt,3,Potential test data mismatch due to TEMP keyword,False,,General,llama-3.1-8b-instant,2026-05-09T11:38:53.746210
1653,,Computer Vision,TEMP,,test/builtin_dataset_mocks.py,True,Test Debt,3,Temporary workaround in test data may lead to incorrect test results,False,,General,llama-3.1-8b-instant,2026-05-09T11:40:37.759530
1654,,Computer Vision,FIXME,,test/common_extended_utils.py,True,Code Debt,3,The presence of FIXME comment indicates a need for code refactoring or improvement.,False,,General,llama-3.1-8b-instant,2026-05-09T11:42:23.777668
1655,,Computer Vision,HACK,,test/common_extended_utils.py,True,Code Debt,3,The presence of the HACK keyword indicates a workaround in the code.,False,,General,llama-3.1-8b-instant,2026-05-09T11:42:51.526061
1656,,Computer Vision,TEMP,,test/common_utils.py,True,Code Debt,3,Temporary variable or function name suggests potential for refactoring or improvement,False,,General,llama-3.1-8b-instant,2026-05-09T11:44:37.500124
1657,,Computer Vision,NOQA,,test/common_utils.py,True,Code Debt,2,Ignoring potential linting issues with NOQA,False,,General,llama-3.1-8b-instant,2026-05-09T11:46:23.672896
1658,,Computer Vision,NOQA,,test/common_utils.py,True,Code Debt,2,The presence of NOQA suggests a potential coding standard deviation.,False,,General,llama-3.1-8b-instant,2026-05-09T11:47:31.585673
1659,,Computer Vision,NOQA,,test/common_utils.py,True,Code Debt,2,The presence of NOQA suggests a potential coding standard deviation.,False,,General,llama-3.1-8b-instant,2026-05-09T11:48:37.447678
1660,,Computer Vision,TODO,,test/common_utils.py,True,Code Debt,3,The presence of a TODO comment indicates a potential issue or incomplete implementation in the code.,False,,General,llama-3.1-8b-instant,2026-05-09T11:49:43.337647
1661,,Computer Vision,TODO,,test/common_utils.py,True,Code Debt,3,The presence of a TODO comment in a utility file indicates a potential issue that needs to be addressed.,False,,General,llama-3.1-8b-instant,2026-05-09T11:50:51.385058
1662,,Computer Vision,FIXME,,test/common_utils.py,True,Code Debt,3,The presence of FIXME comment indicates a need for code refactoring.,False,,General,llama-3.1-8b-instant,2026-05-09T11:51:59.312799
1663,,Computer Vision,FIXME,,test/common_utils.py,True,Code Debt,3,The presence of FIXME indicates a need for code refactoring or improvement.,False,,General,llama-3.1-8b-instant,2026-05-09T11:53:04.273865
1664,,Computer Vision,TODO,,test/common_utils.py,True,Code Debt,3,The presence of a TODO comment in a utility file indicates a potential issue that needs to be addressed.,False,,General,llama-3.1-8b-instant,2026-05-09T11:54:50.345928
1665,,Computer Vision,TODO,,test/conftest.py,True,Test Debt,3,The presence of a TODO comment in a test file indicates a potential issue that needs to be addressed.,False,,General,llama-3.1-8b-instant,2026-05-09T11:55:20.224081
1666,,Computer Vision,TEMP,,test/datasets_utils.py,True,Code Debt,3,Use of temporary keyword suggests a workaround or quick fix in the code.,False,,General,llama-3.1-8b-instant,2026-05-09T11:56:28.090341
1667,,Computer Vision,TEMP,,test/datasets_utils.py,True,Code Debt,3,Use of temporary keyword suggests a workaround or quick fix in the code.,False,,General,llama-3.1-8b-instant,2026-05-09T11:58:10.045018
1668,,Computer Vision,TEMP,,test/datasets_utils.py,True,Code Debt,3,Temporary variable or function name suggests potential for refactoring or improvement,False,,General,llama-3.1-8b-instant,2026-05-09T11:59:18.433568
1669,,Computer Vision,TEMP,,test/datasets_utils.py,True,Code Debt,3,Temporary variable or function name suggests potential for refactoring or improvement,False,,General,llama-3.1-8b-instant,2026-05-09T12:00:25.320694
1670,,Computer Vision,TODO,,test/datasets_utils.py,True,Code Debt,3,The presence of a TODO comment indicates a potential issue with the code's maintainability or functionality.,False,,General,llama-3.1-8b-instant,2026-05-09T12:02:09.293233
1671,,Computer Vision,TODO,,test/smoke_test.py,True,Code Debt,3,The presence of a TODO comment indicates a potential issue with the code that needs to be addressed.,False,,General,llama-3.1-8b-instant,2026-05-09T12:03:17.192378
1672,,Computer Vision,TODO,,test/smoke_test.py,True,Code Debt,3,The presence of a TODO comment indicates a potential issue that needs to be addressed in the code.,False,,General,llama-3.1-8b-instant,2026-05-09T12:05:03.146402
1673,,Computer Vision,TEMP,,test/test_datasets.py,True,Test Debt,3,"Temporary dataset is used in testing, indicating a lack of proper testing data",False,,General,llama-3.1-8b-instant,2026-05-09T12:05:32.149137
1674,,Computer Vision,FIXME,,test/test_datasets.py,True,Code Debt,3,Code debt due to FIXME comment indicating potential issues in the test dataset,False,,General,llama-3.1-8b-instant,2026-05-09T12:06:39.152100
1675,,Computer Vision,NOQA,,test/test_datasets.py,True,Code Debt,2,The presence of the NOQA keyword suggests a potential code debt related to code style or formatting.,False,,General,llama-3.1-8b-instant,2026-05-09T12:07:46.345246
1676,,Computer Vision,WORKAROUND,,test/test_datasets_download.py,True,Test Debt,3,The presence of a workaround in a test file indicates a potential issue with the testing process,False,,Data Collection,llama-3.3-70b-versatile,2026-05-09T12:08:32.359150
1677,,Computer Vision,TODO,,test/test_datasets_download.py,True,Test Debt,3,The presence of a TODO comment in a test file indicates a potential issue with testing.,False,,General,llama-3.1-8b-instant,2026-05-09T12:08:53.235176
1678,,Computer Vision,TODO,,test/test_datasets_download.py,True,Code Debt,3,The presence of a TODO comment in a test file indicates a potential issue with the code's functionality.,False,,General,llama-3.1-8b-instant,2026-05-09T12:10:38.486559
1679,,Computer Vision,TODO,,test/test_datasets_video_utils.py,True,Code Debt,3,The presence of a TODO comment indicates a potential issue with the code's implementation.,False,,General,llama-3.1-8b-instant,2026-05-09T12:11:08.365898
1680,,Computer Vision,FIXME,,test/test_extended_models.py,True,Code Debt,3,The presence of FIXME comment indicates a need for code refactoring or improvement.,False,,General,llama-3.1-8b-instant,2026-05-09T12:12:53.460935
1681,,Computer Vision,FIXME,,test/test_extended_models.py,True,Test Debt,2,The FIXME comment in a test file indicates a minor issue that needs to be addressed,False,,Model Evaluation,llama-3.3-70b-versatile,2026-05-09T12:13:39.552012
1682,,Computer Vision,TODO,,test/test_functional_tensor.py,True,Code Debt,3,The presence of a TODO comment indicates a potential issue with the code's functionality.,False,,General,llama-3.1-8b-instant,2026-05-09T12:14:03.034973
1683,,Computer Vision,FIXME,,test/test_functional_tensor.py,True,Code Debt,3,The presence of FIXME comment indicates a need for code refactoring or improvement.,False,,General,llama-3.1-8b-instant,2026-05-09T12:15:47.109167
1684,,Computer Vision,TODO,,test/test_image.py,True,Code Debt,3,The presence of a TODO comment in a test file indicates a potential issue with the code itself.,False,,General,llama-3.1-8b-instant,2026-05-09T12:16:15.917654
1685,,Computer Vision,BUG,,test/test_image.py,True,Defect Debt,3,The presence of the keyword 'BUG' in the comment indicates a defect in the code.,False,,General,llama-3.1-8b-instant,2026-05-09T12:18:00.943930
1686,,Computer Vision,BUG,,test/test_image.py,True,Defect Debt,3,The presence of the keyword 'BUG' in the comment indicates a defect in the code.,False,,General,llama-3.1-8b-instant,2026-05-09T12:19:09.070482
1687,,Computer Vision,BUG,,test/test_image.py,True,Defect Debt,3,The presence of a BUG keyword indicates a defect in the code.,False,,General,llama-3.1-8b-instant,2026-05-09T12:20:21.163781
1688,,Computer Vision,TODO,,test/test_image.py,True,Code Debt,3,The presence of a TODO comment in a test file indicates a potential issue with the code itself.,False,,General,llama-3.1-8b-instant,2026-05-09T12:21:20.147935
1689,,Computer Vision,BUG,,test/test_image.py,True,Defect Debt,3,The presence of a BUG keyword in a test file indicates a defect in the code.,False,,General,llama-3.1-8b-instant,2026-05-09T12:22:27.016572
1690,,Computer Vision,NOQA,,test/test_image.py,True,Code Debt,2,Ignoring potential linting issues with NOQA,False,,General,llama-3.1-8b-instant,2026-05-09T12:23:35.114431
1691,,Computer Vision,TEMP,,test/test_io.py,True,Code Debt,3,Use of temporary keyword suggests a workaround or quick fix in the code.,False,,General,llama-3.1-8b-instant,2026-05-09T12:25:18.027893
1692,,Computer Vision,TEMP,,test/test_io.py,True,Code Debt,3,Use of temporary keyword suggests a workaround or quick fix in the code.,False,,General,llama-3.1-8b-instant,2026-05-09T12:25:44.804493
1693,,Computer Vision,TEMP,,test/test_io.py,True,Code Debt,3,Temporary variable usage may indicate a lack of proper abstraction or refactoring,False,,General,llama-3.1-8b-instant,2026-05-09T12:26:49.769203
1694,,Computer Vision,TODO,,test/test_io.py,True,Test Debt,2,The TODO comment in a test file indicates a low-priority task that needs to be addressed,False,,General,llama-3.3-70b-versatile,2026-05-09T12:27:35.798981
1695,,Computer Vision,TEMP,,test/test_models.py,True,Code Debt,3,Use of temporary keyword suggests a workaround or quick fix in the code.,False,,General,llama-3.1-8b-instant,2026-05-09T12:27:56.758219
1696,,Computer Vision,TODO,,test/test_models.py,True,Code Debt,3,The presence of a TODO comment in a test file indicates a potential issue with the code itself.,False,,General,llama-3.1-8b-instant,2026-05-09T12:29:39.795387
1697,,Computer Vision,TEMP,,test/test_models.py,True,Code Debt,3,"Temporary code (TEMP) suggests a workaround or quick fix, indicating potential technical debt.",False,,General,llama-3.1-8b-instant,2026-05-09T12:30:47.753055
1698,,Computer Vision,TODO,,test/test_models.py,True,Code Debt,3,The presence of a TODO comment in a test file indicates a potential issue with the code.,False,,General,llama-3.1-8b-instant,2026-05-09T12:31:54.587642
1699,,Computer Vision,FIXME,,test/test_models.py,True,Code Debt,3,The presence of FIXME comment indicates a need for code refactoring.,False,,General,llama-3.1-8b-instant,2026-05-09T12:33:40.506931
2751,N/A,MLOps,NOQA,,tests/test_utils.py,True,Code Debt,2,Ignoring potential linting issues with NOQA,False,,General,llama-3.1-8b-instant,2026-05-09T13:50:18.189394
2357,N/A,MLOps,NOQA,,scripts/check_for_technical_terms.py,True,Code Debt,2,The presence of NOQA indicates a potential code debt related to code style or formatting.,False,,General,llama-3.1-8b-instant,2026-05-09T13:50:19.940691
2399,N/A,MLOps,NOQA,,tasks.py,True,Code Debt,3,The presence of NOQA suggests a potential code quality issue.,False,,General,llama-3.1-8b-instant,2026-05-09T13:50:21.625167
2488,N/A,MLOps,FIXME,,tests/conftest.py,True,Inadequate Testing Debt,3,Presence of FIXME comment indicates a potential testing issue,False,,General,llama-3.1-8b-instant,2026-05-09T13:50:33.385907
2758,N/A,MLOps,FIXME,,tests/test_utils.py,True,Inadequate Testing Debt,3,The presence of FIXME comment indicates a potential issue that needs to be addressed.,False,,General,llama-3.1-8b-instant,2026-05-09T13:50:35.328490
2261,N/A,MLOps,NOQA,,great_expectations/util.py,True,Code Debt,3,Ignoring potential linting issues may lead to code quality degradation,False,,General,llama-3.1-8b-instant,2026-05-09T13:51:40.238510
2701,N/A,MLOps,FIXME,,tests/conftest.py,True,Inadequate Testing Debt,3,The presence of FIXME comment indicates a potential issue that needs to be addressed in the testing process.,False,,General,llama-3.1-8b-instant,2026-05-09T13:51:42.020015
2543,N/A,MLOps,NOQA,,tests/conftest.py,True,Code Debt,2,Ignoring potential linting issues with NOQA,False,,General,llama-3.1-8b-instant,2026-05-09T13:52:46.837856
2006,N/A,MLOps,NOQA,,wandb/wandb_agent.py,True,Code Debt,3,Ignoring potential linting issues with NOQA,False,,General,llama-3.1-8b-instant,2026-05-09T13:52:48.658134
2436,N/A,MLOps,FIXME,,tests/conftest.py,True,Inadequate Testing Debt,3,The presence of FIXME comment indicates a potential issue that needs to be addressed in the testing process.,False,,General,llama-3.1-8b-instant,2026-05-09T13:52:52.452545
2698,N/A,MLOps,FIXME,,tests/conftest.py,True,Inadequate Testing Debt,3,The presence of FIXME comment indicates a potential issue that needs to be addressed in the testing process.,False,,General,llama-3.1-8b-instant,2026-05-09T13:52:56.304378
2281,N/A,MLOps,FIXME,,great_expectations/util.py,True,Code Debt,3,The presence of a FIXME comment indicates a potential issue in the code that needs to be addressed.,False,,General,llama-3.1-8b-instant,2026-05-09T13:53:00.117238
2610,N/A,MLOps,FIXME,,tests/conftest.py,True,Inadequate Testing Debt,3,The presence of FIXME comment indicates a potential issue that needs to be addressed in the testing process.,False,,General,llama-3.1-8b-instant,2026-05-09T13:53:53.986503
2412,N/A,MLOps,NOQA,,tests/conftest.py,True,Code Debt,2,Ignoring potential linting issues with NOQA,False,,General,llama-3.1-8b-instant,2026-05-09T13:53:55.715699
1908,N/A,MLOps,NOQA,,dvc/dvcfile.py,True,Code Debt,3,Ignoring potential linting issues may lead to code quality degradation over time,False,,General,llama-3.1-8b-instant,2026-05-09T13:53:59.747345
2203,N/A,MLOps,FIXME,,great_expectations/util.py,True,Code Debt,3,The presence of a FIXME comment indicates a potential issue in the code that needs to be addressed.,False,,General,llama-3.1-8b-instant,2026-05-09T13:54:03.562839
2717,N/A,MLOps,FIXME,,tests/sqlalchemy_test_doubles.py,True,Inadequate Testing Debt,3,The presence of FIXME comment indicates a potential issue that needs to be addressed.,False,,General,llama-3.1-8b-instant,2026-05-09T13:55:40.645678
1968,N/A,MLOps,TEMP,,integration-tests/test_task_worker.py,True,Inadequate Testing Debt,3,Temporary workaround or placeholder in test code,False,,General,llama-3.1-8b-instant,2026-05-09T13:55:42.454121
1990,N/A,MLOps,TODO,,wandb/jupyter.py,True,Documentation Debt,3,The presence of a TODO comment indicates a need for documentation improvement.,False,,General,llama-3.1-8b-instant,2026-05-09T13:56:48.306233
2122,N/A,MLOps,TEMP,,kedro_benchmarks/benchmark_ocl.py,True,Code Debt,3,Use of temporary variable 'TEMP' may indicate a lack of proper variable naming or organization.,False,,General,llama-3.1-8b-instant,2026-05-09T13:56:50.149320
2505,N/A,MLOps,NOQA,,tests/conftest.py,True,Code Debt,2,Ignoring potential linting issues with NOQA,False,,General,llama-3.1-8b-instant,2026-05-09T13:57:55.339784
2153,N/A,MLOps,FIXME,,great_expectations/_version.py,True,Code Debt,3,The presence of FIXME indicates a potential issue in the code that needs to be addressed.,False,,General,llama-3.1-8b-instant,2026-05-09T13:57:57.158330
2590,N/A,MLOps,FIXME,,tests/conftest.py,True,Inadequate Testing Debt,3,The presence of FIXME comment indicates a potential issue that needs to be addressed in the testing process.,False,,General,llama-3.1-8b-instant,2026-05-09T13:58:00.984507
1902,N/A,MLOps,TODO,,dvc/database.py,True,Code Debt,3,The presence of a TODO comment in the code indicates a potential issue that needs to be addressed.,False,,General,llama-3.1-8b-instant,2026-05-09T13:58:04.733972
2187,N/A,MLOps,NOQA,,great_expectations/util.py,True,Code Debt,3,Ignoring potential linting issues may lead to code quality degradation over time.,False,,General,llama-3.1-8b-instant,2026-05-09T13:59:04.510316
2191,N/A,MLOps,FIXME,,great_expectations/util.py,True,Code Debt,3,The presence of FIXME indicates a potential issue with the code's functionality.,False,,General,llama-3.1-8b-instant,2026-05-09T13:59:06.289116
1939,N/A,MLOps,NOQA,,dvc/scm.py,True,Code Debt,2,The presence of NOQA suggests a potential coding standard deviation.,False,,General,llama-3.1-8b-instant,2026-05-09T13:59:10.037007
2097,N/A,MLOps,TEMP,,metaflow/multicore_utils.py,True,Code Debt,3,Use of temporary variables or flags (TEMP) may indicate a lack of proper code organization or refactoring.,False,,General,llama-3.1-8b-instant,2026-05-09T14:00:49.001769
2658,N/A,MLOps,FIXME,,tests/conftest.py,True,Inadequate Testing Debt,3,The presence of FIXME comment indicates a potential testing issue.,False,,General,llama-3.1-8b-instant,2026-05-09T14:00:50.733003
1971,N/A,MLOps,NOQA,,integration-tests/test_worker.py,True,Inadequate Testing Debt,3,Potential issues in integration tests may not be caught early enough,False,,General,llama-3.1-8b-instant,2026-05-09T14:00:54.502470
2016,N/A,MLOps,NOQA,,wandb/wandb_controller.py,True,Code Debt,3,Ignoring potential linting issues with NOQA,False,,General,llama-3.1-8b-instant,2026-05-09T14:00:58.240349
2540,N/A,MLOps,FIXME,,tests/conftest.py,True,Inadequate Testing Debt,3,Presence of FIXME comment in a test file indicates a potential issue with testing,False,,General,llama-3.1-8b-instant,2026-05-09T14:01:58.063858
2454,N/A,MLOps,FIXME,,tests/conftest.py,True,Inadequate Testing Debt,3,The presence of FIXME comment indicates a potential issue that needs to be addressed.,False,,General,llama-3.1-8b-instant,2026-05-09T14:01:59.786527
2774,N/A,MLOps,FIXME,,tests/test_utils.py,True,Inadequate Testing Debt,3,The presence of FIXME comment indicates a potential issue that needs to be addressed.,False,,General,llama-3.1-8b-instant,2026-05-09T14:02:03.578563
2137,N/A,MLOps,NOQA,,great_expectations/_docs_decorators.py,True,Documentation Debt,2,The presence of NOQA suggests a potential documentation issue.,False,,General,llama-3.1-8b-instant,2026-05-09T14:03:06.444660
2642,N/A,MLOps,FIXME,,tests/conftest.py,True,Inadequate Testing Debt,3,The presence of FIXME comment indicates a potential issue that needs to be addressed.,False,,General,llama-3.1-8b-instant,2026-05-09T14:03:08.189979
2138,N/A,MLOps,FIXME,,great_expectations/_docs_decorators.py,True,Documentation Debt,3,The FIXME comment indicates a need for documentation improvement.,False,,General,llama-3.1-8b-instant,2026-05-09T14:03:12.216731
2661,N/A,MLOps,NOQA,,tests/conftest.py,True,Code Debt,2,Ignoring potential linting issues with NOQA,False,,General,llama-3.1-8b-instant,2026-05-09T14:04:13.056895
2696,N/A,MLOps,FIXME,,tests/conftest.py,True,Inadequate Testing Debt,3,Presence of FIXME comment indicates a potential testing issue,False,,General,llama-3.1-8b-instant,2026-05-09T14:04:14.804466
2155,N/A,MLOps,FIXME,,great_expectations/_version.py,True,Code Debt,3,The presence of FIXME indicates a potential issue or bug in the code.,False,,General,llama-3.1-8b-instant,2026-05-09T14:04:18.943115
1891,N/A,MLOps,NOQA,,dvc/daemon.py,True,Code Debt,3,Potential code quality issue due to NOQA comment,False,,General,llama-3.1-8b-instant,2026-05-09T14:05:18.734510
2130,N/A,MLOps,NOQA,,kedro_benchmarks/benchmark_session.py,True,Code Debt,3,Potential code quality issue due to NOQA comment,False,,General,llama-3.1-8b-instant,2026-05-09T14:05:20.511850
2500,N/A,MLOps,FIXME,,tests/conftest.py,True,Inadequate Testing Debt,3,The presence of FIXME comment indicates a potential issue that needs to be addressed.,False,,General,llama-3.1-8b-instant,2026-05-09T14:05:24.513448
2449,N/A,MLOps,NOQA,,tests/conftest.py,True,Code Debt,2,Ignoring potential linting issues with NOQA,False,,General,llama-3.1-8b-instant,2026-05-09T14:07:02.355012
2202,N/A,MLOps,NOQA,,great_expectations/util.py,True,Code Debt,2,The presence of NOQA suggests a potential coding standard deviation.,False,,General,llama-3.1-8b-instant,2026-05-09T14:07:04.178866
1855,N/A,MLOps,NOQA,,mlflow/__init__.py,True,Code Debt,2,The presence of NOQA indicates a potential coding standard deviation.,False,,General,llama-3.1-8b-instant,2026-05-09T14:07:07.947501
1862,N/A,MLOps,NOQA,,tests/conftest.py,True,Code Debt,2,Ignoring potential linting issues with NOQA,False,,General,llama-3.1-8b-instant,2026-05-09T14:07:30.764018
2649,N/A,MLOps,NOQA,,tests/conftest.py,True,Code Debt,2,The presence of NOQA suggests a potential code debt related to code style or formatting.,False,,General,llama-3.1-8b-instant,2026-05-09T14:07:32.621652
1842,N/A,MLOps,BUG,,dev/update_changelog.py,True,Defect Debt,3,The presence of a BUG keyword in the comment indicates a defect in the code.,False,,General,llama-3.1-8b-instant,2026-05-09T14:07:36.460569
2346,N/A,MLOps,TODO,,scripts/check_for_technical_terms.py,True,Documentation Debt,3,The presence of TODO comment indicates a need for documentation or clarification.,False,,General,llama-3.1-8b-instant,2026-05-09T14:08:37.364053
2568,N/A,MLOps,FIXME,,tests/conftest.py,True,Inadequate Testing Debt,3,Presence of FIXME comment indicates a potential testing issue,False,,General,llama-3.1-8b-instant,2026-05-09T14:08:39.241431
2430,N/A,MLOps,FIXME,,tests/conftest.py,True,Inadequate Testing Debt,3,The presence of FIXME comment indicates a potential issue that needs to be addressed.,False,,General,llama-3.1-8b-instant,2026-05-09T14:08:43.097203
2641,N/A,MLOps,NOQA,,tests/conftest.py,True,Code Debt,2,Ignoring potential linting issues with NOQA,False,,General,llama-3.1-8b-instant,2026-05-09T14:08:47.122691
2383,N/A,MLOps,FIXME,,tasks.py,True,Code Debt,3,The presence of FIXME indicates a need for code refactoring or improvement.,False,,General,llama-3.1-8b-instant,2026-05-09T14:08:50.890693
2622,N/A,MLOps,FIXME,,tests/conftest.py,True,Inadequate Testing Debt,3,Presence of FIXME comment indicates a potential testing issue,False,,General,llama-3.1-8b-instant,2026-05-09T14:09:43.695141
2166,N/A,MLOps,NOQA,,great_expectations/_version.py,True,Code Debt,2,Ignoring potential linting issues with NOQA,False,,General,llama-3.1-8b-instant,2026-05-09T14:09:45.428143
2069,N/A,MLOps,TEMP,,tests/conftest.py,True,Inadequate Testing Debt,3,Temporary workaround or placeholder in test code,False,,General,llama-3.1-8b-instant,2026-05-09T14:09:49.454702
2423,N/A,MLOps,NOQA,,tests/conftest.py,True,Code Debt,2,Ignoring potential linting issues with NOQA,False,,General,llama-3.1-8b-instant,2026-05-09T14:09:53.197239
2030,N/A,MLOps,NOQA,,clearml/logger.py,True,Code Debt,2,The presence of NOQA suggests a potential coding standard deviation.,False,,General,llama-3.1-8b-instant,2026-05-09T14:11:28.241412
2262,N/A,MLOps,FIXME,,great_expectations/util.py,True,Code Debt,3,The presence of FIXME comment indicates a need for refactoring or improvement in the code.,False,,General,llama-3.1-8b-instant,2026-05-09T14:11:30.103384
2195,N/A,MLOps,FIXME,,great_expectations/util.py,True,Code Debt,3,The presence of FIXME comment indicates a need for refactoring or improvement in the code.,False,,General,llama-3.1-8b-instant,2026-05-09T14:11:34.084996
2364,N/A,MLOps,NOQA,,scripts/linter_ignores.py,True,Code Debt,2,Ignoring linter warnings can lead to inconsistent code quality,False,,General,llama-3.1-8b-instant,2026-05-09T14:11:37.843739
2236,N/A,MLOps,FIXME,,great_expectations/util.py,True,Code Debt,3,The presence of a FIXME comment indicates a potential issue or bug in the code.,False,,General,llama-3.1-8b-instant,2026-05-09T14:11:41.613490
1928,N/A,MLOps,NOQA,,dvc/output.py,True,Code Debt,3,Ignoring potential linting issues with NOQA,False,,General,llama-3.1-8b-instant,2026-05-09T14:12:35.359796
2415,N/A,MLOps,FIXME,,tests/conftest.py,True,Inadequate Testing Debt,3,The presence of FIXME comment indicates a potential issue that needs to be addressed in the testing process.,False,,General,llama-3.1-8b-instant,2026-05-09T14:12:37.110295
2554,N/A,MLOps,FIXME,,tests/conftest.py,True,Inadequate Testing Debt,3,Presence of FIXME comment indicates a potential testing issue,False,,General,llama-3.1-8b-instant,2026-05-09T14:12:41.240675
2773,N/A,MLOps,NOQA,,tests/test_utils.py,True,Code Debt,2,Ignoring potential linting issues with NOQA,False,,General,llama-3.1-8b-instant,2026-05-09T14:13:43.054316
2067,N/A,MLOps,TEMP,,tests/conftest.py,True,Inadequate Testing Debt,3,Temporary solution or workaround detected in testing code,False,,General,llama-3.1-8b-instant,2026-05-09T14:13:45.012959
2144,N/A,MLOps,FIXME,,great_expectations/_version.py,True,Code Debt,3,The presence of FIXME indicates a potential issue in the code that needs to be addressed.,False,,General,llama-3.1-8b-instant,2026-05-09T14:13:48.858852
2504,N/A,MLOps,FIXME,,tests/conftest.py,True,Inadequate Testing Debt,3,Presence of FIXME comment indicates a potential testing issue,False,,General,llama-3.1-8b-instant,2026-05-09T14:13:52.667033
2624,N/A,MLOps,FIXME,,tests/conftest.py,True,Inadequate Testing Debt,3,The presence of FIXME comment indicates a potential issue that needs to be addressed in the testing process.,False,,General,llama-3.1-8b-instant,2026-05-09T14:14:49.449372
1871,N/A,MLOps,NOQA,,dvc/__init__.py,True,Code Debt,2,Ignoring potential linting issues with NOQA,False,,General,llama-3.1-8b-instant,2026-05-09T14:14:51.186765
2045,N/A,MLOps,NOQA,,clearml/task.py,True,Code Debt,3,Ignoring potential linting issues with NOQA,False,,General,llama-3.1-8b-instant,2026-05-09T14:14:54.943390
2314,N/A,MLOps,NOQA,,scripts/build_api_docs.py,True,Documentation Debt,2,The presence of NOQA suggests a potential documentation issue.,False,,General,llama-3.1-8b-instant,2026-05-09T14:14:58.695545
2764,N/A,MLOps,FIXME,,tests/test_utils.py,True,Inadequate Testing Debt,3,The presence of FIXME comment indicates a potential issue that needs to be addressed.,False,,General,llama-3.1-8b-instant,2026-05-09T14:15:02.575944
1898,N/A,MLOps,NOQA,,dvc/database.py,True,Code Debt,3,Potential code quality issue due to NOQA comment,False,,General,llama-3.1-8b-instant,2026-05-09T14:15:06.420162
2728,N/A,MLOps,FIXME,,tests/test_ge_utils.py,True,Inadequate Testing Debt,3,The presence of FIXME comment indicates a potential issue that needs to be addressed in the testing process.,False,,General,llama-3.1-8b-instant,2026-05-09T14:15:10.149271
1899,N/A,MLOps,NOQA,,dvc/database.py,True,Code Debt,3,The presence of NOQA suggests a potential code quality issue.,False,,General,llama-3.1-8b-instant,2026-05-09T14:15:13.909980
2709,N/A,MLOps,FIXME,,tests/conftest.py,True,Inadequate Testing Debt,3,The presence of FIXME comment indicates a potential issue that needs to be addressed in the testing process.,False,,General,llama-3.1-8b-instant,2026-05-09T14:15:17.772960
2317,N/A,MLOps,NOQA,,scripts/build_api_docs.py,True,Documentation Debt,2,"The presence of NOQA suggests a potential documentation issue, but it's not severe enough to be critical.",False,,General,llama-3.1-8b-instant,2026-05-09T14:15:57.716410
2000,N/A,MLOps,TODO,,wandb/wandb_agent.py,True,Experiment Tracking Debt,3,The presence of a TODO comment in a critical component of the MLOps pipeline suggests a medium-severity debt.,False,,General,llama-3.1-8b-instant,2026-05-09T14:15:59.465121
2150,N/A,MLOps,FIXME,,great_expectations/_version.py,True,Code Debt,3,The presence of FIXME indicates a potential issue or bug in the code.,False,,General,llama-3.1-8b-instant,2026-05-09T14:16:03.408718
2778,N/A,MLOps,FIXME,,tests/test_utils.py,True,Inadequate Testing Debt,3,The presence of FIXME comment indicates a potential issue that needs to be addressed.,False,,General,llama-3.1-8b-instant,2026-05-09T14:16:07.159763
2194,N/A,MLOps,NOQA,,great_expectations/util.py,True,Code Debt,2,The presence of NOQA suggests a potential code debt related to code style or formatting.,False,,General,llama-3.1-8b-instant,2026-05-09T14:17:06.129666
2413,N/A,MLOps,FIXME,,tests/conftest.py,True,Inadequate Testing Debt,3,The presence of FIXME comment indicates a potential issue that needs to be addressed in the testing process.,False,,General,llama-3.1-8b-instant,2026-05-09T14:17:08.072837
2047,N/A,MLOps,NOQA,,clearml/task.py,True,Code Debt,3,Potential code quality issue due to NOQA comment,False,,General,llama-3.1-8b-instant,2026-05-09T14:17:12.003677
2799,N/A,MLOps,FIXME,,tests/test_utils.py,True,Inadequate Testing Debt,3,The presence of FIXME comment indicates a potential issue that needs to be addressed.,False,,General,llama-3.1-8b-instant,2026-05-09T14:17:16.161558
2126,N/A,MLOps,TEMP,,kedro_benchmarks/benchmark_ocl.py,True,Code Debt,3,Use of temporary variable 'TEMP' may indicate a lack of proper variable naming or organization.,False,,General,llama-3.1-8b-instant,2026-05-09T14:17:20.056989
1920,N/A,MLOps,NOQA,,dvc/logger.py,True,Code Debt,3,Ignoring potential linting issues may lead to code quality degradation,False,,General,llama-3.1-8b-instant,2026-05-09T14:18:50.852359
1895,N/A,MLOps,NOQA,,dvc/dagascii.py,True,Code Debt,3,Ignoring potential linting issues with NOQA,False,,General,llama-3.1-8b-instant,2026-05-09T14:18:52.806279
2652,N/A,MLOps,FIXME,,tests/conftest.py,True,Test Debt,3,The FIXME comment indicates a potential issue in the test code that needs to be addressed.,False,,General,llama-3.1-8b-instant,2026-05-09T14:18:56.638794
2678,N/A,MLOps,FIXME,,tests/conftest.py,True,Inadequate Testing Debt,3,The presence of FIXME comment indicates a potential issue that needs to be addressed in the testing process.,False,,General,llama-3.1-8b-instant,2026-05-09T14:19:00.409957
2429,N/A,MLOps,NOQA,,tests/conftest.py,True,Code Debt,2,Ignoring potential linting issues with NOQA,False,,General,llama-3.1-8b-instant,2026-05-09T14:19:04.314830
2646,N/A,MLOps,FIXME,,tests/conftest.py,True,Inadequate Testing Debt,3,Presence of FIXME comment indicates a potential testing issue,False,,General,llama-3.1-8b-instant,2026-05-09T14:19:08.094881
2042,N/A,MLOps,TEMP,,clearml/model.py,True,Code Debt,3,Temporary variable usage may lead to unclear code and maintenance issues,False,,General,llama-3.1-8b-instant,2026-05-09T14:19:11.893073
2514,N/A,MLOps,FIXME,,tests/conftest.py,True,Inadequate Testing Debt,3,The presence of FIXME comment indicates a potential issue that needs to be addressed.,False,,General,llama-3.1-8b-instant,2026-05-09T14:19:15.618120
2648,N/A,MLOps,FIXME,,tests/conftest.py,True,Inadequate Testing Debt,3,The presence of FIXME comment indicates a potential issue that needs to be addressed in the testing process.,False,,General,llama-3.1-8b-instant,2026-05-09T14:19:19.441174
2785,N/A,MLOps,NOQA,,tests/test_utils.py,True,Code Debt,2,Ignoring potential linting issues with NOQA,False,,General,llama-3.1-8b-instant,2026-05-09T14:19:23.196862
2041,N/A,MLOps,TEMP,,clearml/model.py,True,Code Debt,3,Use of temporary keyword suggests a workaround or quick fix in the code.,False,,General,llama-3.1-8b-instant,2026-05-09T14:19:26.932405
2705,N/A,MLOps,FIXME,,tests/conftest.py,True,Inadequate Testing Debt,3,The presence of FIXME comment indicates a potential issue that needs to be addressed.,False,,General,llama-3.1-8b-instant,2026-05-09T14:19:30.673295
2517,N/A,MLOps,NOQA,,tests/conftest.py,True,Code Debt,2,Ignoring potential linting issues with NOQA,False,,General,llama-3.1-8b-instant,2026-05-09T14:19:34.441508
2811,N/A,MLOps,TEMP,,tests/test_utils.py,True,Inadequate Testing Debt,3,Use of TEMP keyword in a test file suggests a lack of thorough testing or mocking of temporary data.,False,,General,llama-3.1-8b-instant,2026-05-09T14:19:38.164275
2139,N/A,MLOps,NOQA,,great_expectations/_docs_decorators.py,True,Documentation Debt,2,Ignoring potential linting issues may lead to inconsistent code quality,False,,General,llama-3.1-8b-instant,2026-05-09T14:20:38.102672
1918,N/A,MLOps,NOQA,,dvc/logger.py,True,Code Debt,3,Ignoring potential linting issues with NOQA,False,,General,llama-3.1-8b-instant,2026-05-09T14:20:39.838789
2496,N/A,MLOps,FIXME,,tests/conftest.py,True,Inadequate Testing Debt,3,The presence of FIXME comment indicates a potential issue that needs to be addressed.,False,,General,llama-3.1-8b-instant,2026-05-09T14:21:44.797428
2351,N/A,MLOps,NOQA,,scripts/check_for_technical_terms.py,True,Code Debt,2,Ignoring potential linting issues may lead to code quality degradation,False,,General,llama-3.1-8b-instant,2026-05-09T14:21:46.632089
2761,N/A,MLOps,FIXME,,tests/test_utils.py,True,Inadequate Testing Debt,3,The presence of FIXME comment indicates a potential issue that needs to be addressed.,False,,General,llama-3.1-8b-instant,2026-05-09T14:21:50.473397
2498,N/A,MLOps,FIXME,,tests/conftest.py,True,Inadequate Testing Debt,3,The presence of FIXME comment indicates a potential issue that needs to be addressed.,False,,General,llama-3.1-8b-instant,2026-05-09T14:22:52.371925
2400,N/A,MLOps,TODO,,tasks.py,True,Code Debt,3,The presence of a TODO comment indicates a potential issue or incomplete implementation in the code.,False,,General,llama-3.1-8b-instant,2026-05-09T14:22:54.196069
2350,N/A,MLOps,NOQA,,scripts/check_for_technical_terms.py,True,Code Debt,2,Ignoring potential linting issues may lead to code quality degradation over time,False,,General,llama-3.1-8b-instant,2026-05-09T14:22:58.054692
2386,N/A,MLOps,NOQA,,tasks.py,True,Code Debt,3,The presence of NOQA suggests a potential code style or formatting issue.,False,,General,llama-3.1-8b-instant,2026-05-09T14:24:38.886325
2750,N/A,MLOps,FIXME,,tests/test_utils.py,True,Inadequate Testing Debt,3,The presence of FIXME comment indicates a potential issue that needs to be addressed.,False,,General,llama-3.1-8b-instant,2026-05-09T14:24:40.861984
2086,N/A,MLOps,TODO,,metaflow/decorators.py,True,Code Debt,3,The presence of a TODO comment indicates a potential issue or incomplete implementation in the code.,False,,General,llama-3.1-8b-instant,2026-05-09T14:24:44.738059
2053,N/A,MLOps,NOQA,,clearml/task.py,True,Code Debt,3,The presence of NOQA suggests a potential code quality issue.,False,,General,llama-3.1-8b-instant,2026-05-09T14:25:47.539074
2691,N/A,MLOps,NOQA,,tests/conftest.py,True,Code Debt,2,Ignoring potential linting issues with NOQA,False,,General,llama-3.1-8b-instant,2026-05-09T14:25:49.281150
2693,N/A,MLOps,NOQA,,tests/conftest.py,True,Code Debt,2,Ignoring potential linting issues with NOQA,False,,General,llama-3.1-8b-instant,2026-05-09T14:26:53.131225
2268,N/A,MLOps,FIXME,,great_expectations/util.py,True,Code Debt,3,The presence of FIXME indicates a potential issue or bug in the code.,False,,General,llama-3.1-8b-instant,2026-05-09T14:26:54.872204
2564,N/A,MLOps,FIXME,,tests/conftest.py,True,Inadequate Testing Debt,3,The presence of FIXME comment indicates a potential issue that needs to be addressed in the testing process.,False,,General,llama-3.1-8b-instant,2026-05-09T14:26:58.652513
2333,N/A,MLOps,NOQA,,scripts/build_api_docs.py,True,Documentation Debt,2,The presence of NOQA suggests a potential documentation issue.,False,,General,llama-3.1-8b-instant,2026-05-09T14:27:58.451582
2548,N/A,MLOps,FIXME,,tests/conftest.py,True,Inadequate Testing Debt,3,The presence of FIXME comment indicates a potential testing issue.,False,,General,llama-3.1-8b-instant,2026-05-09T14:28:00.216625
2675,N/A,MLOps,NOQA,,tests/conftest.py,True,Code Debt,2,Ignoring potential linting issues with NOQA,False,,General,llama-3.1-8b-instant,2026-05-09T14:28:04.062725
2091,N/A,MLOps,WORKAROUND,,metaflow/lint.py,True,Code Debt,3,The presence of a WORKAROUND keyword in the code indicates a potential code smell or a temporary fix that needs to be reviewed and refactored.,False,,General,llama-3.1-8b-instant,2026-05-09T14:29:05.992402
2821,N/A,MLOps,BUG,,versioneer.py,True,Defect Debt,3,The presence of the keyword 'BUG' in the comment indicates a defect.,False,,General,llama-3.1-8b-instant,2026-05-09T14:29:07.845392
2358,N/A,MLOps,NOQA,,scripts/check_for_technical_terms.py,True,Code Debt,2,Ignoring potential linting issues may lead to inconsistent code quality,False,,General,llama-3.1-8b-instant,2026-05-09T14:29:11.691153
1887,N/A,MLOps,NOQA,,dvc/compare.py,True,Code Debt,2,Ignoring potential linting issues with NOQA,False,,General,llama-3.1-8b-instant,2026-05-09T14:30:15.518395
2433,N/A,MLOps,NOQA,,tests/conftest.py,True,Code Debt,2,Ignoring potential linting issues with NOQA,False,,General,llama-3.1-8b-instant,2026-05-09T14:30:17.300507
2363,N/A,MLOps,NOQA,,scripts/gen_stub.py,True,Code Debt,2,The presence of NOQA suggests a potential coding standard deviation.,False,,General,llama-3.1-8b-instant,2026-05-09T14:30:21.079877
1952,N/A,MLOps,TODO,,benches/bench_flows.py,True,Code Debt,3,The presence of a TODO comment indicates a potential issue with the code's implementation.,False,,General,llama-3.1-8b-instant,2026-05-09T14:31:23.004815
2780,N/A,MLOps,FIXME,,tests/test_utils.py,True,Inadequate Testing Debt,3,The presence of FIXME comment indicates a potential issue that needs to be addressed.,False,,General,llama-3.1-8b-instant,2026-05-09T14:31:24.747646
1857,N/A,MLOps,NOQA,,mlflow/__init__.py,True,Code Debt,3,Potential code quality issue due to NOQA comment,False,,General,llama-3.1-8b-instant,2026-05-09T14:31:28.653314
1904,N/A,MLOps,NOQA,,dvc/dirs.py,True,Code Debt,3,Ignoring potential linting issues may lead to code quality degradation,False,,General,llama-3.1-8b-instant,2026-05-09T14:32:30.553377
1876,N/A,MLOps,NOQA,,dvc/_debug.py,True,Code Debt,2,The presence of NOQA suggests a potential coding standard deviation.,False,,General,llama-3.1-8b-instant,2026-05-09T14:32:32.375387
2063,N/A,MLOps,HACK,,docs/sys_modules_mock.py,True,Code Debt,3,The presence of the HACK keyword in the comment suggests a workaround or a temporary fix in the code.,False,,General,llama-3.1-8b-instant,2026-05-09T14:32:36.165994
2184,N/A,MLOps,FIXME,,great_expectations/util.py,True,Code Debt,3,The presence of FIXME indicates a potential issue or bug in the code.,False,,General,llama-3.1-8b-instant,2026-05-09T14:32:39.947431
2107,N/A,MLOps,HACK,,docker-stack-docs/conf.py,True,Documentation Debt,3,The presence of a HACK comment suggests a workaround in documentation.,False,,General,llama-3.1-8b-instant,2026-05-09T14:32:43.790886
2121,N/A,MLOps,NOQA,,features/environment.py,True,Code Debt,2,Ignoring potential linting issues may lead to inconsistent code quality,False,,General,llama-3.1-8b-instant,2026-05-09T14:32:47.561305
2689,N/A,MLOps,FIXME,,tests/conftest.py,True,Inadequate Testing Debt,3,Presence of FIXME comment indicates a potential testing issue,False,,General,llama-3.1-8b-instant,2026-05-09T14:32:51.339360
2499,N/A,MLOps,NOQA,,tests/conftest.py,True,Code Debt,2,Ignoring potential linting issues with NOQA,False,,General,llama-3.1-8b-instant,2026-05-09T14:32:55.179132
2142,N/A,MLOps,FIXME,,great_expectations/_version.py,True,Code Debt,3,The presence of FIXME indicates a potential issue or bug in the code.,False,,General,llama-3.1-8b-instant,2026-05-09T14:32:58.999134
2381,N/A,MLOps,NOQA,,tasks.py,True,Code Debt,3,Ignoring potential linting issues with NOQA,False,,General,llama-3.1-8b-instant,2026-05-09T14:33:02.883330
2476,N/A,MLOps,FIXME,,tests/conftest.py,True,Inadequate Testing Debt,3,Presence of FIXME comment indicates a potential testing issue,False,,General,llama-3.1-8b-instant,2026-05-09T14:33:06.851435
2310,N/A,MLOps,NOQA,,scripts/build_api_docs.py,True,Documentation Debt,2,The presence of NOQA suggests a potential documentation issue.,False,,General,llama-3.1-8b-instant,2026-05-09T14:33:10.710712
2050,N/A,MLOps,NOQA,,clearml/task.py,True,Code Debt,3,Ignoring potential linting issues with NOQA,False,,General,llama-3.1-8b-instant,2026-05-09T14:34:12.443794
2098,N/A,MLOps,TEMP,,metaflow/multicore_utils.py,True,Code Debt,3,Use of temporary variable 'TEMP' may indicate a lack of proper variable naming or organization.,False,,General,llama-3.1-8b-instant,2026-05-09T14:34:14.201586
2767,N/A,MLOps,NOQA,,tests/test_utils.py,True,Code Debt,2,Ignoring potential linting issues with NOQA,False,,General,llama-3.1-8b-instant,2026-05-09T14:34:18.086692
2118,N/A,MLOps,TEMP,,proxy/get_proxy_url.py,True,Code Debt,3,Use of temporary keyword suggests a workaround or quick fix in the code,False,,General,llama-3.1-8b-instant,2026-05-09T14:34:21.849095
2178,N/A,MLOps,NOQA,,great_expectations/_version.py,True,Code Debt,2,Ignoring potential linting issues with NOQA,False,,General,llama-3.1-8b-instant,2026-05-09T14:34:25.896178
1892,N/A,MLOps,NOQA,,dvc/daemon.py,True,Code Debt,3,Ignoring potential linting issues may lead to code quality degradation,False,,General,llama-3.1-8b-instant,2026-05-09T14:34:29.781465
2294,N/A,MLOps,FIXME,,great_expectations/util.py,True,Code Debt,3,The presence of FIXME comment indicates a potential issue in the code that needs to be addressed.,False,,General,llama-3.1-8b-instant,2026-05-09T14:34:33.640374
2824,N/A,MLOps,NOQA,,flink-python/setup.py,True,Code Debt,2,Ignoring potential linting issues may lead to code quality degradation,False,,General,llama-3.1-8b-instant,2026-05-09T14:34:37.975962
2941,N/A,AutoML/RL,NOQA,,test/test_collectors.py,True,Code Debt,2,Ignoring potential linting issues with NOQA,False,,General,llama-3.1-8b-instant,2026-05-09T14:35:58.979216
2946,N/A,AutoML/RL,NOQA,,test/test_collectors.py,True,Code Debt,2,Ignoring potential linting issues with NOQA,False,,General,llama-3.1-8b-instant,2026-05-09T14:36:00.738306
3085,N/A,AutoML/RL,TEMP,,python_tests/test_storage_url.py,True,Test Debt,3,Temporary solution or workaround in test code,False,,General,llama-3.1-8b-instant,2026-05-09T14:36:04.489437
3052,N/A,AutoML/RL,NOQA,,optuna_dashboard/__init__.py,True,Code Debt,3,Ignoring potential linting issues with NOQA,False,,General,llama-3.1-8b-instant,2026-05-09T14:37:06.291717
2892,N/A,AutoML/RL,NOQA,,autosklearn/regression.py,True,Code Debt,3,Ignoring potential linting issues with NOQA,False,,General,llama-3.1-8b-instant,2026-05-09T14:37:08.051999
3075,N/A,AutoML/RL,TEMP,,python_tests/test_api.py,True,Test Debt,3,Temporary solution or workaround in test code,False,,General,llama-3.1-8b-instant,2026-05-09T14:37:12.187199
3002,N/A,AutoML/RL,NOQA,,test/test_utils.py,True,Code Debt,2,Ignoring potential linting issues with NOQA,False,,General,llama-3.1-8b-instant,2026-05-09T14:37:16.055399
3042,N/A,AutoML/RL,NOQA,,optuna_dashboard/__init__.py,True,Code Debt,3,Ignoring potential linting issues with NOQA,False,,General,llama-3.1-8b-instant,2026-05-09T14:37:19.818844
2835,N/A,AutoML/RL,TEMP,,tests/test_cli.py,True,Inadequate Testing Debt,3,Temporary solution or workaround detected in test code,False,,General,llama-3.1-8b-instant,2026-05-09T14:38:52.814566
2927,N/A,AutoML/RL,NOQA,,test/opengl_rendering.py,True,Code Debt,2,The presence of NOQA suggests a potential coding standard deviation.,False,,General,llama-3.1-8b-instant,2026-05-09T14:38:54.595915
2850,N/A,AutoML/RL,TEMP,,tests/test_cli.py,True,Inadequate Testing Debt,3,Temporary workaround or placeholder in test code,False,,General,llama-3.1-8b-instant,2026-05-09T14:38:58.358150
2937,N/A,AutoML/RL,TEMP,,test/smoke_test_deps.py,True,Inadequate Testing Debt,3,The presence of the keyword TEMP in a test file suggests incomplete or temporary testing.,False,,General,llama-3.1-8b-instant,2026-05-09T14:40:00.322045
2872,N/A,AutoML/RL,TEMP,,autosklearn/automl.py,True,Code Debt,3,Temporary workaround or hack in the codebase,False,,General,llama-3.1-8b-instant,2026-05-09T14:40:02.233281
3049,N/A,AutoML/RL,NOQA,,optuna_dashboard/__init__.py,True,Code Debt,3,Ignoring potential linting issues with NOQA,False,,General,llama-3.1-8b-instant,2026-05-09T14:40:06.013339
3019,N/A,AutoML/RL,TODO,,tianshou/trainer.py,True,Code Debt,3,The presence of a TODO comment in a critical code file indicates a potential issue that needs to be addressed.,False,,General,llama-3.1-8b-instant,2026-05-09T14:41:10.110559
3041,N/A,AutoML/RL,NOQA,,optuna_dashboard/__init__.py,True,Code Debt,3,Ignoring potential linting issues with NOQA,False,,General,llama-3.1-8b-instant,2026-05-09T14:41:11.982656
2905,N/A,AutoML/RL,TODO,,tests/test_distributions.py,True,Inadequate Testing Debt,3,Presence of TODO comment in a test file indicates incomplete or untested functionality.,False,,General,llama-3.1-8b-instant,2026-05-09T14:41:15.736494
2832,N/A,AutoML/RL,TEMP,,tests/test_cli.py,True,Inadequate Testing Debt,3,Use of TEMP keyword in test file suggests incomplete or temporary testing,False,,General,llama-3.1-8b-instant,2026-05-09T14:42:54.629493
3081,N/A,AutoML/RL,TODO,,python_tests/test_metric_names.py,True,Test Debt,3,Potential test failure due to TODO comment,False,,General,llama-3.1-8b-instant,2026-05-09T14:42:56.312945
2893,N/A,AutoML/RL,TODO,,autosklearn/smbo.py,True,Code Debt,3,The presence of a TODO comment indicates a potential issue or improvement in the code.,False,,General,llama-3.1-8b-instant,2026-05-09T14:43:00.049698
2967,N/A,AutoML/RL,TEMP,,test/test_loggers.py,True,Test Debt,3,Temporary logging solution may lead to debugging issues,False,,General,llama-3.1-8b-instant,2026-05-09T14:43:03.809240
2973,N/A,AutoML/RL,TEMP,,test/test_loggers.py,True,Test Debt,3,Temporary logging solution may lead to inconsistent test results,False,,General,llama-3.1-8b-instant,2026-05-09T14:44:03.560560
2845,N/A,AutoML/RL,TEMP,,tests/test_cli.py,True,Inadequate Testing Debt,3,Use of TEMP keyword in a test file suggests a temporary or incomplete test case.,False,,General,llama-3.1-8b-instant,2026-05-09T14:44:05.384895
3080,N/A,AutoML/RL,TEMP,,python_tests/test_config.py,True,Configuration Debt,3,Temporary configuration is used in the code,False,,General,llama-3.1-8b-instant,2026-05-09T14:44:09.147802
2935,N/A,AutoML/RL,NOQA,,test/smoke_test_deps.py,True,Code Debt,2,Ignoring potential linting issues,False,,General,llama-3.1-8b-instant,2026-05-09T14:45:10.028733
2962,N/A,AutoML/RL,HACK,,test/test_helpers.py,True,Code Debt,3,The presence of the HACK keyword in a comment suggests a workaround or a temporary solution in the code.,False,,General,llama-3.1-8b-instant,2026-05-09T14:45:11.833792
2904,N/A,AutoML/RL,HACK,,tests/test_cnn.py,True,Code Debt,3,The presence of the HACK keyword in a test file indicates a potential code debt.,False,,General,llama-3.1-8b-instant,2026-05-09T14:46:53.692487
2894,N/A,AutoML/RL,WORKAROUND,,doc/conf.py,True,Documentation Debt,3,The presence of a WORKAROUND comment in a documentation file indicates a need for clarification or improvement in the documentation.,False,,General,llama-3.1-8b-instant,2026-05-09T14:46:55.684857
3023,N/A,AutoML/RL,TODO,,setup.py,True,Code Debt,3,The presence of a TODO comment in the setup.py file indicates a potential issue that needs to be addressed.,False,,General,llama-3.1-8b-instant,2026-05-09T14:47:21.597007
2841,N/A,AutoML/RL,TEMP,,tests/test_cli.py,True,Inadequate Testing Debt,3,Temporary workaround or placeholder in test code,False,,General,llama-3.1-8b-instant,2026-05-09T14:47:23.479805
2856,N/A,AutoML/RL,TEMP,,tests/test_cli.py,True,Inadequate Testing Debt,3,Use of TEMP keyword in a test file suggests a potential issue with testing,False,,General,llama-3.1-8b-instant,2026-05-09T14:47:27.591508
2998,N/A,AutoML/RL,TEMP,,test/test_trainer.py,True,Test Debt,3,Insufficient testing for trainer functionality,False,,General,llama-3.1-8b-instant,2026-05-09T14:47:31.535596
3057,N/A,AutoML/RL,TODO,,optuna_dashboard/_app.py,True,Code Debt,3,The presence of a TODO comment in a production code file indicates a potential issue that needs to be addressed.,False,,General,llama-3.1-8b-instant,2026-05-09T14:48:30.486573
2996,N/A,AutoML/RL,TEMP,,test/test_trainer.py,True,Test Debt,3,Temporary solution or workaround in test code,False,,General,llama-3.1-8b-instant,2026-05-09T14:48:32.208182
2859,N/A,AutoML/RL,TEMP,,tests/test_cli.py,True,Inadequate Testing Debt,3,"TEMP keyword suggests a temporary or workaround solution in a test file, indicating inadequate testing",False,,General,llama-3.1-8b-instant,2026-05-09T14:48:36.012385
2958,N/A,AutoML/RL,NOQA,,test/test_collectors.py,True,Code Debt,2,Ignoring potential linting issues with NOQA,False,,General,llama-3.1-8b-instant,2026-05-09T14:48:39.789834
2899,N/A,AutoML/RL,TODO,,test/conftest.py,True,Test Debt,3,Potential test failure due to TODO comment,False,,General,llama-3.1-8b-instant,2026-05-09T14:49:38.643356
3065,N/A,AutoML/RL,TODO,,optuna_dashboard/_importance.py,True,Code Debt,3,The presence of a TODO comment indicates a potential issue or incomplete functionality in the code.,False,,General,llama-3.1-8b-instant,2026-05-09T14:49:40.346871
3035,N/A,AutoML/RL,TODO,,tests/test_continuous.py,True,Inadequate Testing Debt,3,Presence of TODO comment in test file indicates incomplete or missing test cases.,False,,General,llama-3.1-8b-instant,2026-05-09T14:49:44.301626
2836,N/A,AutoML/RL,TEMP,,tests/test_cli.py,True,Inadequate Testing Debt,3,Temporary workaround or placeholder in test code,False,,General,llama-3.1-8b-instant,2026-05-09T14:49:48.050781
2943,N/A,AutoML/RL,NOQA,,test/test_collectors.py,True,Code Debt,2,Ignoring potential linting issues with NOQA,False,,General,llama-3.1-8b-instant,2026-05-09T14:50:44.798653
2871,N/A,AutoML/RL,TEMP,,autosklearn/automl.py,True,Code Debt,3,Use of temporary keyword suggests a workaround or quick fix in the code.,False,,General,llama-3.1-8b-instant,2026-05-09T14:50:46.517192
2922,N/A,AutoML/RL,TODO,,tests/conftest.py,True,Inadequate Testing Debt,3,Presence of TODO comment in a test file indicates incomplete testing,False,,General,llama-3.1-8b-instant,2026-05-09T14:50:50.370484
2901,N/A,AutoML/RL,NOQA,,docs/conf.py,True,Documentation Debt,1,The presence of NOQA suggests a minor documentation issue.,False,,General,llama-3.1-8b-instant,2026-05-09T14:51:51.144625
2851,N/A,AutoML/RL,TEMP,,tests/test_cli.py,True,Inadequate Testing Debt,3,Temporary solution or workaround detected in test code,False,,General,llama-3.1-8b-instant,2026-05-09T14:51:52.845131
2990,N/A,AutoML/RL,TODO,,test/test_specs.py,True,Test Debt,3,Test is incomplete due to TODO comment,False,,General,llama-3.1-8b-instant,2026-05-09T14:51:56.568380
3030,N/A,AutoML/RL,DEBT,,scripts/triage_issues.py,True,Code Debt,3,The presence of the keyword 'DEBT' in a script file suggests a technical debt related to code quality or maintenance.,False,,General,llama-3.1-8b-instant,2026-05-09T14:52:00.486413
2844,N/A,AutoML/RL,TEMP,,tests/test_cli.py,True,Inadequate Testing Debt,3,Temporary workaround or placeholder in test code,False,,General,llama-3.1-8b-instant,2026-05-09T14:53:35.313194
2912,N/A,AutoML/RL,TEMP,,tests/test_save_load.py,True,Inadequate Testing Debt,3,Insufficient testing for save and load functionality,False,,General,llama-3.1-8b-instant,2026-05-09T14:53:37.004907
2968,N/A,AutoML/RL,TEMP,,test/test_loggers.py,True,Test Debt,3,Temporary logging solution may lead to debugging issues,False,,General,llama-3.1-8b-instant,2026-05-09T14:53:41.288280
2978,N/A,AutoML/RL,TEMP,,test/test_loggers.py,True,Test Debt,3,Potential test failure due to temporary logging setup,False,,General,llama-3.1-8b-instant,2026-05-09T14:53:45.084761
3020,N/A,AutoML/RL,TODO,,acme/specs.py,True,Code Debt,3,The presence of a TODO comment in a code file indicates a potential issue that needs to be addressed.,False,,General,llama-3.1-8b-instant,2026-05-09T14:54:43.890845
2940,N/A,AutoML/RL,NOQA,,test/test_collectors.py,True,Code Debt,2,Ignoring potential linting issues with NOQA,False,,General,llama-3.1-8b-instant,2026-05-09T14:54:45.694354
3006,N/A,AutoML/RL,NOQA,,torchrl/__init__.py,True,Code Debt,2,Ignoring potential linting issues with NOQA,False,,General,llama-3.1-8b-instant,2026-05-09T14:54:49.437103
3001,N/A,AutoML/RL,NOQA,,test/test_utils.py,True,Code Debt,2,Ignoring potential linting issues with NOQA,False,,General,llama-3.1-8b-instant,2026-05-09T14:54:53.196650
2923,N/A,AutoML/RL,TODO,,benchmarks/test_compressed_storage_benchmark.py,True,Test Debt,3,Potential test failure due to TODO comment,False,,General,llama-3.1-8b-instant,2026-05-09T14:55:53.107278
3003,N/A,AutoML/RL,NOQA,,test/test_utils.py,True,Code Debt,2,Ignoring potential linting issues may lead to inconsistent code quality,False,,General,llama-3.1-8b-instant,2026-05-09T14:55:54.916640
2886,N/A,AutoML/RL,NOQA,,autosklearn/estimators.py,True,Code Debt,3,Ignoring potential linting issues with NOQA,False,,General,llama-3.1-8b-instant,2026-05-09T14:55:58.768110
2842,N/A,AutoML/RL,TEMP,,tests/test_cli.py,True,Inadequate Testing Debt,3,Temporary solution or workaround detected in test code,False,,General,llama-3.1-8b-instant,2026-05-09T14:56:58.559903
2881,N/A,AutoML/RL,TODO,,autosklearn/automl.py,True,Code Debt,3,The presence of a TODO comment indicates a potential issue or incomplete functionality in the code.,False,,General,llama-3.1-8b-instant,2026-05-09T14:57:00.397544
2952,N/A,AutoML/RL,NOQA,,test/test_collectors.py,True,Code Debt,2,Ignoring potential linting issues with NOQA,False,,General,llama-3.1-8b-instant,2026-05-09T14:57:04.128007
2918,N/A,AutoML/RL,TEMP,,shell/contributors.py,True,Code Debt,3,"Temporary code (TEMP) suggests a workaround or quick fix, indicating potential technical debt.",False,,General,llama-3.1-8b-instant,2026-05-09T14:57:07.883171
3055,N/A,AutoML/RL,NOQA,,optuna_dashboard/__init__.py,True,Code Debt,2,The presence of NOQA suggests a potential coding standard deviation.,False,,General,llama-3.1-8b-instant,2026-05-09T14:58:43.703957
2908,N/A,AutoML/RL,NOQA,,tests/test_logger.py,True,Code Debt,2,The presence of NOQA suggests a potential coding standard deviation.,False,,General,llama-3.1-8b-instant,2026-05-09T14:58:45.704175
3011,N/A,AutoML/RL,NOQA,,torchrl/_utils.py,True,Code Debt,3,Ignoring potential linting issues may lead to code quality degradation over time.,False,,General,llama-3.1-8b-instant,2026-05-09T14:59:12.566771
2864,N/A,AutoML/RL,TODO,,tests/testing_env.py,True,Inadequate Testing Debt,3,The presence of TODO comment indicates a potential testing gap.,False,,General,llama-3.1-8b-instant,2026-05-09T14:59:14.435455
2969,N/A,AutoML/RL,TEMP,,test/test_loggers.py,True,Test Debt,3,Temporary logging solution may lead to debugging issues,False,,General,llama-3.1-8b-instant,2026-05-09T14:59:18.161450
3008,N/A,AutoML/RL,NOQA,,torchrl/__init__.py,True,Code Debt,2,Ignoring potential linting issues with NOQA,False,,General,llama-3.1-8b-instant,2026-05-09T14:59:22.266483
3058,N/A,AutoML/RL,TODO,,optuna_dashboard/_app.py,True,Code Debt,3,The presence of a TODO comment indicates a potential issue or incomplete implementation in the code.,False,,General,llama-3.1-8b-instant,2026-05-09T15:00:19.098269
2903,N/A,AutoML/RL,NOQA,,setup.py,True,Code Debt,2,Ignoring potential linting issues with NOQA,False,,General,llama-3.1-8b-instant,2026-05-09T15:00:21.168729
2945,N/A,AutoML/RL,NOQA,,test/test_collectors.py,True,Code Debt,2,Ignoring potential linting issues with NOQA,False,,General,llama-3.1-8b-instant,2026-05-09T15:00:24.954204
3087,N/A,AutoML/RL,TEMP,,python_tests/test_storage_url.py,True,Test Debt,3,Potential test failure due to temporary storage URL,False,,General,llama-3.1-8b-instant,2026-05-09T15:00:28.692788
2930,N/A,AutoML/RL,NOQA,,test/opengl_rendering.py,True,Code Debt,2,The presence of NOQA suggests a potential coding standard deviation.,False,,General,llama-3.1-8b-instant,2026-05-09T15:01:27.561253
2994,N/A,AutoML/RL,TEMP,,test/test_trainer.py,True,Test Debt,3,Temporary solution or workaround in test code,False,,General,llama-3.1-8b-instant,2026-05-09T15:01:29.280779
3076,N/A,AutoML/RL,TEMP,,python_tests/test_api.py,True,Test Debt,3,Temporary solution or workaround in test code,False,,General,llama-3.1-8b-instant,2026-05-09T15:01:33.037585
2950,N/A,AutoML/RL,NOQA,,test/test_collectors.py,True,Code Debt,2,Ignoring potential linting issues with NOQA,False,,General,llama-3.1-8b-instant,2026-05-09T15:01:36.768112
2965,N/A,AutoML/RL,TEMP,,test/test_loggers.py,True,Test Debt,3,Temporary logging solution may lead to inconsistent test results,False,,General,llama-3.1-8b-instant,2026-05-09T15:03:12.690680
2910,N/A,AutoML/RL,NOQA,,tests/test_logger.py,True,Code Debt,2,The presence of NOQA suggests a potential coding standard deviation.,False,,General,llama-3.1-8b-instant,2026-05-09T15:03:14.524066
2984,N/A,AutoML/RL,NOQA,,test/test_rb.py,True,Code Debt,2,Ignoring potential linting issues with NOQA,False,,General,llama-3.1-8b-instant,2026-05-09T15:03:18.378209
2963,N/A,AutoML/RL,NOQA,,test/test_inference_server.py,True,Code Debt,2,Ignoring potential linting issues with NOQA,False,,General,llama-3.1-8b-instant,2026-05-09T15:03:22.167663
2970,N/A,AutoML/RL,TEMP,,test/test_loggers.py,True,Test Debt,3,Temporary logging solution may lead to debugging issues,False,,General,llama-3.1-8b-instant,2026-05-09T15:04:21.946474
2895,N/A,AutoML/RL,TODO,,doc/conf.py,True,Documentation Debt,3,The presence of a TODO comment in a documentation file indicates a potential issue that needs to be addressed.,False,,General,llama-3.1-8b-instant,2026-05-09T15:04:23.664681
2828,N/A,AutoML/RL,TODO,,optuna/distributions.py,True,Code Debt,3,The presence of a TODO comment indicates a potential issue or improvement in the code.,False,,General,llama-3.1-8b-instant,2026-05-09T15:04:27.414034
2951,N/A,AutoML/RL,NOQA,,test/test_collectors.py,True,Code Debt,2,Ignoring potential linting issues with NOQA,False,,General,llama-3.1-8b-instant,2026-05-09T15:05:28.219139
3066,N/A,AutoML/RL,TODO,,optuna_dashboard/_pareto_front.py,True,Code Debt,3,The presence of a TODO comment in the code indicates a potential issue that needs to be addressed.,False,,General,llama-3.1-8b-instant,2026-05-09T15:05:30.188657
3005,N/A,AutoML/RL,NOQA,,test/test_utils.py,True,Code Debt,2,Ignoring potential linting issues with NOQA,False,,General,llama-3.1-8b-instant,2026-05-09T15:05:34.021791
3010,N/A,AutoML/RL,NOQA,,torchrl/__init__.py,True,Code Debt,2,The presence of NOQA suggests a potential coding standard deviation.,False,,General,llama-3.1-8b-instant,2026-05-09T15:05:37.764265
2916,N/A,AutoML/RL,TEMP,,shell/contributors.py,True,Code Debt,3,Use of temporary keyword suggests a workaround or quick fix in the code.,False,,General,llama-3.1-8b-instant,2026-05-09T15:05:41.481909
3060,N/A,AutoML/RL,TODO,,optuna_dashboard/_app.py,True,Code Debt,3,The presence of a TODO comment indicates a potential issue or incomplete implementation in the code.,False,,General,llama-3.1-8b-instant,2026-05-09T15:05:45.232047
3079,N/A,AutoML/RL,TEMP,,python_tests/test_config.py,True,Configuration Debt,3,Potential misconfiguration due to use of TEMP keyword,False,,General,llama-3.1-8b-instant,2026-05-09T15:05:49.034641
2993,N/A,AutoML/RL,TEMP,,test/test_trainer.py,True,Code Debt,3,Temporary workaround or hack in the codebase,False,,General,llama-3.1-8b-instant,2026-05-09T15:06:33.808056
2855,N/A,AutoML/RL,TEMP,,tests/test_cli.py,True,Inadequate Testing Debt,3,Temporary solution or workaround detected in test code,False,,General,llama-3.1-8b-instant,2026-05-09T15:06:35.654617
3024,N/A,AutoML/RL,TODO,,setup.py,True,Code Debt,3,The presence of a TODO comment in the setup.py file indicates a potential issue that needs to be addressed.,False,,General,llama-3.1-8b-instant,2026-05-09T15:06:39.558038
3004,N/A,AutoML/RL,NOQA,,test/test_utils.py,True,Code Debt,2,Ignoring potential linting issues with NOQA,False,,General,llama-3.1-8b-instant,2026-05-09T15:08:18.837115
2944,N/A,AutoML/RL,NOQA,,test/test_collectors.py,True,Code Debt,2,Ignoring potential linting issues with NOQA,False,,General,llama-3.1-8b-instant,2026-05-09T15:08:20.592434
2939,N/A,AutoML/RL,NOQA,,test/test_collectors.py,True,Code Debt,2,Ignoring potential linting issues with NOQA,False,,General,llama-3.1-8b-instant,2026-05-09T15:08:46.838923
2831,N/A,AutoML/RL,TEMP,,tests/test_cli.py,True,Inadequate Testing Debt,3,The presence of TEMP in a test file suggests incomplete or temporary testing,False,,General,llama-3.1-8b-instant,2026-05-09T15:08:48.667984
2882,N/A,AutoML/RL,TODO,,autosklearn/automl.py,True,Code Debt,3,The presence of a TODO comment indicates a potential issue or incomplete implementation in the code.,False,,General,llama-3.1-8b-instant,2026-05-09T15:08:52.417800
2966,N/A,AutoML/RL,TEMP,,test/test_loggers.py,True,Test Debt,3,Potential test failure due to temporary logging setup,False,,General,llama-3.1-8b-instant,2026-05-09T15:08:56.258126
2988,N/A,AutoML/RL,TEMP,,test/test_rb.py,True,Test Debt,3,Temporary test code may indicate incomplete or inadequate testing,False,,General,llama-3.1-8b-instant,2026-05-09T15:09:53.272934
