repo_name,category,file_path,line_number,keyword,debt_type,sdlc_phase,line_content,debt_category,severity,rationale,is_false_positive,original_index
mongodb/motor,Non-ML Control,motor/web.py,165,BUG,Defect Debt,P3_Model_Development,"# Needed until fix for Tornado bug 751 is released, see",Defect Debt,4,"The code is a temporary workaround for a known bug in Tornado, which could lead to unexpected behavior or crashes.",False,0
scrapy/scrapy,Non-ML Control,conftest.py,54,NOQA,Test Debt,P3_Model_Development,import httpx  # noqa: F401,Code Debt,2,"The import statement is commented out, indicating unnecessary code.",False,1
python/mypy,Non-ML Control,mypy/checker.py,2013,TODO,Requirement Debt,P3_Model_Development,# TODO: Deal with attributes of TupleType etc.,Code Debt,3,"The TODO comment indicates a need for additional code to handle specific types, which is a code debt issue.",False,2
astral-sh/ruff,Non-ML Control,crates/ruff_benchmark/resources/tomllib/_parser.py,164,NOQA,Test Debt,P3_Model_Development,"def set(self, key: Key, flag: int, *, recursive: bool) -> None:  # noqa: A003",Code Debt,2,"The use of the noqa comment is a code debt as it indicates a potential naming conflict, but is being suppressed.",False,3
pydantic/pydantic,Non-ML Control,pydantic/type_adapter.py,289,TODO,Requirement Debt,P3_Model_Development,# TODO: we don't go through the rebuild logic here directly because we don't want,Code Debt,3,"The TODO comment indicates a potential shortcut or workaround in the code, which may lead to technical debt.",False,4
sphinx-doc/sphinx,Non-ML Control,sphinx/theming.py,514,NOQA,Test Debt,P3_Model_Development,print('Usage: python -m sphinx.theming conf_to_toml <theme path>')  # NoQA: T201,Code Debt,2,"The comment is suppressing a PEP 8 style check, indicating a potential code quality issue.",False,5
readthedocs/readthedocs.org,Non-ML Control,readthedocs/aws/security_token_service.py,50,TEMP,Design Debt,P3_Model_Development,"""""""Subclass of AWSTemporaryCredentials to include S3 specific fields.""""""",Code Debt,3,"The use of the TEMP keyword suggests a temporary or workaround solution, which may not be ideal for a production-ready codebase.",False,6
python/mypy,Non-ML Control,mypy/checkexpr.py,1409,TODO,Requirement Debt,P3_Model_Development,# TODO: can we handle more general cases?,Code Debt,3,"The TODO comment suggests a potential improvement to the code's functionality, indicating a need for refactoring or extension.",False,7
amoffat/sh,Non-ML Control,tests/sh_test.py,613,TEMP,Design Debt,P3_Model_Development,# tempfile.TemporaryFile()s,Code Debt,3,"The use of # tempfile.TemporaryFile()s suggests a workaround for a potential issue with file management, indicating a need for refactoring.",False,8
python/mypy,Non-ML Control,mypy/checkexpr.py,6465,TODO,Requirement Debt,P3_Model_Development,# TODO: should this ever be called (see e.g. mypyc visitor)?,Design Debt,3,"The TODO comment suggests a potential design issue with the mypyc visitor, indicating a need for refactoring or reevaluation of the code's architecture.",False,9
astral-sh/ruff,Non-ML Control,python/ruff-ecosystem/ruff_ecosystem/check.py,176,WORKAROUND,Design Debt,P3_Model_Development,# which is a workaround for if `len(rule_changes.rule_codes()) == 0`,Code Debt,3,"The code contains a workaround for a specific edge case, indicating a potential improvement in code quality and maintainability.",False,10
pydantic/pydantic,Non-ML Control,pydantic/functional_validators.py,615,NOQA,Test Debt,P3_Model_Development,def __call__(  # noqa: D102,Code Debt,2,The use of noqa comment is a code debt as it can make the codebase harder to maintain and understand in the long run.,False,11
aio-libs/aiohttp,Non-ML Control,aiohttp/streams.py,439,TODO,Requirement Debt,P3_Model_Development,# TODO: should be `if` instead of `while`,Code Debt,3,The use of a while loop instead of an if statement may indicate a lack of consideration for code readability and maintainability.,False,12
ipython/ipython,Non-ML Control,tests/test_display.py,183,TEMP,Design Debt,P3_Model_Development,tf = NamedTemporaryFile(dir=td),Test Debt,3,The use of a temporary file for testing purposes may indicate a lack of proper testing setup or mocking in the code.,False,13
astral-sh/ruff,Non-ML Control,scripts/add_rule.py,119,TODO,Requirement Debt,P3_Model_Development,"format!(""TODO: write message: {{}}"", todo!(""implement message""))",Code Debt,3,"The code contains a TODO comment indicating a missing implementation, which is a code-level issue.",False,14
pytest-dev/pytest,Non-ML Control,bench/unit_test.py,3,NOQA,Test Debt,P3_Model_Development,from unittest import TestCase  # noqa: F401,Code Debt,3,The use of noqa comment is a code debt as it can lead to inconsistent code formatting and make the codebase harder to maintain.,False,15
saltstack/salt,Non-ML Control,salt/minion.py,3876,TODO,Requirement Debt,P3_Model_Development,# TODO: actually listen to the return and change period,Code Debt,3,The TODO comment indicates a missing implementation detail in the code.,False,16
amoffat/sh,Non-ML Control,tests/sh_test.py,836,NOQA,Test Debt,P3_Model_Development,"num_args = int(python(py.name, l=""one two three""))  # noqa: E741",Code Debt,3,"The use of noqa comment is not following the standard Python style guide, which may lead to inconsistent code formatting.",False,17
psf/black,Non-ML Control,tests/test_black.py,2050,TEMP,Design Debt,P3_Model_Development,with TemporaryDirectory() as workspace:,Test Debt,3,"The use of TEMP keyword and TemporaryDirectory() suggests a temporary or workaround solution in the test code, indicating potential test debt.",False,18
amoffat/sh,Non-ML Control,sh.py,1451,TODO,Requirement Debt,P3_Model_Development,"# 1.* version.  TODO remove this in 2.0, as ""ok_code"", if specified,",Code Debt,3,"The TODO comment indicates a temporary solution that should be removed in a future version, suggesting a code smell or a piece of code that is not maintainable.",False,19
amoffat/sh,Non-ML Control,tests/sh_test.py,147,TEMP,Design Debt,P3_Model_Development,"""""""creates a temporary test file that lives on disk, on which we can run",Code Debt,3,The use of a temporary test file on disk may lead to file system clutter and make it harder to manage test data.,False,20
python/mypy,Non-ML Control,misc/profile_check.py,79,TODO,Requirement Debt,P3_Model_Development,# TODO: How to make this work on other platforms?,Code Debt,3,"The TODO comment indicates a potential issue with code portability across platforms, which could lead to maintenance and scalability problems.",False,21
celery/celery,Non-ML Control,celery/app/base.py,236,XXX,Design Debt,P3_Model_Development,# XXX will not show finalized configuration,Configuration Debt,3,"The comment suggests that the configuration is not finalized, indicating a potential issue with the configuration management.",False,22
davidhalter/jedi,Non-ML Control,jedi/api/classes.py,181,TODO,Requirement Debt,P3_Model_Development,# TODO move this to their respective names.,Code Debt,2,The TODO comment suggests a refactoring opportunity to improve code organization.,False,23
amoffat/sh,Non-ML Control,tests/sh_test.py,709,XXX,Design Debt,P3_Model_Development,"self.assertRaises(exc, ls, _env=""XXX"")",Test Debt,3,The use of XXX as a hardcoded environment variable in a test case may not be flexible or maintainable.,False,24
astral-sh/ruff,Non-ML Control,crates/ruff_benchmark/resources/large/dataset.py,920,TODO,Requirement Debt,P1_Data_Collection,with pytest.warns(FutureWarning):  # TODO: remove keepdims in 1.5.0,Code Debt,3,"The TODO comment indicates a temporary fix that should be removed in a future version, suggesting a code smell or a piece of code that needs refactoring.",False,25
pypa/build,Non-ML Control,src/build/env.py,362,TEMP,Design Debt,P3_Model_Development,with tempfile.NamedTemporaryFile(,Code Debt,3,The use of tempfile.NamedTemporaryFile in a build environment may lead to code complexity and potential issues with temporary file management.,False,26
jupyterlab/jupyterlab,Non-ML Control,examples/test_examples.py,58,NOQA,Test Debt,P3_Model_Development,"subprocess.check_call([sys.executable, runner, path], cwd=cwd)  # noqa S603",Code Debt,3,"The use of noqa comment suggests a deliberate suppression of a Pylint warning, indicating a potential code debt issue.",False,27
aio-libs/aiohttp,Non-ML Control,aiohttp/test_utils.py,197,TODO,Requirement Debt,P3_Model_Development,# TODO(PY311): Use Unpack to specify Server kwargs.,Code Debt,2,"The TODO comment indicates a need to refactor code to be compatible with Python 3.11, which is a minor code improvement.",False,28
pydantic/pydantic,Non-ML Control,pydantic/dataclasses.py,270,TODO,Requirement Debt,P3_Model_Development,"# TODO `parent_namespace` is currently None, but we could do the same thing as Pydantic models:",Code Debt,3,"The TODO comment indicates a potential improvement to the code, specifically handling the `parent_namespace` variable.",False,29
pypa/build,Non-ML Control,tests/test_main.py,401,TEMP,Design Debt,P3_Model_Development,"os.path.join('temp-sdist-dir', 'demo-1.0.0'),",Code Debt,3,The use of hardcoded string 'temp-sdist-dir' and 'demo-1.0.0' in the file path may lead to maintenance issues if the directory structure changes.,False,30
sqlalchemy/sqlalchemy,Non-ML Control,test/requirements.py,724,TEMP,Design Debt,P3_Model_Development,"""""""target dialect supports listing of temporary table names""""""",Documentation Debt,2,The comment in the code is outdated and does not accurately reflect the current functionality.,False,31
jupyterlab/jupyterlab,Non-ML Control,jupyterlab/extensions/manager.py,75,BUG,Defect Debt,P3_Model_Development,bug_tracker_url: [optional] Package bug tracker URL - default None,Code Debt,3,"The bug_tracker_url parameter is optional and has a default value of None, which may lead to inconsistent or missing bug tracking information.",False,32
readthedocs/readthedocs.org,Non-ML Control,readthedocs/wsgi.py,11,NOQA,Test Debt,P3_Model_Development,from django.core.wsgi import get_wsgi_application  # noqa,Code Debt,2,The use of noqa comment is a code debt as it can lead to inconsistent code formatting and make the codebase harder to maintain.,False,33
pygments/pygments,Non-ML Control,tests/test_basic_api.py,382,BUG,Defect Debt,P3_Model_Development,assert 'BUG' == tokens[1][1],Test Debt,3,"The test is asserting a hardcoded string 'BUG' which may not be a valid test case, indicating a potential issue with the test itself.",False,34
jupyterlab/jupyterlab,Non-ML Control,docs/source/conf.py,131,NOQA,Test Debt,P3_Model_Development,"check_call([*jlpm, ""build:packages""], cwd=str(root))  # noqa S603",Code Debt,3,The use of noqa comment is a code debt as it may lead to inconsistent code formatting and make the codebase harder to maintain.,False,35
MagicStack/uvloop,Non-ML Control,uvloop/_testbase.py,169,TEMP,Design Debt,P3_Model_Development,with tempfile.NamedTemporaryFile() as tmp:,Code Debt,3,"The use of tempfile.NamedTemporaryFile() may not be suitable for production environments, and could potentially lead to issues with temporary file management.",False,36
saltstack/salt,Non-ML Control,salt/master.py,372,TEMP,Design Debt,P3_Model_Development,# Write a temporary file securely,Code Debt,3,The use of a temporary file in a production environment may lead to security vulnerabilities if not handled properly.,False,37
pytest-dev/pytest,Non-ML Control,testing/test_assertrewrite.py,418,NOQA,Test Debt,P3_Model_Development,assert cls == 42  # type: ignore[name-defined]  # noqa: F821,Code Debt,3,The use of a hardcoded value (42) and ignoring type checking suggests a lack of attention to code quality and maintainability.,False,38
celery/celery,Non-ML Control,celery/canvas.py,1099,XXX,Design Debt,P3_Model_Development,#   XXX chord is also a class in outer scope.,Code Debt,3,"The comment suggests that there is a naming conflict between a local variable and a class in the outer scope, indicating a potential code organization issue.",False,39
pallets/flask,Non-ML Control,src/flask/cli.py,810,NOQA,Test Debt,P3_Model_Development,import cryptography  # noqa: F401,Code Debt,2,"The import statement is commented out, indicating unused code, which can lead to technical debt and maintenance issues.",False,40
psf/requests,Non-ML Control,src/requests/utils.py,742,XXX,Design Debt,P3_Model_Development,"""""""Converts mask from /xx format to xxx.xxx.xxx.xxx",Code Debt,3,"The function name and comment suggest a specific requirement, but the code itself does not follow standard IP address formatting conventions.",False,41
pydantic/pydantic,Non-ML Control,pydantic/fields.py,460,HACK,Design Debt,P3_Model_Development,prepend_metadata = from_field.metadata  # Unnecessary when we remove HACK 1.,Code Debt,3,"The code is unnecessary and can be removed, indicating a lack of refactoring or cleanup in the codebase.",False,42
django/django,Non-ML Control,django/db/utils.py,8,NOQA,Test Debt,P3_Model_Development,from django.utils.connection import ConnectionDoesNotExist  # NOQA: F401,Code Debt,2,"The import statement is commented out, indicating a potential unused import or a deliberate exclusion, which may require further review.",False,43
pytest-dev/pytest,Non-ML Control,testing/test_pathlib.py,799,XXX,Design Debt,P3_Model_Development,"assert sorted(modules) == [""xxx"", ""xxx.tests"", ""xxx.tests.foo""]",Test Debt,3,"The test is asserting a specific sorted order of modules, which may not be the expected behavior in all scenarios.",False,44
astral-sh/ruff,Non-ML Control,python/ruff-ecosystem/ruff_ecosystem/markdown.py,25,TODO,Requirement Debt,P3_Model_Development,# TODO(zanieb): GitHub does not support coloring with <span> it seems like the only,Documentation Debt,2,"The TODO comment indicates a need for documentation on how to achieve coloring in markdown, which is not supported by GitHub.",False,45
MagicStack/uvloop,Non-ML Control,tests/test_udp.py,81,XXX,Design Debt,P3_Model_Development,transport.sendto(b'xxx'),Code Debt,3,The use of XXX in the transport.sendto method is hardcoded and lacks flexibility.,False,46
jupyterlab/jupyterlab,Non-ML Control,jupyterlab/handlers/announcements.py,43,NOQA,Test Debt,P3_Model_Development,createdAt: float  # noqa,Code Debt,3,"The use of the NOQA comment suggests a potential coding standard deviation, indicating a need for code refactoring.",False,47
pytest-dev/pytest,Non-ML Control,testing/test_mark.py,260,TEMP,Design Debt,P3_Model_Development,"(""car(temp=4) and car(temp=5)"", []),",Test Debt,3,"The test case is using a temporary or placeholder value (TEMP) for the car temperature, which may not accurately represent real-world scenarios.",False,48
python/mypy,Non-ML Control,mypy/binder.py,608,TEMP,Design Debt,P3_Model_Development,"If discard is True, then this is a temporary throw-away frame",Code Debt,3,The use of a temporary flag 'discard' indicates a potential code smell and may lead to future maintenance issues.,False,49
sphinx-doc/sphinx,Non-ML Control,sphinx/addnodes.py,130,TODO,Requirement Debt,P3_Model_Development,# TODO: can we introduce a constructor,Code Debt,3,"The TODO comment suggests a potential improvement to the class's constructor, indicating a need for refactoring.",False,50
amoffat/sh,Non-ML Control,sh.py,1231,TODO,Requirement Debt,P3_Model_Development,"# TODO write some docs on ""long-running processes""",Documentation Debt,3,"The TODO comment indicates a lack of documentation for a specific feature, which can lead to confusion and decreased maintainability.",False,51
readthedocs/readthedocs.org,Non-ML Control,readthedocs/analytics/proxied_api.py,61,TODO,Requirement Debt,P3_Model_Development,"# TODO: Use absolute_uri only, we don't need project and version.",Code Debt,2,The TODO comment suggests a refactoring opportunity to simplify the code by removing unnecessary parameters.,False,52
davidhalter/jedi,Non-ML Control,docs/conf.py,264,TODO,Requirement Debt,P3_Model_Development,# -- Options for todo module ---------------------------------------------------,Documentation Debt,2,The TODO comment in the docs/conf.py file indicates a need for documentation on the todo module options.,False,53
readthedocs/readthedocs.org,Non-ML Control,readthedocs/audit/models.py,255,TEMP,Design Debt,P3_Model_Development,"""TemporaryAccessPasswordBackend"": _(""shared password""),",Code Debt,3,"The use of a temporary access password backend is hardcoded and lacks a clear plan for removal, indicating a lack of refactoring or proper design consideration.",False,54
celery/celery,Non-ML Control,celery/canvas.py,2097,XXX,Design Debt,P3_Model_Development,#   XXX chord is also a class in outer scope.,Code Debt,3,"The comment suggests that there is a naming conflict between a local variable and an outer scope class, indicating a potential code organization issue.",False,55
python/mypy,Non-ML Control,mypy/build.py,3188,TEMP,Design Debt,P3_Model_Development,"def parse_file(self, *, temporary: bool = False, raw_data: FileRawData | None = None) -> None:",Code Debt,2,"The use of the keyword 'TEMP' in the function parameter name suggests a temporary or workaround solution, indicating potential code debt.",False,56
psf/requests,Non-ML Control,docs/conf.py,114,TODO,Requirement Debt,P3_Model_Development,"# If true, `todo` and `todoList` produce output, else they produce nothing.",Documentation Debt,2,"The TODO comment indicates a potential documentation issue, but its impact is relatively low as it's related to output production.",False,57
jupyterlab/jupyterlab,Non-ML Control,jupyterlab/extensions/pypi.py,374,BUG,Defect Debt,P3_Model_Development,"bug_tracker_url = data.get(""bugtrack_url"") or package_urls.get(""Bug Tracker"")",Code Debt,3,The code is using a potentially fragile conditional statement to handle missing values.,False,58
jupyterlab/jupyterlab,Non-ML Control,jupyterlab/commands.py,700,TEMP,Design Debt,P3_Model_Development,# Install the package using a temporary directory.,Code Debt,2,The use of a temporary directory for package installation may lead to code complexity and potential issues with reproducibility.,False,59
pygments/pygments,Non-ML Control,scripts/update_contrasts.py,18,NOQA,Test Debt,P3_Model_Development,import tests.contrast.test_contrasts # noqa: E402,Code Debt,3,"The import statement is violating the E402 error, indicating a potential issue with import ordering.",False,60
jupyterlab/jupyterlab,Non-ML Control,jupyterlab/browser_check.py,169,NOQA,Test Debt,P3_Model_Development,"subprocess.call([""npm"", ""init"", ""-y""], cwd=target)  # noqa S603 S607",Code Debt,3,"The use of subprocess.call is deprecated and may lead to security vulnerabilities, and the comment suggests that the code is intentionally ignoring PEP 8 style guidelines for this line.",False,61
jupyterlab/jupyterlab,Non-ML Control,jupyterlab/handlers/announcements.py,45,NOQA,Test Debt,P3_Model_Development,modifiedAt: float  # noqa,Code Debt,3,"The use of the NOQA comment suggests a potential code smell or a deliberate choice to ignore a PEP 8 convention, indicating a need for code review or refactoring.",False,62
pygments/pygments,Non-ML Control,tests/test_groff_formatter.py,17,FIXME,Defect Debt,P3_Model_Development,# FIXME: more thorough tests,Test Debt,3,The FIXME comment indicates a need for more thorough tests to ensure the code's quality and reliability.,False,63
saltstack/salt,Non-ML Control,salt/_logging/impl.py,481,TEMP,Design Debt,P3_Model_Development,Get the temporary deferred stream handler,Code Debt,3,"The use of a temporary deferred stream handler may indicate a workaround for a more complex logging requirement, suggesting a potential code debt.",False,64
pytest-dev/pytest,Non-ML Control,testing/test_capture.py,1255,XXX,Design Debt,P3_Model_Development,"print(""XXX which indicates an error in the underlying capturing"")",Code Debt,3,"The presence of a hardcoded string 'XXX' in the code indicates a potential issue with the underlying capturing mechanism, suggesting a need for refactoring or improvement.",False,65
jupyterlab/jupyterlab,Non-ML Control,jupyterlab/galata/__init__.py,7,TEMP,Design Debt,P3_Model_Development,"from tempfile import NamedTemporaryFile, mkdtemp",Code Debt,3,"The use of TEMP keyword in the comment suggests a temporary solution, which may not be properly refactored or cleaned up, leading to technical debt.",False,66
pydantic/pydantic,Non-ML Control,pydantic/fields.py,450,HACK,Design Debt,P3_Model_Development,default_copy = default._copy()  # Copy unnecessary when we remove HACK 1.,Code Debt,3,"The code is copying an object unnecessarily, which can be optimized away once the HACK is removed.",False,67
celery/celery,Non-ML Control,celery/app/base.py,46,NOQA,Test Debt,P3_Model_Development,"from . import backends, builtins  # noqa",Code Debt,3,"The noqa comment is used to suppress a warning, indicating a potential code smell or a deliberate choice to ignore a best practice.",False,68
jupyterlab/jupyterlab,Non-ML Control,jupyterlab/commands.py,701,TEMP,Design Debt,P3_Model_Development,with TemporaryDirectory() as tempdir:,Code Debt,3,"The use of TEMP keyword and TemporaryDirectory() suggests a temporary or workaround solution, indicating potential code debt.",False,69
celery/celery,Non-ML Control,celery/apps/beat.py,50,XXX,Design Debt,P3_Model_Development,"scheduler_cls: str | None = None,  # XXX use scheduler",Code Debt,3,The use of a string type for the scheduler_cls parameter may lead to type-related bugs or errors.,False,70
django/django,Non-ML Control,django/forms/__init__.py,7,NOQA,Test Debt,P3_Model_Development,from django.forms.fields import *  # NOQA,Code Debt,3,Importing all fields from django.forms.fields can lead to namespace pollution and make the code harder to maintain.,False,71
saltstack/salt,Non-ML Control,salt/crypt.py,551,XXX,Design Debt,P3_Model_Development,# XXX,Code Debt,3,"The presence of a comment with a placeholder keyword 'XXX' indicates a potential code debt, where a specific implementation detail is being temporarily bypassed or left to be addressed later.",False,72
aio-libs/aiohttp,Non-ML Control,aiohttp/web_request.py,809,TEMP,Design Debt,P3_Model_Development,# NOTE: `tempfile.Temporaryfile`-created `_io.BufferedRandom`,Code Debt,3,The use of `tempfile.Temporaryfile`-created `_io.BufferedRandom` is not clearly documented and may lead to confusion.,False,73
jupyter/notebook,Non-ML Control,docs/source/conf.py,161,TODO,Requirement Debt,P3_Model_Development,"# If true, `todo` and `todoList` produce output, else they produce nothing.",Documentation Debt,2,"The TODO comment is not related to the code functionality but rather to documentation, indicating a potential documentation debt.",False,74
jupyterlab/jupyterlab,Non-ML Control,jupyterlab/serverextension.py,9,NOQA,Test Debt,P3_Model_Development,from .labapp import LabApp  # noqa: PLC0415,Code Debt,3,"The comment # noqa: PLC0415 is used to suppress a linter warning, indicating a potential code debt issue.",False,75
keleshev/schema,Non-ML Control,test_schema.py,724,FIXME,Defect Debt,P3_Model_Development,# FIXME given tests enough,Test Debt,2,"The FIXME comment suggests that the test coverage is not sufficient, indicating a potential test debt issue.",False,76
readthedocs/readthedocs.org,Non-ML Control,readthedocs/aws/security_token_service.py,170,TEMP,Design Debt,P3_Model_Development,# Inline policy document to limit the permissions of the temporary credentials.,Code Debt,2,The use of a temporary inline policy document may lead to code duplication and maintenance issues.,False,77
python/mypy,Non-ML Control,mypy/checkpattern.py,589,TODO,Requirement Debt,P3_Model_Development,# TODO: Do I need this?,Code Debt,2,"The TODO comment suggests a potential code redundancy or unnecessary complexity, indicating a need for code refactoring.",False,78
pytest-dev/pytest,Non-ML Control,testing/test_pathlib.py,873,XXX,Design Debt,P3_Model_Development,"assert sorted(modules) == [""xxx"", ""xxx.tests"", ""xxx.tests.foo""]",Test Debt,3,"The test is asserting a specific sorted order of modules, which may not be the expected behavior in all scenarios.",False,79
python/mypy,Non-ML Control,mypy/erasetype.py,59,TODO,Requirement Debt,P3_Model_Development,# TODO: replace with an assert after UnboundType can't leak from semantic analysis.,Code Debt,3,"The TODO comment suggests a temporary fix that may not be ideal, indicating a need for refactoring.",False,80
pallets/flask,Non-ML Control,src/flask/typing.py,7,NOQA,Test Debt,P3_Model_Development,from _typeshed.wsgi import WSGIApplication  # noqa: F401,Code Debt,2,"The noqa comment is used to suppress a type checker warning, indicating a potential code debt issue.",False,81
psf/black,Non-ML Control,tests/test_black.py,3078,TEMP,Design Debt,P3_Model_Development,with TemporaryDirectory() as tempdir:,Test Debt,3,"The use of TEMP keyword and TemporaryDirectory() suggests a temporary solution for testing, which may not be ideal for production code.",False,82
python/mypy,Non-ML Control,mypy/constraints.py,1608,TODO,Requirement Debt,P3_Model_Development,# TODO: can we infer something useful for *T vs P?,Code Debt,3,"The TODO comment suggests a potential improvement to the code, but it's not a critical issue, hence medium severity.",False,83
pydantic/pydantic,Non-ML Control,pydantic/json_schema.py,158,BUG,Defect Debt,P3_Model_Development,"for _iter in range(100):  # prevent an infinite loop in the case of a bug, 100 iterations should be enough",Code Debt,3,The use of a hardcoded iteration limit to prevent infinite loops indicates a lack of robustness in error handling.,False,84
python/mypy,Non-ML Control,setup.py,11,NOQA,Test Debt,P4_Build_Packaging,"if sys.version_info < (3, 10, 0):  # noqa: UP036, RUF100",Code Debt,3,"The code is using a deprecated version check with a hardcoded version number, which may not be accurate in the future.",False,85
django/django,Non-ML Control,scripts/manage_translations.py,131,XXX,Design Debt,P3_Model_Development,"local_lang = lang  # XXX: LANG_OVERRIDES.get(lang, lang)",Code Debt,3,The use of a comment to indicate a potential issue suggests that the code may not be following best practices or may be prone to errors.,False,86
saltstack/salt,Non-ML Control,salt/template.py,20,FIXME,Defect Debt,P3_Model_Development,# FIXME: we should make the default encoding of a .sls file a configurable,Configuration Debt,3,"The default encoding of a .sls file is hardcoded and not configurable, which may lead to issues with file compatibility or encoding errors.",False,87
psf/black,Non-ML Control,src/black/cache.py,140,TEMP,Design Debt,P3_Model_Development,with tempfile.NamedTemporaryFile(,Code Debt,3,"The use of tempfile.NamedTemporaryFile() may indicate a temporary or workaround solution, potentially leading to technical debt in the long run.",False,88
pytest-dev/pytest,Non-ML Control,testing/test_pathlib.py,872,XXX,Design Debt,P3_Model_Development,"insert_missing_modules(modules, ""xxx.tests.foo"")",Test Debt,3,The use of XXX as a placeholder for a module name suggests a lack of thorough testing or incomplete test coverage.,False,89
sqlalchemy/sqlalchemy,Non-ML Control,tools/generate_proxy_methods.py,55,TEMP,Design Debt,P3_Model_Development,from tempfile import NamedTemporaryFile,Code Debt,3,The use of a temporary file in a non-ML control file suggests a potential code smell or unnecessary complexity.,False,90
pytest-dev/pytest,Non-ML Control,testing/test_doctest.py,736,NOQA,Test Debt,P3_Model_Development,'''  # noqa: RUF001,Code Debt,3,The use of the noqa comment is a code smell indicating potential issues with code organization or adherence to coding standards.,False,91
pallets/flask,Non-ML Control,examples/javascript/js_example/__init__.py,5,NOQA,Test Debt,P3_Model_Development,"from js_example import views  # noqa: E402, F401",Code Debt,3,"The noqa comment is suppressing linting errors, indicating potential code quality issues.",False,92
celery/celery,Non-ML Control,celery/exceptions.py,275,XXX,Design Debt,P3_Model_Development,SystemTerminate = WorkerTerminate  # XXX compat,Code Debt,3,"The code is using a compatibility comment to merge two different exception types, indicating a potential code smell or technical debt.",False,93
sqlalchemy/sqlalchemy,Non-ML Control,tools/generate_sql_functions.py,103,NOQA,Test Debt,P3_Model_Development,def {key}( {'  # noqa: A001' if is_reserved_word else ''},Code Debt,3,"The use of noqa comment suggests a potential code smell or a workaround, indicating a need for refactoring.",False,94
python/mypy,Non-ML Control,mypy/checker.py,5317,XXX,Design Debt,P3_Model_Development,# XXX Issue a warning if condition is always False?,Code Debt,3,"The code is not issuing a warning for a condition that is always False, potentially hiding bugs or unexpected behavior.",False,95
python/mypy,Non-ML Control,mypy/constraints.py,1057,TEMP,Design Debt,P3_Model_Development,"inst, erase_typevars(temp), ignore_pos_arg_names=True",Code Debt,3,"The use of the TEMP keyword and the erase_typevars function may indicate a code smell or a workaround, potentially leading to future maintenance issues.",False,96
MagicStack/uvloop,Non-ML Control,uvloop/__init__.py,8,NOQA,Test Debt,P3_Model_Development,from ._version import __version__  # NOQA,Code Debt,2,"The comment # NOQA is used to suppress a PEP 8 warning, indicating a deviation from the standard coding style.",False,97
python/mypy,Non-ML Control,mypy/constraints.py,1094,TODO,Requirement Debt,P3_Model_Development,# TODO: Erase template variables if it is generic?,Code Debt,3,"The TODO comment suggests a potential issue with template variables in generic types, indicating a need for code refactoring.",False,98
python/mypy,Non-ML Control,misc/cherry-pick-typeshed.py,42,TEMP,Design Debt,P3_Model_Development,with tempfile.TemporaryDirectory() as d:,Code Debt,3,The use of a temporary directory with tempfile.TemporaryDirectory() suggests a potential code smell or inefficiency in handling temporary resources.,False,99
psf/requests,Non-ML Control,src/requests/utils.py,39,NOQA,Test Debt,P3_Model_Development,from ._internal_utils import (  # noqa: F401,Code Debt,2,"The import statement is commented out, indicating unnecessary code that may cause confusion or maintenance issues.",False,100
saltstack/salt,Non-ML Control,salt/minion.py,4391,TODO,Requirement Debt,P3_Model_Development,# TODO: clean up docs,Documentation Debt,2,The TODO comment indicates a need to improve documentation in the codebase.,False,101
jupyterlab/jupyterlab,Non-ML Control,docs/source/conf.py,557,NOQA,Test Debt,P3_Model_Development,except Exception:  # noqa S110,Code Debt,3,Ignoring potential exceptions without proper handling can lead to unexpected behavior in the code.,False,102
pydantic/pydantic,Non-ML Control,pydantic/main.py,1526,NOQA,Test Debt,P3_Model_Development,"def construct(cls, _fields_set: set[str] | None = None, **values: Any) -> Self:  # noqa: D102",Code Debt,2,The use of noqa comment suggests a potential code smell or a deliberate choice to ignore a specific code style guideline.,False,103
sphinx-doc/sphinx,Non-ML Control,doc/conf.py,347,TODO,Requirement Debt,P3_Model_Development,"(('development', 'tutorials', 'todo.html'), 'extending_build.html'),",Documentation Debt,2,The TODO comment in the doc/conf.py file indicates a need for documentation on extending the build process.,False,104
davidhalter/jedi,Non-ML Control,jedi/inference/analysis.py,81,TODO,Requirement Debt,P3_Model_Development,# TODO this path is probably not right,Code Debt,3,"The code path is likely incorrect, indicating a potential bug or logical error.",False,105
python/mypy,Non-ML Control,mypy/checker.py,889,TODO,Requirement Debt,P3_Model_Development,"# TODO: initializers can infer types if they contain a walrus,",Code Debt,3,"The TODO comment indicates a potential improvement in the code's type inference for initializers, suggesting a code debt related to maintainability and readability.",False,106
pytest-dev/pytest,Non-ML Control,testing/test_assertrewrite.py,656,NOQA,Test Debt,P3_Model_Development,"assert True or explode  # type: ignore[name-defined,unreachable] # noqa: F821",Code Debt,3,The use of a magic comment to ignore type checking and unreachable code detection indicates a lack of attention to code quality and maintainability.,False,107
pypa/build,Non-ML Control,src/build/__main__.py,99,NOQA,Test Debt,P3_Model_Development,"category: type[Warning],  # noqa: ARG001",Code Debt,3,"The use of noqa: ARG001 suggests a deliberate suppression of a warning, potentially indicating a code smell or a workaround.",False,108
pygments/pygments,Non-ML Control,pygments/lexer.py,446,XXX,Design Debt,P3_Model_Development,# XXX: cache that somehow,Code Debt,3,"The comment suggests a potential optimization to improve performance by caching results, indicating a need for refactoring or optimization.",False,109
pydantic/pydantic,Non-ML Control,pydantic/json_schema.py,457,TODO,Requirement Debt,P3_Model_Development,"TODO: the nested function definitions here seem like bad practice, I'd like to unpack these",Code Debt,3,The use of nested function definitions is considered bad practice and may lead to code complexity and maintainability issues.,False,110
python/mypy,Non-ML Control,mypy/checker.py,399,TEMP,Design Debt,P3_Model_Development,"# are temporary type maps used during type inference, and these",Code Debt,3,"Temporary type maps are used during type inference, indicating a potential code smell or complexity in the type system.",False,111
amoffat/sh,Non-ML Control,sh.py,3601,NOQA,Test Debt,P3_Model_Development,return True  # noqa: E731,Code Debt,3,"The use of noqa: E731 comment suggests a deliberate suppression of a code smell, indicating a potential code debt issue.",False,112
saltstack/salt,Non-ML Control,tests/minionswarm.py,181,TEMP,Design Debt,P3_Model_Development,"# If given a temp_dir, use it for temporary files",Code Debt,3,"The use of a temporary directory for temporary files may not be properly cleaned up, leading to potential issues with file system clutter.",False,113
davidhalter/jedi,Non-ML Control,jedi/utils.py,108,NOQA,Test Debt,P3_Model_Development,import rlcompleter  # noqa: F401,Code Debt,2,"The import statement is commented out, indicating unused code, which can lead to technical debt and maintenance issues.",False,114
python/mypy,Non-ML Control,mypy/checkexpr.py,2218,TODO,Requirement Debt,P3_Model_Development,# TODO: support the similar inference for return type context.,Code Debt,3,"The TODO comment indicates a missing feature implementation, which is a code-level issue.",False,115
davidhalter/jedi,Non-ML Control,jedi/parser_utils.py,100,TODO,Requirement Debt,P3_Model_Development,# TODO We have to check next leaves until there are no new,Code Debt,3,The TODO comment indicates a missing implementation detail in the code.,False,116
saltstack/salt,Non-ML Control,tests/minionswarm.py,414,TODO,Requirement Debt,P3_Model_Development,"""open_mode"": True,  # TODO Pre-seed keys",Code Debt,3,"The TODO comment in the code indicates a potential issue with the 'open_mode' configuration, which may require refactoring or additional testing.",False,117
python/mypy,Non-ML Control,mypy/checker.py,4280,TEMP,Design Debt,P3_Model_Development,# We can access _type_maps directly since temporary type maps are,Code Debt,3,"The code assumes temporary type maps are accessible directly, which may not be the case in all scenarios, indicating a potential code smell.",False,118
astral-sh/ruff,Non-ML Control,scripts/add_plugin.py,131,TODO,Requirement Debt,P3_Model_Development,"default=""TODO"",",Code Debt,3,"The use of a default value 'TODO' in the comment suggests a placeholder for future implementation, indicating incomplete or unrefined code.",False,119
python/mypy,Non-ML Control,mypy/checkexpr.py,1988,HACK,Design Debt,P3_Model_Development,This is a hack to better support inference for recursive types.,Code Debt,3,"The use of a HACK comment indicates a temporary or non-ideal solution, which is a common characteristic of code debt.",False,120
mongodb/motor,Non-ML Control,motor/__init__.py,16,NOQA,Test Debt,P3_Model_Development,"from ._version import get_version_string, version, version_tuple  # noqa: F401",Code Debt,2,"The noqa comment is suppressing a potential code quality issue, indicating a lack of adherence to PEP 8 style guidelines.",False,121
python/mypy,Non-ML Control,misc/sync-typeshed.py,155,TEMP,Design Debt,P3_Model_Development,with tempfile.TemporaryDirectory() as tmpdir:,Code Debt,3,"The use of a temporary directory with tempfile.TemporaryDirectory() suggests a potential code smell or a workaround for a deeper issue, indicating a need for refactoring.",False,122
executablebooks/MyST-Parser,Non-ML Control,myst_parser/mocking.py,141,TODO,Requirement Debt,P3_Model_Development,"# TODO should argument_str always be """"?",Code Debt,3,"The TODO comment suggests a potential inconsistency in the code's behavior, indicating a need for refactoring or clarification.",False,123
saltstack/salt,Non-ML Control,salt/minion.py,1779,XXX,Design Debt,P3_Model_Development,# XXX: Signing should happen in RequestChannel to be fixed in 3008,Code Debt,3,"The code has a temporary fix with a comment indicating it should be moved to a different location, which is a sign of technical debt.",False,124
python/mypy,Non-ML Control,mypy/constraints.py,1063,TEMP,Design Debt,P3_Model_Development,"res.extend(infer_constraints(temp, inst, self.direction))",Code Debt,3,The use of a temporary variable 'temp' suggests a potential code smell or complexity in the constraints inference process.,False,125
ipython/ipython,Non-ML Control,tests/test_completer.py,416,TEMP,Design Debt,P3_Model_Development,with TemporaryWorkingDirectory():,Test Debt,3,"The use of TemporaryWorkingDirectory() in a test file may indicate a lack of proper test setup or teardown, leading to potential test flakiness.",False,126
jupyterlab/jupyterlab,Non-ML Control,docs/source/conf.py,75,NOQA,Test Debt,P3_Model_Development,"copyright = f""2018-{time.localtime().tm_year}, Project Jupyter""  # noqa",Code Debt,2,The use of noqa comment is a code debt as it may lead to inconsistent code formatting.,False,127
MagicStack/uvloop,Non-ML Control,tests/test_udp.py,117,XXX,Design Debt,P3_Model_Development,"transport.sendto(b""xxx"", bad_addr)",Code Debt,3,The use of a hardcoded 'xxx' string and a hardcoded 'bad_addr' variable suggests a lack of parameterization and potential for maintenance issues.,False,128
python/mypy,Non-ML Control,mypy/dmypy_server.py,815,TODO,Requirement Debt,P3_Model_Development,# TODO: Namespace packages,Design Debt,3,"The TODO comment suggests a design decision that has not been fully implemented, specifically regarding namespace packages.",False,129
python/mypy,Non-ML Control,mypy/checker.py,1715,HACK,Design Debt,P3_Model_Development,# to a raw value. This is a hack to get it back.,Code Debt,3,"The code contains a hack to bypass a normal functionality, indicating a potential code smell or workaround.",False,130
python/mypy,Non-ML Control,mypy/checker.py,2841,TODO,Requirement Debt,P3_Model_Development,# TODO: Apply the sig to the actual TypeInfo so we can handle decorators,Design Debt,3,"The TODO comment suggests a design limitation in handling decorators, indicating a need for refactoring to improve code structure.",False,131
scrapy/scrapy,Non-ML Control,tests/test_crawler.py,527,NOQA,Test Debt,P3_Model_Development,"logging.warning(""warning message"")  # noqa: LOG015",Code Debt,3,"The use of noqa comment is a code debt as it indicates a deviation from the standard logging configuration, potentially leading to inconsistencies in logging practices.",False,132
executablebooks/MyST-Parser,Non-ML Control,myst_parser/config/main.py,192,TODO,Requirement Debt,P3_Model_Development,"# TODO replace commonmark_only, gfm_only with a single option",Code Debt,3,"The TODO comment indicates a need for refactoring or simplification of the code, specifically to replace duplicate options with a single option.",False,133
astral-sh/ruff,Non-ML Control,crates/ty_completion_eval/truth/auto-import-skips-current-module/main.py,5,BUG,Defect Debt,P3_Model_Development,"# That is, before a bug was fixed, completions",Defect Debt,5,"The code contains a reference to a bug that was previously fixed, indicating a defect in the codebase.",False,134
python/mypy,Non-ML Control,mypy/build.py,4705,TODO,Requirement Debt,P3_Model_Development,# TODO: speed-up ordering if this causes problems for large builds.,Performance Optimization Debt,3,"The TODO comment suggests a potential performance optimization, which could impact the build time for large projects.",False,135
psf/black,Non-ML Control,tests/test_black.py,2399,TEMP,Design Debt,P3_Model_Development,with TemporaryDirectory() as workspace:,Test Debt,3,"The use of TEMP keyword and TemporaryDirectory() suggests a temporary solution for testing, which may not be ideal for production environments.",False,136
saltstack/salt,Non-ML Control,tests/conftest.py,900,TEMP,Design Debt,P3_Model_Development,"os.environ.get(""RUNNER_TEMP"", r""C:\Windows\Temp"")",Configuration Debt,3,The use of a hardcoded path for temporary files may lead to issues when running tests in different environments.,False,137
python/mypy,Non-ML Control,misc/perf_compare.py,14,TEMP,Design Debt,P3_Model_Development,"* Create another temp clone of the first provided revision (or, with -r, a foreign repo) as the code to check",Code Debt,3,"The use of a temporary clone of a revision suggests a workaround for a more complex issue, potentially indicating a deeper design or implementation problem.",False,138
aio-libs/aiohttp,Non-ML Control,aiohttp/web.py,67,TEMP,Design Debt,P3_Model_Development,"HTTPTemporaryRedirect,",Code Debt,3,"The use of the TEMP keyword in the comment suggests a temporary solution, indicating a potential code debt issue in the aiohttp/web.py file.",False,139
pydantic/pydantic,Non-ML Control,pydantic/functional_validators.py,539,NOQA,Test Debt,P3_Model_Development,def __call__(  # noqa: D102,Code Debt,2,The use of noqa comment is a code debt as it can make the codebase harder to maintain and understand in the long run.,False,140
jupyterlab/jupyterlab,Non-ML Control,clean.py,43,NOQA,Test Debt,P3_Model_Development,"subprocess.check_call(git_clean_command, cwd=here)  # noqa S603",Code Debt,3,"The use of noqa comment suggests a deliberate suppression of a linting warning, which may indicate a code smell or a workaround.",False,141
python/mypy,Non-ML Control,mypy/constraints.py,1045,TEMP,Design Debt,P3_Model_Development,"temp = mypy.subtypes.find_member(member, template, subtype)",Code Debt,3,The use of a temporary variable 'temp' suggests a potential code smell or refactoring opportunity.,False,142
jupyterlab/jupyterlab,Non-ML Control,jupyterlab/commands.py,1350,NOQA,Test Debt,P3_Model_Development,"def _populate_staging(self, name=None, version=None, static_url=None, clean=False):  # noqa",Code Debt,3,"The use of the noqa comment suggests that the code may not be following PEP 8 conventions, indicating a potential code debt issue.",False,143
python/mypy,Non-ML Control,mypy/binder.py,540,XXX,Design Debt,P3_Model_Development,"# XXX This should probably not copy the entire frame, but",Code Debt,3,"The comment suggests that the code is inefficient or poorly designed, indicating a need for refactoring.",False,144
davidhalter/jedi,Non-ML Control,jedi/cache.py,31,NOQA,Test Debt,P3_Model_Development,global _time_caches  # noqa: F824,Code Debt,3,The use of a global variable is discouraged in favor of encapsulation and modularity.,False,145
psf/black,Non-ML Control,tests/test_black.py,22,TEMP,Design Debt,P3_Model_Development,"from tempfile import NamedTemporaryFile, TemporaryDirectory",Code Debt,3,"The use of TEMP keyword in the comment suggests a temporary solution, which may not be properly refactored or removed, leading to technical debt.",False,146
executablebooks/MyST-Parser,Non-ML Control,docs/conf.py,205,TODO,Requirement Debt,P3_Model_Development,# TODO failing,Documentation Debt,3,The TODO comment indicates a failing documentation or configuration issue in the codebase.,False,147
amoffat/sh,Non-ML Control,sh.py,3591,NOQA,Test Debt,P3_Model_Development,return getpass.getpass(prompt=prompt)  # noqa: E731,Code Debt,3,"The use of noqa: E731 is a code debt as it indicates a deliberate suppression of a linting error, potentially masking other issues.",False,148
saltstack/salt,Non-ML Control,salt/_logging/handlers.py,29,TEMP,Design Debt,P3_Model_Development,"Should only be used as a temporary logging handler, while the logging",Code Debt,3,"The use of the keyword TEMP in the code suggests a temporary solution that may not be properly refactored, leading to technical debt.",False,149
open-mmlab/mmdetection3d,Computer Vision,tools/test.py,13,TODO,Requirement Debt,P3_Model_Development,# TODO: support fuse_conv_bn and format_only,Code Debt,3,The TODO comment indicates a missing feature implementation in the codebase.,False,150
open-mmlab/mmtracking,Computer Vision,mmtrack/datasets/base_sot_dataset.py,140,NOQA,Test Debt,P1_Data_Collection,"), f'{len(bboxes)} is not equal to {end_frame_id}-{start_frame_id}+1'  # noqa",Code Debt,3,"The comment suggests a potential issue with the length of bounding boxes not matching the expected frame range, indicating a possible bug or inconsistency in the code.",False,151
apple/ml-4m,Computer Vision,fourm/demo_4M_sampler.py,133,TEMP,Design Debt,P3_Model_Development,"'token_decoding_schedule': 'cosine', 'temp': 1.0, 'temp_schedule': 'constant',",Code Debt,3,"The use of a hardcoded temperature value ('temp': 1.0) in the 'token_decoding_schedule' configuration may not be flexible or adaptable to different scenarios, violating the principle of configuration over code.",False,152
open-mmlab/mmtracking,Computer Vision,mmtrack/datasets/mot_challenge_dataset.py,394,TEMP,Design Debt,P1_Data_Collection,# copy gt file from ceph to local temporary directory,Code Debt,3,"Temporary directory handling is hardcoded and not configurable, making it harder to maintain and adapt to different environments.",False,153
apple/ml-4m,Computer Vision,fourm/demo_4M_sampler.py,65,TEMP,Design Debt,P3_Model_Development,"'token_decoding_schedule': None, 'temp': 0.01, 'temp_schedule': 'constant',",Code Debt,3,The use of a magic number '0.01' for 'temp' suggests a hardcoded value that may not be easily configurable or maintainable.,False,154
apple/ml-4m,Computer Vision,fourm/utils/generation.py,99,TEMP,Design Debt,P3_Model_Development,"return np.concatenate([np.array([temp * 1.0]), (temp * (token_schedule.sum() - token_schedule.cumsum()) / token_schedule.sum())[:-1]]).clip(min=1e-9)",Code Debt,3,The use of the TEMP keyword and the np.concatenate function with hardcoded array indices may indicate a complex or hard-to-maintain code structure.,False,155
open-mmlab/mmtracking,Computer Vision,mmtrack/core/__init__.py,2,NOQA,Test Debt,P3_Model_Development,"from .anchor import *  # noqa: F401, F403",Code Debt,3,"The import statement is using noqa to suppress warnings, which can make the code harder to understand and maintain.",False,156
facebookresearch/vissl,Computer Vision,tests/test_ibot.py,105,TEMP,Design Debt,P3_Model_Development,with in_temporary_directory():,Code Debt,3,"The use of with in_temporary_directory() suggests a temporary solution or workaround in the code, indicating potential code debt.",False,157
facebookresearch/Detectron,Computer Vision,detectron/modeling/model_builder.py,94,TODO,Requirement Debt,P3_Model_Development,# TODO(rbg): fold into build_generic_detection_model,Design Debt,3,The TODO comment indicates a need to refactor the code to improve its design and structure.,False,158
open-mmlab/mmtracking,Computer Vision,mmtrack/core/__init__.py,6,NOQA,Test Debt,P3_Model_Development,"from .motion import *  # noqa: F401, F403",Code Debt,3,"The import statement is using noqa to suppress warnings, which can make the code harder to understand and maintain.",False,159
open-mmlab/mmdetection3d,Computer Vision,mmdet3d/registry.py,63,TODO,Requirement Debt,P3_Model_Development,# TODO: update the location when mmdet3d has its own data sampler,Model Dependency Debt,2,The code is dependent on a future feature (mmdet3d's own data sampler) that has not been implemented yet.,False,160
apple/ml-4m,Computer Vision,fourm/demo_4M_sampler.py,75,TEMP,Design Debt,P3_Model_Development,"'token_decoding_schedule': None, 'temp': 0.1, 'temp_schedule': 'constant',",Code Debt,3,"The use of a hardcoded temperature value (0.1) in the 'temp' parameter may not be easily configurable or adaptable to different scenarios, violating the principle of code modularity.",False,161
cleanlab/cleanlab,Computer Vision,cleanlab/internal/multiannotator_utils.py,347,TEMP,Design Debt,P3_Model_Development,"scaled_pred_probs = softmax(np.log(pred_probs), temperature=temp, axis=1, shift=False)",Code Debt,3,The use of the 'TEMP' keyword as a variable name is not descriptive and may lead to confusion in the codebase.,False,162
apple/ml-4m,Computer Vision,run_training_divae.py,1377,TODO,Requirement Debt,P3_Model_Development,# TODO: Perform robust per-sample standardization to evaluate shift and scale invariant metrics,Code Debt,3,"The TODO comment indicates a specific implementation detail that needs to be addressed in the code, specifically per-sample standardization for shift and scale invariant metrics.",False,163
open-mmlab/mmtracking,Computer Vision,mmtrack/datasets/tao_dataset.py,241,NOQA,Test Debt,P1_Data_Collection,' pip install git+https://github.com/lvis-dataset/lvis-api.git '  # noqa,Code Debt,3,The use of a hardcoded comment with a pip install command is not a best practice and can lead to maintenance issues.,False,164
apple/ml-4m,Computer Vision,run_training_vqvae.py,1520,TODO,Requirement Debt,P3_Model_Development,# TODO: Perform robust per-sample standardization to evaluate shift and scale invariant metrics,Code Debt,3,"The TODO comment indicates a missing implementation step in the code, specifically for robust per-sample standardization, which is a crucial aspect of model evaluation.",False,165
apple/ml-4m,Computer Vision,fourm/models/generate.py,1070,TEMP,Design Debt,P3_Model_Development,"mod_dict, target_mod, num_select, temperature=temp,",Code Debt,3,The use of the keyword TEMP in the function parameters suggests a hardcoded value that may not be easily configurable or maintainable.,False,166
facebookresearch/Detectron,Computer Vision,detectron/core/config.py,1133,NOQA,Test Debt,P3_Model_Development,"file_types = [file, io.IOBase] if six.PY2 else [io.IOBase]  # noqa false positive",Code Debt,3,The use of a deprecated library (six) and a magic number (NOQA) indicates a lack of code maintenance and adherence to best practices.,False,167
apple/ml-4m,Computer Vision,fourm/demo_4M_sampler.py,114,TEMP,Design Debt,P3_Model_Development,"'token_decoding_schedule': None, 'temp': 0.01, 'temp_schedule': 'constant',",Code Debt,3,"The use of a hardcoded temperature value ('temp': 0.01) in the model's configuration is a sign of code debt, as it may not be easily adaptable to changing requirements.",False,168
facebookresearch/vissl,Computer Vision,tests/test_dino_xcit_fsdp.py,15,TEMP,Design Debt,P3_Model_Development,"in_temporary_directory,",Test Debt,3,"The use of in_temporary_directory suggests a temporary solution for testing, which may not be ideal for a production-ready model.",False,169
facebookresearch/vissl,Computer Vision,tests/test_distillation_swav.py,310,TEMP,Design Debt,P3_Model_Development,with in_temporary_directory() as pretrain_dir:,Code Debt,3,The use of a temporary directory in a test file may lead to code duplication and make the code harder to maintain.,False,170
facebookresearch/vissl,Computer Vision,tests/test_ema_hook.py,13,TEMP,Design Debt,P3_Model_Development,"in_temporary_directory,",Test Debt,3,"The use of in_temporary_directory suggests a temporary solution for testing, which may not be ideal for long-term maintainability.",False,171
open-mmlab/mmdetection3d,Computer Vision,demo/pcd_demo.py,76,TODO,Requirement Debt,P3_Model_Development,# TODO: Support inference of point cloud numpy file.,Code Debt,3,"The TODO comment indicates a missing feature in the codebase, which is a code debt issue.",False,172
MVIG-SJTU/AlphaPose,Computer Vision,alphapose/models/fastpose_duc.py,40,NOQA,Test Debt,P3_Model_Development,"import torchvision.models as tm   # noqa: F401,F403",Code Debt,3,"Unused import statement is left in the code, potentially cluttering the namespace and wasting resources",False,173
open-mmlab/mmtracking,Computer Vision,mmtrack/core/__init__.py,8,NOQA,Test Debt,P3_Model_Development,"from .track import *  # noqa: F401, F403",Code Debt,3,The import statement from .track import * is a code smell and can lead to naming conflicts and increased complexity.,False,174
cleanlab/cleanlab,Computer Vision,cleanlab/filter.py,828,TODO,Requirement Debt,P3_Model_Development,# TODO figure out what the types inside args are.,Code Debt,3,"The TODO comment indicates a lack of understanding of the types inside the args, which could lead to type-related bugs or errors.",False,175
cleanlab/cleanlab,Computer Vision,cleanlab/internal/multiannotator_utils.py,77,TODO,Requirement Debt,P3_Model_Development,# TODO: might shift this later in the code to avoid extra compute,Code Debt,3,"The TODO comment suggests a potential performance optimization opportunity, but the code is not yet refactored to avoid extra compute.",False,176
cleanlab/cleanlab,Computer Vision,cleanlab/filter.py,440,TODO,Requirement Debt,P3_Model_Development,# TODO: run count.num_label_issues() and adjust the total issues found here to match,Code Debt,3,"The TODO comment indicates a need for code adjustment to accurately reflect the total issues found, suggesting a code debt related to incomplete or outdated implementation.",False,177
open-mmlab/mmtracking,Computer Vision,setup.py,101,NOQA,Test Debt,P4_Build_Packaging,version = rest  # NOQA,Code Debt,3,"The use of the NOQA comment suggests a potential code smell or a workaround, indicating technical debt in the codebase.",False,178
open-mmlab/mmdetection3d,Computer Vision,.dev_scripts/benchmark_options.py,9,NOQA,Test Debt,P3_Model_Development,'configs/pointpillars/pointpillars_hv_secfpn_sbn-all_16xb2-2x_waymoD5-3d-3class.py': # noqa,Code Debt,3,"The use of the NOQA comment suggests a potential code smell or a workaround in the codebase, indicating a need for refactoring.",False,179
apple/ml-4m,Computer Vision,fourm/models/generate.py,287,TEMP,Design Debt,P3_Model_Development,"temp_schedule = onex_temp_schedule(max_t=temp, min_t=min_t, token_schedule=token_schedule, power=power)",Code Debt,3,"The use of the keyword TEMP in the comment suggests that the code is not properly refactored, indicating a potential code debt issue.",False,180
apple/ml-4m,Computer Vision,fourm/data/modality_transforms.py,875,TODO,Requirement Debt,P1_Data_Collection,# TODO: Make this work with other text tokenizers,Code Debt,3,"The TODO comment indicates a specific code functionality that is not yet implemented, which is a code debt issue.",False,181
facebookresearch/vissl,Computer Vision,tests/test_knn.py,136,TEMP,Design Debt,P3_Model_Development,with in_temporary_directory() as pretrain_dir:,Code Debt,3,The use of a temporary directory in a test file may indicate a lack of proper cleanup or resource management.,False,182
open-mmlab/mmdetection3d,Computer Vision,tools/test.py,129,TODO,Requirement Debt,P3_Model_Development,# TODO: Support tta for 3D detection,Model Dependency Debt,3,"The codebase lacks support for Test-Time Augmentation (TTA) in 3D detection, which may impact model performance and reliability.",False,183
tryolabs/norfair,Computer Vision,norfair/drawing/draw_points.py,232,TODO,Requirement Debt,P3_Model_Development,# TODO: We used to have this function to debug,Code Debt,2,"The TODO comment suggests a previously used function for debugging that has been removed, indicating a potential refactoring opportunity.",False,184
facebookresearch/vissl,Computer Vision,tests/test_dino_xcit.py,75,TEMP,Design Debt,P3_Model_Development,with in_temporary_directory():,Test Debt,3,"The use of with in_temporary_directory() suggests a temporary solution for testing, which may not be ideal for production environments.",False,185
apple/ml-4m,Computer Vision,fourm/demo_4M_sampler.py,70,TEMP,Design Debt,P3_Model_Development,"'token_decoding_schedule': None, 'temp': 0.1, 'temp_schedule': 'constant',",Code Debt,3,"The use of a hardcoded temperature value (0.1) in the 'temp' variable may not be easily configurable or adaptable to different scenarios, violating the principle of modularity.",False,186
facebookresearch/Detectron,Computer Vision,detectron/modeling/model_builder.py,99,TODO,Requirement Debt,P3_Model_Development,# TODO(rbg): fold into build_generic_detection_model,Code Debt,3,The TODO comment indicates a refactoring opportunity to improve code organization and maintainability.,False,187
facebookresearch/vissl,Computer Vision,tests/test_distillation_swav.py,16,TEMP,Design Debt,P3_Model_Development,"in_temporary_directory,",Test Debt,3,"The use of in_temporary_directory suggests a temporary solution for testing, which may not be ideal for long-term maintainability.",False,188
facebookresearch/vissl,Computer Vision,tests/test_dino_swin_t.py,11,TEMP,Design Debt,P3_Model_Development,"in_temporary_directory,",Test Debt,3,"The use of in_temporary_directory suggests a temporary solution for testing, which may not be ideal for a production-ready model.",False,189
facebookresearch/vissl,Computer Vision,tests/test_dino_deit_fsdp.py,135,TEMP,Design Debt,P3_Model_Development,with in_temporary_directory():,Test Debt,3,"The use of with in_temporary_directory() suggests a temporary solution for testing, which may not be ideal for production environments.",False,190
facebookresearch/vissl,Computer Vision,tests/test_lin_eval.py,54,TEMP,Design Debt,P3_Model_Development,with in_temporary_directory():,Test Debt,3,"The use of with in_temporary_directory() suggests a temporary solution for testing, which may not be ideal for long-term maintainability.",False,191
open-mmlab/mmdetection3d,Computer Vision,mmdet3d/registry.py,88,TODO,Requirement Debt,P3_Model_Development,# TODO: update the location when mmdet3d has its own optimizer,Code Debt,3,"The TODO comment indicates a need to refactor or update the code to align with the project's optimizer, which is a code-level technical debt.",False,192
open-mmlab/mmtracking,Computer Vision,tools/test.py,67,XXX,Design Debt,P3_Model_Development,'in xxx=yyy format will be merged into config file.'),Configuration Debt,3,"The code is hardcoded with a specific format that will be merged into a config file, indicating a potential configuration debt.",False,193
open-mmlab/mmdetection3d,Computer Vision,demo/multi_modality_demo.py,87,TODO,Requirement Debt,P3_Model_Development,# TODO: Support inference of point cloud numpy file.,Code Debt,3,"The TODO comment indicates a missing feature implementation in the codebase, which is a code debt issue.",False,194
apple/ml-4m,Computer Vision,fourm/models/generate.py,308,TEMP,Design Debt,P3_Model_Development,"'temperature': temp,",Code Debt,3,"The use of the keyword 'TEMP' in the code suggests a temporary or workaround solution, which may not be ideal for long-term maintainability.",False,195
facebookresearch/vissl,Computer Vision,tests/test_finetuning.py,338,TEMP,Design Debt,P3_Model_Development,with in_temporary_directory():,Code Debt,3,"The use of with in_temporary_directory() suggests a temporary workaround for a potential issue, indicating a code debt related to handling temporary directories.",False,196
cleanlab/cleanlab,Computer Vision,tests/test_segmentation.py,342,TEMP,Design Debt,P3_Model_Development,"_get_label_quality_per_image(empty_score_array, method=""softmin"", temperature=temp)",Code Debt,3,"The use of the keyword TEMP in the comment suggests a temporary or experimental solution, which may not be properly refactored or removed, leading to technical debt.",False,197
facebookresearch/vissl,Computer Vision,tests/test_dino_swin_t.py,75,TEMP,Design Debt,P3_Model_Development,with in_temporary_directory():,Code Debt,3,"The use of with in_temporary_directory() suggests a temporary workaround for testing purposes, which may not be ideal for production code.",False,198
open-mmlab/mmtracking,Computer Vision,mmtrack/apis/inference.py,48,TEMP,Design Debt,P3_Model_Development,# Creating a temporary file to record the information of initialized,Code Debt,3,The use of a temporary file for recording information is a code smell indicating a potential design issue.,False,199
facebookresearch/vissl,Computer Vision,tests/test_dino_deit_fsdp.py,20,TEMP,Design Debt,P3_Model_Development,"in_temporary_directory,",Test Debt,3,"The use of in_temporary_directory suggests a temporary solution for testing, which may not be ideal for a production-ready model.",False,200
apple/ml-4m,Computer Vision,run_training_vqcontrolnet.py,1127,TODO,Requirement Debt,P3_Model_Development,# TODO: Implement for other domains,Model Dependency Debt,3,"The code is hardcoded to only implement VQ-VAE control net for a specific domain, limiting its applicability to other domains.",False,201
cleanlab/cleanlab,Computer Vision,tests/test_classification.py,763,TODO,Requirement Debt,P3_Model_Development,)  # TODO: Remove this line once sklearn 1.5.1 is released,Code Debt,2,The TODO comment indicates a temporary fix that should be removed once a specific version of sklearn is released.,False,202
apple/ml-4m,Computer Vision,fourm/models/generate.py,1129,TEMP,Design Debt,P3_Model_Development,"mod_dict, target_mod, num_select, temperature=temp,",Code Debt,3,"The use of the keyword TEMP in the function parameter name suggests a temporary or hardcoded value, which may indicate a code smell or a potential issue with the model's temperature parameter.",False,203
open-mmlab/mmdetection3d,Computer Vision,.dev_scripts/gather_models.py,46,TODO,Requirement Debt,P3_Model_Development,# TODO: add support for lyft dataset,Model Dependency Debt,2,"The codebase lacks support for the Lyft dataset, indicating a dependency on specific data sources.",False,204
cleanlab/cleanlab,Computer Vision,cleanlab/version.py,138,BUG,Defect Debt,P3_Model_Development,# 0.0.14 - Major bug fix in classification. Unused param broke code.,Defect Debt,5,A major bug fix was required due to an unused parameter breaking the code.,False,205
facebookresearch/vissl,Computer Vision,tests/test_extract_features.py,101,TEMP,Design Debt,P3_Model_Development,with in_temporary_directory() as pretrain_dir:,Code Debt,3,The use of a temporary directory in a test file may indicate a lack of proper cleanup or resource management.,False,206
cleanlab/cleanlab,Computer Vision,cleanlab/experimental/mnist_pytorch.py,224,XXX,Design Debt,P3_Model_Development,# XXX this is a pretty weird sklearn estimator that does data loading,Code Debt,3,"The comment suggests that the code is not following standard practices, indicating a deviation from best coding standards.",False,207
apple/ml-4m,Computer Vision,fourm/data/masking.py,509,TODO,Requirement Debt,P1_Data_Collection,"tensor[i_, :] = torch.zeros_like(emb_tensor[0,:]) # TODO replace to learned embeddings later",Code Debt,3,"The TODO comment indicates a temporary fix that needs to be replaced with a more permanent solution, affecting the maintainability of the code.",False,208
facebookresearch/vissl,Computer Vision,extra_scripts/convert_caffe2_to_torchvision_resnet.py,12,NOQA,Test Debt,P3_Model_Development,https://github.com/facebookresearch/fair_self_supervision_benchmark/blob/master/extra_scripts/pickle_caffe2_to_pytorch.py # NOQA,Code Debt,3,"The code is copying and modifying an existing script from another repository without proper refactoring or documentation, indicating a lack of maintainability and reusability.",False,209
open-mmlab/mmtracking,Computer Vision,mmtrack/datasets/got10k_dataset.py,129,XXX,Design Debt,P1_Data_Collection,like resfile_path=xxx in argparse',Code Debt,3,The use of XXX in the code without proper explanation or documentation may lead to confusion and maintenance issues in the future.,False,210
google-deepmind/dm_pix,Computer Vision,dm_pix/_src/augment_test.py,191,BUG,Defect Debt,P3_Model_Development,"# Due to a bug in scipy we cannot test all available modes, refer to these",Defect Debt,4,"The code is unable to test all available modes due to a bug in scipy, which is a critical defect.",False,211
cleanlab/cleanlab,Computer Vision,tests/test_segmentation.py,332,TEMP,Design Debt,P3_Model_Development,"score = _get_label_quality_per_image(random_score_array, method=""softmin"", temperature=temp)",Code Debt,3,"The use of the keyword TEMP suggests a temporary or hardcoded value, which can lead to code fragility and make it harder to maintain.",False,212
facebookresearch/vissl,Computer Vision,tests/test_ibot.py,12,TEMP,Design Debt,P3_Model_Development,"in_temporary_directory,",Test Debt,3,"The use of in_temporary_directory suggests a temporary solution for testing, which may not be ideal for long-term maintainability.",False,213
cleanlab/cleanlab,Computer Vision,tests/test_segmentation.py,335,TEMP,Design Debt,P3_Model_Development,"np.expand_dims(random_score_array, axis=0), axis=1, temperature=temp",Code Debt,3,"The use of TEMP keyword and np.expand_dims function suggests a temporary or workaround solution in the code, indicating a potential code debt issue.",False,214
apple/ml-4m,Computer Vision,fourm/data/multimodal_dataset_folder.py,99,XXX,Design Debt,P1_Data_Collection,root/class_x/xxx.ext,Code Debt,3,"The use of XXX in the file path may indicate a hardcoded or magic value, which can make the code harder to maintain and understand.",False,215
apple/ml-4m,Computer Vision,fourm/models/generate.py,1117,TEMP,Design Debt,P3_Model_Development,temp = schedule_step_info['temperature'],Code Debt,3,"The use of the keyword 'TEMP' and the variable 'temp' suggests a temporary or placeholder solution, indicating a potential code debt issue.",False,216
facebookresearch/vissl,Computer Vision,tests/test_distillation_swav.py,318,TEMP,Design Debt,P3_Model_Development,with in_temporary_directory():,Code Debt,3,"The use of with in_temporary_directory() suggests a temporary workaround for a potential issue, indicating a code debt related to handling temporary directories.",False,217
facebookresearch/vissl,Computer Vision,tests/test_distillation.py,72,TEMP,Design Debt,P3_Model_Development,with in_temporary_directory():,Test Debt,3,"The use of with in_temporary_directory() suggests a temporary solution for testing, which may not be ideal for production environments.",False,218
facebookresearch/vissl,Computer Vision,tests/test_distillation_dino.py,59,TEMP,Design Debt,P3_Model_Development,with in_temporary_directory() as pretrain_dir:,Code Debt,3,The use of a temporary directory in a test file may lead to code duplication and make the test less maintainable.,False,219
open-mmlab/mmtracking,Computer Vision,configs/reid/resnet50_b32x8_MOT17.py,29,NOQA,Test Debt,P3_Model_Development,checkpoint=  # noqa: E251,Code Debt,3,"The use of noqa: E251 is a code debt as it indicates a potential issue with the code's adherence to PEP 8 style conventions, but does not prevent the code from functioning correctly.",False,220
open-mmlab/mmtracking,Computer Vision,mmtrack/datasets/mot_challenge_dataset.py,407,TEMP,Design Debt,P1_Data_Collection,# copy sequence file from ceph to local temporary directory,Code Debt,3,Temporary directory handling is hardcoded and may not be suitable for all environments.,False,221
facebookresearch/vissl,Computer Vision,tests/test_ema_hook.py,43,TEMP,Design Debt,P3_Model_Development,with in_temporary_directory() as checkpoint_folder:,Test Debt,3,The use of a temporary directory in a test file may indicate a lack of proper cleanup or setup for the test environment.,False,222
facebookresearch/vissl,Computer Vision,tests/test_finetuning.py,283,TEMP,Design Debt,P3_Model_Development,with in_temporary_directory() as pretrain_dir:,Code Debt,3,The use of a temporary directory in a test file may lead to code duplication and make the code harder to maintain.,False,223
open-mmlab/mmtracking,Computer Vision,mmtrack/apis/inference.py,52,TEMP,Design Debt,P3_Model_Development,tmp_file = tempfile.NamedTemporaryFile(delete=False),Code Debt,3,The use of TEMP keyword and delete=False in tmp_file = tempfile.NamedTemporaryFile(delete=False) may lead to file descriptor leaks or other issues if not properly handled.,False,224
facebookresearch/vissl,Computer Vision,tests/test_extract_features.py,108,TEMP,Design Debt,P3_Model_Development,with in_temporary_directory() as extract_dir:,Code Debt,3,The use of a temporary directory in a test file may indicate a lack of proper cleanup or resource management.,False,225
facebookresearch/vissl,Computer Vision,tests/bench_vit_fsdp.py,205,TODO,Requirement Debt,P3_Model_Development,# TODO - add config with_mixed_precision,Configuration Debt,2,Missing configuration for mixed precision training may lead to performance issues or incorrect results.,False,226
facebookresearch/vissl,Computer Vision,tests/test_ibot.py,74,TEMP,Design Debt,P3_Model_Development,with in_temporary_directory() as pretrain_dir:,Code Debt,3,The use of a temporary directory in a test file may lead to code duplication and make the code harder to maintain.,False,227
cleanlab/cleanlab,Computer Vision,tests/test_segmentation.py,346,TEMP,Design Debt,P3_Model_Development,"_get_label_quality_per_image(random_score_array, method=None, temperature=temp)",Code Debt,3,"The use of the keyword TEMP in the method parameter name suggests a temporary or hardcoded value, which may indicate a code smell or a potential issue with the model's temperature parameter.",False,228
facebookresearch/Detectron,Computer Vision,tools/infer.py,31,BUG,Defect Debt,P3_Model_Development,import cv2  # NOQA (Must import before importing caffe2 due to bug in cv2),Code Debt,3,"The code has a workaround for a bug in cv2, which may lead to maintenance issues in the future.",False,229
apple/ml-4m,Computer Vision,fourm/models/generate.py,1185,TEMP,Design Debt,P3_Model_Development,temp = schedule_step_info['temperature'],Code Debt,3,"The use of the keyword 'TEMP' and the variable 'temp' suggests a temporary or placeholder solution, indicating a potential code debt issue.",False,230
facebookresearch/vissl,Computer Vision,tests/bench_vit_fsdp.py,210,TEMP,Design Debt,P3_Model_Development,with in_temporary_directory():,Code Debt,3,"The use of with in_temporary_directory() suggests a temporary workaround for testing purposes, which may not be ideal for production code.",False,231
facebookresearch/vissl,Computer Vision,tests/test_extract_features.py,112,TEMP,Design Debt,P3_Model_Development,with in_temporary_directory():,Test Debt,3,"The use of with in_temporary_directory() suggests a temporary solution for testing, which may not be ideal for long-term maintainability.",False,232
open-mmlab/mmtracking,Computer Vision,mmtrack/datasets/mot_challenge_dataset.py,166,TEMP,Design Debt,P1_Data_Collection,tmp_dir = tempfile.TemporaryDirectory(),Code Debt,3,The use of a temporary directory with a hardcoded name 'tmp_dir' may lead to naming conflicts or unexpected behavior in a multi-threaded environment.,False,233
facebookresearch/vissl,Computer Vision,tests/test_dino_deit.py,11,TEMP,Design Debt,P3_Model_Development,"in_temporary_directory,",Test Debt,3,"The use of in_temporary_directory suggests a temporary solution for testing, which may not be scalable or maintainable in the long run.",False,234
apple/ml-4m,Computer Vision,fourm/models/generate.py,1146,TEMP,Design Debt,P3_Model_Development,"mod_dict, target_mod, num_select, temperature=temp, top_k=top_k, top_p=top_p,",Code Debt,3,"The use of the keyword 'TEMP' in the code suggests a temporary or hardcoded value, which may indicate a code smell or a potential issue with the model's temperature parameter.",False,235
open-mmlab/mmtracking,Computer Vision,mmtrack/apis/train.py,124,WORKAROUND,Design Debt,P3_Model_Development,# an ugly workaround to make .log and .log.json filenames the same,Code Debt,3,The workaround is an ad-hoc solution that may lead to code duplication or inconsistencies in the future.,False,236
open-mmlab/mmdetection3d,Computer Vision,mmdet3d/registry.py,134,TODO,Requirement Debt,P3_Model_Development,# TODO: update the location when mmdet3d has its own log processor,Design Debt,3,The TODO comment indicates a design decision that needs to be revisited when the log processor is updated.,False,237
tryolabs/norfair,Computer Vision,norfair/drawing/draw_points.py,181,HACK,Design Debt,P3_Model_Development,# HACK add an alias to prevent error in the function below,Code Debt,3,"The use of a HACK comment indicates a temporary fix that may not be maintainable in the long term, suggesting a code debt issue.",False,238
open-mmlab/mmtracking,Computer Vision,mmtrack/core/__init__.py,4,NOQA,Test Debt,P3_Model_Development,"from .evaluation import *  # noqa: F401, F403",Code Debt,3,"The import statement is using noqa to suppress warnings, which can make the code harder to understand and maintain.",False,239
tryolabs/norfair,Computer Vision,norfair/drawing/color.py,258,TODO,Requirement Debt,P3_Model_Development,# TODO: validate?,Code Debt,3,"The TODO comment indicates a potential issue with the code's functionality, specifically the validation of the drawing color, which may lead to incorrect results or errors.",False,240
facebookresearch/vissl,Computer Vision,tests/test_lin_eval.py,10,TEMP,Design Debt,P3_Model_Development,"in_temporary_directory,",Test Debt,3,"The use of in_temporary_directory suggests a temporary solution for testing, which may not be ideal for long-term maintainability.",False,241
facebookresearch/Detectron,Computer Vision,tools/train_net.py,26,BUG,Defect Debt,P3_Model_Development,import cv2  # NOQA (Must import before importing caffe2 due to bug in cv2),Code Debt,3,"The code is importing cv2 before caffe2 due to a bug, which may lead to unexpected behavior or errors.",False,242
cleanlab/cleanlab,Computer Vision,cleanlab/version.py,140,BUG,Defect Debt,P3_Model_Development,# 0.0.13 - Major bug fix in finding label errors.,Defect Debt,4,A major bug fix indicates a significant defect in the code that affects the model's accuracy.,False,243
facebookresearch/vissl,Computer Vision,tests/test_finetuning.py,306,TEMP,Design Debt,P3_Model_Development,with in_temporary_directory():,Code Debt,3,"The use of with in_temporary_directory() suggests a temporary workaround for a potential issue, indicating a code debt related to a workaround or a quick fix.",False,244
open-mmlab/mmtracking,Computer Vision,tools/test.py,72,XXX,Design Debt,P3_Model_Development,"help='custom options for evaluation, the key-value pair in xxx=yyy '",Code Debt,3,The use of XXX as a placeholder for custom options may lead to confusion and maintenance issues if not properly documented or replaced with a more robust solution.,False,245
facebookresearch/vissl,Computer Vision,tests/test_knn.py,198,TODO,Requirement Debt,P3_Model_Development,# TODO - investigate: both KNN implementation have a bit of randomness,Code Debt,3,"The TODO comment suggests that the KNN implementation has randomness, which may affect model performance and requires investigation.",False,246
cleanlab/cleanlab,Computer Vision,tests/test_segmentation.py,331,TEMP,Design Debt,P3_Model_Development,temp = random.random(),Code Debt,3,The use of a temporary variable 'temp' with a random value is not clearly documented and may lead to confusion in the future.,False,247
facebookresearch/vissl,Computer Vision,tests/test_knn.py,17,TEMP,Design Debt,P3_Model_Development,"in_temporary_directory,",Test Debt,3,"The use of in_temporary_directory suggests a temporary solution for testing, which may not be ideal for a production-ready model.",False,248
facebookresearch/vissl,Computer Vision,tests/test_build_meters.py,9,NOQA,Test Debt,P3_Model_Development,"import vissl.meters  # noqa: F401,F811",Code Debt,3,"The import statement is commented out, indicating unused code, which can lead to technical debt and make the codebase harder to maintain.",False,249
apple/ml-4m,Computer Vision,fourm/demo_4M_sampler.py,318,TEMP,Design Debt,P3_Model_Development,"temps = [get_value(defaults, domain, 'temp') for domain in target_domains]",Code Debt,3,The use of the TEMP keyword and hardcoded logic in the temps variable suggests a lack of abstraction and potential for maintenance issues.,False,250
apple/ml-4m,Computer Vision,fourm/demo_4M_sampler.py,89,TEMP,Design Debt,P3_Model_Development,"'token_decoding_schedule': 'linear', 'temp': 0.01, 'temp_schedule': 'constant',",Code Debt,3,The use of a hardcoded temperature value (0.01) in the 'temp' parameter may not be easily adaptable to different model requirements or environments.,False,251
open-mmlab/mmdetection3d,Computer Vision,tools/test.py,48,XXX,Design Debt,P3_Model_Development,'in xxx=yyy format will be merged into config file. If the value to ',Configuration Debt,3,"The code is hardcoded with a specific format that will be merged into a config file, indicating a potential configuration debt.",False,252
facebookresearch/Detectron,Computer Vision,detectron/modeling/model_builder.py,344,TODO,Requirement Debt,P3_Model_Development,# TODO(rbg): fold this function into build_generic_detection_model,Design Debt,3,"The function is not being used as intended, indicating a design flaw in the model builder.",False,253
open-mmlab/mmdetection3d,Computer Vision,tools/train.py,75,TODO,Requirement Debt,P3_Model_Development,# TODO: We will unify the ceph support approach with other OpenMMLab repos,Design Debt,3,The codebase has a temporary solution (TODO comment) indicating a design decision that needs to be revisited for better maintainability and scalability.,False,254
open-mmlab/mmdetection3d,Computer Vision,mmdet3d/registry.py,106,TODO,Requirement Debt,P3_Model_Development,# TODO: update the location when mmdet3d has its own scheduler,Design Debt,3,The TODO comment indicates a design decision that needs to be revisited when the mmdet3d scheduler is updated.,False,255
cleanlab/cleanlab,Computer Vision,cleanlab/filter.py,241,TODO,Requirement Debt,P3_Model_Development,# TODO - add support for these filters,Code Debt,3,"The TODO comment indicates a missing feature implementation, which is a code-level issue.",False,256
facebookresearch/vissl,Computer Vision,tests/test_extract_features.py,16,TEMP,Design Debt,P3_Model_Development,"in_temporary_directory,",Test Debt,3,"The use of in_temporary_directory suggests a temporary solution for testing, which may not be ideal for long-term maintainability.",False,257
facebookresearch/vissl,Computer Vision,tests/test_distillation.py,64,TEMP,Design Debt,P3_Model_Development,with in_temporary_directory() as pretrain_dir:,Code Debt,3,The use of a temporary directory in a test file may lead to code duplication and make the test harder to maintain.,False,258
facebookresearch/vissl,Computer Vision,tests/test_distillation_swav.py,353,TEMP,Design Debt,P3_Model_Development,with in_temporary_directory():,Code Debt,3,"The use of with in_temporary_directory() suggests a temporary workaround for testing purposes, which may not be ideal for production code.",False,259
open-mmlab/mmdetection3d,Computer Vision,mmdet3d/registry.py,45,TODO,Requirement Debt,P3_Model_Development,# TODO: update the location when mmdet3d has its own runner,Design Debt,3,The TODO comment indicates a design decision that needs to be revisited when the mmdet3d runner is updated.,False,260
facebookresearch/vissl,Computer Vision,tests/test_extract_features_utils.py,92,TEMP,Design Debt,P3_Model_Development,with in_temporary_directory() as temp_dir:,Code Debt,3,The use of a temporary directory in a test file may indicate a lack of consideration for code organization and reusability.,False,261
facebookresearch/vissl,Computer Vision,tests/test_dino_deit_fsdp.py,192,TEMP,Design Debt,P3_Model_Development,with in_temporary_directory():,Code Debt,3,"The use of with in_temporary_directory() suggests a temporary workaround for testing purposes, which may not be ideal for production code.",False,262
open-mmlab/mmtracking,Computer Vision,mmtrack/core/__init__.py,7,NOQA,Test Debt,P3_Model_Development,"from .optimizer import *  # noqa: F401, F403",Code Debt,3,"The import statement is using noqa to suppress warnings, indicating a potential code smell or unnecessary import.",False,263
facebookresearch/vissl,Computer Vision,tests/test_distillation_swav.py,376,TEMP,Design Debt,P3_Model_Development,with in_temporary_directory():,Code Debt,3,"The use of with in_temporary_directory() suggests a temporary solution or workaround, potentially indicating technical debt in the codebase.",False,264
cleanlab/cleanlab,Computer Vision,cleanlab/multiannotator.py,800,TEMP,Design Debt,P3_Model_Development,"# do not temp scale for single annotator case, temperature is defined here for later use",Code Debt,3,"The code contains a temporary scaling logic that is commented out, indicating a potential refactoring opportunity to improve code organization and maintainability.",False,265
facebookresearch/vissl,Computer Vision,tests/test_distillation_dino.py,67,TEMP,Design Debt,P3_Model_Development,with in_temporary_directory():,Code Debt,3,"The use of with in_temporary_directory() suggests a temporary workaround for testing purposes, which may not be ideal for production code.",False,266
open-mmlab/mmtracking,Computer Vision,configs/det/faster-rcnn_r50_fpn_4e_mot17-half.py,14,NOQA,Test Debt,P3_Model_Development,'http://download.openmmlab.com/mmdetection/v2.0/faster_rcnn/faster_rcnn_r50_fpn_2x_coco/faster_rcnn_r50_fpn_2x_coco_bbox_mAP-0.384_20200504_210434-a5d8aa15.pth'  # noqa: E501,Configuration Debt,2,The use of a hardcoded model path is not ideal for reproducibility and maintainability.,False,267
facebookresearch/vissl,Computer Vision,tests/test_dino_deit_fsdp.py,367,TEMP,Design Debt,P3_Model_Development,with in_temporary_directory() as temp_dir:,Code Debt,3,"The use of a temporary directory in a test file may indicate a lack of proper cleanup or resource management, leading to potential issues in the codebase.",False,268
apple/ml-4m,Computer Vision,fourm/models/generate.py,1083,TEMP,Design Debt,P3_Model_Development,"mod_dict, target_mod, temperature=temp, top_k=top_k, top_p=top_p,",Code Debt,3,"The use of the keyword 'TEMP' suggests a temporary or hardcoded value, which may indicate a code smell or a potential issue with the model's temperature parameter.",False,269
apple/ml-4m,Computer Vision,fourm/demo_4M_sampler.py,55,TEMP,Design Debt,P3_Model_Development,"'token_decoding_schedule': None, 'temp': 0.3, 'temp_schedule': 'constant',",Code Debt,3,The use of a hardcoded temperature value (0.3) in the 'temp' parameter may not be easily adaptable to different model requirements or experimental settings.,False,270
cleanlab/cleanlab,Computer Vision,cleanlab/internal/multiannotator_utils.py,339,TEMP,Design Debt,P3_Model_Development,"temp: float,",Code Debt,3,The use of 'temp' as a parameter name is not descriptive and may cause confusion in the future.,False,271
cleanlab/cleanlab,Computer Vision,cleanlab/filter.py,206,TODO,Requirement Debt,P3_Model_Development,]  # TODO: change default to confident_learning ?,Code Debt,3,"The TODO comment indicates a need to refactor or update the default value in the confident_learning function, which is a code-level issue.",False,272
tryolabs/norfair,Computer Vision,norfair/drawing/drawer.py,350,TODO,Requirement Debt,P3_Model_Development,# TODO: TrackedObject.scores could be an interesting thing to have,Code Debt,3,"The TODO comment suggests a potential improvement to the TrackedObject.scores functionality, indicating a need for refactoring or optimization.",False,273
apple/ml-4m,Computer Vision,fourm/data/multimodal_dataset_folder.py,208,XXX,Design Debt,P1_Data_Collection,root/modality_b/class_x/xxx.ext,Code Debt,3,"The use of XXX in the file path may indicate a hardcoded or magic value, which can make the code harder to maintain and understand.",False,274
albumentations-team/autoalbument,Computer Vision,autoalbument/cli/lib/config_builder.py,64,NOQA,Test Debt,P3_Model_Development,except:  # noqa E722,Code Debt,2,The use of noqa E722 is a code debt as it indicates a deviation from the standard Python style guide.,False,275
open-mmlab/mmtracking,Computer Vision,demo/demo_mot_vis.py,52,TEMP,Design Debt,P3_Model_Development,out_dir = tempfile.TemporaryDirectory(),Code Debt,3,"The use of tempfile.TemporaryDirectory() is not properly cleaned up, potentially leading to resource leaks.",False,276
open-mmlab/mmdetection3d,Computer Vision,mmdet3d/registry.py,94,TODO,Requirement Debt,P3_Model_Development,# TODO: update the location when mmdet3d has its own optimizer,Design Debt,3,"The TODO comment indicates a design decision that needs to be revisited when mmdet3d has its own optimizer, affecting the overall architecture.",False,277
apple/ml-4m,Computer Vision,fourm/models/generate.py,1215,TEMP,Design Debt,P3_Model_Development,"uncond_dict, cond_dicts, cond_weights, target_mod, num_select, temp, top_k, top_p, seed=seed",Code Debt,3,"The use of the keyword TEMP in the function parameters suggests a temporary or experimental implementation, which may not be properly refactored or cleaned up, leading to technical debt.",False,278
open-mmlab/mmtracking,Computer Vision,mmtrack/core/__init__.py,5,NOQA,Test Debt,P3_Model_Development,"from .hook import *  # noqa: F401, F403",Code Debt,3,The import statement from .hook import * is not explicit and may lead to naming conflicts or circular imports.,False,279
facebookresearch/Detectron,Computer Vision,tools/convert_cityscapes_to_coco.py,54,TODO,Requirement Debt,P3_Model_Development,"combine with other labels from original COCO that will be a TODO.""""""",Code Debt,3,"The TODO comment indicates a missing implementation step in the code, which is a code debt issue.",False,280
apple/ml-4m,Computer Vision,fourm/models/generate.py,1159,TEMP,Design Debt,P3_Model_Development,"mod_dict, target_mod, temperature=temp, top_k=top_k, top_p=top_p,",Code Debt,3,"The use of the keyword 'TEMP' in the code suggests a hardcoded or temporary value, which may not be suitable for production use.",False,281
facebookresearch/vissl,Computer Vision,tests/test_dino_xcit.py,11,TEMP,Design Debt,P3_Model_Development,"in_temporary_directory,",Test Debt,3,"The use of in_temporary_directory suggests a temporary solution for testing, which may not be ideal for a production-ready model.",False,282
apple/ml-4m,Computer Vision,fourm/utils/checkpoint.py,34,WORKAROUND,Design Debt,P3_Model_Development,Workaround for ModelEma._load_checkpoint to accept an already-loaded object,Model Stack Workaround Debt,3,"The workaround is necessary to accommodate an already-loaded object in ModelEma._load_checkpoint, indicating a temporary fix to an underlying design or implementation issue.",False,283
open-mmlab/mmtracking,Computer Vision,mmtrack/datasets/mot_challenge_dataset.py,382,TEMP,Design Debt,P1_Data_Collection,local_dir = tempfile.TemporaryDirectory(),Code Debt,3,The use of tempfile.TemporaryDirectory() for local_dir may not be suitable for production environments and could lead to issues with data persistence.,False,284
facebookresearch/vissl,Computer Vision,tests/test_dino_swin_t.py,81,TEMP,Design Debt,P3_Model_Development,with in_temporary_directory() as pretrain_dir:,Code Debt,3,"The use of a temporary directory in a test file may indicate a lack of proper cleanup or resource management, leading to potential issues in the long run.",False,285
open-mmlab/mmdetection3d,Computer Vision,configs/_base_/default_runtime.py,23,TODO,Requirement Debt,P3_Model_Development,# TODO: support auto scaling lr,Performance Optimization Debt,4,"The TODO comment suggests that the learning rate scaling is not optimized, which can impact model performance.",False,286
cleanlab/cleanlab,Computer Vision,tests/test_filter_count.py,1119,TODO,Requirement Debt,P3_Model_Development,# TODO: consider also testing this line without psutil installed,Test Debt,3,"The TODO comment indicates a missing test case, which is a common issue in Test Debt.",False,287
apple/ml-4m,Computer Vision,fourm/models/generate.py,281,TEMP,Design Debt,P3_Model_Development,"temp_schedule = linear_temp_schedule(temp, token_schedule)",Code Debt,3,"The use of a temporary variable 'temp_schedule' suggests a quick fix without proper refactoring, indicating a potential code debt issue.",False,288
facebookresearch/vissl,Computer Vision,tests/test_knn.py,216,TODO,Requirement Debt,P3_Model_Development,# TODO - investigate: both KNN implementation have a bit of randomness,Code Debt,3,"The TODO comment suggests that the KNN implementation has randomness, which may affect model performance and requires investigation.",False,289
facebookresearch/Detectron,Computer Vision,detectron/modeling/model_builder.py,325,TODO,Requirement Debt,P3_Model_Development,# TODO(rbg): fold this function into build_generic_detection_model,Code Debt,3,The TODO comment indicates a refactoring opportunity to improve code organization and maintainability.,False,290
apple/ml-4m,Computer Vision,fourm/utils/generation.py,97,TEMP,Design Debt,P3_Model_Development,"def linear_temp_schedule(temp, token_schedule):",Code Debt,3,"The use of the keyword TEMP in the function name and parameter suggests a temporary or experimental implementation, which may not be properly refactored or maintained.",False,291
apple/ml-4m,Computer Vision,fourm/demo_4M_sampler.py,50,TEMP,Design Debt,P3_Model_Development,"'token_decoding_schedule': 'linear', 'temp': 0.01, 'temp_schedule': 'constant',",Code Debt,3,The use of a hardcoded temperature value (0.01) in the 'temp' parameter may not be easily adaptable to different model requirements or experimental settings.,False,292
open-mmlab/mmdetection3d,Computer Vision,mmdet3d/registry.py,100,TODO,Requirement Debt,P3_Model_Development,# TODO: update the location when mmdet3d has its own optimizer,Model Dependency Debt,2,"The code is tightly coupled with mmdet3d's optimizer, making it difficult to update the location independently.",False,293
open-mmlab/mmtracking,Computer Vision,configs/det/faster-rcnn_r101_fpn_4e_mot17-half.py,12,NOQA,Test Debt,P3_Model_Development,'http://download.openmmlab.com/mmdetection/v2.0/faster_rcnn/faster_rcnn_r101_fpn_2x_coco/faster_rcnn_r101_fpn_2x_coco_bbox_mAP-0.398_20200504_210455-1d2dac9c.pth'  # noqa: E501,Configuration Debt,2,"The use of a hardcoded model path indicates a configuration debt, as it may not be easily reproducible or adaptable to different environments.",False,294
facebookresearch/Detectron,Computer Vision,tools/test_net.py,26,BUG,Defect Debt,P3_Model_Development,import cv2  # NOQA (Must import before importing caffe2 due to bug in cv2),Code Debt,3,"The code has a workaround for a bug in cv2, which may lead to maintenance issues in the future.",False,295
facebookresearch/vissl,Computer Vision,tests/test_extract_cluster.py,101,TEMP,Design Debt,P3_Model_Development,with in_temporary_directory() as pretrain_dir:,Code Debt,3,The use of a temporary directory in a test file may indicate a lack of proper cleanup or resource management.,False,296
open-mmlab/mmdetection3d,Computer Vision,tools/test.py,105,TODO,Requirement Debt,P3_Model_Development,# TODO: We will unify the ceph support approach with other OpenMMLab repos,Design Debt,3,"The codebase has a TODO comment indicating a need to unify the ceph support approach, which suggests a design-level issue.",False,297
facebookresearch/vissl,Computer Vision,tests/test_meter_precision.py,7,NOQA,Test Debt,P3_Model_Development,"import vissl.meters  # noqa: F401,F811",Code Debt,3,"The import statement is commented out, indicating unused code, which can lead to technical debt and maintenance issues.",False,298
tryolabs/norfair,Computer Vision,norfair/tracker.py,637,TODO,Requirement Debt,P3_Model_Development,# TODO: Use keypoint confidence information to change R on each sensor instead?,Code Debt,3,"The TODO comment suggests a potential improvement to the existing code, indicating a need for refactoring or optimization.",False,299
huggingface/transformers,NLP,tests/test_video_processing_common.py,143,TEMP,Design Debt,P3_Model_Development,with tempfile.TemporaryDirectory() as tmpdirname:,Test Debt,3,"The use of tempfile.TemporaryDirectory() as a context manager may not be properly cleaned up in case of an exception, leading to potential test instability.",False,300
google-research/t5x,NLP,t5x/partitioning.py,234,TODO,Requirement Debt,P3_Model_Development,# TODO(jekbradbury): reorder local subgroups for ring locality,Design Debt,3,"The TODO comment suggests a potential improvement to the partitioning strategy for better locality, indicating a design-level issue.",False,301
google-research/language,NLP,language/canine/tensor_contracts.py,140,TODO,Requirement Debt,P3_Model_Development,# TODO(jhclark): Allow implicit named dimensions based on `shape` and,Design Debt,3,"The TODO comment suggests a design limitation in the tensor contracts, which may impact future development or maintenance.",False,302
google-research/t5x,NLP,t5x/infer.py,500,TODO,Requirement Debt,P3_Model_Development,# TODO(adarob): Support inference over multiple checkpoints.,Model Dependency Debt,3,"The codebase is missing support for inference over multiple checkpoints, which may lead to model dependency issues.",False,303
allenai/dolma,NLP,scripts/dolma_stats.py,236,TEMP,Design Debt,P3_Model_Development,with TemporaryDirectory() as tempdir:,Code Debt,3,The use of TEMP as a variable name is not descriptive and may indicate a lack of clear variable naming conventions.,False,304
huggingface/transformers,NLP,tests/test_processing_common.py,1553,TEMP,Design Debt,P3_Model_Development,with tempfile.TemporaryDirectory() as tmpdirname:,Test Debt,3,"The use of tempfile.TemporaryDirectory() as a context manager may not be properly cleaned up in case of an exception, leading to potential test failures or inconsistencies.",False,305
IST-DASLab/gptq,NLP,zeroShot/models/bloom.py,53,TODO,Requirement Debt,P3_Model_Development,# TODO: fix multi-gpu,Performance Optimization Debt,3,"The TODO comment suggests a performance optimization issue with multi-gpu support, which could impact model training time and resource utilization.",False,306
allenai/dolma,NLP,configs/c4-replication/reformat_trafilatura.py,73,TEMP,Design Debt,P3_Model_Development,with TemporaryDirectory() as tempdir:,Code Debt,3,The use of TEMP keyword and TemporaryDirectory() suggests a temporary solution that may not be scalable or maintainable in the long run.,False,307
IST-DASLab/gptq,NLP,zeroShot/models/models_utils.py,413,TODO,Requirement Debt,P3_Model_Development,# TODO: implement fully general `until` that handles until that are,Code Debt,3,"The TODO comment indicates a missing implementation for a specific functionality, which is a code-level issue.",False,308
huggingface/transformers,NLP,tests/test_configuration_common.py,64,TEMP,Design Debt,P3_Model_Development,with tempfile.TemporaryDirectory() as tmpdirname:,Test Debt,3,"The use of tempfile.TemporaryDirectory() as a context manager is not necessary and can be replaced with a simpler approach, indicating a potential test debt issue.",False,309
togethercomputer/RedPajama-Data,NLP,app/src/core/quality_signals/content.py,159,NOQA,Test Debt,P3_Model_Development,"def __init__(self, bad_urls_dir: str, *args, **kwargs):  # noqa",Code Debt,3,"The use of noqa comment suggests a lack of adherence to code style conventions, potentially leading to inconsistencies and maintenance issues.",False,310
huggingface/transformers,NLP,tests/test_tokenization_common.py,995,TEMP,Design Debt,P3_Model_Development,with tempfile.TemporaryDirectory() as tmp_dir_name:,Code Debt,3,"The use of tempfile.TemporaryDirectory() may not be properly cleaned up in case of an exception, leading to potential resource leaks.",False,311
allenai/open-instruct,NLP,open_instruct/grpo_fast.py,296,NOQA,Test Debt,P3_Model_Development,from deepspeed.runtime.checkpoint_engine import torch_checkpoint_engine  # noqa: PLC0415,Code Debt,3,The use of noqa comment is a code debt as it can lead to inconsistent code formatting and make it harder to maintain the codebase in the future.,False,312
thunlp/OpenPrompt,NLP,openprompt/trainer.py,496,TODO,Requirement Debt,P3_Model_Development,target = batch['tgt_text'] # TODO pop?,Code Debt,3,The TODO comment suggests a potential refactoring opportunity to improve code readability and maintainability.,False,313
allenai/dolma,NLP,scripts/stats_urls.py,11,TEMP,Design Debt,P3_Model_Development,from tempfile import TemporaryDirectory,Code Debt,3,"The use of TEMP keyword in the comment suggests a temporary solution, which may not be properly refactored or removed, leading to technical debt.",False,314
bigcode-project/bigcode-evaluation-harness,NLP,templates/new_task.py,17,TODO,Requirement Debt,P3_Model_Development,# TODO: Replace `NewTask` with the name of your Task.,Code Debt,3,"The code contains a placeholder for a task name, indicating a lack of proper naming conventions or refactoring.",False,315
togethercomputer/RedPajama-Data,NLP,app/src/core/quality_signals/lines.py,119,NOQA,Test Debt,P3_Model_Development,class RPS_Lines_Start_With_Bulletpoint(RPSBase):  # noqa,Code Debt,3,"The use of noqa comment suggests a potential code smell or a deliberate choice to ignore a specific linter rule, which may indicate a need for code refactoring or reorganization.",False,316
CarperAI/trlx,NLP,tests/test_models.py,256,TODO,Requirement Debt,P3_Model_Development,"@unittest.skip(""TODO: Final hidden states are not the same for frozen and unfrozen T5 heads"")",Test Debt,3,The test is skipping due to a known issue with final hidden states not being the same for frozen and unfrozen T5 heads.,False,317
google-research/language,NLP,language/fruit/beam_pipelines_test.py,98,TEMP,Design Debt,P3_Model_Development,with tempfile.TemporaryDirectory() as tmpdir:,Test Debt,3,"The use of tempfile.TemporaryDirectory() as a context manager may not be properly cleaned up in case of an exception, leading to potential test instability.",False,318
salesforce/CodeT5,NLP,CodeT5/evaluator/CodeBLEU/parser/DFG.py,132,TEMP,Design Debt,P3_Model_Development,temp=[],Code Debt,3,The use of a global variable 'temp' is not thread-safe and can lead to unexpected behavior in a multi-threaded environment.,False,319
salesforce/CodeT5,NLP,CodeT5/evaluator/CodeBLEU/parser/DFG.py,352,TEMP,Design Debt,P3_Model_Development,DFG+=temp,Code Debt,3,"The use of the 'TEMP' keyword and the comment 'DFG+=temp' suggests a temporary or placeholder implementation, which may not be properly refactored or maintained, leading to technical debt.",False,320
bigcode-project/bigcode-evaluation-harness,NLP,templates/new_task.py,19,TODO,Requirement Debt,P3_Model_Development,# TODO: Add the `DATASET_PATH` string. This will be the name of the `Task`,Code Debt,2,"The code is missing a crucial variable definition, which is a basic coding requirement.",False,321
allenai/longformer,NLP,tvm/module.py,131,TEMP,Design Debt,P3_Model_Development,"path_obj = temp.relpath(""lib."" + object_format)",Code Debt,3,"The use of TEMP keyword suggests a temporary or workaround solution, which may not be ideal for production code.",False,322
salesforce/CodeT5,NLP,CodeT5/evaluator/CodeBLEU/parser/DFG.py,950,TEMP,Design Debt,P3_Model_Development,DFG+=temp,Code Debt,3,"The use of a temporary variable 'temp' in the DFG parser suggests a potential code smell or a workaround, indicating a need for refactoring.",False,323
OpenRLHF/OpenRLHF,NLP,openrlhf/trainer/ppo_trainer.py,252,TODO,Requirement Debt,P3_Model_Development,# TODO: KL controller must be FixedKLController; AdaptiveKLController is incompatible here.,Design Debt,3,"The KL controller implementation is not compatible with the chosen controller type, indicating a design flaw in the code.",False,324
huggingface/transformers,NLP,examples/3D_parallel.py,304,BUG,Defect Debt,P3_Model_Development,"assert len(list(model.parameters())) > 5, ""No parameters found in model. Probably DDP bug..""",Defect Debt,3,"The code is checking for a specific condition (no parameters found in model) which could be a sign of a DDP bug, indicating a defect in the model's implementation.",False,325
google-research/t5x,NLP,t5x/export_lib.py,602,TODO,Requirement Debt,P3_Model_Development,# TODO(b/188656799): Generalize this code to work with arbitrary models.,Design Debt,3,"The code is not generalized to work with arbitrary models, indicating a design flaw.",False,326
togethercomputer/RedPajama-Data,NLP,app/src/core/quality_signals/importance_weights.py,245,NOQA,Test Debt,P3_Model_Development,"*args, **kwargs  # noqa",Code Debt,3,"The use of *args, **kwargs with a comment indicating it's ignored by NOQA suggests a potential code smell or unnecessary complexity.",False,327
bigcode-project/bigcode-evaluation-harness,NLP,tests/test_generation_evaluation.py,12,TODO,Requirement Debt,P3_Model_Development,# TODO add more tasks,Test Debt,3,"The TODO comment indicates a missing test case, which is a common issue in test suites.",False,328
allenai/dolma,NLP,configs/c4-replication/reformat_trafilatura.py,6,TEMP,Design Debt,P3_Model_Development,from tempfile import TemporaryDirectory,Code Debt,3,"The use of the `TemporaryDirectory` class from `tempfile` is not necessary for this context, suggesting a potential simplification or refactoring opportunity.",False,329
bigcode-project/bigcode-evaluation-harness,NLP,bigcode_eval/tasks/studenteval.py,51,TEMP,Design Debt,P3_Model_Development,"with tempfile.NamedTemporaryFile(mode=""w"", suffix="".py"") as f:",Code Debt,3,The use of a temporary file for code generation can lead to code complexity and potential issues with file management.,False,330
bigcode-project/bigcode-dataset,NLP,pii/ner/pii_redaction/main_redact.py,39,TODO,Requirement Debt,P3_Model_Development,# TODO,Code Debt,3,The presence of a TODO comment in the code indicates a potential issue or incomplete implementation that needs to be addressed.,False,331
google-research/t5x,NLP,t5x/export_lib.py,75,TODO,Requirement Debt,P3_Model_Development,# TODO(marcrasi): Delete this after migrating clients.,Code Debt,2,The TODO comment indicates a temporary solution that should be refactored or removed after migration.,False,332
salesforce/CodeT5,NLP,CodeT5/evaluator/CodeBLEU/parser/DFG.py,1143,TEMP,Design Debt,P3_Model_Development,DFG+=temp,Code Debt,3,The use of a temporary variable 'temp' in the DFG parser suggests a potential code smell or a workaround that may need to be refactored for better maintainability.,False,333
microsoft/ProphetNet,NLP,GENIE/data_util/text_data_util.py,45,TODO,Requirement Debt,P3_Model_Development,#     # TODO: finish pretrain embedding setting,Code Debt,3,"The TODO comment indicates a missing implementation for pretrain embedding setting, which is a critical component of the NLP model, and its absence may lead to incorrect model behavior.",False,334
salesforce/CodeT5,NLP,CodeT5/evaluator/CodeBLEU/parser/DFG.py,1005,TEMP,Design Debt,P3_Model_Development,DFG+=temp,Code Debt,3,"The use of 'TEMP' as a placeholder in the DFG parser suggests a temporary or ad-hoc solution that may not be properly maintained or refactored, leading to technical debt.",False,335
togethercomputer/RedPajama-Data,NLP,app/src/core/quality_signals/importance_weights.py,231,NOQA,Test Debt,P3_Model_Development,):  # noqa,Code Debt,3,"The use of noqa comment suggests a potential coding standard deviation, indicating a need for code refactoring.",False,336
mistralai/mistral-common,NLP,tests/test_utils.py,151,TEMP,Design Debt,P3_Model_Development,"hf_cache = _create_temporary_hf_model_cache(""mistralai/Mistral-7B-v0.1"")",Code Debt,3,The use of a temporary cache for a model suggests a workaround for a potential issue with the model's loading process.,False,337
google-research/text-to-text-transfer-transformer,NLP,t5/data/glue_utils.py,114,TODO,Requirement Debt,P1_Data_Collection,# TODO(craffel): Investigate using those indices.,Code Debt,3,"The TODO comment indicates a potential improvement to the code, specifically the use of indices, which could be optimized for better performance.",False,338
huggingface/transformers,NLP,.circleci/create_circleci_config.py,318,TODO,Requirement Debt,P3_Model_Development,# TODO: remove this once it works directly,Code Debt,2,The TODO comment indicates a temporary fix that should be refactored for better maintainability.,False,339
EleutherAI/pythia,NLP,case-studies/term_frequency/numerical_reasoning_time_unit_conversion.py,20,TODO,Requirement Debt,P3_Model_Development,# TODO: Add BibTeX citation,Documentation Debt,2,"The TODO comment is indicating a missing citation, which is a documentation issue rather than a functional problem.",False,340
salesforce/CodeT5,NLP,CodeT5/evaluator/CodeBLEU/parser/DFG.py,608,TEMP,Design Debt,P3_Model_Development,DFG+=temp,Code Debt,3,The use of a temporary variable 'temp' in the DFG parser suggests a potential code smell or a workaround that may need to be refactored for better maintainability.,False,341
huggingface/transformers,NLP,tests/test_tensor_parallel_mixin.py,643,TEMP,Design Debt,P3_Model_Development,with tempfile.TemporaryDirectory() as tmp_dir:,Test Debt,3,"The use of tempfile.TemporaryDirectory() as tmp_dir: may indicate a test setup that is not properly isolated or cleaned up, leading to potential test flakiness or data corruption.",False,342
allenai/dolma,NLP,scripts/download_phishing_domains.py,42,TEMP,Design Debt,P3_Model_Development,with tempfile.TemporaryDirectory() as tmp_dir:,Code Debt,3,"The use of a temporary directory with tempfile.TemporaryDirectory() may not be properly cleaned up in case of an exception, leading to potential file system issues.",False,343
huggingface/transformers,NLP,tests/test_backbone_common.py,79,TEMP,Design Debt,P3_Model_Development,with tempfile.TemporaryDirectory() as tmpdirname:,Test Debt,3,"The use of tempfile.TemporaryDirectory() as a context manager may not be properly cleaned up in case of an exception, leading to potential test instability.",False,344
allenai/open-instruct,NLP,open_instruct/dataset_transformation.py,1062,TODO,Requirement Debt,P1_Data_Collection,"# TODO: allow passing in sft_message key, so we can train on ""chosen"" of pref dataset.",Requirement Debt,3,The TODO comment indicates a missing feature requirement to pass in a specific key for training.,False,345
OpenRLHF/OpenRLHF,NLP,openrlhf/trainer/dpo_trainer.py,243,TODO,Requirement Debt,P3_Model_Development,"# TODO: save best model on dev, use loss/perplexity on whole dev dataset as metric",Code Debt,3,"The TODO comment indicates a missing implementation detail in the code, specifically saving the best model on the dev dataset and using a specific metric.",False,346
huggingface/transformers,NLP,.circleci/create_circleci_config.py,377,TODO,Requirement Debt,P3_Model_Development,# TODO: remove this once it works directly,Code Debt,3,The TODO comment suggests a temporary workaround that needs to be refactored for better maintainability.,False,347
allenai/dolma,NLP,scripts/download_phishing_domains.py,41,TEMP,Design Debt,P3_Model_Development,# Temporary directory to store downloaded and extracted files,Code Debt,3,The use of a temporary directory for storing downloaded and extracted files indicates a lack of proper file management and organization in the codebase.,False,348
huggingface/transformers,NLP,tests/test_modeling_common.py,2574,TEMP,Design Debt,P3_Model_Development,with tempfile.TemporaryDirectory() as d:,Test Debt,3,"The use of tempfile.TemporaryDirectory() as d: is not properly cleaned up, potentially leaving temporary files behind.",False,349
facebookresearch/bart_ls,NLP,fairseq-py/fairseq/__init__.py,34,NOQA,Test Debt,P3_Model_Development,import fairseq.models  # noqa,Code Debt,2,"The noqa comment is used to suppress a warning, indicating a potential code smell or a deliberate choice to ignore a best practice.",False,350
huggingface/transformers,NLP,tests/alm_tester.py,164,TODO,Requirement Debt,P3_Model_Development,"# TODO: @eustlb, remove this once #45534 is merged",Code Debt,2,The TODO comment indicates a temporary fix that should be removed once a specific issue is resolved.,False,351
microsoft/nlp-recipes,NLP,tests/conftest.py,156,TEMP,Design Debt,P3_Model_Development,td = TemporaryDirectory(dir=tmp_path_factory.getbasetemp()),Test Debt,3,"The use of TemporaryDirectory from the tempfile module may not be properly cleaned up in case of an exception, leading to potential test failures or inconsistencies.",False,352
google-research/language,NLP,language/canine/tensor_contracts.py,404,TODO,Requirement Debt,P3_Model_Development,# TODO(jhclark): Support multiple possible expected ranks.,Design Debt,3,"The code lacks a clear design for handling multiple expected ranks, leading to potential future complexity.",False,353
huggingface/transformers,NLP,tests/test_tensor_parallel_mixin.py,627,TEMP,Design Debt,P3_Model_Development,with tempfile.TemporaryDirectory() as tmp_dir:,Test Debt,3,"The use of tempfile.TemporaryDirectory() may not be properly cleaned up in case of an exception, leading to potential test flakiness.",False,354
allenai/open-instruct,NLP,open_instruct/model_utils.py,112,TEMP,Design Debt,P3_Model_Development,"with tempfile.NamedTemporaryFile(dir=path.parent, delete=False, suffix="".tmp"") as tmp:",Code Debt,3,The use of a temporary file with a fixed suffix may lead to file system clutter and make it harder to manage temporary files.,False,355
huggingface/transformers,NLP,utils/check_dummies.py,58,XXX,Design Debt,P3_Model_Development,# Matches from xxx import bla,Code Debt,3,"The import statement is commented out, indicating that it was previously used but is no longer necessary, potentially leaving unused code in the repository.",False,356
google-research/t5x,NLP,t5x/infer.py,862,TODO,Requirement Debt,P3_Model_Development,# TODO(adarob): Figure out a workaround so we can deprecate this flag.,Design Debt,3,"The TODO comment indicates a workaround is needed to deprecate a flag, suggesting a design issue.",False,357
thunlp/OpenPrompt,NLP,openprompt/prompts/prompt_generator.py,384,TODO,Requirement Debt,P3_Model_Development,"raise RuntimeError(""{} is not supported yet"".format(type(inner_model))) # TODO add more model",Code Debt,3,"The code is not fully implemented, with a TODO comment indicating that more models need to be added.",False,358
thunlp/OpenPrompt,NLP,openprompt/pipeline_base.py,535,TODO,Requirement Debt,P3_Model_Development,output_sequences.extend(output_sequence.cpu().tolist()) # TODO: to support generate multiple sentence,Code Debt,3,"The TODO comment indicates a missing feature to support generating multiple sentences, which is a code-level issue.",False,359
salesforce/CodeT5,NLP,CodeT5/evaluator/CodeBLEU/parser/DFG.py,347,TEMP,Design Debt,P3_Model_Development,"temp,states=DFG_java(child,index_to_code,states)",Code Debt,3,"The use of a temporary variable 'temp' and the assignment of 'states' without clear purpose or explanation indicates a lack of clarity in the code, making it harder to understand and maintain.",False,360
google-research/text-to-text-transfer-transformer,NLP,t5/data/tasks.py,16,TODO,Requirement Debt,P1_Data_Collection,# TODO(adarob): Switch to seqio.Task.,Code Debt,3,"The code is not up-to-date with the latest seqio.Task, indicating a need for refactoring.",False,361
togethercomputer/RedPajama-Data,NLP,app/src/core/quality_signals/importance_weights.py,205,NOQA,Test Debt,P3_Model_Development,class RPS_Doc_Books_Importance(Base_Importance):  # noqa,Code Debt,3,"The use of noqa comment suggests a potential coding standard deviation, indicating a need for code refactoring.",False,362
salesforce/CodeT5,NLP,CodeT5/evaluator/CodeBLEU/parser/utils.py,44,TEMP,Design Debt,P3_Model_Development,temp = [],Code Debt,3,The use of a global list 'temp' is not thread-safe and may cause issues in a multi-threaded environment.,False,363
allenai/dolma,NLP,scripts/wimbd_to_dolma.py,14,TEMP,Design Debt,P3_Model_Development,from tempfile import TemporaryDirectory,Code Debt,3,"The use of the TEMP keyword in the comment suggests a temporary solution, indicating a potential code debt issue.",False,364
togethercomputer/RedPajama-Data,NLP,app/src/core/quality_signals/importance_weights.py,154,NOQA,Test Debt,P3_Model_Development,class RPS_Doc_Wikipedia_Importance(Base_Importance):  # noqa,Code Debt,3,"The use of noqa comment suggests a potential code smell or a deliberate choice to ignore a specific linter rule, which may indicate a need for code refactoring or improvement.",False,365
adapter-hub/adapters,NLP,tests/test_methods/base.py,207,TODO,Requirement Debt,P3_Model_Development,# TODO: simpify Audio tests by using the same head type for all tests,Test Debt,3,"The TODO comment suggests that the current test implementation is complex and needs simplification, indicating a test debt issue.",False,366
bigcode-project/bigcode-evaluation-harness,NLP,templates/new_task.py,35,TODO,Requirement Debt,P3_Model_Development,"# TODO: retrieve the evaluation subset from the loaded dataset (e.g. `self.dataset[""test""]`)",Code Debt,3,"The code is missing a crucial step to retrieve the evaluation subset from the loaded dataset, which is necessary for model evaluation.",False,367
google-research/t5x,NLP,t5x/optimizers.py,793,TODO,Requirement Debt,P3_Model_Development,# TODO(levskaya): add traversal handling for state_dict / restore_state,Code Debt,3,"The TODO comment indicates a missing implementation for traversal handling in the state_dict / restore_state functionality, which is a code-level issue.",False,368
adapter-hub/adapters,NLP,src/adapters/__init__.py,1,NOQA,Test Debt,P3_Model_Development,# flake8: noqa,Code Debt,2,"The use of # flake8: noqa comment indicates a deliberate suppression of flake8 warnings, which may lead to hidden issues in the codebase.",False,369
togethercomputer/RedPajama-Data,NLP,app/src/core/quality_signals/classifiers.py,95,NOQA,Test Debt,P3_Model_Development,class RPS_Doc_ML_Palm_Score(BaseMLSignal):  # noqa,Code Debt,3,"The use of noqa comment suggests a potential code smell or a deliberate choice to ignore a style guide, which may indicate technical debt.",False,370
allenai/dolma,NLP,tests/python/test_data_types.py,46,TODO,Requirement Debt,P3_Model_Development,# TODO: add tests for to/from Spec,Test Debt,3,"The TODO comment indicates a missing test case for a specific functionality, which can lead to incomplete test coverage.",False,371
salesforce/CodeT5,NLP,CodeT5/evaluator/CodeBLEU/parser/DFG.py,527,TEMP,Design Debt,P3_Model_Development,"temp,states=DFG_csharp(child,index_to_code,states)",Code Debt,3,The use of 'TEMP' as a variable name is not descriptive and may indicate a lack of clear variable naming conventions.,False,372
microsoft/nlp-recipes,NLP,tests/unit/test_dataset.py,79,TODO,Requirement Debt,P3_Model_Development,# ToDo: Change this url when repo goes public.,Code Debt,2,"The TODO comment indicates a hardcoded URL that needs to be updated, which is a code smell and a potential maintenance issue.",False,373
google-research/xtreme,NLP,third_party/processors/lareqa.py,39,TODO,Requirement Debt,P3_Model_Development,"# TODO make sure that this tokenization is happening correctly with correct cls, sep and max lengths.",Code Debt,3,"The TODO comment indicates a potential issue with the tokenization process, which could lead to incorrect model outputs.",False,374
allenai/dolma,NLP,sources/starcoder/v0.py,78,TEMP,Design Debt,P3_Model_Development,with TemporaryDirectory() as tempdir:,Code Debt,3,"The use of TEMP keyword and TemporaryDirectory() suggests a temporary solution or workaround, indicating potential code debt.",False,375
microsoft/ProphetNet,NLP,GENIE/model/CrossAttentionTransformers.py,194,TODO,Requirement Debt,P3_Model_Development,# TODO(PVP) - mask is currently never used. Remember to re-implement when used,Code Debt,2,"The TODO comment indicates a potential refactoring opportunity to remove unused code, improving code maintainability.",False,376
bigcode-project/bigcode-evaluation-harness,NLP,templates/new_task.py,7,TODO,Requirement Debt,P3_Model_Development,TODO: Write a Short Description of the task.,Documentation Debt,2,"The TODO comment indicates a missing description for the task, which is essential for understanding the task's purpose and functionality.",False,377
allenai/longformer,NLP,longformer/diagonaled_mm_tvm.py,54,FIXME,Defect Debt,P3_Model_Development,"t3d3 == m,  # if output dimension == m, then t1 is diagonaled (FIXME: This breaks if t3d3 == m == t1d3)",Code Debt,3,The FIXME comment indicates a potential bug or edge case in the diagonaled matrix calculation.,False,378
salesforce/CodeT5,NLP,CodeT5/evaluator/CodeBLEU/parser/DFG.py,816,TEMP,Design Debt,P3_Model_Development,DFG+=temp,Code Debt,3,"The use of a temporary variable 'temp' in the DFG parser suggests a quick fix or workaround, potentially leading to code duplication or maintenance issues.",False,379
huggingface/transformers,NLP,tests/test_tokenization_common.py,983,TEMP,Design Debt,P3_Model_Development,with tempfile.TemporaryDirectory() as tmp_dir_name:,Test Debt,3,"The use of tempfile.TemporaryDirectory() as a context manager is not necessary in this test case, indicating a potential test debt.",False,380
huggingface/transformers,NLP,tests/test_modeling_common.py,293,TODO,Requirement Debt,P3_Model_Development,# musicgen decoder models; TODO: find better abstraction,Design Debt,3,"The code lacks a clear abstraction for musicgen decoder models, indicating a design flaw that may lead to code duplication or increased complexity.",False,381
IST-DASLab/gptq,NLP,zeroShot/models/models_utils.py,206,TODO,Requirement Debt,P3_Model_Development,# TODO: Implement caching once we've confirmed the perplexity implementation,Code Debt,3,"The TODO comment indicates a missing implementation for caching, which is a code-level technical debt.",False,382
adapter-hub/adapters,NLP,src/adapters/model_mixin.py,1858,HACK,Design Debt,P3_Model_Development,# HACK Copied from transformers/generation/utils.py,Code Debt,3,"The code is copied from an external library without proper adaptation or refactoring, increasing the risk of maintenance and modification issues.",False,383
salesforce/CodeT5,NLP,CodeT5/evaluator/CodeBLEU/parser/DFG.py,70,TEMP,Design Debt,P3_Model_Development,"temp,states=DFG_python(node,index_to_code,states)",Code Debt,3,The use of a temporary variable 'temp' and the assignment of 'states' without clear purpose or explanation may indicate a lack of refactoring or code organization.,False,384
facebookresearch/cc_net,NLP,cc_net/mine.py,73,HACK,Design Debt,P3_Model_Development,experiments: (HACK) enable specific experiments in the code,Code Debt,3,"The use of the HACK keyword in the comment suggests a temporary or experimental solution that may not be properly refactored or removed, leading to technical debt.",False,385
allenai/dolma,NLP,tests/python/test_deduper.py,110,TEMP,Design Debt,P3_Model_Development,"with NamedTemporaryFile(""w"") as f:",Code Debt,3,The use of NamedTemporaryFile is a code smell and may indicate a lack of understanding of Python's tempfile module.,False,386
huggingface/transformers,NLP,tests/test_modeling_common.py,3125,TEMP,Design Debt,P3_Model_Development,with tempfile.TemporaryDirectory() as tmp_dir:,Test Debt,3,"The use of tempfile.TemporaryDirectory() as tmp_dir: may indicate a lack of proper test cleanup, potentially leading to test flakiness.",False,387
facebookresearch/bart_ls,NLP,fairseq-py/fairseq/checkpoint_utils.py,120,TODO,Requirement Debt,P3_Model_Development,# TODO[ioPath]: Need to implement a delayed asynchronous,Code Debt,3,"The TODO comment indicates a missing implementation for a delayed asynchronous operation, which is a code-level issue.",False,388
EleutherAI/the-pile,NLP,the_pile/datasets.py,169,TODO,Requirement Debt,P1_Data_Collection,# todo: convert after gcloud download is implemented,Code Debt,3,"The code contains a TODO comment indicating a pending task to convert data after gcloud download is implemented, which may lead to inconsistencies or incomplete functionality.",False,389
salesforce/CodeT5,NLP,CodeT5/evaluator/CodeBLEU/parser/DFG.py,227,TEMP,Design Debt,P3_Model_Development,"temp,states=DFG_java(right_nodes,index_to_code,states)",Code Debt,3,The use of a temporary variable 'temp' and the assignment of 'states' without clear purpose suggests a lack of refactoring and code organization.,False,390
bigcode-project/bigcode-evaluation-harness,NLP,bigcode_eval/tasks/quixbugs.py,76,BUG,Defect Debt,P3_Model_Development,"prompt = ""### fix the bug in the following function""",Code Debt,3,"The code contains a comment indicating a bug that needs to be fixed, suggesting a need for refactoring or updating the code to resolve the issue.",False,391
huggingface/transformers,NLP,tests/test_processing_common.py,347,TEMP,Design Debt,P3_Model_Development,"""""""Clean up the temporary directory.""""""",Code Debt,3,The use of a temporary directory cleanup comment suggests a potential issue with directory management or cleanup in the code.,False,392
huggingface/transformers,NLP,tests/test_modeling_common.py,3592,TEMP,Design Debt,P3_Model_Development,with tempfile.TemporaryDirectory() as tmpdirname:,Test Debt,3,"The use of tempfile.TemporaryDirectory() as a context manager may not be properly cleaned up in case of an exception, leading to potential test failures or data corruption.",False,393
thunlp/OpenPrompt,NLP,openprompt/data_utils/lama_dataset.py,94,TODO,Requirement Debt,P3_Model_Development,"path = os.path.join(data_dir, ""fact-retrieval/original/{}/{}.jsonl"".format(self.relation_id, split)) # TODO oprinal_rob or trex option",Code Debt,3,The TODO comment indicates a potential code change or refactoring is needed to handle different options for data retrieval.,False,394
huggingface/transformers,NLP,tests/test_modeling_common.py,4502,TEMP,Design Debt,P3_Model_Development,with tempfile.TemporaryDirectory() as tmpdirname:,Test Debt,3,"The use of tempfile.TemporaryDirectory() as a context manager may not be properly cleaned up in case of an exception, leading to potential test instability.",False,395
huggingface/transformers,NLP,tests/test_modeling_common.py,2518,TEMP,Design Debt,P3_Model_Development,with tempfile.TemporaryDirectory() as temp_dir_name:,Test Debt,3,"The use of tempfile.TemporaryDirectory() as a context manager is not necessary and can be replaced with a simpler approach, indicating a potential test debt issue.",False,396
OpenRLHF/OpenRLHF,NLP,openrlhf/models/model.py,163,TODO,Requirement Debt,P3_Model_Development,# TODO: Find a better way to clarify reward model training.,Design Debt,3,"The TODO comment suggests a design flaw in the reward model training process, indicating a need for improvement.",False,397
CarperAI/trlx,NLP,tests/test_peft.py,335,TODO,Requirement Debt,P3_Model_Development,continue  # TODO: pass some tests due to some bugs in peft 0.3.0 with Seq2Seq,Test Debt,3,"The TODO comment indicates that some tests are not passing due to bugs in the peft library, which is a test-related issue.",False,398
huggingface/transformers,NLP,tests/test_video_processing_common.py,191,TEMP,Design Debt,P3_Model_Development,with tempfile.TemporaryDirectory() as tmpdirname:,Test Debt,3,"The use of tempfile.TemporaryDirectory() may not be properly cleaned up in case of an exception, leading to potential test instability.",False,399
thunlp/OpenPrompt,NLP,openprompt/plms/seq2seq.py,47,TODO,Requirement Debt,P3_Model_Development,''' # TODO doesn't consider the situation that input has two parts,Code Debt,3,"The TODO comment indicates a missing feature or edge case in the code, specifically handling inputs with two parts.",False,400
facebookresearch/bart_ls,NLP,fairseq-py/fairseq/fb_pathhandlers.py,131,TODO,Requirement Debt,P3_Model_Development,# TODO: Consider pid-based cache: https://www.internalfb.com/intern/diffusion/FBS/browsefile/master/fbcode/fair_infra/data/iopath/iopath/fb/manifold.py?commit=abfe1f86ed3ae9796a17c031c6cdfd94907a173d&,Code Debt,3,"The TODO comment suggests a potential improvement to the code, specifically considering a pid-based cache, which could improve performance or efficiency.",False,401
EleutherAI/pythia,NLP,case-studies/term_frequency/model.py,122,TODO,Requirement Debt,P3_Model_Development,# TODO: fix multi-gpu,Performance Optimization Debt,3,"The TODO comment suggests a performance optimization issue related to multi-gpu support, which could impact model training time and resource utilization.",False,402
thunlp/OpenDelta,NLP,opendelta/utils/logging.py,25,NOQA,Test Debt,P3_Model_Development,from logging import ERROR  # NOQA,Code Debt,2,"The use of NOQA comment suggests a potential code smell or a deliberate choice to ignore a PEP8 warning, indicating a need for code review or refactoring.",False,403
adapter-hub/adapters,NLP,src/adapters/composition.py,103,TODO,Requirement Debt,P3_Model_Development,# TODO-V2 pull this up to all block classes?,Design Debt,3,The TODO comment suggests a refactoring opportunity to improve code organization and maintainability.,False,404
facebookresearch/bart_ls,NLP,fairseq-py/fairseq/file_utils.py,349,TEMP,Design Debt,P3_Model_Development,"logger.info(""removing temp file %s"", temp_file.name)",Code Debt,3,"The use of the 'TEMP' keyword and removal of a temporary file is hardcoded in the code, indicating a potential for code duplication and inflexibility.",False,405
salesforce/CodeT5,NLP,CodeT5/evaluator/CodeBLEU/parser/DFG.py,693,TEMP,Design Debt,P3_Model_Development,"temp,states=DFG_ruby(child,index_to_code,states)",Code Debt,3,The use of a temporary variable 'temp' and the assignment of 'states' without clear purpose or explanation indicates a lack of clear coding practices.,False,406
microsoft/MASS,NLP,MASS-summarization/mass/s2s_model.py,504,TODO,Requirement Debt,P3_Model_Development,self.embed_scale = math.sqrt(embed_dim)  # todo: try with input_embed_dim,Code Debt,3,The use of a hardcoded value (embed_scale) with a TODO comment indicates a potential refactoring opportunity to improve code quality.,False,407
allenai/longformer,NLP,scripts/pretrain.py,170,TODO,Requirement Debt,P3_Model_Development,"# TODO: if MMapTextDataset._combining_shards is very slow for large files, it can be skipped but we nned to",Code Debt,3,"The TODO comment suggests a potential performance optimization issue with MMapTextDataset._combining_shards for large files, indicating a need for refactoring or optimization.",False,408
allenai/unifiedqa,NLP,evaluation/evaluate_multiple_choice_answers.py,94,TODO,Requirement Debt,P3_Model_Development,"# TODO: If multiple options has max score, look for best token alignment",Code Debt,3,"The code has a TODO comment indicating a missing feature implementation, specifically handling multiple options with the max score, which suggests a code-level debt.",False,409
huggingface/transformers,NLP,tests/test_modeling_common.py,793,TODO,Requirement Debt,P3_Model_Development,"# TODO (if possible): Avoid exceptional cases, especially for `OwlViT`.",Code Debt,3,"The TODO comment suggests a potential improvement in the code's robustness, specifically for handling exceptional cases in the `OwlViT` model.",False,410
bigcode-project/bigcode-dataset,NLP,near_deduplication/bigcode-v2/intra_dedup.py,234,WORKAROUND,Design Debt,P3_Model_Development,"functionality, so this workaround is necessary.",Model Stack Workaround Debt,3,"The workaround is necessary due to the functionality, indicating a temporary solution to a deeper design or implementation issue.",False,411
google-research/language,NLP,language/canine/tensor_contracts.py,1061,TODO,Requirement Debt,P3_Model_Development,# TODO(jhclark): Check bounds for `dim` and give good error message.,Code Debt,3,"The code lacks bounds checking for the `dim` parameter, which could lead to unexpected behavior or errors.",False,412
salesforce/CodeT5,NLP,CodeT5/evaluator/CodeBLEU/parser/utils.py,63,TEMP,Design Debt,P3_Model_Development,temp = [],Code Debt,3,The use of a global variable 'temp' is not thread-safe and can lead to unexpected behavior in a multi-threaded environment.,False,413
thunlp/OpenPrompt,NLP,openprompt/data_utils/conditional_generation_dataset.py,30,TODO,Requirement Debt,P3_Model_Development,# TODO citation,Documentation Debt,2,"The TODO citation comment indicates a missing reference in the code, which is a documentation issue.",False,414
EleutherAI/pythia,NLP,case-studies/term_frequency/numerical_reasoning_arithmetic.py,26,TODO,Requirement Debt,P3_Model_Development,# TODO: Add description of the dataset here,Documentation Debt,3,"The code comment # TODO: Add description of the dataset here indicates a missing description for the dataset, which is a documentation issue.",False,415
bigcode-project/bigcode-evaluation-harness,NLP,templates/new_task.py,45,TODO,Requirement Debt,P3_Model_Development,# TODO: build the prompt for the language model from a sample `doc` from the dataset,Prompt Template Debt,3,"The TODO comment indicates a missing implementation for building a prompt from a sample document, which is a critical component of the NLP model's functionality.",False,416
allenai/open-instruct,NLP,open_instruct/judge_utils.py,104,TODO,Requirement Debt,P3_Model_Development,"# create empty template (TODO, incomplete)",Code Debt,3,"The code has an incomplete function, which may lead to bugs or errors if not properly implemented.",False,417
bigcode-project/bigcode-dataset,NLP,near_deduplication/minhash_deduplication.py,125,NOQA,Test Debt,P3_Model_Development,"hv = np.array([sha1_hash32(token.encode(""utf-8"")) for token in tokens], dtype=np.uint64)  # noqa: E501",Code Debt,3,The use of noqa: E501 comment suggests a potential coding standard deviation in the codebase.,False,418
adapter-hub/adapters,NLP,docs/conf.py,95,HACK,Design Debt,P3_Model_Development,# HACK: currently parses head type from name,Code Debt,3,"The code contains a HACK comment indicating a temporary or workaround solution, which may lead to technical debt in the long run.",False,419
salesforce/CodeT5,NLP,CodeT5/evaluator/CodeBLEU/parser/DFG.py,989,TEMP,Design Debt,P3_Model_Development,"temp,states=DFG_php(body,index_to_code,states)",Code Debt,3,The use of a temporary variable 'temp' and the assignment of 'states' without clear purpose or explanation may indicate a lack of refactoring or code organization.,False,420
huggingface/transformers,NLP,utils/add_pipeline_model_mapping_to_test.py,240,NOQA,Test Debt,P3_Model_Development,class_lines[_idx] = None  # noqa,Code Debt,3,"The use of the noqa comment suggests a potential code smell or a workaround, indicating technical debt in the codebase.",False,421
allenai/dolma,NLP,scripts/hash_sample.py,9,TEMP,Design Debt,P3_Model_Development,from tempfile import TemporaryDirectory,Code Debt,3,"The use of the TEMP keyword in the file name is a code smell indicating potential temporary or ad-hoc code, which may not be properly maintained or refactored.",False,422
CarperAI/trlx,NLP,trlx/sweep.py,17,NOQA,Test Debt,P3_Model_Development,def get_param_space(config: dict):  # noqa: C901,Code Debt,3,The function get_param_space has a high cyclomatic complexity (C901) which can make it harder to understand and maintain.,False,423
huggingface/transformers,NLP,tests/test_pipeline_mixin.py,783,TODO,Requirement Debt,P3_Model_Development,# TODO: Move this to tiny model creation script,Code Debt,3,The TODO comment suggests a refactoring opportunity to improve code organization and maintainability.,False,424
allenai/longformer,NLP,scripts/pretrain.py,286,TODO,Requirement Debt,P3_Model_Development,# TODO: consider `replace_sampler_ddp=True` and removing the following if statement,Code Debt,3,"The TODO comment suggests a potential improvement to the code, specifically considering a configuration option and removing an if statement, which could simplify the code and improve maintainability.",False,425
facebookresearch/bart_ls,NLP,fairseq-py/fairseq/trainer.py,137,TODO,Requirement Debt,P3_Model_Development,# TODO(myleott): support tpu,Model Dependency Debt,3,"The TODO comment indicates a missing feature for TPU support, which is a dependency for certain model development environments.",False,426
allenai/dolma,NLP,tests/python/test_data_types.py,67,XXX,Design Debt,P3_Model_Development,"{""start"": 0, ""end"": 2, ""type"": ""xxx"", ""score"": 1.0, ""mention"": ""te""},",Code Debt,3,The presence of XXX comments in the code suggests that there may be hardcoded or magic values that need to be refactored for better maintainability.,False,427
salesforce/CodeT5,NLP,CodeT5/evaluator/CodeBLEU/parser/DFG.py,955,TEMP,Design Debt,P3_Model_Development,DFG+=temp,Code Debt,3,The use of a temporary variable 'temp' in the DFG parser suggests a potential code smell or a workaround that may need to be refactored for better maintainability.,False,428
CarperAI/trlx,NLP,tests/test_models.py,107,TODO,Requirement Debt,P3_Model_Development,"_supported_args = {""num_layers_unfrozen"": 2}  # TODO: Test various values",Test Debt,3,The TODO comment indicates a missing test case for a specific model configuration.,False,429
allenai/open-instruct,NLP,open_instruct/context_window_checker.py,354,NOQA,Test Debt,P3_Model_Development,from litellm import acompletion  # noqa: PLC0415,Code Debt,3,"The use of the NOQA comment to suppress a specific linter warning indicates a potential code debt issue, as it may indicate a lack of adherence to coding standards.",False,430
huggingface/transformers,NLP,tests/test_modeling_common.py,421,TODO,Requirement Debt,P3_Model_Development,# TODO: test gradients as well (& for FA2 as well!),Test Debt,3,"The TODO comment indicates a missing test case for gradient checking, which is a crucial aspect of model validation.",False,431
togethercomputer/RedPajama-Data,NLP,app/src/core/quality_signals/repetitions.py,158,NOQA,Test Debt,P3_Model_Development,class RPS_Doc_Frac_Chars_Dupe_6Grams(  # noqa,Code Debt,3,"The use of noqa comment suggests a potential coding standard deviation, indicating a need for code refactoring.",False,432
EleutherAI/pythia,NLP,case-studies/term_frequency/numerical_reasoning_arithmetic.py,20,TODO,Requirement Debt,P3_Model_Development,# TODO: Add BibTeX citation,Documentation Debt,2,"The TODO comment is indicating a missing citation, which is a documentation issue rather than a code or functionality problem.",False,433
adapter-hub/adapters,NLP,src/adapters/model_mixin.py,155,TODO,Requirement Debt,P3_Model_Development,"# TODO: Currently no fusion over invertible adapters, takes only very first language adapter position",Design Debt,3,"The code lacks fusion over invertible adapters, indicating a design flaw in the model architecture.",False,434
allenai/dolma,NLP,tests/python/test_license.py,9,NOQA,Test Debt,P3_Model_Development,"'<p xmlns:cc=""http://creativecommons.org/ns#"" xmlns:dct=""http://purl.org/dc/terms/""><a property=""dct:title"" rel=""cc:attributionURL"" href=""http://test.com/pic.jpg"">Test</a> by <a rel=""cc:attributionURL",Code Debt,3,"The presence of the NOQA comment suggests a potential code smell or a deliberate choice to ignore a specific linter rule, which may indicate technical debt.",False,435
google-research/t5x,NLP,t5x/utils.py,1025,TODO,Requirement Debt,P3_Model_Development,# TODO(adarob): Replace input_shapes and input_types with sample batch.,Code Debt,3,The TODO comment suggests a need to refactor the code to improve maintainability and reduce technical debt.,False,436
bigcode-project/bigcode-evaluation-harness,NLP,templates/new_task.py,3,TODO,Requirement Debt,P3_Model_Development,# TODO: Remove all TODO comments once the implementation is complete.,Code Debt,3,"The TODO comment indicates a temporary solution or incomplete implementation, which can lead to code clutter and maintenance issues.",False,437
huggingface/transformers,NLP,tests/test_modeling_common.py,587,TEMP,Design Debt,P3_Model_Development,with tempfile.TemporaryDirectory() as tmpdirname:,Test Debt,3,"The use of tempfile.TemporaryDirectory() as a context manager may not be properly cleaned up in case of an exception, leading to potential test instability.",False,438
huggingface/transformers,NLP,tests/test_tensor_parallel_mixin.py,601,TEMP,Design Debt,P3_Model_Development,with tempfile.TemporaryDirectory() as tmp_dir:,Test Debt,3,"The use of tempfile.TemporaryDirectory() as tmp_dir: may indicate a test setup that is not properly isolated or cleaned up, leading to potential test flakiness or false positives.",False,439
google-research/language,NLP,language/canine/local_attention.py,187,TODO,Requirement Debt,P3_Model_Development,# TODO(jhclark): Write dynamic contract for `input_kv_tensor` case.,Code Debt,3,"The TODO comment indicates a missing implementation for a specific case, which is a code-level issue.",False,440
microsoft/ProphetNet,NLP,GENIE/diffusion_util/respace.py,131,TEMP,Design Debt,P3_Model_Development,# return temp,Code Debt,3,"The function is returning without executing its intended logic due to a commented-out return statement, indicating a potential code smell or incomplete implementation.",False,441
huggingface/transformers,NLP,tests/test_tensor_parallel_mixin.py,566,TEMP,Design Debt,P3_Model_Development,with tempfile.TemporaryDirectory() as tmp_dir:,Test Debt,3,"The use of tempfile.TemporaryDirectory() as tmp_dir: may indicate a test is not properly cleaning up temporary resources, leading to potential test flakiness or resource leaks.",False,442
togethercomputer/RedPajama-Data,NLP,app/src/core/quality_signals/lines.py,52,NOQA,Test Debt,P3_Model_Development,class RPS_Lines_Ending_With_Terminal_Punctution_Mark(RPSBase):  # noqa,Code Debt,3,"The use of noqa comment suggests a potential code smell or a deliberate choice to ignore a specific linter rule, which may indicate a deeper issue in the codebase.",False,443
huggingface/transformers,NLP,tests/test_configuration_common.py,189,TODO,Requirement Debt,P3_Model_Development,return  # TODO: @raushan composite models are not consistent in how they set general params,Code Debt,3,"The TODO comment indicates a need to refactor code for consistency, which is a code-level issue.",False,444
allenai/dolma,NLP,scripts/make_wikipedia.py,254,TEMP,Design Debt,P3_Model_Development,with TemporaryDirectory() as tempdir:,Code Debt,3,The use of TEMP as a variable name is not descriptive and may indicate a lack of clear variable naming conventions.,False,445
salesforce/CodeT5,NLP,CodeT5/evaluator/CodeBLEU/parser/DFG.py,815,TEMP,Design Debt,P3_Model_Development,"temp,states=DFG_go(child.child_by_field_name('update'),index_to_code,states)",Code Debt,3,"The use of 'TEMP' as a variable name is a code smell indicating a lack of proper naming conventions, which can make the code harder to understand and maintain.",False,446
allenai/dolma,NLP,scripts/validate_mixer/file_operations.py,41,TEMP,Design Debt,P3_Model_Development,# Create the temporary directory if it doesn't exist,Code Debt,3,The use of a hardcoded keyword 'TEMP' for temporary directory creation is not scalable and may lead to naming conflicts.,False,447
allenai/dolma,NLP,scripts/validate_mixer/validator.py,225,TEMP,Design Debt,P3_Model_Development,# Clean up: remove the temporary directory and its contents,Code Debt,3,"The code is not properly cleaned up after use, potentially leaving temporary files behind.",False,448
salesforce/CodeT5,NLP,CodeT5/evaluator/CodeBLEU/parser/DFG.py,140,TEMP,Design Debt,P3_Model_Development,"temp,states=DFG_python(root_node.children[-1],index_to_code,states)",Code Debt,3,"The use of 'TEMP' as a variable name and the comment 'temp,states=DFG_python(root_node.children[-1],index_to_code,states)' indicate a lack of clear variable naming and potential confusion in the code.",False,449
pfnet/pfrl,AutoML/RL,examples/optuna/optuna_dqn_obs1d.py,319,NOQA,Test Debt,P3_Model_Development,"""optuna create-study --study-name <name> --storage <storage> --direction maximize""  # noqa",Code Debt,3,"The use of NOQA comment suggests a potential code smell or a workaround for a linter issue, indicating technical debt in the codebase.",False,450
EpistasisLab/tpot,AutoML/RL,tpot/population.py,148,TODO,Requirement Debt,P3_Model_Development,#TODO make invalid a global variable?,Code Debt,3,"The TODO comment suggests a potential bug or issue with a global variable, indicating a need for code refactoring.",False,451
CMA-ES/pycma,AutoML/RL,cma/transformations.py,1248,BUG,Defect Debt,P3_Model_Development,""" looks like a bug. \n integer_variables={0}""",Defect Debt,5,"The code contains a comment indicating a bug, suggesting a critical defect that needs immediate attention.",False,452
facebookresearch/ReAgent,AutoML/RL,reagent/evaluation/evaluation_data_page.py,331,FIXME,Defect Debt,P3_Model_Development,# pyre-fixme[16]: Item `Tensor` of `Tensor | Module` has no attribute `train`.,Code Debt,3,"The FIXME comment indicates a known issue with the code, specifically a missing attribute 'train' for the Tensor type.",False,453
facebookresearch/ReAgent,AutoML/RL,reagent/lite/optimizer.py,446,FIXME,Defect Debt,P3_Model_Development,# pyre-fixme[16]: `Parameter` has no attribute `choices`.,Code Debt,3,"The FIXME comment indicates a known issue with the `Parameter` class, but the specific attribute `choices` is not defined, causing a pyre-fixme warning.",False,454
pfnet/pfrl,AutoML/RL,pfrl/__init__.py,11,NOQA,Test Debt,P3_Model_Development,from pfrl import nn  # NOQA,Code Debt,2,"The comment # NOQA is used to suppress a warning, indicating a potential code debt issue.",False,455
openml/openml-python,AutoML/RL,examples/_external_or_deprecated/2018_neurips_perrone_example.py,240,NOQA,Test Debt,P3_Model_Development,"col_val = np.random.choice(ranges[i], size=num_samples)  # noqa: NPY002",Code Debt,3,The use of noqa comment to suppress a warning about using np.random.choice with a non-integer size argument may indicate a lack of attention to detail in code quality.,False,456
CMA-ES/pycma,AutoML/RL,cma/interfaces.py,328,TODO,Requirement Debt,P3_Model_Development,# todo: put here rather generic formula with degrees of freedom,Code Debt,3,"The TODO comment indicates a missing implementation detail, specifically a generic formula with degrees of freedom, which is a code-level issue.",False,457
openai/mujoco-py,AutoML/RL,scripts/gen_wrappers.py,1003,TODO,Requirement Debt,P3_Model_Development,"# TODO: instead of returning None for empty arrays, instead return NumPy arrays with the appropriate shape and type",Code Debt,3,"The code does not handle edge cases for empty arrays, potentially leading to unexpected behavior or errors.",False,458
facebookresearch/ReAgent,AutoML/RL,reagent/evaluation/evaluation_data_page.py,329,FIXME,Defect Debt,P3_Model_Development,# pyre-fixme[16]: Item `Tensor` of `Tensor | Module` has no attribute `train`.,Code Debt,3,"The code is using a deprecated attribute 'train' on the Tensor class, which may cause issues in the future.",False,459
openml/openml-python,AutoML/RL,openml/datasets/dataset.py,450,NOQA,Test Debt,P1_Data_Collection,"def _parse_data_from_arff(  # noqa: C901, PLR0912, PLR0915",Code Debt,3,"The function _parse_data_from_arff has a high cyclomatic complexity (C901) and a high number of lines (PLR0912, PLR0915), indicating a need for refactoring.",False,460
openai/mujoco-py,AutoML/RL,mujoco_py/tests/test_vfs.py,1,TEMP,Design Debt,P3_Model_Development,from tempfile import NamedTemporaryFile,Code Debt,3,The use of a temporary file for testing purposes may lead to file system clutter and make it harder to reproduce tests.,False,461
minerllabs/minerl,AutoML/RL,minerl/herobraine/wrapper.py,111,TODO,Requirement Debt,P3_Model_Development,# TODO: SEE IF THIS SHOULD BE CALLED OR NOT.,Code Debt,3,The TODO comment suggests a potential refactoring opportunity to improve code organization and maintainability.,False,462
CMA-ES/pycma,AutoML/RL,cma/evolution_strategy.py,17,TODO,Requirement Debt,P3_Model_Development,"# TODO: split tell into a variable transformation part and the ""pure""",Code Debt,3,The TODO comment indicates a need to refactor the code for better maintainability and readability.,False,463
CMA-ES/pycma,AutoML/RL,cma/options_parameters.py,470,TODO,Requirement Debt,P3_Model_Development,# TODO: find a better solution?,Code Debt,3,"The TODO comment suggests that the current solution is not optimal, indicating a need for refactoring or improvement.",False,464
facebookresearch/ReAgent,AutoML/RL,reagent/evaluation/evaluation_data_page.py,128,FIXME,Defect Debt,P3_Model_Development,# pyre-fixme[6]: For 1st param expected `Tensor` but got `bool`.,Code Debt,3,"The code is using a deprecated type hint that is not compatible with the expected type, indicating a potential issue with type safety.",False,465
minerllabs/minerl,AutoML/RL,minerl/env/_fake.py,29,TODO,Requirement Debt,P3_Model_Development,# TODO: Fake envs should use env.sample and pre_recorded envs should feature real sampled data!,Code Debt,3,"The TODO comment indicates a code smell, suggesting that the implementation does not align with the intended design.",False,466
EpistasisLab/tpot,AutoML/RL,tpot/graphsklearn.py,185,TODO,Requirement Debt,P3_Model_Development,#TODO make more memory efficient. Free memory when a transformation is no longer needed,Code Debt,3,"The code is not memory efficient, causing potential performance issues and memory leaks.",False,467
h2oai/h2o-3,AutoML/RL,h2o-py-mlflow-flavor/h2o_mlflow_flavor/__init__.py,349,TEMP,Design Debt,P3_Model_Development,with tempfile.TemporaryDirectory() as tempdir:,Code Debt,3,The use of tempfile.TemporaryDirectory() may lead to issues with reproducibility and debugging in the ML pipeline.,False,468
EpistasisLab/tpot,AutoML/RL,tpot/objectives/complexity.py,162,TODO,Requirement Debt,P3_Model_Development,#TODO consider the complexity of the kernel?,Design Debt,3,"The TODO comment suggests a potential design flaw in the kernel selection process, indicating a need for reevaluation or refactoring.",False,469
CMA-ES/pycma,AutoML/RL,cma/optimization_tools.py,622,TODO,Requirement Debt,P3_Model_Development,"# TODO: for const additive noise a better version might be with alphasigma also used for sigma-increment,",Code Debt,3,"The TODO comment suggests a potential improvement to the code, indicating a need for refactoring or optimization.",False,470
CMA-ES/pycma,AutoML/RL,cma/evolution_strategy.py,4181,TODO,Requirement Debt,P3_Model_Development,"# TODO: why max(..., len(histbest)/10) ???",Code Debt,3,"The TODO comment suggests a lack of understanding or incomplete implementation of the evolution strategy's history tracking, indicating a potential code debt issue.",False,471
CMA-ES/pycma,AutoML/RL,cma/fitness_models.py,59,TODO,Requirement Debt,P3_Model_Development,if 11 < 3:  # TODO: testing should be commented out some time,Test Debt,3,"The TODO comment suggests that testing is currently commented out, indicating a potential issue with testing coverage.",False,472
EpistasisLab/tpot,AutoML/RL,tpot/builtin_modules/column_one_hot_encoder.py,149,TODO,Requirement Debt,P3_Model_Development,#TODO make this more consistent with sklearn baseimputer/baseencoder,Code Debt,3,The TODO comment suggests a need for refactoring to improve consistency with sklearn base imputer/base encoder.,False,473
EpistasisLab/tpot,AutoML/RL,tpot/evolvers/base_evolver.py,640,TODO,Requirement Debt,P3_Model_Development,"# Save population, TODO remove some of these",Code Debt,3,"The TODO comment suggests that the code is not optimized, leading to unnecessary data storage, which can impact performance and model training time.",False,474
facebookresearch/ReAgent,AutoML/RL,reagent/lite/optimizer.py,1031,TEMP,Design Debt,P3_Model_Development,"self.temp = np.maximum(self.temp * self.anneal_rate, self.min_temp)",Code Debt,3,"The use of TEMP keyword and magic numbers (e.g. anneal_rate, min_temp) in the code indicates a lack of clear and maintainable code structure.",False,475
CMA-ES/pycma,AutoML/RL,cma/utilities/math.py,746,TODO,Requirement Debt,P3_Model_Development,# TODO: check that this works reliably for low rank matrices,Code Debt,3,"The TODO comment indicates a potential issue with the reliability of the code for low rank matrices, which could lead to incorrect results or errors.",False,476
facebookresearch/Pearl,AutoML/RL,pearl/safety_modules/reward_constrained_safety_module.py,188,FIXME,Defect Debt,P3_Model_Development,# pyre-fixme[58]: `+` is not supported for operand types `Tensor` and,Code Debt,3,"The code debt is due to the unsupported operand types `Tensor` and `Tensor` in the `+` operation, which requires a fix to ensure correct functionality.",False,477
facebookresearch/ReAgent,AutoML/RL,reagent/core/utils.py,103,NOQA,Test Debt,P3_Model_Development,"sys.stdin = open(""/dev/stdin"")  # noqa",Code Debt,3,"The use of sys.stdin = open('/dev/stdin') is a code smell and may indicate a workaround for a specific environment or use case, which can make the code harder to understand and maintain.",False,478
CMA-ES/pycma,AutoML/RL,cma/options_parameters.py,120,TODO,Requirement Debt,P3_Model_Development,"updatecovwait='None  #v number of iterations without distribution update, name is subject to future changes',  # TODO: rename: iterwaitupdatedistribution?",Code Debt,3,The TODO comment suggests a potential refactoring opportunity to improve code readability and maintainability by renaming a variable.,False,479
minerllabs/minerl,AutoML/RL,minerl/env/_multiagent.py,270,TODO,Requirement Debt,P3_Model_Development,# TODO (R): Move this to env_spec in some reasonable way.,Design Debt,3,"The TODO comment suggests a refactoring opportunity to improve the design of the env_spec, indicating a design debt.",False,480
EpistasisLab/tpot,AutoML/RL,tpot/evolvers/base_evolver.py,634,TODO,Requirement Debt,P3_Model_Development,# TODO This could probably be an independent function?,Code Debt,3,"The TODO comment suggests that the code could be refactored into a separate, independent function for better maintainability and reusability.",False,481
CMA-ES/pycma,AutoML/RL,cma/evolution_strategy.py,5024,HACK,Design Debt,P3_Model_Development,# a hack:,Code Debt,3,"The code contains a comment indicating a 'hack', suggesting a workaround or temporary solution that may not be ideal or maintainable.",False,482
facebookresearch/ReAgent,AutoML/RL,reagent/data/manual_data_module.py,96,FIXME,Defect Debt,P1_Data_Collection,# pyre-fixme[11]: Annotation `RewardOptions` is not defined as a type.,Code Debt,3,"The FIXME comment indicates a potential issue with type annotation in the RewardOptions class, which may cause compilation errors or type-related issues.",False,483
CMA-ES/pycma,AutoML/RL,cma/more_algorithms/purecma.py,518,TODO,Requirement Debt,P3_Model_Development,"TODO: the recorded data are kept in memory and keep growing, which",Code Debt,3,"The recorded data are kept in memory and growing, which can lead to performance issues and memory leaks.",False,484
facebookresearch/Pearl,AutoML/RL,pearl/pearl_agent.py,96,FIXME,Defect Debt,P3_Model_Development,# pyre-fixme[16]: `PolicyLearner` has no attribute `safety_module`.,Code Debt,3,"The FIXME comment indicates a potential issue with the PolicyLearner class, specifically the safety_module attribute, which may not be correctly implemented.",False,485
h2oai/h2o-3,AutoML/RL,h2o-bindings/bin/gen_java.py,37,TODO,Requirement Debt,P3_Model_Development,"if h2o_type.startswith(""Map""): return ""null""  # TODO: handle Map",Code Debt,3,"The code is not handling the 'Map' type, which may lead to unexpected behavior or errors.",False,486
google-deepmind/bsuite,AutoML/RL,bsuite/utils/plotting.py,230,HACK,Design Debt,P3_Model_Development,"+ gg.geom_hline(gg.aes(yintercept=0.0), alpha=0)  # axis hack",Code Debt,3,The use of a 'hack' comment suggests a temporary or quick fix that may not be maintainable or scalable in the long term.,False,487
CMA-ES/pycma,AutoML/RL,cma/transformations.py,835,TODO,Requirement Debt,P3_Model_Development,"# TODO: generally, a percentile instead of the max seems preferable",Design Debt,3,"The use of max instead of a percentile for transformation is a design decision that may not be optimal, indicating a need for reevaluation.",False,488
openml/openml-python,AutoML/RL,examples/_external_or_deprecated/2018_kdd_rijn_example.py,158,NOQA,Test Debt,P3_Model_Development,"for idx, pname in enumerate(parameter_names):  # noqa: PLW2901",Code Debt,3,"The use of noqa comment to suppress a warning indicates a potential code debt, as it may indicate a temporary fix or a workaround rather than a proper solution.",False,489
CMA-ES/pycma,AutoML/RL,cma/evolution_strategy.py,4213,TODO,Requirement Debt,P3_Model_Development,"if 11 < 3 and 2 * l < len(es.fit.histbest):  # TODO: this might go wrong, because the nb of written columns changes",Code Debt,3,"The TODO comment suggests a potential issue with the logic of the conditional statement, which could lead to incorrect behavior or errors.",False,490
optuna/optuna-integration,AutoML/RL,optuna_integration/chainermn/chainermn.py,211,NOQA,Test Debt,P3_Model_Development,"def suggest_categorical(self, name: str, choices: Sequence[float]) -> float: ...  # noqa: E704",Code Debt,3,"The comment # noqa: E704 suggests a potential code smell or a deviation from the standard coding style, indicating a need for refactoring.",False,491
minerllabs/minerl,AutoML/RL,minerl/herobraine/env_spec.py,274,TODO,Requirement Debt,P3_Model_Development,# TODO: Perhaps some logging is necessary,Documentation Debt,2,"The comment suggests logging is necessary, indicating a lack of documentation for logging requirements.",False,492
AI4Finance-Foundation/FinRL,AutoML/RL,finrl/agents/stablebaselines3/hyperparams_opt.py,601,TODO,Requirement Debt,P3_Model_Development,# TODO: optimize the alive_bonus_offset too,Performance Optimization Debt,3,"The alive_bonus_offset parameter may not be optimized for performance, potentially leading to suboptimal model behavior.",False,493
facebookresearch/ReAgent,AutoML/RL,reagent/evaluation/ope_adapter.py,73,FIXME,Defect Debt,P3_Model_Development,"# pyre-fixme[6]: For 1st param expected `Union[None,",Code Debt,3,"The FIXME comment indicates a potential issue with the function parameter type hinting, which may lead to type-related errors or warnings.",False,494
CMA-ES/pycma,AutoML/RL,cma/experimentation.py,713,TODO,Requirement Debt,P3_Model_Development,"TODO: generalize by passing the `DataFrame` method name for saving, like",Code Debt,3,"The TODO comment indicates a hardcoded solution that needs to be generalized, which is a code smell.",False,495
CMA-ES/pycma,AutoML/RL,cma/options_parameters.py,848,HACK,Design Debt,P3_Model_Development,ccovfac = opts['CMA_on']  # that's a hack,Code Debt,3,"The use of a comment indicating a 'hack' suggests a temporary or non-ideal solution, which is a common characteristic of code debt.",False,496
minerllabs/minerl,AutoML/RL,minerl/utils/process_watcher.py,34,TEMP,Design Debt,P3_Model_Development,"type=str, help='Temporary directories which should be deleted '",Code Debt,2,"Temporary directories are not being deleted, potentially causing file system clutter and impacting model development efficiency.",False,497
DEAP/deap,AutoML/RL,deap/benchmarks/binary.py,37,TEMP,Design Debt,P3_Model_Development,decoded[i] = min_ + (temp * (max_ - min_)),Code Debt,3,The use of the temporary variable 'temp' in the calculation may indicate a lack of clarity or maintainability in the code.,False,498
optuna/optuna-integration,AutoML/RL,optuna_integration/skorch/skorch.py,15,NOQA,Test Debt,P3_Model_Development,Callback = object  # NOQA,Code Debt,3,"The use of the NOQA comment suggests a potential code smell or a deviation from the standard Python style guide, indicating a need for refactoring.",False,499
facebookresearch/ReAgent,AutoML/RL,reagent/evaluation/ope_adapter.py,64,FIXME,Defect Debt,P3_Model_Development,"# pyre-fixme[6]: For 1st param expected `Union[None, List[typing.Any],",Code Debt,3,"The FIXME comment indicates a potential issue with the type hint for the 1st parameter, which may cause issues with code completion or static analysis tools.",False,500
facebookresearch/Pearl,AutoML/RL,pearl/pearl_agent.py,55,TODO,Requirement Debt,P3_Model_Development,# TODO: define a data structure that hosts the configs for a Pearl Agent,Design Debt,3,"The TODO comment indicates a missing design element, specifically a data structure to host configs for a Pearl Agent, which affects the overall architecture of the codebase.",False,501
EpistasisLab/tpot,AutoML/RL,tpot/evolvers/steady_state_evolver.py,609,TODO,Requirement Debt,P3_Model_Development,"new_population_index = np.ravel(self.survival_selector(weighted_scores, k=self.population_size, rng=self.rng)) #TODO make it clear that we are concatenating scores...",Code Debt,3,"The TODO comment in the code indicates a need for clarity on the concatenation of scores, which can lead to confusion and bugs if not addressed.",False,502
shankarpandala/lazypredict,AutoML/RL,tests/test_timeseries.py,583,BUG,Defect Debt,P3_Model_Development,# Predictions storage bug fix tests,Test Debt,3,"The test file contains a bug fix for predictions storage, indicating a potential issue with the testing framework or the code being tested.",False,503
CMA-ES/pycma,AutoML/RL,cma/interfaces.py,329,TODO,Requirement Debt,P3_Model_Development,# todo: replace these base class computations with the appropriate,Code Debt,3,The TODO comment indicates a need to refactor existing code to improve maintainability and adherence to best practices.,False,504
minerllabs/minerl,AutoML/RL,tests/excluded/ai_crowd_env_render_test.py,38,TODO,Requirement Debt,P3_Model_Development,# TODO: ADD ASSERTION FOR IF RENDER CALL HAPPENS!,Test Debt,3,"The code is missing an assertion for a critical functionality, which can lead to undetected bugs.",False,505
CMA-ES/pycma,AutoML/RL,cma/constraints_handler.py,1044,TODO,Requirement Debt,P3_Model_Development,"self.log_in_es(es, np.nan, [np.nan])  # TODO: we could use self.best_feas",Code Debt,3,"The TODO comment suggests a potential improvement to the code, specifically using self.best_feas instead of np.nan, indicating a need for refactoring or optimization.",False,506
CMA-ES/pycma,AutoML/RL,cma/constraints_handler.py,1090,HACK,Design Debt,P3_Model_Development,"""""""a hack to have something in the cma-logger divers plot.",Code Debt,3,"The code contains a hack to achieve a specific plot, indicating a workaround that may not be maintainable or scalable.",False,507
facebookresearch/ReAgent,AutoML/RL,reagent/lite/optimizer.py,542,TEMP,Design Debt,P3_Model_Development,"sampled_solutions, _ = sample_from_logits(self.logits, batch_size, temp)",Code Debt,3,"The use of the 'TEMP' keyword in the comment suggests a temporary or experimental implementation, which may not be optimal or maintainable in the long term.",False,508
openml/openml-python,AutoML/RL,openml/datasets/functions.py,295,NOQA,Test Debt,P1_Data_Collection,"error_if_multiple: bool = False,  # noqa: FBT002",Code Debt,3,"The use of the NOQA comment to suppress a linter warning indicates a potential code debt issue, as it may indicate a deliberate choice to ignore a best practice.",False,509
pfnet/pfrl,AutoML/RL,examples/atari/train_acer_ale.py,12,NOQA,Test Debt,P3_Model_Development,import pfrl  # NOQA:E402,Code Debt,3,"The import statement is commented out with a NOQA directive, indicating a potential code debt related to unused or unnecessary imports.",False,510
minerllabs/minerl,AutoML/RL,minerl/env/_multiagent.py,369,TODO,Requirement Debt,P3_Model_Development,# Todo: Add catch-up,Code Debt,3,"The TODO comment indicates a missing implementation for catch-up logic, which is a code-level issue.",False,511
facebookresearch/ReAgent,AutoML/RL,reagent/data/oss_data_fetcher.py,21,FIXME,Defect Debt,P1_Data_Collection,# pyre-fixme[21]: Could not find module `reagent.workflow.types`.,Code Debt,2,"The FIXME comment indicates a potential issue with the import statement, but the actual problem is a missing module import.",False,512
openml/openml-python,AutoML/RL,openml/datasets/dataset.py,283,TODO,Requirement Debt,P1_Data_Collection,"# TODO(eddiebergman): Better docstring, I don't know what qualities means",Documentation Debt,2,"The code lacks a clear understanding of the 'qualities' term, indicating a need for improved documentation.",False,513
CMA-ES/pycma,AutoML/RL,cma/fitness_models.py,320,HACK,Design Debt,P3_Model_Development,# a hack to have some grasp on zero evaluations from outside,Code Debt,3,"The code contains a hack to handle zero evaluations, indicating a temporary or workaround solution that may not be scalable or maintainable.",False,514
CMA-ES/pycma,AutoML/RL,cma/evolution_strategy.py,164,BUG,Defect Debt,P3_Model_Development,# 10/10/17: bug-fix: return values of fmin now use phenotyp (relevant,Code Debt,3,"The code contains a bug-fix comment indicating a change to the return values of fmin, suggesting a potential issue with the code's functionality.",False,515
pfnet/pfrl,AutoML/RL,pfrl/agents/__init__.py,16,NOQA,Test Debt,P3_Model_Development,from pfrl.agents.soft_actor_critic import SoftActorCritic  # NOQA,Code Debt,3,"The comment # NOQA suggests that the line is intentionally ignored by linters, which may indicate a code smell or a workaround.",False,516
openml/openml-python,AutoML/RL,openml/_api_calls.py,243,NOQA,Test Debt,P3_Model_Development,"exists_ok: bool = True,  # noqa: FBT002",Code Debt,2,The use of 'exists_ok' parameter with 'True' value is a code smell and may indicate a lack of error handling.,False,517
pfnet/pfrl,AutoML/RL,pfrl/agents/a2c.py,270,NOQA,Test Debt,P3_Model_Development,)  # NOQA,Code Debt,3,The comment )  # NOQA is unnecessary and can be removed to improve code readability.,False,518
CMA-ES/pycma,AutoML/RL,cma/transformations.py,505,TODO,Requirement Debt,P3_Model_Development,TODO: this is a stump,Code Debt,3,The TODO comment suggests a potential incomplete or inefficient implementation of a transformation in the CMA algorithm.,False,519
EpistasisLab/tpot,AutoML/RL,tpot/graphsklearn.py,186,TODO,Requirement Debt,P3_Model_Development,#TODO better handle multiple roots,Code Debt,3,"The TODO comment indicates a need for refactoring or improvement in the code's handling of multiple roots, which could lead to bugs or unexpected behavior.",False,520
facebookresearch/ReAgent,AutoML/RL,reagent/lite/optimizer.py,737,TEMP,Design Debt,P3_Model_Development,"assert temp is not None, ""temp is needed for sampling logits""",Code Debt,3,"The code assumes the existence of a variable 'temp' without checking for its presence, which can lead to unexpected behavior or errors.",False,521
shankarpandala/lazypredict,AutoML/RL,lazypredict/_base.py,19,NOQA,Test Debt,P3_Model_Development,from lazypredict.exceptions import ModelFitError  # noqa: F401,Code Debt,3,"The noqa comment is used to suppress a specific warning, but it does not address the underlying issue, indicating a potential code debt.",False,522
facebookresearch/ReAgent,AutoML/RL,reagent/data/manual_data_module.py,108,FIXME,Defect Debt,P1_Data_Collection,# pyre-fixme[16]: Module `reagent` has no attribute `workflow`.,Code Debt,3,"The FIXME comment indicates a potential issue with the code, specifically a missing attribute in the reagent module, which could lead to runtime errors or unexpected behavior.",False,523
CMA-ES/pycma,AutoML/RL,cma/recombination_weights.py,229,FIXME,Defect Debt,P3_Model_Development,"if lambda_ < 2:  # somewhat a hack, FIXME",Code Debt,3,The use of a hardcoded value (lambda_ < 2) in the recombination weights calculation is a code smell and may lead to maintenance issues.,False,524
EpistasisLab/tpot,AutoML/RL,tpot/population.py,369,TODO,Requirement Debt,P3_Model_Development,#TODO put this loop in population class,Code Debt,3,"The TODO comment indicates a missing implementation in the population class, which is a code-level issue.",False,525
pfnet/pfrl,AutoML/RL,examples/atari/train_acer_ale.py,9,NOQA,Test Debt,P3_Model_Development,import numpy as np  # NOQA:E402,Code Debt,3,"The import statement is commented out with a NOQA directive, which is not a standard Python convention, and may cause confusion for other developers.",False,526
CMA-ES/pycma,AutoML/RL,cma/logger.py,1349,TODO,Requirement Debt,P3_Model_Development,_x[-1] = minxend  # TODO: should be ax[1],Code Debt,3,"The TODO comment indicates a potential bug or incorrect logic in the code, specifically in the line where _x[-1] is assigned a value.",False,527
facebookresearch/ReAgent,AutoML/RL,reagent/data/manual_data_module.py,311,TODO,Requirement Debt,P1_Data_Collection,# TODO: we currently use the same data for test and validation.,Test Debt,3,"The code is using the same data for test and validation, which may lead to biased model evaluation.",False,528
minerllabs/minerl,AutoML/RL,minerl/env/replay_wrapper.py,280,TODO,Requirement Debt,P3_Model_Development,# TODO implement boat / horse activation,Code Debt,3,"The TODO comment indicates a missing implementation in the code, which is a code debt issue.",False,529
automl/HpBandSter,AutoML/RL,hpbandster/optimizers/bohb.py,79,TODO,Requirement Debt,P3_Model_Development,# TODO: Propper check for ConfigSpace object!,Code Debt,3,"The TODO comment indicates a potential issue with the ConfigSpace object, which could lead to incorrect hyperparameter tuning in the AutoML/RL pipeline.",False,530
CMA-ES/pycma,AutoML/RL,cma/evolution_strategy.py,2918,TODO,Requirement Debt,P3_Model_Development,# TODO: recompute population after adaptation (see transformations.DD.update)?,Code Debt,3,"The TODO comment indicates a potential issue with the population recomputation after adaptation, which could impact the correctness of the AutoML/RL model.",False,531
CMA-ES/pycma,AutoML/RL,cma/logger.py,2232,TODO,Requirement Debt,P3_Model_Development,"# idx = idx[_where(map(lambda x: x in dat.f[:,0], idx))[0]] # TODO: takes pretty long",Performance Optimization Debt,4,"The TODO comment suggests a performance bottleneck in the code, specifically a slow operation when filtering indices.",False,532
CMA-ES/pycma,AutoML/RL,cma/constraints_handler.py,1042,TODO,Requirement Debt,P3_Model_Development,if len(self.G) == 0:  # TODO: we could first self(es.result.xfavorite) and should be fine,Code Debt,3,"The TODO comment suggests a potential improvement to the code's efficiency or readability, indicating a code debt issue.",False,533
minerllabs/minerl,AutoML/RL,minerl/herobraine/test_env_spec.py,40,TODO,Requirement Debt,P3_Model_Development,"#     assert False, ""test not written yet."" # TODO: (@wguss)",Test Debt,3,"The TODO comment indicates a missing test case, which is a common source of technical debt in automated testing.",False,534
CMA-ES/pycma,AutoML/RL,cma/sigma_adaptation.py,358,TODO,Requirement Debt,P3_Model_Development,self.index_to_compare = 0.5 * (r**0.5 + 2.0 * (1 - r**0.5) / np.log(es.N + 9)**2) * (es.popsize)  # TODO,Code Debt,3,"The TODO comment suggests a potential mathematical or algorithmic issue in the calculation of self.index_to_compare, indicating a need for code review or refactoring.",False,535
CMA-ES/pycma,AutoML/RL,cma/integer_centering.py,318,TODO,Requirement Debt,P3_Model_Development,"CAVEAT/TODO: the bias correction currently doesn't check bounds,",Code Debt,3,"The code does not check bounds for bias correction, potentially leading to incorrect results.",False,536
EpistasisLab/tpot,AutoML/RL,tpot/builtin_modules/feature_set_selector.py,47,TODO,Requirement Debt,P3_Model_Development,#TODO clean this up and make sure it works,Code Debt,3,The TODO comment indicates a need for refactoring or improvement in the code's functionality.,False,537
CMA-ES/pycma,AutoML/RL,cma/bbobbenchmarks.py,513,TODO,Requirement Debt,P3_Model_Development,# TODO: make this test on other attributes than param?,Test Debt,3,"The TODO comment indicates a missing test case for other attributes, which could lead to incomplete testing of the model.",False,538
facebookresearch/Pearl,AutoML/RL,test/integration/test_integration.py,982,NOQA,Test Debt,P3_Model_Development,"url = ""https://raw.githubusercontent.com/jb3618columbia/offline_data/fbaccdd8d994479298c930d684ac49285f3cc901/offline_raw_transitions_dict_200k.pt""  # noqa: E501",Code Debt,2,The use of a hardcoded URL in the test file violates the principle of configuration as code.,False,539
CMA-ES/pycma,AutoML/RL,cma/experimentation.py,548,TODO,Requirement Debt,P3_Model_Development,TODO: consider using cma.utilities.utils.DictClass2 instead namedtuple?,Code Debt,2,The TODO comment suggests a potential refactoring opportunity to improve code organization and maintainability.,False,540
facebookresearch/ReAgent,AutoML/RL,reagent/data/manual_data_module.py,86,FIXME,Defect Debt,P1_Data_Collection,# pyre-fixme[13]: Attribute `_normalization_data_map` is never initialized.,Code Debt,3,"The attribute `_normalization_data_map` is not initialized, indicating a potential code issue.",False,541
CMA-ES/pycma,AutoML/RL,cma/integer_centering.py,353,TODO,Requirement Debt,P3_Model_Development,#     # TODO: this breaks the bias correct condition,Code Debt,3,"The TODO comment indicates a potential issue with the integer centering code, suggesting a need for refactoring or fixing the bias correction condition.",False,542
CMA-ES/pycma,AutoML/RL,cma/optimization_tools.py,910,TODO,Requirement Debt,P3_Model_Development,self.res['x'] = x  # TODO: res['x'] does not look perfect,Code Debt,3,"The TODO comment suggests that the code for storing the result 'x' in 'res' may not be optimal, indicating a potential improvement in code quality.",False,543
EpistasisLab/tpot,AutoML/RL,tpot/graphsklearn.py,184,TODO,Requirement Debt,P3_Model_Development,#TODO add attribute to decide 'method' for each node,Design Debt,3,"The TODO comment indicates a missing design element, specifically the decision on the 'method' for each node, which affects the overall architecture of the AutoML/RL model.",False,544
shankarpandala/lazypredict,AutoML/RL,tests/test_roadmap_features.py,330,NOQA,Test Debt,P3_Model_Development,import pyspark  # noqa: F401,Code Debt,3,"The import statement is commented out, indicating unused code, which can lead to technical debt and maintenance issues.",False,545
pfnet/pfrl,AutoML/RL,docs/conf.py,91,TODO,Requirement Debt,P3_Model_Development,"# If true, `todo` and `todoList` produce output, else they produce nothing.",Documentation Debt,2,"The TODO comment in the code is not properly addressed, indicating a need for documentation improvement.",False,546
AI4Finance-Foundation/FinRL,AutoML/RL,finrl/config.py,74,XXX,Design Debt,P3_Model_Development,"ALPACA_API_SECRET = ""xxx""  # your ALPACA_API_SECRET",Configuration Debt,3,Hardcoded ALPACA_API_SECRET is a security risk and should be replaced with an environment variable or a secure configuration mechanism.,False,547
CMA-ES/pycma,AutoML/RL,cma/logger.py,711,TODO,Requirement Debt,P3_Model_Development,# TODO should be optional the phenotyp?,Code Debt,3,"The TODO comment suggests a potential refactoring of the code to make the phenotyp optional, indicating a need for code improvement.",False,548
CMA-ES/pycma,AutoML/RL,cma/options_parameters.py,936,TODO,Requirement Debt,P3_Model_Development,# 2 / ((N + 1.3)** 1.75 + mueff))  # TODO,Code Debt,3,"The TODO comment suggests a mathematical formula is incomplete or incorrect, indicating a potential issue with the code's logic.",False,549
CMA-ES/pycma,AutoML/RL,cma/evolution_strategy.py,301,TODO,Requirement Debt,P3_Model_Development,TODO: this looks overdesigned. Only the keyword `iteration` is,Design Debt,3,"The code is overdesigned for a single keyword, indicating a potential complexity issue.",False,550
CMA-ES/pycma,AutoML/RL,cma/evolution_strategy.py,5345,TODO,Requirement Debt,P3_Model_Development,"if _al.lam is None:  # TODO: better abide by an ""official"" interface?",Code Debt,3,"The code comment suggests a potential improvement in adherence to an official interface, indicating a need for refactoring or reorganization of the code.",False,551
optuna/optuna-integration,AutoML/RL,optuna_integration/pytorch_lightning/pytorch_lightning.py,24,NOQA,Test Debt,P3_Model_Development,"LightningModule = object  # type: ignore[assignment, misc]  # NOQA[F811]",Code Debt,3,"The comment suggests a potential type hint issue, but the actual issue is a type ignore, indicating a code debt related to type checking.",False,552
facebookresearch/ReAgent,AutoML/RL,reagent/lite/optimizer.py,1107,TEMP,Design Debt,P3_Model_Development,"self, batch_size: int, temp: Optional[float] = None",Code Debt,3,The use of a temporary parameter 'temp' with a default value of None may lead to unexpected behavior or bugs if not properly handled.,False,553
CMA-ES/pycma,AutoML/RL,cma/transformations.py,1290,BUG,Defect Debt,P3_Model_Development,# is not intended. This may have been a bug?,Code Debt,3,"The comment suggests a potential bug in the code, indicating a need for review and potential refactoring.",False,554
h2oai/h2o-3,AutoML/RL,scripts/gen_numerical_data.py,58,TEMP,Design Debt,P3_Model_Development,"h2o.download_csv(bottom20FrameL.cbind(bottom20FrameF), ""/Users/wendycwong/temp/Top20Per.csv"" )",Code Debt,3,The use of hardcoded file paths and temporary directories can lead to issues with reproducibility and maintainability.,False,555
pfnet/pfrl,AutoML/RL,examples/gym/train_dqn_gym.py,239,NOQA,Test Debt,P3_Model_Development,"os.environ[""OMP_NUM_THREADS""] = ""1""  # NOQA",Configuration Debt,2,"The line of code is setting an environment variable to control the number of threads for OpenMP, which is a configuration-specific optimization.",False,556
openml/openml-python,AutoML/RL,openml/datasets/functions.py,615,TODO,Requirement Debt,P1_Data_Collection,# TODO(eddiebergman): Function requires `default_target_attribute` exist but API allows None,Code Debt,3,"The function does not handle the case when `default_target_attribute` is None, which may lead to unexpected behavior or errors.",False,557
facebookresearch/ReAgent,AutoML/RL,reagent/evaluation/evaluator.py,115,FIXME,Defect Debt,P3_Model_Development,# pyre-fixme[16]: `Evaluator` has no attribute `notify_observers`.,Code Debt,3,"The FIXME comment indicates a known issue with the Evaluator class, specifically the missing notify_observers attribute.",False,558
shankarpandala/lazypredict,AutoML/RL,tests/test_roadmap_features.py,300,NOQA,Test Debt,P3_Model_Development,import interpret  # noqa: F401,Code Debt,3,"The import statement is commented out, indicating unused code, which can lead to technical debt and maintenance issues.",False,559
CMA-ES/pycma,AutoML/RL,cma/evolution_strategy.py,4062,HACK,Design Debt,P3_Model_Development,self._get_value = None  # a hack to pass some value,Code Debt,3,"The use of a comment indicating a 'hack' suggests a temporary or non-ideal solution, which can lead to code fragility and maintenance issues.",False,560
CMA-ES/pycma,AutoML/RL,cma/logger.py,2646,TODO,Requirement Debt,P3_Model_Development,"else:  # backward compatible, to be removed (TODO)",Code Debt,3,"The TODO comment indicates a temporary fix that will be removed, but is currently part of the codebase, causing technical debt.",False,561
CMA-ES/pycma,AutoML/RL,cma/evolution_strategy.py,3881,TODO,Requirement Debt,P3_Model_Development,# TODO:,Code Debt,3,"The presence of TODO comments in the codebase indicates areas that require refactoring or improvement, potentially leading to technical debt.",False,562
facebookresearch/ReAgent,AutoML/RL,reagent/core/torch_utils.py,169,FIXME,Defect Debt,P3_Model_Development,"# pyre-fixme[61]: `splitted_weights` is undefined, or not always",Code Debt,3,"The FIXME comment indicates a potential issue with the `splitted_weights` variable, which may not be defined or consistent in all scenarios.",False,563
CMA-ES/pycma,AutoML/RL,cma/logger.py,1803,TODO,Requirement Debt,P3_Model_Development,# TODO: can we make this ??,Code Debt,3,"The TODO comment suggests a potential refactoring or improvement in the code, indicating a need for better design or implementation.",False,564
facebookresearch/ReAgent,AutoML/RL,reagent/lite/optimizer.py,775,TEMP,Design Debt,P3_Model_Development,"self.temp = np.maximum(self.temp * self.anneal_rate, self.min_temp)",Code Debt,3,The use of TEMP keyword and magic numbers (e.g. self.min_temp) in the code suggests a lack of clear and maintainable coding practices.,False,565
openml/openml-python,AutoML/RL,openml/datasets/functions.py,611,TODO,Requirement Debt,P1_Data_Collection,# TODO(eddiebergman): Docstring says `type` but I don't know what this is other than strings,Documentation Debt,3,"The code comment suggests a lack of understanding of the `type` parameter, indicating a need for documentation to clarify its usage.",False,566
openml/openml-python,AutoML/RL,openml/datasets/dataset.py,877,NOQA,Test Debt,P1_Data_Collection,"exclude_ignore_attribute: bool = True,  # noqa: FBT002",Code Debt,3,"The use of noqa: FBT002 is a code debt as it indicates a deliberate suppression of a linter warning, potentially masking a code smell or bug.",False,567
openai/mujoco-py,AutoML/RL,setup.py,29,NOQA,Test Debt,P4_Build_Packaging,import mujoco_py  # noqa: force build,Code Debt,3,"The use of the NOQA comment to force a build indicates a potential issue with the code's compliance with PEP 8, suggesting a need for code refactoring.",False,568
AI4Finance-Foundation/ElegantRL,AutoML/RL,helloworld/helloworld_SAC_TD3_DDPG_single_file.py,470,TEMP,Design Debt,P3_Model_Development,state_tmp = self.encoder_s(state)  # temporary tensor of state,Code Debt,3,"The use of a temporary tensor 'state_tmp' suggests a workaround for a potential issue with the encoder, indicating a code debt.",False,569
facebookresearch/ReAgent,AutoML/RL,reagent/evaluation/ope_adapter.py,80,FIXME,Defect Debt,P3_Model_Development,"# pyre-fixme[6]: For 1st param expected `Union[Tuple[float],",Code Debt,3,"The FIXME comment indicates a potential issue with the type hint for the 1st param, which may cause issues with code completion or static analysis tools.",False,570
CMA-ES/pycma,AutoML/RL,cma/bbobbenchmarks.py,2108,TODO,Requirement Debt,P3_Model_Development,"# TODO: pb xopt f9, 21, 22",Code Debt,3,"The TODO comment indicates a specific code modification is required, but the exact change is not specified, which may lead to confusion or incorrect implementation.",False,571
CMA-ES/pycma,AutoML/RL,cma/test.py,275,TODO,Requirement Debt,P3_Model_Development,>>> # TODO: do more testing here or in the class,Test Debt,3,"The TODO comment suggests that additional testing is required, indicating a lack of thorough testing in the codebase.",False,572
h2oai/h2o-3,AutoML/RL,scripts/scrapeForIntermittents.py,158,TEMP,Design Debt,P3_Model_Development,"temp = each_line.split(""testReport"")",Code Debt,3,"The use of a temporary variable 'temp' suggests a quick fix without proper refactoring, indicating a lack of attention to code quality.",False,573
openml/openml-python,AutoML/RL,openml/datasets/dataset.py,44,NOQA,Test Debt,P1_Data_Collection,class OpenMLDataset(OpenMLBase):  # noqa: PLW1641,Code Debt,3,"The noqa comment is used to suppress a specific warning, indicating a potential code smell or a deliberate choice to ignore a best practice.",False,574
CMA-ES/pycma,AutoML/RL,cma/fitness_models.py,899,TODO,Requirement Debt,P3_Model_Development,"H[i, i] = self.coefficients[i + 1] / 100  # TODO arbitrary factor to make xopt finite, shouldn't this be 1 / coefficient or min(abs(coefficients))",Code Debt,3,"The code contains an arbitrary factor to make xopt finite, which may lead to inaccurate results or incorrect assumptions.",False,575
CMA-ES/pycma,AutoML/RL,cma/transformations.py,555,TODO,Requirement Debt,P3_Model_Development,"TODO: what exactly does this mean, is this a generic",Code Debt,3,"The TODO comment in the code indicates a lack of clarity or understanding of the code's functionality, which may lead to maintenance issues or bugs.",False,576
AI4Finance-Foundation/FinRL,AutoML/RL,finrl/config_private.py,4,XXX,Design Debt,P3_Model_Development,"ALPACA_API_SECRET = ""xxx""",Configuration Debt,3,Hardcoded API secret is a security risk and should be replaced with an environment variable or a secure configuration mechanism.,False,577
CMA-ES/pycma,AutoML/RL,cma/evolution_strategy.py,2717,BUG,Defect Debt,P3_Model_Development,"# this is not a bug, because repair_genotype is idempotent.",Code Debt,3,"The comment suggests that the repair_genotype function may not be properly idempotent, potentially leading to unintended behavior.",False,578
CMA-ES/pycma,AutoML/RL,cma/evolution_strategy.py,3675,TODO,Requirement Debt,P3_Model_Development,# TODO: refactor old_scales * old_sigma_vec into sigma_vec0 to prevent tolfacupx stopping,Code Debt,3,"The TODO comment suggests a need to refactor code to prevent a potential issue, indicating a code smell or inefficiency.",False,579
CMA-ES/pycma,AutoML/RL,cma/evolution_strategy.py,1265,TODO,Requirement Debt,P3_Model_Development,"warnings.warn(s, category=DeprecationWarning)  # TODO: doesn't show up",Code Debt,3,"The TODO comment indicates a potential issue with the code's ability to handle deprecation warnings, which could lead to unexpected behavior or errors.",False,580
CMA-ES/pycma,AutoML/RL,cma/options_parameters.py,613,TODO,Requirement Debt,P3_Model_Development,# TODO: try: loc['dim'] = loc['N'] etc,Code Debt,3,"The TODO comment suggests a potential code improvement or fix, indicating a need for refactoring or optimization.",False,581
h2oai/h2o-3,AutoML/RL,scripts/run_hadoop_jar_port_forward.py,200,TEMP,Design Debt,P3_Model_Development,"print(""Removing temp dir "" + abspath_tempdir)",Code Debt,3,"The code is deleting a temporary directory, but the keyword TEMP suggests it's a temporary fix or a workaround, indicating potential code debt.",False,582
openml/openml-python,AutoML/RL,openml/cli.py,255,NOQA,Test Debt,P3_Model_Development,def configure_field(  # noqa: PLR0913,Code Debt,3,The function configure_field has a high cyclomatic complexity (PLR0913) which can make it harder to understand and maintain.,False,583
EpistasisLab/tpot,AutoML/RL,tpot/selectors/max_weighted_average_selector.py,58,TODO,Requirement Debt,P3_Model_Development,ave_scores = [np.nanmean(s ) for s in scores ] #TODO make this more efficient,Code Debt,3,"The TODO comment suggests that the current implementation of calculating average scores is inefficient, indicating a need for code refactoring.",False,584
minerllabs/minerl,AutoML/RL,minerl/herobraine/test_env_spec.py,22,TODO,Requirement Debt,P3_Model_Development,# todo,Code Debt,3,"The presence of a TODO comment in the code indicates a potential issue that needs to be addressed, but the exact nature of the debt is unclear without further context.",False,585
optuna/optuna-integration,AutoML/RL,optuna_integration/dask/dask.py,736,NOQA,Test Debt,P3_Model_Development,serialized_trials = await self.client.scheduler.optuna_get_all_trials(  # type: ignore[union-attr]  # NOQA: E501,Code Debt,3,"The line is too long and exceeds the recommended maximum line length, which can make the code harder to read and maintain.",False,586
facebookresearch/Pearl,AutoML/RL,pearl/pearl_agent.py,186,FIXME,Defect Debt,P3_Model_Development,# pyre-fixme[6]: this can be removed when tabular Q learning test uses tensors,Code Debt,2,The FIXME comment indicates a temporary fix that can be removed once the tabular Q learning test uses tensors.,False,587
facebookresearch/ReAgent,AutoML/RL,reagent/core/types.py,729,TODO,Requirement Debt,P3_Model_Development,# TODO: handle value/mask of DocList,Code Debt,3,"The TODO comment indicates a missing implementation for handling value/mask of DocList, which is a specific code functionality.",False,588
CMA-ES/pycma,AutoML/RL,cma/sampler.py,235,HACK,Design Debt,P3_Model_Development,"# prevent equal eigenvals, a hack for np.linalg:",Code Debt,3,"The use of a 'hack' to prevent equal eigenvalues in np.linalg indicates a workaround for a numerical stability issue, which may lead to unexpected behavior or errors.",False,589
pfnet/pfrl,AutoML/RL,pfrl/__init__.py,2,NOQA,Test Debt,P3_Model_Development,from pfrl import agent  # NOQA,Code Debt,3,"The import statement is commented out, indicating a potential unused or redundant import, which can lead to code clutter and maintenance issues.",False,590
optuna/optuna-integration,AutoML/RL,optuna_integration/chainermn/chainermn.py,202,NOQA,Test Debt,P3_Model_Development,"def suggest_categorical(self, name: str, choices: Sequence[None]) -> None: ...  # noqa: E704",Code Debt,3,"The function suggest_categorical has a comment indicating a potential code smell (E704) but does not provide any additional context or explanation for the comment, suggesting a lack of adherence to coding standards.",False,591
CMA-ES/pycma,AutoML/RL,cma/options_parameters.py,630,TODO,Requirement Debt,P3_Model_Development,if 'N' in loc:  # TODO: __init__ of CMA can be simplified,Code Debt,3,"The TODO comment suggests that the CMA __init__ method can be simplified, indicating a need for refactoring.",False,592
minerllabs/minerl,AutoML/RL,minerl/env/_multiagent.py,639,FIXME,Defect Debt,P3_Model_Development,# FIXME - shouldn't we error or retry here?,Code Debt,3,"The FIXME comment suggests a potential issue with error handling or retry logic in the multiagent environment, indicating a need for code refactoring.",False,593
facebookresearch/Pearl,AutoML/RL,pearl/policy_learners/policy_learner.py,91,TODO,Requirement Debt,P3_Model_Development,# TODO: add action representation module for bandit learning applications.,Design Debt,3,"The TODO comment indicates a missing design component for action representation in bandit learning applications, which affects the overall architecture of the policy learner.",False,594
facebookresearch/Pearl,AutoML/RL,pearl/history_summarization_modules/identity_history_summarization_module.py,35,FIXME,Defect Debt,P3_Model_Development,# pyre-fixme[7]: incompatible return type,Code Debt,3,"The code has a FIXME comment indicating a potential issue with return type compatibility, which may lead to runtime errors or unexpected behavior.",False,595
facebookresearch/ReAgent,AutoML/RL,reagent/lite/optimizer.py,749,TEMP,Design Debt,P3_Model_Development,"self.temp,",Code Debt,3,"The use of the 'TEMP' keyword and the 'self.temp' comment suggests a temporary or workaround solution in the code, indicating a potential code debt issue.",False,596
CMA-ES/pycma,AutoML/RL,cma/logger.py,1282,TODO,Requirement Debt,P3_Model_Development,_x[-1] = minxend  # TODO: should be ax[1],Code Debt,3,"The TODO comment indicates a potential logical error in the code, which could lead to incorrect results or unexpected behavior.",False,597
openai/mujoco-py,AutoML/RL,scripts/gen_wrappers.py,778,TEMP,Design Debt,P3_Model_Development,with TemporaryDirectory() as td:,Code Debt,3,"The use of TEMP keyword and TemporaryDirectory() context manager may indicate a temporary or workaround solution, potentially leading to technical debt in the codebase.",False,598
CMA-ES/pycma,AutoML/RL,cma/optimization_tools.py,942,TODO,Requirement Debt,P3_Model_Development,# TODO: store res[i]['dx'] = self.basis[i] here?,Code Debt,3,"The TODO comment suggests a missing implementation detail in the optimization tools, which could lead to inconsistent or incorrect results.",False,599
01-ai/Yi,Deep Learning,finetune/sft/prompt_eval.py,174,TODO,Requirement Debt,P3_Model_Development,# TODO:,Code Debt,3,The presence of a TODO comment in the code indicates a potential issue or incomplete implementation that needs to be addressed.,False,600
Vision-CAIR/MiniGPT-4,Deep Learning,minigpt4/runners/runner_base.py,100,TODO,Requirement Debt,P3_Model_Development,# TODO make optimizer class and configurations,Design Debt,3,"The TODO comment indicates a missing design component, specifically an optimizer class and configurations, which is a fundamental aspect of the model's training process.",False,601
suno-ai/bark,Deep Learning,bark/generation.py,380,TEMP,Design Debt,P3_Model_Development,"temp=0.7,",Code Debt,3,The use of a magic number '0.7' in the 'temp' variable indicates a lack of clear and maintainable code.,False,602
vllm-project/vllm,Deep Learning,tests/utils.py,1498,TEMP,Design Debt,P3_Model_Development,# Create a unique temporary file to store exception info from child,Code Debt,3,The use of a temporary file to store exception info is not a standard practice and may lead to issues with file management.,False,603
BlinkDL/RWKV-LM,Deep Learning,RWKV-v1/train.py,132,XXX,Design Debt,P3_Model_Development,# model.load_state_dict(torch.load('trained-xxx.pth').state_dict()),Code Debt,3,The use of a hardcoded file path 'trained-xxx.pth' indicates a lack of flexibility and maintainability in the model loading process.,False,604
facebookresearch/jepa,Deep Learning,src/models/predictor.py,223,FIXME,Defect Debt,P3_Model_Development,# FIXME: this implementation currently assumes masks_ctxt and masks_tgt,Code Debt,3,"The FIXME comment indicates a specific implementation assumption that may not be generally applicable, suggesting a code-level issue.",False,605
vllm-project/vllm,Deep Learning,setup.py,668,TODO,Requirement Debt,P4_Build_Packaging,"# TODO: maybe check more compatibility later? (python_tag, abi_tag, etc)",Code Debt,3,"The TODO comment suggests a potential improvement to the setup.py file, but the impact is not critical, making it a medium-severity code debt.",False,606
LAION-AI/Open-Assistant,Deep Learning,inference/worker/chat_chain.py,392,TODO,Requirement Debt,P3_Model_Development,# TODO: Consider passing language from the UI here,Design Debt,3,"The code does not follow the principle of separation of concerns by passing language from the UI directly to the model, making it harder to modify or extend the code in the future.",False,607
CompVis/taming-transformers,Deep Learning,taming/modules/vqvae/quantize.py,94,TODO,Requirement Debt,P3_Model_Development,# TODO: check for more easy handling with nn.Embedding,Code Debt,3,"The TODO comment suggests a potential improvement in the code, specifically with the use of nn.Embedding, which could simplify the implementation.",False,608
huggingface/optimum,Deep Learning,optimum/exporters/tasks.py,726,TODO,Requirement Debt,P3_Model_Development,# TODO: maybe implement that.,Code Debt,3,"The TODO comment indicates a potential implementation gap in the code, which may lead to incomplete functionality.",False,609
lm-sys/FastChat,Deep Learning,fastchat/model/model_adapter.py,2355,TODO,Requirement Debt,P3_Model_Development,# TODO(chris): Implement huggingface-compatible load_model,Code Debt,3,"The TODO comment indicates a missing implementation for a specific functionality, which is a code-level issue.",False,610
PaddlePaddle/PaddleNLP,Deep Learning,llm/run_quantization.py,285,TODO,Requirement Debt,P3_Model_Development,# TODO(ZHUI & sijunhe): Temporary implementation. Generalize this logic and move to Trainer later.,Design Debt,3,The temporary implementation in run_quantization.py should be generalized and moved to Trainer for better maintainability and scalability.,False,611
EleutherAI/gpt-neox,Deep Learning,megatron/checkpointing.py,383,TODO,Requirement Debt,P3_Model_Development,)  # TODO: These should be configured by separate args,Configuration Debt,2,The TODO comment suggests that hardcoded values should be replaced with configurable arguments.,False,612
Dao-AILab/flash-attention,Deep Learning,hopper/test_flash_attn.py,1096,BUG,Defect Debt,P3_Model_Development,"# There was a bug where this would cause ""unspecified launch failure"" due to Cluster",Defect Debt,3,The code has a known bug causing 'unspecified launch failure' due to Cluster issues.,False,613
BlinkDL/RWKV-LM,Deep Learning,RWKV-v7/rwkv_v7_demo_fast.py,436,TODO,Requirement Debt,P3_Model_Development,todo = [json.loads(line) for line in f],Code Debt,3,The use of a list comprehension with json.loads(line) for line in f may not be the most efficient or readable way to parse JSON data.,False,614
vllm-project/vllm,Deep Learning,tests/conftest.py,1695,TEMP,Design Debt,P3_Model_Development,"""""""Temporary VLLM_CACHE_ROOT combined with a fresh inductor cache.""""""",Code Debt,3,The use of a temporary workaround in the codebase may lead to future maintenance issues.,False,615
PaddlePaddle/PaddleNLP,Deep Learning,llm/auto_parallel/run_dpo_auto.py,165,TODO,Requirement Debt,P3_Model_Development,# TODO: support chat template in next pr,Prompt Template Debt,3,"The TODO comment indicates a missing feature for chat template support, which is a medium-severity debt in the P3_Model_Development phase.",False,616
suno-ai/bark,Deep Learning,bark/api.py,28,TEMP,Design Debt,P3_Model_Development,"temp=temp,",Code Debt,3,The use of 'TEMP' as a variable name is not descriptive and may indicate a lack of clear variable naming conventions.,False,617
PaddlePaddle/PaddleNLP,Deep Learning,llm/auto_parallel/run_finetune_auto.py,197,NOQA,Test Debt,P3_Model_Development,from paddle_xpu.layers.nn.linear import LinearConfig  # noqa: F401,Code Debt,3,"The import statement is commented out with a noqa directive, indicating a potential code smell or unnecessary import.",False,618
vllm-project/vllm,Deep Learning,tests/test_config.py,845,NOQA,Test Debt,P3_Model_Development,"""Generative models support chunked prefill."",  # noqa: E501",Code Debt,3,The use of noqa: E501 suggests a potential coding standard deviation in the codebase.,False,619
huggingface/optimum,Deep Learning,optimum/modeling_base.py,191,FIXME,Defect Debt,P3_Model_Development,# FIXME: when huggingface_hub fixes the return of upload_file,Code Debt,3,"The FIXME comment indicates a workaround for a third-party library issue, which is a code-level technical debt.",False,620
coqui-ai/TTS,Deep Learning,TTS/config/__init__.py,38,TODO,Requirement Debt,P3_Model_Development,# TODO: fix this,Code Debt,3,"The TODO comment indicates a need to refactor or fix existing code, which is a common characteristic of code debt.",False,621
NVIDIA/Megatron-LM,Deep Learning,pretrain_vlm.py,157,TODO,Requirement Debt,P3_Model_Development,# TODO: Make these configurable via input .yaml config.,Configuration Debt,3,The hardcoded configuration in the codebase makes it difficult to modify or extend without changing the code.,False,622
vllm-project/vllm,Deep Learning,tests/test_config.py,890,NOQA,Test Debt,P3_Model_Development,"""Pooling models with causal attn and LAST/ALL pooling support prefix caching."",  # noqa: E501",Code Debt,2,"The comment contains a NOQA directive, indicating a potential code smell or non-standard coding practice.",False,623
Dao-AILab/flash-attention,Deep Learning,hopper/setup.py,74,HACK,Design Debt,P4_Build_Packaging,# HACK: we monkey patch pytorch's _write_ninja_file to pass,Code Debt,3,"The code is using a monkey patch to bypass a PyTorch functionality, indicating a workaround that may not be ideal or maintainable.",False,624
suno-ai/bark,Deep Learning,bark/api.py,19,TEMP,Design Debt,P3_Model_Development,"temp: generation temperature (1.0 more diverse, 0.0 more conservative)",Code Debt,3,The use of a magic string 'TEMP' for a generation temperature parameter indicates a lack of clear and consistent naming conventions in the code.,False,625
BlinkDL/RWKV-LM,Deep Learning,RWKV-v5/rwkv_v6_demo.py,174,XXX,Design Debt,P3_Model_Development,"xxx = torch.tanh(xxx @ tm_w1).view(5, 1, -1)",Code Debt,3,"The use of torch.tanh() and view() methods may indicate a potential performance optimization opportunity or a code smell, suggesting a more efficient implementation could be possible.",False,626
PKU-YuanGroup/Video-LLaVA,Deep Learning,videollava/eval/eval_gpt_review_visual.py,23,TODO,Requirement Debt,P3_Model_Development,"temperature=0.2,  # TODO: figure out which temperature is best for evaluation",Code Debt,3,The code has a hardcoded temperature value with a TODO comment indicating a need for further evaluation.,False,627
vllm-project/vllm,Deep Learning,tests/test_config.py,833,NOQA,Test Debt,P3_Model_Development,"""Generative models support chunked prefill."",  # noqa: E501",Code Debt,3,"The use of noqa: E501 suggests a deliberate suppression of a linting warning, potentially indicating a code smell or a workaround.",False,628
NVIDIA/Megatron-LM,Deep Learning,pretrain_gpt.py,222,TODO,Requirement Debt,P3_Model_Development,cu_seqlens_for_params = cu_seqlens_padded if cu_seqlens_padded is not None else cu_seqlens # TODO(asolergi-nv): Currently there is a bug forcing cu_seqlens to be cu_seqlens_padded,Code Debt,3,"The code has a hardcoded workaround for a bug, indicating a lack of proper handling of edge cases.",False,629
salesforce/BLIP,Deep Learning,models/blip_retrieval.py,106,TEMP,Design Debt,P3_Model_Development,sim_t2i_m = text_feat_m @ image_feat_m_all / self.temp,Code Debt,3,The use of a magic number 'self.temp' in the calculation suggests a hardcoded value that may not be easily understandable or maintainable.,False,630
vllm-project/vllm,Deep Learning,tests/utils.py,64,NOQA,Test Debt,P3_Model_Development,"set_random_seed,  # noqa: F401 - re-exported for use in test files",Code Debt,3,The use of noqa: F401 is a code debt as it indicates a potential issue with code organization and re-exporting of functions.,False,631
triton-lang/triton,Deep Learning,python/triton/_internal_testing.py,142,WORKAROUND,Design Debt,P3_Model_Development,x[x == 0] = 1  # Workaround. Never return zero so tests of division don't error out.,Code Debt,3,"The workaround modifies the input data to prevent division by zero errors, indicating a potential issue with the code's robustness.",False,632
coqui-ai/TTS,Deep Learning,TTS/bin/train_encoder.py,146,TODO,Requirement Debt,P3_Model_Development,# ToDo: move it to a unit test,Test Debt,3,"The TODO comment suggests that the code is not properly unit tested, which can lead to unexpected behavior and bugs.",False,633
PKU-YuanGroup/Video-LLaVA,Deep Learning,videollava/eval/m4c_evaluator.py,314,NOQA,Test Debt,P3_Model_Development,"""pip install git+https://github.com/ronghanghu/coco-caption.git@python23""  # noqa",Code Debt,3,"The comment contains a pip install command which is not related to the code functionality, indicating a potential code debt issue.",False,634
vllm-project/vllm,Deep Learning,tests/test_config.py,977,NOQA,Test Debt,P3_Model_Development,"""Encoder decoder models do not support prefix caching."",  # noqa: E501",Code Debt,2,"The comment is indicating a specific implementation choice, which is a form of technical debt in the codebase.",False,635
huggingface/setfit,Deep Learning,src/setfit/logging.py,29,NOQA,Test Debt,P3_Model_Development,from logging import WARN  # NOQA,Code Debt,3,"The use of NOQA comment suggests a potential code smell or a deliberate choice to ignore a linter warning, which may indicate a deeper issue in the codebase.",False,636
haotian-liu/LLaVA,Deep Learning,llava/model/llava_arch.py,204,TODO,Requirement Debt,P3_Model_Development,# TODO: image start / end is not implemented here to support pretraining.,Model Dependency Debt,3,"The code is missing implementation for image start/end to support pretraining, indicating a dependency on external components.",False,637
lucidrains/DALLE-pytorch,Deep Learning,dalle_pytorch/dalle_pytorch.py,339,TEMP,Design Debt,P3_Model_Development,temp = self.temperature.exp(),Code Debt,3,"The use of the 'TEMP' keyword and the 'temp' variable name is not descriptive, indicating a lack of clear coding conventions.",False,638
triton-lang/triton,Deep Learning,python/test/gluon/test_frontend.py,247,NOQA,Test Debt,P3_Model_Development,"old = smem.atomic_scatter_add(values, indices, axis=1, mask=mask)  # noqa: F841",Code Debt,3,"Unused variable 'old' is assigned but not used, indicating potential code clutter and maintenance issues.",False,639
coqui-ai/TTS,Deep Learning,TTS/config/__init__.py,110,TODO,Requirement Debt,P3_Model_Development,TODO: Remove this in the future with a unified approach.,Design Debt,3,"The code has a temporary solution that will be removed in the future, indicating a design flaw or incomplete design.",False,640
lucidrains/DALLE-pytorch,Deep Learning,train_vae.py,228,TEMP,Design Debt,P3_Model_Development,temp = STARTING_TEMP,Code Debt,3,"The use of a temporary variable 'temp' with a hardcoded value 'STARTING_TEMP' indicates a lack of clear and maintainable code, making it harder to understand and modify the model development process.",False,641
google-deepmind/graphcast,Deep Learning,graphcast/xarray_jax.py,282,WORKAROUND,Design Debt,P3_Model_Development,# Any existing JAX coords must be dropped and re-added via the workaround,Model Stack Workaround Debt,3,The workaround is necessary due to an incompatibility between existing JAX coords and the required functionality.,False,642
mlfoundations/open_flamingo,Deep Learning,open_flamingo/train/train_utils.py,162,HACK,Design Debt,P3_Model_Development,# this hack of skipping the batch is not FSDP-compatible,Model Stack Workaround Debt,3,"The code is using a workaround to make it FSDP-compatible, indicating a deeper issue with the model stack implementation.",False,643
LAION-AI/Open-Assistant,Deep Learning,inference/worker/basic_hf_server.py,111,HACK,Design Debt,P3_Model_Development,"text=decode_token(last_token_id),  # hack because the ""normal"" inference server does this at once",Code Debt,3,"The code contains a workaround ('hack') for a missing feature in the 'normal' inference server, indicating a temporary solution that may not be scalable or maintainable.",False,644
Vision-CAIR/MiniGPT-4,Deep Learning,minigpt4/runners/runner_base.py,464,TODO,Requirement Debt,P3_Model_Development,"# TODO In validation, you need to compute loss as well as metrics",Code Debt,3,"The TODO comment indicates a missing implementation detail in the code, specifically in the validation process.",False,645
openai/shap-e,Deep Learning,shap_e/diffusion/gaussian_diffusion.py,510,TEMP,Design Debt,P3_Model_Development,"temp=1.0,",Code Debt,3,The use of a hardcoded value 'temp=1.0' in the code may lead to unexpected behavior if changed in the future.,False,646
lucidrains/DALLE-pytorch,Deep Learning,dalle_pytorch/dalle_pytorch.py,342,TEMP,Design Debt,P3_Model_Development,"sim = einsum('n d, n d -> n', text_latents, image_latents) * temp",Code Debt,3,"The use of the 'TEMP' keyword suggests a magic number or hardcoded value, which can make the code harder to understand and maintain.",False,647
facebookresearch/audiocraft,Deep Learning,audiocraft/losses/__init__.py,9,NOQA,Test Debt,P3_Model_Development,# flake8: noqa,Code Debt,3,"The use of # flake8: noqa comment suggests a lack of adherence to coding standards, potentially leading to code quality issues.",False,648
lucidrains/DALLE-pytorch,Deep Learning,dalle_pytorch/dalle_pytorch.py,220,TEMP,Design Debt,P3_Model_Development,temp = None,Code Debt,3,The use of a global variable 'temp' with a default value of None can lead to unexpected behavior if not properly initialized or used throughout the codebase.,False,649
huggingface/optimum,Deep Learning,optimum/modeling_base.py,89,NOQA,Test Debt,P3_Model_Development,class PreTrainedModel(ABC):  # noqa: F811,Code Debt,3,"The use of noqa: F811 is a code debt as it suppresses a potential naming conflict warning, which could lead to issues in the future.",False,650
facebookresearch/esm,Deep Learning,esm/pretrained.py,275,BUG,Defect Debt,P3_Model_Development,"""This model had a minor bug in the positional embeddings, """,Defect Debt,3,"The model had a minor bug in the positional embeddings, indicating a defect in the code that was not caught during development.",False,651
vllm-project/vllm,Deep Learning,tests/test_config.py,826,NOQA,Test Debt,P3_Model_Development,"""Pooling models with bidirectional attn do not support chunked prefill."",  # noqa: E501",Code Debt,2,"The comment is indicating a limitation in the code, which is a form of technical debt.",False,652
facebookresearch/fairscale,Deep Learning,tests/optim/test_adam.py,289,TODO,Requirement Debt,P3_Model_Development,# TODO: Optimizer state gets cast to FP16 and back to FP32 for,Code Debt,3,"The TODO comment indicates a potential issue with optimizer state casting, which could lead to numerical instability or incorrect results.",False,653
Vision-CAIR/MiniGPT-4,Deep Learning,minigpt4/common/dist_utils.py,127,HACK,Design Debt,P3_Model_Development,# a hack to sync the file path across processes,Code Debt,3,"The code contains a hack to sync file paths across processes, indicating a workaround that may not be scalable or maintainable.",False,654
Dao-AILab/flash-attention,Deep Learning,tests/test_flash_attn_triton_amd.py,2337,BUG,Defect Debt,P3_Model_Development,"""""""We previously had a bug where we were using the wrong strides of dout, which shows up",Code Debt,3,"The code contains a comment referencing a previously fixed bug, indicating a potential issue with code quality or maintainability.",False,655
BlinkDL/RWKV-LM,Deep Learning,RWKV-v5/rwkv_v6_demo.py,114,XXX,Design Debt,P3_Model_Development,"mw, mk, mv, mr, mg = xxx.unbind(dim=0) ######## xxx => LoRA => mw, mk, mv, mr, mg",Code Debt,3,"The use of hardcoded variable names (mw, mk, mv, mr, mg) suggests a lack of abstraction and potential for maintenance issues.",False,656
BlinkDL/RWKV-LM,Deep Learning,RWKV-v7/rwkv_v7_demo_rnn.py,351,TODO,Requirement Debt,P3_Model_Development,todo = [json.loads(line) for line in f],Code Debt,2,The use of a list comprehension for parsing JSON lines may not be the most efficient or readable solution.,False,657
huggingface/optimum,Deep Learning,optimum/utils/input_generators.py,1731,TODO,Requirement Debt,P3_Model_Development,# TODO: the processors should be passed to the generator instead of being loaded here,Design Debt,3,"The current implementation loads processors in this file, which violates the Single Responsibility Principle and makes it harder to modify or replace them.",False,658
google-deepmind/graphcast,Deep Learning,graphcast/dpm_solver_plus_plus_2s.py,133,HACK,Design Debt,P3_Model_Development,# calls into one to avoid this hack.,Code Debt,3,"The code contains a workaround to avoid a hack, indicating a potential code smell or inefficiency.",False,659
vllm-project/vllm,Deep Learning,tests/test_config.py,952,NOQA,Test Debt,P3_Model_Development,"""Generative models support prefix caching."",  # noqa: E501",Code Debt,3,"The use of noqa: E501 indicates a deliberate suppression of a code style warning, potentially hiding underlying issues.",False,660
coqui-ai/TTS,Deep Learning,TTS/utils/manage.py,418,TODO,Requirement Debt,P3_Model_Development,):  # TODO:This is stupid but don't care for now.,Code Debt,3,"The comment suggests a workaround or a temporary solution that may not be ideal but is currently acceptable, indicating a need for refactoring or improvement.",False,661
mlfoundations/open_flamingo,Deep Learning,open_flamingo/train/data_utils.py,74,FIXME,Defect Debt,P3_Model_Development,# FIXME this used to be eval(open(...)) but that seemed rather unsafe,Code Debt,3,"The code uses a FIXME comment to indicate a potential security vulnerability, suggesting a need for refactoring to improve code quality.",False,662
vllm-project/vllm,Deep Learning,tests/test_config.py,926,NOQA,Test Debt,P3_Model_Development,"""Pooling models with bidirectional attn do not support prefix caching."",  # noqa: E501",Code Debt,3,"The comment is indicating a specific implementation choice due to technical limitations, which is a form of code debt.",False,663
triton-lang/triton,Deep Learning,python/tutorials/09-persistent-matmul.py,412,FIXME,Defect Debt,P3_Model_Development,"# FIXME: This only works on Blackwell right now. On older GPUs, this will",Code Debt,3,"The code has a hardcoded assumption about the GPU environment, which may cause issues on other systems.",False,664
mosaicml/composer,Deep Learning,tests/test_events.py,84,TODO,Requirement Debt,P3_Model_Development,# TODO: Remove filterwarnings after FSDP remove deprecated code,Code Debt,3,"The TODO comment indicates a temporary fix or workaround in the code, which needs to be refactored for better maintainability.",False,665
Dao-AILab/flash-attention,Deep Learning,flash_attn/flash_attn_triton.py,467,BUG,Defect Debt,P3_Model_Development,"# Same bug as below. Otherwise gives wrong result for headdim=40, seqlen=(128, 117)",Code Debt,3,"The code contains a bug that affects the result for specific input parameters, indicating a coding error.",False,666
facebookresearch/esm,Deep Learning,esm/__init__.py,11,NOQA,Test Debt,P3_Model_Development,from .model.msa_transformer import MSATransformer  #noqa,Code Debt,3,"The use of NOQA comment suggests a potential code smell or a workaround, indicating technical debt in the codebase.",False,667
vllm-project/vllm,Deep Learning,setup.py,609,TODO,Requirement Debt,P4_Build_Packaging,"# TODO: When we have ROCm nightly wheels, we can update this logic.",Configuration Debt,2,"The setup.py file has outdated logic for ROCm nightly wheels, requiring an update when available.",False,668
facebookresearch/fairscale,Deep Learning,fairscale/optim/adascale.py,476,TODO,Requirement Debt,P3_Model_Development,# TODO (min): this may not work with activation checkpointing when,Code Debt,3,The TODO comment indicates a potential issue with the code's functionality when using activation checkpointing.,False,669
coqui-ai/TTS,Deep Learning,TTS/api.py,166,TODO,Requirement Debt,P3_Model_Development,TODO: Add tests,Test Debt,3,"The TODO comment indicates a lack of tests for the TTS API, which can lead to unexpected behavior and bugs.",False,670
huggingface/text-generation-inference,Deep Learning,integration-tests/conftest.py,552,TEMP,Design Debt,P3_Model_Development,# We'll output stdout/stderr to a temporary file. Using a pipe,Code Debt,2,"Temporary file handling is hardcoded, making it harder to maintain and refactor.",False,671
vllm-project/vllm,Deep Learning,tests/test_attention_backend_registry.py,92,BUG,Defect Debt,P3_Model_Development,"f""BUG! CUSTOM is an alias of: {', '.join(aliases)}!\n""",Defect Debt,5,"The comment indicates a bug in the code, suggesting a critical defect that needs immediate attention.",False,672
vllm-project/vllm,Deep Learning,tests/test_config.py,858,NOQA,Test Debt,P3_Model_Development,"""Encoder decoder models do not support chunked prefill."",  # noqa: E501",Code Debt,3,"The comment suggests a specific implementation detail that may not be immediately clear to other developers, indicating a potential code debt issue.",False,673
suno-ai/bark,Deep Learning,bark/api.py,110,TEMP,Design Debt,P3_Model_Development,"temp=text_temp,",Code Debt,3,"The use of 'TEMP' as a variable name and 'temp=text_temp,' as a comment indicates a lack of clear and descriptive variable names, making the code harder to understand and maintain.",False,674
EleutherAI/gpt-neox,Deep Learning,megatron/initialize.py,173,TODO,Requirement Debt,P3_Model_Development,# TODO: adjust last stage too once IO is improved.,Performance Optimization Debt,3,"The TODO comment suggests that the code's performance can be improved, specifically in the last stage, which may be related to IO operations.",False,675
facebookresearch/audiocraft,Deep Learning,audiocraft/data/audio_utils.py,313,TEMP,Design Debt,P1_Data_Collection,") as f_in, tempfile.NamedTemporaryFile(suffix="".aac"") as f_out:",Code Debt,3,The use of tempfile.NamedTemporaryFile is not thread-safe and may lead to issues in a multi-threaded environment.,False,676
suno-ai/bark,Deep Learning,bark/generation.py,770,TEMP,Design Debt,P3_Model_Development,if temp is None:,Code Debt,3,The use of a magic string 'TEMP' without proper handling can lead to unexpected behavior in the code.,False,677
lm-sys/FastChat,Deep Learning,fastchat/model/model_adapter.py,1346,BUG,Defect Debt,P3_Model_Development,# Fix a bug in tokenizer config,Defect Debt,3,"The bug in the tokenizer config indicates a defect in the model's functionality, requiring immediate attention.",False,678
PaddlePaddle/PaddleNLP,Deep Learning,llm/predict/flask_server.py,154,TEMP,Design Debt,P3_Model_Development,temp = [],Code Debt,3,The use of a global list 'temp' is not thread-safe and can lead to unexpected behavior in a multi-threaded environment.,False,679
facebookresearch/audiocraft,Deep Learning,audiocraft/models/lm.py,551,TEMP,Design Debt,P3_Model_Development,"curr_sequence, cfg_conditions, unconditional_state, use_sampling, temp, top_k, top_p,",Code Debt,3,"The use of the keyword TEMP in the function parameters suggests a temporary or experimental implementation, which may not be properly refactored or cleaned up, leading to technical debt.",False,680
suno-ai/bark,Deep Learning,bark/generation.py,774,TEMP,Design Debt,P3_Model_Development,"relevant_logits = logits[0, :, :CODEBOOK_SIZE] / temp",Code Debt,3,The use of the TEMP variable suggests a hardcoded or magic number that could be replaced with a configurable parameter.,False,681
vllm-project/vllm,Deep Learning,tests/test_config.py,914,NOQA,Test Debt,P3_Model_Development,"""Pooling models with bidirectional attn do not support prefix caching."",  # noqa: E501",Code Debt,3,"The comment indicates a specific implementation choice due to technical constraints, which is a form of code debt.",False,682
EleutherAI/gpt-neo,Deep Learning,utils.py,180,TODO,Requirement Debt,P3_Model_Development,"TODO: how to get un-trainable dim-names too, batch etc.",Code Debt,3,"The TODO comment in utils.py indicates a missing implementation detail, specifically how to get un-trainable dimension names and batch information, which is a code-level issue.",False,683
facebookresearch/fairscale,Deep Learning,benchmarks/datasets/wikitext2_data.py,45,TEMP,Design Debt,P1_Data_Collection,tmpdir = tempfile.TemporaryDirectory(),Code Debt,3,The use of a temporary directory for data storage may lead to issues with data persistence and reproducibility.,False,684
BlinkDL/RWKV-LM,Deep Learning,RWKV-v7/rwkv_v7_demo_fast.py,437,TODO,Requirement Debt,P3_Model_Development,"todo = [[doc['text'].rsplit(' ', 1)[0], "" "" + doc['text'].rsplit(' ', 1)[1]] for doc in todo]",Code Debt,3,The code uses a list comprehension with a hardcoded string manipulation that may not be easily maintainable or scalable.,False,685
triton-lang/triton,Deep Learning,docs/conf.py,432,TODO,Requirement Debt,P3_Model_Development,"# If true, `todo` and `todoList` produce output, else they produce nothing.",Documentation Debt,2,"The TODO comment indicates a potential documentation issue, but its impact is relatively low as it only affects the output of specific functions.",False,686
facebookresearch/fairscale,Deep Learning,benchmarks/pipe.py,165,TODO,Requirement Debt,P3_Model_Development,# TODO(anj-s): Move this to the benchmark config if we want to benchmark evaluation.,Code Debt,3,"The TODO comment suggests a temporary or incomplete solution, indicating a need for refactoring or improvement in the codebase.",False,687
Vision-CAIR/MiniGPT-4,Deep Learning,demo_v2.py,40,XXX,Design Debt,P3_Model_Development,"""in xxx=yyy format will be merged into config file (deprecate), """,Configuration Debt,3,"The code is hardcoded with 'in xxx=yyy' format which will be merged into a config file, indicating a need for configuration management and potential refactoring.",False,688
BlinkDL/RWKV-LM,Deep Learning,RWKV-v4neo/chat.py,329,XXX,Design Debt,P3_Model_Development,xxx = tokenizer.tokenizer.decode(model_tokens[out_last:]),Code Debt,3,The use of 'XXX' as a variable name is not descriptive and may cause confusion in the codebase.,False,689
suno-ai/bark,Deep Learning,bark/generation.py,534,TEMP,Design Debt,P3_Model_Development,"temp=0.7,",Code Debt,3,"The use of a magic number '0.7' in the line 'temp=0.7,' suggests a hardcoded value that may not be easily understandable or maintainable.",False,690
Dao-AILab/flash-attention,Deep Learning,tests/test_flash_attn_ck.py,1523,BUG,Defect Debt,P3_Model_Development,"""""""We previously had a bug where not masking elements beyond seqlen_k caused NaN in dQ,",Defect Debt,3,"The code previously had a bug causing NaN in dQ due to unmasked elements beyond seqlen_k, indicating a defect in the model's implementation.",False,691
facebookresearch/audiocraft,Deep Learning,audiocraft/models/lm_magnet.py,248,TEMP,Design Debt,P3_Model_Development,"temp=temp,",Code Debt,3,"The use of the 'TEMP' keyword and assignment to a variable named 'temp' suggests a temporary or placeholder implementation, which may not be properly refactored or removed later.",False,692
huggingface/setfit,Deep Learning,src/setfit/logging.py,26,NOQA,Test Debt,P3_Model_Development,from logging import FATAL  # NOQA,Code Debt,3,The use of a deprecated logging import statement may lead to issues if the logging module is updated in the future.,False,693
Dao-AILab/flash-attention,Deep Learning,tests/test_flash_attn_ck.py,154,TODO,Requirement Debt,P3_Model_Development,# TODO - move to c++ mha_varlen_fwd(),Code Debt,3,The TODO comment indicates a need to refactor code to move a specific function to C++ for performance optimization.,False,694
facebookresearch/audiocraft,Deep Learning,audiocraft/models/lm.py,406,TEMP,Design Debt,P3_Model_Development,"# Apply softmax for sampling if temp > 0. Else, do greedy sampling to avoid zero division error.",Code Debt,3,"The use of a temporary variable 'temp' in the comment suggests a potential code smell or a workaround, indicating that the code may not be optimized for clarity or maintainability.",False,695
lm-sys/FastChat,Deep Learning,tests/test_image_utils.py,38,TEMP,Design Debt,P3_Model_Development,# Save image to a temporary file,Code Debt,3,The use of a temporary file for image saving may lead to file system clutter and management issues.,False,696
facebookresearch/fairscale,Deep Learning,benchmarks/golden_configs/oss_mnist.py,17,TODO,Requirement Debt,P3_Model_Development,# TODO(anj-s): Add support for synthetic regression benchmarks,Configuration Debt,2,"The TODO comment indicates a missing configuration for synthetic regression benchmarks, which is a specific setup rather than a fundamental design or implementation issue.",False,697
google-deepmind/graphcast,Deep Learning,graphcast/rollout.py,76,TODO,Requirement Debt,P3_Model_Development,# TODO(pricei): call device_put_replicated when replicate_to_device==True,Code Debt,3,"The TODO comment indicates a missing implementation for a specific scenario, which is a code-level issue.",False,698
BlinkDL/RWKV-LM,Deep Learning,RWKV-v7/rwkv_v7b_demo.py,420,TODO,Requirement Debt,P3_Model_Development,for d in todo:,Code Debt,3,"The use of a 'TODO' comment in the code indicates a potential issue that needs to be addressed, but the exact nature of the issue is unclear.",False,699
vllm-project/vllm,Deep Learning,benchmarks/benchmark_ngram_proposer.py,210,NOQA,Test Debt,P3_Model_Development,"""""""  # noqa: E501",Code Debt,3,"The presence of the NOQA comment suggests that the code may not adhere to the project's coding standards, indicating a potential code debt issue.",False,700
huggingface/optimum,Deep Learning,optimum/exporters/utils.py,559,TODO,Requirement Debt,P3_Model_Development,# TODO: this succession of if/else strongly suggests a refactor is needed.,Design Debt,3,The succession of if/else statements suggests a lack of design cohesion and maintainability.,False,701
BlinkDL/RWKV-LM,Deep Learning,RWKV-v7/rwkv_v7_demo_rnn.py,352,TODO,Requirement Debt,P3_Model_Development,"todo = [[doc['text'].rsplit(' ', 1)[0], "" "" + doc['text'].rsplit(' ', 1)[1]] for doc in todo]",Code Debt,3,The use of a hardcoded 'todo' list and manual string manipulation is not scalable and may lead to maintenance issues.,False,702
CompVis/taming-transformers,Deep Learning,scripts/extract_segmentation.py,16,TODO,Requirement Debt,P3_Model_Development,"CKPT_PATH = ""TODO""",Code Debt,3,The use of a hardcoded TODO placeholder for CKPT_PATH indicates a lack of proper configuration management in the codebase.,False,703
Dao-AILab/flash-attention,Deep Learning,flash_attn/flash_attn_triton.py,73,BUG,Defect Debt,P3_Model_Development,"TMP,  # NOTE: TMP is a scratchpad buffer to workaround a compiler bug",Code Debt,3,"The code contains a workaround for a compiler bug, indicating a temporary fix that may not be optimal or maintainable.",False,704
X-PLUG/mPLUG-Owl,Deep Learning,mPLUG-Owl/serve/io_utils.py,391,TODO,Requirement Debt,P3_Model_Development,# TODO test whether this works,Test Debt,3,"The TODO comment indicates a lack of testing for a specific functionality, which could lead to unexpected behavior or bugs.",False,705
EleutherAI/gpt-neox,Deep Learning,eval_tasks/eval_adapter.py,133,TODO,Requirement Debt,P3_Model_Development,TODO: batched / data parallel generation,Performance Optimization Debt,3,The TODO comment suggests a performance optimization opportunity for batched and data parallel generation in the model development phase.,False,706
haotian-liu/LLaVA,Deep Learning,llava/eval/eval_gpt_review.py,25,TODO,Requirement Debt,P3_Model_Development,"temperature=0.2,  # TODO: figure out which temperature is best for evaluation",Performance Optimization Debt,3,"The TODO comment suggests that the temperature parameter is not optimized for evaluation, potentially affecting model performance.",False,707
google-deepmind/alphamissense,Deep Learning,alphamissense/data/tools/utils.py,26,TEMP,Design Debt,P1_Data_Collection,"""""""Context manager that deletes a temporary directory on exit.""""""",Code Debt,3,"The use of a temporary directory context manager may not be properly handled in case of exceptions, leading to potential data loss.",False,708
triton-lang/triton,Deep Learning,python/test/conftest.py,22,TEMP,Design Debt,P3_Model_Development,with tempfile.TemporaryDirectory() as tmpdir:,Test Debt,3,"The use of tempfile.TemporaryDirectory() as a context manager may not be properly cleaned up in case of an exception, leading to potential test instability.",False,709
facebookresearch/fairscale,Deep Learning,benchmarks/models/transformer_lm.py,15,TODO,Requirement Debt,P3_Model_Development,# TODO(anj-s): Identify if we need this initialization logic for the below wrapped layers.,Code Debt,3,"The TODO comment suggests that the initialization logic may not be necessary, indicating a potential code redundancy or inefficiency.",False,710
X-PLUG/mPLUG-Owl,Deep Learning,mPLUG-Owl/mplug_owl_video/modeling_mplug_owl.py,1378,HACK,Design Debt,P3_Model_Development,# Hack Bloom,Code Debt,3,"The use of a comment indicating a 'Hack' suggests a workaround or temporary solution in the code, which may lead to technical debt in the long run.",False,711
huggingface/setfit,Deep Learning,tests/test_deprecated_trainer.py,137,TEMP,Design Debt,P3_Model_Development,with SafeTemporaryDirectory() as tmpdirname:,Code Debt,3,The use of SafeTemporaryDirectory() is a code smell indicating potential issues with file system management in the test environment.,False,712
facebookresearch/esm,Deep Learning,esm/__init__.py,10,NOQA,Test Debt,P3_Model_Development,from .model.esm2 import ESM2  # noqa,Code Debt,3,"The use of noqa comment suggests a potential code smell or a workaround, indicating technical debt in the codebase.",False,713
facebookresearch/audiocraft,Deep Learning,audiocraft/models/lm.py,408,TEMP,Design Debt,P3_Model_Development,"probs = torch.softmax(logits / temp, dim=-1)",Code Debt,3,"The use of the TEMP keyword suggests a magic number that may not be easily understandable or maintainable, indicating a potential code debt issue.",False,714
huggingface/tokenizers,Deep Learning,bindings/python/tests/test_serialization.py,148,NOQA,Test Debt,P3_Model_Development,except:  # noqa: E722,Code Debt,3,"The use of noqa: E722 comment suggests a deliberate suppression of a linting error, indicating potential code quality issues.",False,715
BlinkDL/RWKV-LM,Deep Learning,RWKV-v4neo/chat.py,286,XXX,Design Debt,P3_Model_Development,"print(xxx, end='', flush=True)",Code Debt,3,The use of XXX and print statements for debugging purposes indicates a lack of structured logging and debugging mechanisms in the code.,False,716
Dao-AILab/flash-attention,Deep Learning,tests/test_flash_attn_triton_amd.py,2390,BUG,Defect Debt,P3_Model_Development,"""""""We previously had a bug where not masking elements beyond seqlen_k caused NaN in dQ,",Defect Debt,3,"The bug caused NaN in dQ due to unmasked elements beyond seqlen_k, indicating a defect in the code's logic.",False,717
suno-ai/bark,Deep Learning,bark/api.py,38,TEMP,Design Debt,P3_Model_Development,"temp: float = 0.7,",Code Debt,3,The use of a magic number '0.7' for the 'temp' variable indicates a lack of clear and maintainable code.,False,718
PaddlePaddle/PaddleNLP,Deep Learning,llm/auto_parallel/run_finetune_auto.py,332,TODO,Requirement Debt,P3_Model_Development,# TODO(ZHUI & sijunhe): Temporary implementation. Generalize this logic and move to Trainer later.,Design Debt,3,"The TODO comment suggests that the current implementation is temporary and should be generalized, indicating a design flaw in the code architecture.",False,719
vllm-project/vllm,Deep Learning,tests/test_config.py,908,NOQA,Test Debt,P3_Model_Development,"""Pooling models with bidirectional attn do not support prefix caching."",  # noqa: E501",Code Debt,3,"The comment suggests a workaround for a specific model configuration, indicating a potential code debt issue.",False,720
vllm-project/vllm,Deep Learning,tests/test_config.py,839,NOQA,Test Debt,P3_Model_Development,"""Generative models support chunked prefill."",  # noqa: E501",Code Debt,3,"The use of noqa: E501 suggests a deliberate suppression of a code style warning, potentially indicating a lack of adherence to coding standards.",False,721
salesforce/BLIP,Deep Learning,models/blip_pretrain.py,133,TEMP,Design Debt,P3_Model_Development,sim_t2i = text_feat @ image_feat_all / self.temp,Code Debt,3,The use of the TEMP variable suggests a hardcoded or temporary value that may not be suitable for the model's production environment.,False,722
openai/point-e,Deep Learning,point_e/diffusion/gaussian_diffusion.py,526,TEMP,Design Debt,P3_Model_Development,"img = th.randn(*shape, device=device) * temp",Code Debt,3,"The use of the TEMP variable suggests a magic number that may not be immediately clear to other developers, making the code harder to understand and maintain.",False,723
facebookresearch/esm,Deep Learning,esm/__init__.py,6,NOQA,Test Debt,P3_Model_Development,from .version import version as __version__  # noqa,Code Debt,2,The use of noqa comment is a code debt as it can make the codebase harder to maintain and understand in the long run.,False,724
BlinkDL/RWKV-LM,Deep Learning,RWKV-v7/rwkv_v7_demo_fast.py,443,TODO,Requirement Debt,P3_Model_Development,for d in todo:,Code Debt,3,"The use of a 'TODO' comment in the code indicates a potential issue that needs to be addressed, but the exact nature of the issue is unclear.",False,725
facebookresearch/audiocraft,Deep Learning,audiocraft/adversarial/__init__.py,8,NOQA,Test Debt,P3_Model_Development,# flake8: noqa,Code Debt,3,"The use of # flake8: noqa comment indicates a potential code debt as it may be a sign of ignoring flake8 errors, which can lead to inconsistent code quality.",False,726
vllm-project/vllm,Deep Learning,tests/test_config.py,939,NOQA,Test Debt,P3_Model_Development,"""Pooling models with causal attn and LAST/ALL pooling support prefix caching."",  # noqa: E501",Code Debt,3,"The use of a NOQA comment suggests that the code may not adhere to the project's coding standards, indicating a potential code debt issue.",False,727
BlinkDL/RWKV-LM,Deep Learning,RWKV-v7/rwkv_v8_rc00_demo.py,451,TODO,Requirement Debt,P3_Model_Development,"todo = [[doc['text'].rsplit(' ', 1)[0], "" "" + doc['text'].rsplit(' ', 1)[1]] for doc in todo]",Code Debt,3,"The code uses a list comprehension with a hardcoded string operation, which may lead to maintenance issues if the string format changes.",False,728
PaddlePaddle/PaddleNLP,Deep Learning,llm/predict/flask_server.py,157,TEMP,Design Debt,P3_Model_Development,"temp.append(msg.get(""content"", """"))",Code Debt,3,The use of a temporary variable 'temp' suggests a lack of consideration for code reusability and maintainability.,False,729
vllm-project/vllm,Deep Learning,tests/conftest.py,1305,TEMP,Design Debt,P3_Model_Development,"def caplog_vllm(temporary_enable_log_propagate, caplog):",Test Debt,3,"The caplog_vllm function is named with a keyword TEMP, indicating it might be a temporary solution or workaround, which could be a sign of technical debt in the test code.",False,730
BlinkDL/RWKV-LM,Deep Learning,RWKV-v4neo/chat.py,330,XXX,Design Debt,P3_Model_Development,if '\ufffd' not in xxx:,Code Debt,3,"The code is checking for a specific Unicode character '�' which may indicate a potential encoding issue or a specific character handling requirement, but the variable 'xxx' is not defined in the given snippet, suggesting a missing or unclear requirement.",False,731
coqui-ai/TTS,Deep Learning,TTS/utils/synthesizer.py,51,TODO,Requirement Debt,P3_Model_Development,TODO: set the segmenter based on the source language,Design Debt,3,"The TODO comment indicates a missing design decision for segmenter selection based on source language, affecting the model's performance and maintainability.",False,732
facebookresearch/audiocraft,Deep Learning,audiocraft/models/lm_magnet.py,295,TEMP,Design Debt,P3_Model_Development,temp (float): Initial sampling temperature.,Code Debt,3,"The use of 'TEMP' as a keyword suggests a temporary or ad-hoc solution, potentially indicating a lack of proper design or refactoring in the codebase.",False,733
triton-lang/triton,Deep Learning,python/test/gluon/test_frontend.py,183,NOQA,Test Debt,P3_Model_Development,b = mem.load(layout_b)  # noqa: F841,Code Debt,3,"Unused variable 'b' is loaded but not used, indicating potential unnecessary computation or memory allocation.",False,734
openai/shap-e,Deep Learning,shap_e/models/nn/checkpoint.py,72,BUG,Defect Debt,P3_Model_Development,# Fixes a bug where the first op in run_function modifies the,Defect Debt,3,"The code fixes a bug that was causing an issue with the first operation in the run_function, indicating a defect in the original implementation.",False,735
openai/guided-diffusion,Deep Learning,guided_diffusion/nn.py,156,BUG,Defect Debt,P3_Model_Development,# Fixes a bug where the first op in run_function modifies the,Code Debt,3,"The comment suggests a bug fix, indicating a potential issue in the code that was previously not addressed, leading to technical debt.",False,736
huggingface/setfit,Deep Learning,tests/test_deprecated_trainer.py,18,TEMP,Design Debt,P3_Model_Development,from tests.utils import SafeTemporaryDirectory,Code Debt,3,The use of a deprecated trainer in the test suite may indicate outdated code that needs refactoring.,False,737
lucidrains/DALLE-pytorch,Deep Learning,dalle_pytorch/dalle_pytorch.py,234,TEMP,Design Debt,P3_Model_Development,"one_hot = F.gumbel_softmax(logits, tau = temp, dim = 1, hard = self.straight_through)",Code Debt,3,"The use of a magic number 'temp' in the comment suggests a hardcoded value that may not be easily configurable or understandable, indicating a potential code debt issue.",False,738
facebookresearch/audiocraft,Deep Learning,demos/magnet_app.py,14,TEMP,Design Debt,P3_Model_Development,from tempfile import NamedTemporaryFile,Code Debt,3,The use of a temporary file for model development is not necessary and may lead to issues in production.,False,739
huggingface/optimum,Deep Learning,optimum/modeling_base.py,87,TODO,Requirement Debt,P3_Model_Development,# TODO: Should be removed when we no longer use OptimizedModel for everything,Design Debt,3,"The code is not designed to be easily removable, indicating a deeper design issue.",False,740
huggingface/setfit,Deep Learning,tests/test_modeling.py,274,TEMP,Design Debt,P3_Model_Development,with SafeTemporaryDirectory() as tmp_dir:,Code Debt,3,"The use of a temporary directory with SafeTemporaryDirectory() is not properly cleaned up, potentially leading to file system issues.",False,741
InternLM/InternLM,Deep Learning,agent/streaming_inference.py,1,NOQA,Test Debt,P3_Model_Development,# flake8: noqa,Code Debt,3,"The presence of the NOQA comment suggests that the code may not adhere to the project's coding standards, potentially leading to inconsistencies and difficulties in code maintenance.",False,742
suno-ai/bark,Deep Learning,bark/api.py,116,TEMP,Design Debt,P3_Model_Development,"temp=waveform_temp,",Code Debt,3,"The use of the 'TEMP' keyword and the 'temp' variable suggests a temporary or ad-hoc solution, which may not be maintainable or scalable in the long term.",False,743
BlinkDL/RWKV-LM,Deep Learning,RWKV-v8/260212_rosa1bitLM_L12.py,23,TEMP,Design Debt,P3_Model_Development,# model download: https://huggingface.co/BlinkDL/temp-latest-training-models/tree/main,Model Dependency Debt,3,"The model download link is hardcoded, making it difficult to manage and update model dependencies.",False,744
Dao-AILab/flash-attention,Deep Learning,tests/test_flash_attn_ck.py,210,TODO,Requirement Debt,P3_Model_Development,"# TODO - use 10 times to check, wait for ck to fix bwd precision issue",Code Debt,3,"The TODO comment indicates a workaround for a precision issue in the backpropagation (bwd) computation, which is a code-level problem.",False,745
facebookresearch/audiocraft,Deep Learning,audiocraft/data/audio_utils.py,311,TEMP,Design Debt,P1_Data_Collection,with tempfile.NamedTemporaryFile(,Code Debt,3,"The use of tempfile.NamedTemporaryFile() may indicate a temporary solution or a workaround, which can lead to technical debt if not properly refactored.",False,746
vllm-project/vllm,Deep Learning,tests/test_config.py,807,NOQA,Test Debt,P3_Model_Development,"""Pooling models with bidirectional attn do not support chunked prefill."",  # noqa: E501",Code Debt,2,The comment suggests a limitation in the code that may require refactoring or workarounds.,False,747
BlinkDL/RWKV-LM,Deep Learning,RWKV-v8/260222_rosa4bitLM_L12.py,25,TEMP,Design Debt,P3_Model_Development,"args.MODEL_NAME = ""/mnt/e/temp/rwkv-rosa4bit-minipile-loss3dot44-20260221-ctx512.pth""",Configuration Debt,3,The use of a hardcoded path in the MODEL_NAME argument may lead to issues when the model is deployed in a different environment.,False,748
huggingface/optimum,Deep Learning,tests/gptq/test_quantization.py,145,TEMP,Design Debt,P3_Model_Development,with tempfile.TemporaryDirectory() as tmpdirname:,Test Debt,3,"The use of tempfile.TemporaryDirectory() may not be properly cleaned up in case of an exception, leading to potential test instability.",False,749
dagster-io/dagster,MLOps,.buildkite/dagster-buildkite/dagster_buildkite/cli.py,36,NOQA,Test Debt,P3_Model_Development,print(dump_pipeline_yaml(pipeline))  # noqa: T201,Code Debt,3,"The print statement is commented out with a noqa directive, indicating a potential code smell or unnecessary code.",False,750
clearml/clearml-serving,MLOps,clearml_serving/serving/endpoints.py,21,NOQA,Test Debt,P3_Model_Development,def _list_type_convertor(inst):  # noqa,Code Debt,3,"The use of noqa comment suggests a potential code smell or a workaround, indicating technical debt in the codebase.",False,751
clearml/clearml-serving,MLOps,clearml_serving/preprocess/preprocess_template.py,92,NOQA,Test Debt,P1_Data_Collection,) -> dict:  # noqa,Code Debt,3,The use of noqa comment is a code debt as it can lead to inconsistent code formatting and make the codebase harder to maintain.,False,752
determined-ai/determined,MLOps,docs/deploy/scrape.py,265,TEMP,Design Debt,P3_Model_Development,"print(f""renaming temp index {temp_name} -> {final_name}..."", file=sys.stderr)",Code Debt,2,The use of a temporary variable name and a hardcoded renaming process indicates a lack of systematic approach to code organization.,False,753
determined-ai/determined,MLOps,docs/deploy/promote.py,104,TODO,Requirement Debt,P3_Model_Development,# TODO(danh): just uncomment this whenever the thought's not scary :D,Code Debt,3,"The TODO comment suggests a potential code modification that has not been implemented, indicating a code debt issue.",False,754
determined-ai/determined,MLOps,.circleci/scripts/upload_test_results.py,9,TEMP,Design Debt,P3_Model_Development,"with tempfile.TemporaryFile(suffix="".tar.gz"") as temp_archive:",Code Debt,3,The use of tempfile.TemporaryFile may lead to issues with file handling and cleanup in a production environment.,False,755
clearml/clearml-serving,MLOps,examples/preprocess_template/preprocess_template.py,47,NOQA,Test Debt,P1_Data_Collection,) -> Any:  # noqa,Code Debt,3,"The use of noqa comment suggests a lack of adherence to coding standards, potentially leading to inconsistencies in the codebase.",False,756
determined-ai/determined,MLOps,docs/deploy/scrape.py,258,TEMP,Design Debt,P3_Model_Development,# Upload to temp index.,Code Debt,3,"The use of a temporary index upload is not clearly defined, indicating a potential code smell or technical debt.",False,757
dagster-io/dagster,MLOps,scripts/benchmark-dg-perf.py,84,TEMP,Design Debt,P3_Model_Development,with tempfile.TemporaryDirectory() as temp_dir:,Code Debt,3,"The use of tempfile.TemporaryDirectory() as a context manager may not be properly cleaned up in case of an exception, leading to potential resource leaks.",False,758
pachyderm/pachyderm,MLOps,etc/fetch_release_pachctl.py,16,TEMP,Design Debt,P3_Model_Development,with tempfile.TemporaryFile() as temp_file:,Code Debt,3,The use of a temporary file for temporary storage may lead to file descriptor leaks or other issues if not properly closed.,False,759
dagster-io/dagster,MLOps,scripts/object_profile.py,4,TEMP,Design Debt,P3_Model_Development,from tempfile import TemporaryDirectory,Code Debt,3,"The use of the TEMP keyword in the comment suggests a temporary solution, which may not be properly refactored or removed, leading to technical debt.",False,760
determined-ai/determined,MLOps,bindings/generate_bindings_py.py,448,NOQA,Test Debt,P3_Model_Development,# flake8: noqa,Code Debt,3,"The use of # flake8: noqa comment suggests a lack of adherence to coding standards, potentially leading to code quality issues.",False,761
clearml/clearml-serving,MLOps,clearml_serving/engines/triton/triton_helper.py,58,NOQA,Test Debt,P3_Model_Development,"request = self._http_session.get('http://{}:{}/metrics'.format(self.metric_host, self.metric_port))  # noqa",Code Debt,2,The use of noqa comment suggests a potential code smell or a deliberate choice to ignore a linter warning.,False,762
clearml/clearml-serving,MLOps,clearml_serving/serving/preprocess_service.py,824,TODO,Requirement Debt,P1_Data_Collection,# TODO: RESTART ENGINE,Code Debt,3,"The TODO comment indicates a need for code refactoring or improvement, specifically restarting the engine, which is a code-level issue.",False,763
clearml/clearml-serving,MLOps,clearml_serving/serving/preprocess_service.py,111,NOQA,Test Debt,P1_Data_Collection,Preprocess = PreprocessDelWrapper # noqa,Code Debt,3,The use of a comment to disable a linter warning suggests a lack of adherence to coding standards.,False,764
pachyderm/pachyderm,MLOps,jupyter-extension/jupyterlab_pachyderm/pps_client.py,175,WORKAROUND,Design Debt,P3_Model_Development,as a workaround because specifying a commit within a pipeline's input,Model Stack Workaround Debt,3,"The code uses a workaround because specifying a commit within a pipeline's input is not supported, indicating a limitation in the model stack that needs to be addressed.",False,765
clearml/clearml-serving,MLOps,clearml_serving/serving/preprocess_service.py,307,NOQA,Test Debt,P1_Data_Collection,"from tritonclient.grpc.aio import service_pb2, service_pb2_grpc  # noqa",Code Debt,3,"The use of noqa comment suggests a potential code smell or a workaround, indicating a need for code refactoring.",False,766
determined-ai/determined,MLOps,bindings/swagger_parser.py,107,WORKAROUND,Design Debt,P3_Model_Development,This is a temporary workaround. Ticket for fixing this properly: https://hpe-aiatscale.atlassian.net/browse/MLG-1019,Code Debt,3,"The code contains a temporary workaround that needs to be replaced with a proper fix, indicating a code smell.",False,767
dagster-io/dagster,MLOps,scripts/gen_airbyte_classes.py,481,TEMP,Design Debt,P3_Model_Development,"help=""Path to a cloned copy of Airbyte, defaults to cloning a temp copy"",",Code Debt,3,The use of 'TEMP' as a default value for cloning a copy of Airbyte may lead to unexpected behavior or errors if not properly handled.,False,768
dagster-io/dagster,MLOps,examples/with_openai/baseline.py,44,TEMP,Design Debt,P3_Model_Development,with tempfile.TemporaryDirectory() as d:,Code Debt,3,"The use of TEMP keyword and with tempfile.TemporaryDirectory() as d: suggests a temporary solution or workaround, which may not be ideal for production code.",False,769
clearml/clearml-serving,MLOps,clearml_serving/engines/triton/triton_helper.py,223,TEMP,Design Debt,P3_Model_Development,# delete temp folder,Code Debt,3,The presence of a temporary folder deletion comment suggests a potential issue with temporary files or a lack of proper cleanup in the code.,False,770
determined-ai/determined,MLOps,harness/determined/_info.py,103,TODO,Requirement Debt,P3_Model_Development,# TODO: get rid of trial_run_id in favor of allocation id.,Code Debt,3,"The code contains a TODO comment indicating a need to refactor the use of trial_run_id in favor of allocation id, suggesting a technical debt related to code quality.",False,771
dagster-io/dagster,MLOps,scripts/run-ty.py,621,TEMP,Design Debt,P3_Model_Development,a temp ty.toml at the project root and passed via `--config-file`;,Configuration Debt,3,The use of a temporary configuration file passed via command line argument may lead to inconsistencies and make it harder to manage configurations in the future.,False,772
clearml/clearml-serving,MLOps,clearml_serving/serving/endpoints.py,27,NOQA,Test Debt,P3_Model_Development,def _nested_list_type_convertor(inst):  # noqa,Code Debt,3,The use of a private method with a complex name and a comment indicating it's a type converter suggests a potential code smell or unnecessary complexity.,False,773
determined-ai/determined,MLOps,docs/deploy/scrape.py,251,TEMP,Design Debt,P3_Model_Development,# Create a temp index,Code Debt,3,The use of a temporary index in the scrape.py file may lead to performance issues or data inconsistencies if not properly managed.,False,774
clearml/clearml-serving,MLOps,clearml_serving/engines/triton/triton_helper.py,161,TEMP,Design Debt,P3_Model_Development,# if this is a folder copy every and delete the temp folder,Code Debt,3,The use of a temporary folder and manual deletion indicates a lack of automation and potential for errors in the codebase.,False,775
dagster-io/dagster,MLOps,scripts/generate_changelog.py,779,BUG,Defect Debt,P3_Model_Development,"- ""Bugfixes"" - Bug fixes",Defect Debt,3,The presence of bug fixes in the changelog indicates that there were defects in the code that needed to be addressed.,False,776
clearml/clearml-serving,MLOps,clearml_serving/serving/model_request_processor.py,688,TODO,Requirement Debt,P3_Model_Development,"# todo: separate into two, download before lock, and overwrite inside lock",Code Debt,3,"The code is not following best practices for thread safety, potentially leading to data corruption or inconsistencies.",False,777
determined-ai/determined,MLOps,.circleci/scripts/job_level_alerts.py,53,TODO,Requirement Debt,P6_Monitoring_Ops,# TODO: add support for reporting as a timeout or failure.,MLOps Pipeline Debt,3,"The codebase lacks support for reporting as a timeout or failure, impacting the reliability of the MLOps pipeline.",False,778
dagster-io/dagster,MLOps,conftest.py,36,NOQA,Test Debt,P3_Model_Development,"print(""+++ Running :pytest: PyTest"")  # noqa",Test Debt,3,"The use of the NOQA comment suggests a potential issue with code style or formatting, which may indicate a test debt related to code quality.",False,779
clearml/clearml-serving,MLOps,clearml_serving/serving/preprocess_service.py,493,NOQA,Test Debt,P1_Data_Collection,import lightgbm  # noqa,Code Debt,3,"The import statement for lightgbm is commented out, indicating potential unused code.",False,780
dagster-io/dagster,MLOps,scripts/check_schemas.py,77,NOQA,Test Debt,P3_Model_Development,list_submodules(dagster._core.storage)  # noqa: SLF001,Code Debt,3,The use of noqa comment to suppress a warning indicates a potential issue with the code's structure or organization.,False,781
clearml/clearml-serving,MLOps,clearml_serving/engines/triton/triton_helper.py,242,TODO,Requirement Debt,P3_Model_Development,# todo: log triton server outputs when running locally,Code Debt,3,"The TODO comment indicates a missing logging functionality in the triton server outputs when running locally, which is a code-level issue.",False,782
determined-ai/determined,MLOps,harness/determined/_info.py,107,TODO,Requirement Debt,P3_Model_Development,# TODO: Get rid of this in favor of launch layer configs?,Design Debt,3,"The TODO comment suggests a design flaw or an opportunity for improvement in the code, specifically related to the launch layer configs.",False,783
dagster-io/dagster,MLOps,.buildkite/buildkite-shared/buildkite_shared/context.py,486,TEMP,Design Debt,P3_Model_Development,# The path to a temporary file containing the logs for this job. Requires enabling the enable-job-log-tmpfile agent configuration option.,Configuration Debt,3,"The code relies on a specific agent configuration option to be enabled, which may not be the default or expected behavior.",False,784
clearml/clearml-serving,MLOps,clearml_serving/preprocess/preprocess_template.py,149,NOQA,Test Debt,P1_Data_Collection,def send_request(  # noqa,Code Debt,3,"The use of noqa comment suggests a potential coding standard deviation, indicating a need for code refactoring.",False,785
pachyderm/pachyderm,MLOps,python-sdk/pachyderm_sdk/client.py,165,TODO,Requirement Debt,P3_Model_Development,# TODO: Should we notify the user that we are using spout config?,Documentation Debt,2,The TODO comment indicates a need for additional documentation to explain the usage of spout config.,False,786
clearml/clearml-serving,MLOps,clearml_serving/serving/preprocess_service.py,303,NOQA,Test Debt,P1_Data_Collection,from tritonclient.utils import np_to_triton_dtype  # noqa,Code Debt,2,"The comment # noqa is unnecessary and can be removed, indicating a minor code debt issue.",False,787
clearml/clearml-serving,MLOps,clearml_serving/serving/endpoints.py,5,NOQA,Test Debt,P3_Model_Development,"def _engine_validator(inst, attr, value):  # noqa",Code Debt,3,"The use of noqa comment suggests a potential code smell or a deliberate choice to ignore a specific linter rule, which may indicate technical debt.",False,788
determined-ai/determined,MLOps,pre-commit/check.py,12,TODO,Requirement Debt,P3_Model_Development,# TODO add option to pass in a git diff to check or git hash,Code Debt,3,"The code lacks a clear way to pass in a git diff or hash, making it harder to use the pre-commit check in different scenarios.",False,789
dagster-io/dagster,MLOps,scripts/generate_changelog.py,785,XXX,Design Debt,P3_Model_Development,"- Use ""dagster-XXX"" for library-specific changes (e.g., ""dagster-dbt"", ""dagster-aws"")",Code Debt,3,The use of XXX placeholder in the code indicates a hardcoded or temporary solution that may need to be refactored or replaced with a more robust library-specific implementation.,False,790
clearml/clearml-serving,MLOps,examples/preprocess_template/preprocess_template.py,79,NOQA,Test Debt,P1_Data_Collection,) -> dict:  # noqa,Code Debt,2,The use of noqa comment is a code debt as it may lead to inconsistent code formatting and make the codebase harder to maintain.,False,791
determined-ai/determined,MLOps,docs/rebrand-docs.py,96,TODO,Requirement Debt,P3_Model_Development,"# TODO: This is a bit too broad, but not incorrect.",Documentation Debt,3,"The comment suggests that the documentation needs improvement, specifically regarding the scope of the task.",False,792
pachyderm/pachyderm,MLOps,examples/kubeflow/mnist/pipeline.py,159,TEMP,Design Debt,P3_Model_Development,with tempfile.NamedTemporaryFile(suffix='.zip') as pipeline_file:,Code Debt,3,The use of tempfile.NamedTemporaryFile may lead to file descriptor leaks or other issues if not properly cleaned up.,False,793
determined-ai/determined,MLOps,docs/deploy/scrape.py,125,WORKAROUND,Design Debt,P3_Model_Development,# Workaround an incompatibility between sphinx's XML generation and ElementTree's XML parsing.,Code Debt,3,"The workaround is a temporary fix for an incompatibility issue, indicating a deeper code-level problem.",False,794
clearml/clearml-serving,MLOps,clearml_serving/serving/model_request_processor.py,100,NOQA,Test Debt,P3_Model_Development,except Exception as ex:  # noqa,Code Debt,3,"The use of bare 'except Exception as ex' can catch and hide unexpected errors, making it harder to debug and maintain the code.",False,795
dagster-io/dagster,MLOps,.buildkite/buildkite-shared/buildkite_shared/context.py,359,BUG,Defect Debt,P3_Model_Development,"Example: a commit message of ""Fix bug [STEP_FILTER=integration] [REPEAT=5]""",Defect Debt,3,"The commit message indicates a bug fix, suggesting a defect in the code that has been addressed.",False,796
dagster-io/dagster,MLOps,scripts/object_profile.py,38,TEMP,Design Debt,P3_Model_Development,with TemporaryDirectory() as d:,Code Debt,3,"The use of TEMP keyword and TemporaryDirectory() as d: suggests a temporary solution or workaround in the code, which may not be scalable or maintainable in the long run.",False,797
clearml/clearml-serving,MLOps,clearml_serving/serving/preprocess_service.py,474,NOQA,Test Debt,P1_Data_Collection,import xgboost  # noqa,Code Debt,2,"The import statement for xgboost is commented out, indicating potential unused code.",False,798
dagster-io/dagster,MLOps,docs/sphinx/conf.py,43,NOQA,Test Debt,P3_Model_Development,"copyright = ""2019, Dagster Labs, Inc""  # noqa: A001",Code Debt,2,The use of noqa directive is a code debt as it suppresses a potential issue without addressing the root cause.,False,799
clearml/clearml-serving,MLOps,clearml_serving/serving/preprocess_service.py,299,NOQA,Test Debt,P1_Data_Collection,from tritonclient.grpc import grpc  # noqa,Code Debt,3,"The noqa comment is used to suppress a warning, indicating a potential issue with the import statement.",False,800
determined-ai/determined,MLOps,e2e_tests/tests/cluster_log_manager.py,2,NOQA,Test Debt,P3_Model_Development,from types import TracebackType  # noqa:I2041,Code Debt,3,"The import statement is commented out with a noqa directive, indicating a potential coding standard non-compliance.",False,801
dagster-io/dagster,MLOps,scripts/gen_airbyte_classes.py,502,NOQA,Test Debt,P3_Model_Development,"out = f""""""# ruff: noqa: F401, A002",Code Debt,3,Max retries reached,False,802
dagster-io/dagster,MLOps,scripts/run-ty.py,722,TEMP,Design Debt,P3_Model_Development,# ty uses the include paths from the temp config.,Configuration Debt,3,The use of a temporary configuration file (temp config) for include paths is not a best practice and may lead to issues in production.,False,803
pachyderm/pachyderm,MLOps,jupyter-extension/jupyterlab_pachyderm/handlers.py,308,TODO,Requirement Debt,P3_Model_Development,# TODO: should we return server CAs?,Design Debt,3,"The TODO comment indicates a design decision is pending, affecting the overall architecture of the codebase.",False,804
dagster-io/dagster,MLOps,scripts/generate_changelog.py,797,XXX,Design Debt,P3_Model_Development,"""prefix"": ""dagster-xxx"" or ""ui"" or null,",Code Debt,3,"The use of XXX as a prefix in 'dagster-xxx' suggests a hardcoded or ad-hoc solution, indicating a potential for code duplication or inflexibility.",False,805
determined-ai/determined,MLOps,.circleci/scripts/job_level_alerts.py,20,TODO,Requirement Debt,P6_Monitoring_Ops,# TODO(RM-252) mention the team who owns the test.,Test Debt,2,"The TODO comment indicates a missing piece of information about test ownership, which is essential for effective testing and maintenance.",False,806
dagster-io/dagster,MLOps,conftest.py,28,NOQA,Test Debt,P3_Model_Development,parser._dagster_split_registered = True  # type: ignore[attr-defined]  # noqa: SLF001,Code Debt,2,The use of type: ignore[attr-defined] and noqa: SLF001 indicates a potential code smell and may require refactoring.,False,807
clearml/clearml-serving,MLOps,clearml_serving/serving/preprocess_service.py,357,NOQA,Test Debt,P1_Data_Collection,except:  # noqa,Code Debt,3,"The use of bare 'except' clause can mask bugs and make debugging harder, indicating a lack of proper error handling.",False,808
pachyderm/pachyderm,MLOps,examples/kubeflow/mnist/pipeline.py,41,TEMP,Design Debt,P3_Model_Development,"with tempfile.TemporaryDirectory(suffix=""pachyderm-mnist"") as data_dir:",Code Debt,3,The use of a hardcoded suffix in the TemporaryDirectory context manager may lead to naming conflicts or difficulties in identifying the temporary directory.,False,809
clearml/clearml-serving,MLOps,clearml_serving/serving/endpoints.py,11,NOQA,Test Debt,P3_Model_Development,"def _matrix_type_validator(inst, attr, value):  # noqa",Code Debt,3,"The use of noqa comment suggests a potential code smell or a deliberate choice to ignore a linter warning, which may indicate a need for code review or refactoring.",False,810
determined-ai/determined,MLOps,pre-commit/web_lint_check.py,32,TODO,Requirement Debt,P3_Model_Development,# TODO: replace it with `match` if we support python v3.10,Code Debt,3,"The code uses a TODO comment to indicate a potential improvement, suggesting a need for refactoring or updating the code to match the latest Python version.",False,811
clearml/clearml-serving,MLOps,examples/preprocess_template/preprocess_template.py,27,NOQA,Test Debt,P1_Data_Collection,"def load(self, local_file_name: str) -> Any:  # noqa",Code Debt,3,"The use of the NOQA comment suggests a potential code smell or a deliberate choice to ignore a linter warning, which may indicate a deeper issue in the codebase.",False,812
determined-ai/determined,MLOps,harness/determined/constants.py,5,WORKAROUND,Design Debt,P3_Model_Development,"# Until we implement a more automatic solution, expose a temporary workaround of",Model Stack Workaround Debt,3,"The code contains a temporary workaround for a more automatic solution, indicating a workaround for a model stack issue.",False,813
clearml/clearml-serving,MLOps,examples/vllm/preprocess.py,12,NOQA,Test Debt,P1_Data_Collection,"def load(self, local_file_name: str) -> Optional[Any]:  # noqa",Code Debt,3,"The use of the NOQA comment suggests a potential code smell or a deliberate choice to ignore a linter warning, which may indicate a need for code refactoring or improvement.",False,814
determined-ai/determined,MLOps,harness/determined/_info.py,105,TODO,Requirement Debt,P3_Model_Development,# TODO: decide if the experiment config is the right place for users to set a debug flag.,Design Debt,3,"The TODO comment suggests a design decision is pending, which may impact the overall architecture of the experiment configuration.",False,815
determined-ai/determined,MLOps,e2e_tests/tests/filetree.py,4,NOQA,Test Debt,P3_Model_Development,from types import TracebackType  # noqa:I2041,Code Debt,3,"The import statement is commented out with a noqa directive, indicating a potential code smell or unnecessary import.",False,816
clearml/clearml-serving,MLOps,clearml_serving/serving/init.py,27,NOQA,Test Debt,P3_Model_Development,"task_type=""inference"",  # noqa",Code Debt,2,"The use of noqa comment suggests a lack of adherence to coding standards, potentially leading to inconsistencies in the codebase.",False,817
determined-ai/determined,MLOps,docs/deploy/scrape.py,259,TEMP,Design Debt,P3_Model_Development,"print(f""uploading {len(records)} records to temp index {temp_name}..."", file=sys.stderr)",Code Debt,3,The use of a hardcoded 'TEMP' keyword in the code may lead to confusion and make it harder to maintain in the future.,False,818
clearml/clearml-serving,MLOps,clearml_serving/serving/init.py,32,NOQA,Test Debt,P3_Model_Development,instance_logger = instance_task.get_logger()  # noqa,Code Debt,3,"The use of noqa comment suggests a potential code smell or a deliberate choice to ignore a linter warning, which may indicate a deeper issue in the codebase.",False,819
clearml/clearml-serving,MLOps,clearml_serving/preprocess/preprocess_template.py,60,NOQA,Test Debt,P1_Data_Collection,) -> Any:  # noqa,Code Debt,3,"The use of noqa comment suggests a lack of adherence to coding standards, potentially leading to inconsistencies in the codebase.",False,820
clearml/clearml-serving,MLOps,clearml_serving/engines/triton/triton_helper.py,188,TODO,Requirement Debt,P3_Model_Development,# todo: trigger triton model reloading (instead of relaying on current poll mechanism),Code Debt,3,"The code relies on a poll mechanism for model reloading, which may lead to inefficiencies and potential issues with model updates.",False,821
clearml/clearml-serving,MLOps,clearml_serving/serving/preprocess_service.py,360,NOQA,Test Debt,P1_Data_Collection,except:  # noqa,Code Debt,3,"The use of bare 'except' clause can mask bugs and make debugging more difficult, indicating a lack of proper error handling.",False,822
determined-ai/determined,MLOps,docs/deploy/promote.py,79,TODO,Requirement Debt,P3_Model_Development,# TODO(danh): reference existing Algolia search indices for the version,Code Debt,3,"The code does not reference existing Algolia search indices for the version, potentially leading to inconsistent search results.",False,823
clearml/clearml-serving,MLOps,clearml_serving/__main__.py,16,NOQA,Test Debt,P3_Model_Development,"Session.add_client(__package__.partition(""."")[0].replace(""_"", ""-""), __version__)  # noqa",Code Debt,2,The use of noqa comment suggests a potential coding standard deviation.,False,824
determined-ai/determined,MLOps,docs/deploy/upload.py,138,TODO,Requirement Debt,P3_Model_Development,# TODO(danh): just uncomment this whenever the thought's not scary :D,Code Debt,3,"The TODO comment indicates a potential code modification that has not been implemented, which could lead to inconsistencies or bugs if not addressed.",False,825
clearml/clearml-serving,MLOps,examples/custom/preprocess.py,74,NOQA,Test Debt,P1_Data_Collection,) -> Any:  # noqa,Code Debt,3,"The use of noqa comment suggests a lack of adherence to coding standards, potentially leading to inconsistencies in the codebase.",False,826
determined-ai/determined,MLOps,harness/determined/gpu.py,183,TODO,Requirement Debt,P3_Model_Development,"# TODO This extra layer of method calls is to match get_gpus above, in case we are later",Code Debt,3,"The extra layer of method calls is unnecessary and may introduce complexity, but does not affect the functionality of the code.",False,827
clearml/clearml-serving,MLOps,clearml_serving/serving/model_request_processor.py,1060,NOQA,Test Debt,P3_Model_Development,import kafka.errors as Errors  # noqa,Code Debt,3,"The use of noqa comment suggests a potential coding standard deviation, which may lead to inconsistencies in the codebase.",False,828
determined-ai/determined,MLOps,bindings/generate_bindings_ts.py,565,WORKAROUND,Design Debt,P3_Model_Development,# workaround for streaming function behavior,Code Debt,3,"The code contains a workaround for a specific behavior, indicating a potential code smell or a temporary fix that may need to be revisited.",False,829
clearml/clearml-serving,MLOps,examples/vllm/preprocess.py,52,NOQA,Test Debt,P1_Data_Collection,) -> Any:  # noqa,Code Debt,2,The use of noqa comment suggests a potential code smell or a workaround in the codebase.,False,830
clearml/clearml-serving,MLOps,clearml_serving/__main__.py,134,TODO,Requirement Debt,P3_Model_Development,# todo: make it look nice,Code Debt,2,"The comment suggests a cosmetic change to improve code appearance, indicating a low-severity code debt.",False,831
clearml/clearml-serving,MLOps,clearml_serving/preprocess/preprocess_template.py,122,NOQA,Test Debt,P1_Data_Collection,) -> Any:  # noqa,Code Debt,3,The use of noqa comment is a code debt as it can make the codebase harder to maintain and understand in the long run.,False,832
clearml/clearml-serving,MLOps,examples/pytorch/train_pytorch_mnist.py,105,NOQA,Test Debt,P3_Model_Development,"task = Task.init(project_name='serving examples', task_name='train pytorch model', output_uri=True)  # noqa: F841",Code Debt,3,"Unused variable 'task' is declared but not used, indicating potential code clutter and maintenance issues.",False,833
determined-ai/determined,MLOps,.circleci/scripts/job_level_alerts.py,18,NOQA,Test Debt,P6_Monitoring_Ops,"job_url = f""https://app.circleci.com/pipelines/github/determined-ai/determined/{pipeline_number}/workflows/{workflow_id}/jobs/{job_number}""  # noqa: E501",Code Debt,2,The use of noqa: E501 comment suggests a potential coding standard deviation.,False,834
dagster-io/dagster,MLOps,.buildkite/dagster-buildkite/dagster_buildkite/cli.py,29,NOQA,Test Debt,P3_Model_Development,print(dump_pipeline_yaml(pipeline))  # noqa: T201,Code Debt,3,"The use of noqa comment to suppress a specific warning suggests a lack of adherence to coding standards, indicating technical debt.",False,835
pachyderm/pachyderm,MLOps,etc/fetch_release_pachctl.py,29,TEMP,Design Debt,P3_Model_Development,with tempfile.TemporaryFile() as temp_file:,Code Debt,3,"The use of tempfile.TemporaryFile() may lead to resource leaks if not properly closed, indicating a potential code debt issue.",False,836
determined-ai/determined,MLOps,harness/determined/_info.py,101,TODO,Requirement Debt,P3_Model_Development,# TODO: decide if we really want to track steps_completed for users or not.,Code Debt,3,"The TODO comment indicates a decision is pending regarding the implementation of tracking steps_completed for users, which is a code-level change.",False,837
dagster-io/dagster,MLOps,scripts/run-ty.py,581,TEMP,Design Debt,P3_Model_Development,`--config-file=<temp>`. The file is gitignored (`/.ty-*.toml` and,Configuration Debt,3,The use of a temporary configuration file (--config-file=<temp>) indicates a lack of proper configuration management.,False,838
pachyderm/pachyderm,MLOps,etc/fetch_release_pachctl.py,42,TODO,Requirement Debt,P3_Model_Development,"# TODO(msteffen) replace this with 'go env GOPATH', in case go's default",Code Debt,2,The code uses a hardcoded comment to remind the developer to replace a hardcoded value with a more dynamic solution.,False,839
dagster-io/dagster,MLOps,scripts/run-ty.py,686,TEMP,Design Debt,P3_Model_Development,a temp ty.toml at the project root and passed via `--config-file`;,Configuration Debt,3,The use of a temporary configuration file passed via command line argument may lead to configuration drift and make it harder to manage and track changes.,False,840
clearml/clearml-serving,MLOps,examples/custom/preprocess.py,27,NOQA,Test Debt,P1_Data_Collection,"def load(self, local_file_name: str) -> Optional[Any]:  # noqa",Code Debt,3,"The use of noqa comment suggests a lack of adherence to coding standards, potentially leading to inconsistencies in the codebase.",False,841
clearml/clearml-serving,MLOps,examples/preprocess_template/preprocess_template.py,134,NOQA,Test Debt,P1_Data_Collection,def send_request(  # noqa,Code Debt,3,"The use of noqa comment suggests a lack of adherence to coding standards, potentially leading to code readability issues.",False,842
clearml/clearml-serving,MLOps,clearml_serving/serving/model_request_processor.py,1059,NOQA,Test Debt,P3_Model_Development,from kafka import KafkaProducer  # noqa,Code Debt,3,"The use of noqa comment suggests a potential code smell or a workaround, indicating technical debt.",False,843
clearml/clearml-serving,MLOps,clearml_serving/serving/preprocess_service.py,833,TODO,Requirement Debt,P1_Data_Collection,# TODO: RESTART ENGINE,Code Debt,3,"The TODO comment indicates a need for code refactoring or improvement, specifically restarting the engine, which is a code-level issue.",False,844
clearml/clearml-serving,MLOps,clearml_serving/serving/preprocess_service.py,456,NOQA,Test Debt,P1_Data_Collection,import joblib  # noqa,Code Debt,2,The use of noqa comment is not a standard Python practice and may lead to confusion in code reviews.,False,845
dagster-io/dagster,MLOps,scripts/run-ty.py,445,BUG,Defect Debt,P3_Model_Development,installs land as legacy `.pth` files that ty can read. Tracking uv bug:,Code Debt,3,"The script installs legacy .pth files that ty can read, which may lead to code complexity and maintenance issues.",False,846
clearml/clearml-serving,MLOps,clearml_serving/preprocess/preprocess_template.py,27,NOQA,Test Debt,P1_Data_Collection,"def load(self, local_file_name: str) -> Any:  # noqa",Code Debt,3,"The use of the NOQA comment suggests a potential code smell or a deliberate choice to ignore a linter warning, which may indicate a deeper issue with the code's maintainability or adherence to best practices.",False,847
clearml/clearml-serving,MLOps,clearml_serving/serving/main.py,38,NOQA,Test Debt,P3_Model_Development,self._body = body  # noqa,Code Debt,3,"The use of noqa comment suggests a lack of adherence to coding standards, potentially leading to inconsistencies in the codebase.",False,848
dagster-io/dagster,MLOps,scripts/generate_changelog.py,699,BUG,Defect Debt,P3_Model_Development,"if any(word in text for word in [""fix"", ""bug"", ""resolved""]):",Defect Debt,3,"The code is checking for bug fixes but does not handle them properly, indicating a defect in the code.",False,849
clearml/clearml-serving,MLOps,examples/preprocess_template/preprocess_template.py,109,NOQA,Test Debt,P1_Data_Collection,) -> Any:  # noqa,Code Debt,3,"The use of noqa comment suggests a lack of adherence to coding standards, potentially leading to inconsistencies in the codebase.",False,850
determined-ai/determined,MLOps,e2e_tests/tests/test_sdk.py,425,TODO,Requirement Debt,P3_Model_Development,"rp_names = [""default""]  # TODO: not sure how to add more rp",Code Debt,3,"The TODO comment suggests a lack of understanding of how to implement a feature, indicating a potential code debt issue.",False,851
bentoml/OpenLLM,MLOps,src/openllm/common.py,19,TEMP,Design Debt,P3_Model_Development,TEMP_DIR = OPENLLM_HOME / 'temp',Code Debt,3,The use of a hardcoded path in the code (TEMP_DIR) may lead to issues when the application is deployed in different environments.,False,852
