repo_name,category,issue_number,created_at,closed_at,resolution_days,labels
keras-team/keras,Deep Learning,22845,2026-05-06,2026-05-06,0,size:XS
keras-team/keras,Deep Learning,22843,2026-05-05,2026-05-05,0,size:XS
keras-team/keras,Deep Learning,22842,2026-05-05,2026-05-05,0,size:XS
keras-team/keras,Deep Learning,22841,2026-05-05,2026-05-05,0,"kokoro:force-run,ready to pull,size:XS"
keras-team/keras,Deep Learning,22840,2026-05-05,2026-05-05,0,"kokoro:force-run,ready to pull,size:XS"
keras-team/keras,Deep Learning,22839,2026-05-05,2026-05-06,0,"kokoro:force-run,ready to pull,size:S"
keras-team/keras,Deep Learning,22838,2026-05-05,2026-05-06,0,size:XS
keras-team/keras,Deep Learning,22837,2026-05-05,2026-05-05,0,size:XS
keras-team/keras,Deep Learning,22833,2026-05-05,2026-05-05,0,size:XS
keras-team/keras,Deep Learning,22832,2026-05-05,2026-05-06,0,"ready to pull,size:XS"
keras-team/keras,Deep Learning,22831,2026-05-05,2026-05-05,0,size:S
keras-team/keras,Deep Learning,22829,2026-05-05,2026-05-06,0,"kokoro:force-run,size:M"
keras-team/keras,Deep Learning,22827,2026-05-04,2026-05-06,1,size:M
keras-team/keras,Deep Learning,22826,2026-05-04,2026-05-04,0,size:XS
keras-team/keras,Deep Learning,22824,2026-05-04,2026-05-04,0,size:S
keras-team/keras,Deep Learning,22823,2026-05-04,2026-05-06,1,type:Bug
keras-team/keras,Deep Learning,22821,2026-05-03,2026-05-06,2,"kokoro:force-run,ready to pull,size:M"
keras-team/keras,Deep Learning,22818,2026-05-02,2026-05-02,0,
keras-team/keras,Deep Learning,22817,2026-05-02,2026-05-05,2,"ready to pull,size:M"
keras-team/keras,Deep Learning,22816,2026-05-02,2026-05-04,2,"ready to pull,size:M"
keras-team/keras,Deep Learning,22815,2026-05-02,2026-05-05,3,type:Bug
keras-team/keras,Deep Learning,22814,2026-05-01,2026-05-05,3,"ready to pull,size:M"
keras-team/keras,Deep Learning,22813,2026-05-01,2026-05-01,0,size:S
keras-team/keras,Deep Learning,22811,2026-05-01,2026-05-01,0,"kokoro:force-run,ready to pull,size:XS,dependencies,python"
keras-team/keras,Deep Learning,22810,2026-05-01,2026-05-01,0,"kokoro:force-run,ready to pull,size:S,dependencies,github_actions"
keras-team/keras,Deep Learning,22808,2026-04-30,2026-05-04,4,"kokoro:force-run,ready to pull,size:S"
keras-team/keras,Deep Learning,22807,2026-04-30,2026-04-30,0,size:XL
keras-team/keras,Deep Learning,22806,2026-04-30,2026-05-01,1,size:XS
keras-team/keras,Deep Learning,22805,2026-04-30,2026-05-01,1,type:Bug
keras-team/keras,Deep Learning,22804,2026-04-30,2026-05-01,1,"ready to pull,size:XS"
keras-team/keras,Deep Learning,22803,2026-04-30,2026-04-30,0,size:M
keras-team/keras,Deep Learning,22801,2026-04-30,2026-04-30,0,"kokoro:force-run,size:M"
keras-team/keras,Deep Learning,22800,2026-04-29,2026-04-29,0,"kokoro:force-run,ready to pull,size:M"
keras-team/keras,Deep Learning,22799,2026-04-29,2026-04-30,1,size:M
keras-team/keras,Deep Learning,22798,2026-04-29,2026-04-29,0,size:M
keras-team/keras,Deep Learning,22797,2026-04-29,2026-04-30,0,size:L
keras-team/keras,Deep Learning,22795,2026-04-29,2026-04-29,0,"kokoro:force-run,ready to pull,size:S"
keras-team/keras,Deep Learning,22794,2026-04-28,2026-04-28,0,size:S
keras-team/keras,Deep Learning,22793,2026-04-28,2026-04-29,0,"ready to pull,size:M"
keras-team/keras,Deep Learning,22792,2026-04-28,2026-04-28,0,size:XS
keras-team/keras,Deep Learning,22791,2026-04-28,2026-05-05,6,"kokoro:force-run,ready to pull,size:L"
keras-team/keras,Deep Learning,22790,2026-04-28,2026-04-29,0,size:S
keras-team/keras,Deep Learning,22789,2026-04-28,2026-04-30,1,"kokoro:force-run,ready to pull,size:M"
keras-team/keras,Deep Learning,22788,2026-04-28,2026-04-28,0,"kokoro:force-run,ready to pull,size:XS"
keras-team/keras,Deep Learning,22786,2026-04-28,2026-04-28,0,"kokoro:force-run,ready to pull,size:S"
keras-team/keras,Deep Learning,22785,2026-04-28,2026-04-28,0,"kokoro:force-run,size:M"
keras-team/keras,Deep Learning,22784,2026-04-28,2026-04-28,0,"kokoro:force-run,ready to pull,size:S"
keras-team/keras,Deep Learning,22783,2026-04-28,2026-04-28,0,"kokoro:force-run,ready to pull,size:S"
keras-team/keras,Deep Learning,22782,2026-04-28,2026-04-28,0,"kokoro:force-run,ready to pull,size:S"
keras-team/keras,Deep Learning,22781,2026-04-28,2026-05-06,8,"stat:awaiting response from contributor,kokoro:force-run,ready to pull,size:XS"
keras-team/keras,Deep Learning,22777,2026-04-26,2026-04-28,1,"kokoro:force-run,ready to pull,size:M"
keras-team/keras,Deep Learning,22776,2026-04-25,2026-05-04,9,"keras-team-review-pending,type:Bug"
keras-team/keras,Deep Learning,22775,2026-04-24,2026-04-24,0,"kokoro:force-run,size:M"
keras-team/keras,Deep Learning,22774,2026-04-24,2026-04-25,1,
keras-team/keras,Deep Learning,22773,2026-04-24,2026-04-25,1,"kokoro:force-run,ready to pull,size:XS"
keras-team/keras,Deep Learning,22772,2026-04-24,2026-04-28,3,"ready to pull,size:M"
keras-team/keras,Deep Learning,22770,2026-04-24,2026-04-28,4,"kokoro:force-run,ready to pull,size:M"
keras-team/keras,Deep Learning,22769,2026-04-24,2026-04-24,0,size:S
keras-team/keras,Deep Learning,22768,2026-04-24,2026-04-24,0,size:M
keras-team/keras,Deep Learning,22767,2026-04-24,2026-04-24,0,size:XS
keras-team/keras,Deep Learning,22766,2026-04-24,2026-04-24,0,"kokoro:force-run,ready to pull,size:S"
keras-team/keras,Deep Learning,22765,2026-04-24,2026-04-24,0,"kokoro:force-run,ready to pull,size:S"
keras-team/keras,Deep Learning,22764,2026-04-24,2026-04-24,0,size:S
keras-team/keras,Deep Learning,22763,2026-04-23,2026-04-30,6,"ready to pull,size:M"
keras-team/keras,Deep Learning,22762,2026-04-23,2026-04-24,0,"kokoro:force-run,size:M"
keras-team/keras,Deep Learning,22761,2026-04-23,2026-04-24,0,"kokoro:force-run,ready to pull,size:XS"
keras-team/keras,Deep Learning,22760,2026-04-23,2026-04-24,0,"kokoro:force-run,ready to pull,size:S"
keras-team/keras,Deep Learning,22759,2026-04-23,2026-04-24,0,"kokoro:force-run,ready to pull,size:M"
keras-team/keras,Deep Learning,22758,2026-04-23,2026-05-05,12,"stat:awaiting response from contributor,kokoro:force-run,ready to pull,size:XL,Gemma"
keras-team/keras,Deep Learning,22756,2026-04-22,2026-04-23,0,size:XS
keras-team/keras,Deep Learning,22755,2026-04-22,2026-04-30,8,"ready to pull,size:M"
keras-team/keras,Deep Learning,22754,2026-04-22,2026-04-23,1,"stat:awaiting keras-eng,kokoro:force-run,ready to pull,size:M"
keras-team/keras,Deep Learning,22753,2026-04-22,2026-04-23,1,"stat:awaiting response from contributor,size:XS"
keras-team/keras,Deep Learning,22752,2026-04-22,2026-04-22,0,size:S
keras-team/keras,Deep Learning,22751,2026-04-22,2026-04-24,1,"stat:awaiting keras-eng,kokoro:force-run,ready to pull,size:XS"
keras-team/keras,Deep Learning,22750,2026-04-22,2026-04-24,1,"stat:awaiting keras-eng,kokoro:force-run,ready to pull,size:XS"
keras-team/keras,Deep Learning,22748,2026-04-22,2026-04-23,1,"kokoro:force-run,ready to pull,size:S"
keras-team/keras,Deep Learning,22747,2026-04-21,2026-04-24,3,"kokoro:force-run,ready to pull,size:S"
keras-team/keras,Deep Learning,22746,2026-04-21,2026-04-21,0,"kokoro:force-run,ready to pull,size:L"
keras-team/keras,Deep Learning,22744,2026-04-21,2026-04-24,2,"stat:awaiting keras-eng,size:M"
keras-team/keras,Deep Learning,22743,2026-04-21,2026-04-28,6,"stat:awaiting response from contributor,size:M"
keras-team/keras,Deep Learning,22742,2026-04-21,2026-04-23,2,"stat:awaiting keras-eng,size:S"
keras-team/keras,Deep Learning,22740,2026-04-21,2026-04-23,2,"stat:awaiting response from contributor,kokoro:force-run,ready to pull,size:S"
keras-team/keras,Deep Learning,22739,2026-04-21,2026-04-22,0,"kokoro:force-run,ready to pull,size:S,Gemma"
keras-team/keras,Deep Learning,22738,2026-04-21,2026-04-28,7,"kokoro:force-run,ready to pull,size:S"
keras-team/keras,Deep Learning,22737,2026-04-21,2026-04-24,3,"ready to pull,size:M"
keras-team/keras,Deep Learning,22735,2026-04-20,2026-04-21,0,"kokoro:force-run,ready to pull,size:S"
keras-team/keras,Deep Learning,22734,2026-04-20,2026-04-25,5,"kokoro:force-run,ready to pull,size:XS"
keras-team/keras,Deep Learning,22732,2026-04-20,2026-04-21,0,size:S
keras-team/keras,Deep Learning,22730,2026-04-20,2026-04-21,1,"kokoro:force-run,ready to pull,size:S"
keras-team/keras,Deep Learning,22729,2026-04-19,2026-04-28,8,"kokoro:force-run,ready to pull,size:M"
keras-team/keras,Deep Learning,22728,2026-04-19,2026-04-24,4,"stat:awaiting keras-eng,kokoro:force-run,ready to pull,size:S"
keras-team/keras,Deep Learning,22727,2026-04-19,2026-04-24,5,"stat:awaiting response from contributor,size:XS"
keras-team/keras,Deep Learning,22726,2026-04-19,2026-04-23,4,"stat:awaiting response from contributor,size:S"
keras-team/keras,Deep Learning,22725,2026-04-19,2026-04-28,8,size:M
keras-team/keras,Deep Learning,22724,2026-04-19,2026-04-20,1,"stat:awaiting response from contributor,size:M"
keras-team/keras,Deep Learning,22723,2026-04-19,2026-04-24,5,size:S
keras-team/keras,Deep Learning,22722,2026-04-19,2026-04-23,4,"stat:awaiting response from contributor,size:S"
keras-team/keras,Deep Learning,22721,2026-04-19,2026-04-19,0,size:S
keras-team/keras,Deep Learning,22720,2026-04-19,2026-04-24,5,"stat:contributions welcome,Good first issue,type:Bug,backend:tensorflow,python,layers"
fastai/fastai,Deep Learning,4144,2026-02-26,2026-02-26,0,
fastai/fastai,Deep Learning,4142,2026-02-10,2026-02-14,3,
fastai/fastai,Deep Learning,4140,2026-01-12,2026-02-14,32,
fastai/fastai,Deep Learning,4139,2026-01-07,2026-02-14,37,
fastai/fastai,Deep Learning,4138,2025-12-30,2025-12-30,0,
fastai/fastai,Deep Learning,4137,2025-12-15,2025-12-30,15,"dependencies,github_actions"
fastai/fastai,Deep Learning,4133,2025-11-24,2025-12-30,36,"dependencies,github_actions"
fastai/fastai,Deep Learning,4131,2025-10-24,2025-10-26,2,
fastai/fastai,Deep Learning,4129,2025-10-21,2025-10-26,5,
fastai/fastai,Deep Learning,4125,2025-09-08,2025-12-30,113,"dependencies,github_actions"
fastai/fastai,Deep Learning,4124,2025-08-31,2025-08-31,0,bug
fastai/fastai,Deep Learning,4121,2025-08-20,2025-08-21,0,bug
fastai/fastai,Deep Learning,4120,2025-08-19,2025-08-19,0,bug
fastai/fastai,Deep Learning,4119,2025-08-18,2025-08-18,0,bug
fastai/fastai,Deep Learning,4118,2025-08-18,2025-08-18,0,bug
fastai/fastai,Deep Learning,4117,2025-08-18,2025-08-18,0,"dependencies,github_actions"
fastai/fastai,Deep Learning,4116,2025-08-07,2025-08-07,0,enhancement
fastai/fastai,Deep Learning,4114,2025-07-29,2025-08-07,8,
fastai/fastai,Deep Learning,4112,2025-07-29,2025-08-18,20,
fastai/fastai,Deep Learning,4108,2025-07-11,2026-02-14,217,
fastai/fastai,Deep Learning,4101,2025-06-08,2025-06-08,0,
fastai/fastai,Deep Learning,4100,2025-06-07,2025-06-08,1,
fastai/fastai,Deep Learning,4099,2025-06-06,2025-08-18,73,
fastai/fastai,Deep Learning,4098,2025-06-03,2025-06-05,2,bug
fastai/fastai,Deep Learning,4097,2025-05-30,2025-05-30,0,
fastai/fastai,Deep Learning,4095,2025-05-23,2025-05-23,0,enhancement
fastai/fastai,Deep Learning,4091,2025-04-08,2025-04-08,0,
fastai/fastai,Deep Learning,4088,2025-04-01,2025-04-01,0,
fastai/fastai,Deep Learning,4087,2025-03-26,2025-03-29,2,
fastai/fastai,Deep Learning,4083,2025-03-25,2025-03-29,4,
fastai/fastai,Deep Learning,4082,2025-03-23,2025-03-25,1,
fastai/fastai,Deep Learning,4080,2025-03-20,2025-03-20,0,
fastai/fastai,Deep Learning,4078,2025-03-12,2025-03-12,0,enhancement
fastai/fastai,Deep Learning,4077,2025-03-10,2025-03-12,1,
fastai/fastai,Deep Learning,4074,2025-03-03,2025-03-18,14,enhancement
fastai/fastai,Deep Learning,4073,2025-02-26,2025-02-28,2,
fastai/fastai,Deep Learning,4072,2025-02-26,2025-02-28,2,
fastai/fastai,Deep Learning,4068,2025-02-04,2025-03-29,53,
fastai/fastai,Deep Learning,4065,2025-01-27,2025-01-27,0,
fastai/fastai,Deep Learning,4058,2024-12-19,2025-03-12,83,
fastai/fastai,Deep Learning,4054,2024-11-21,2024-11-30,8,
fastai/fastai,Deep Learning,4049,2024-09-11,2024-09-19,8,
fastai/fastai,Deep Learning,4048,2024-09-07,2024-09-07,0,
fastai/fastai,Deep Learning,4047,2024-09-05,2024-10-19,43,
fastai/fastai,Deep Learning,4044,2024-08-25,2024-08-25,0,enhancement
fastai/fastai,Deep Learning,4040,2024-07-29,2024-07-29,0,enhancement
fastai/fastai,Deep Learning,4038,2024-06-29,2024-06-29,0,
fastai/fastai,Deep Learning,4036,2024-06-28,2024-12-17,172,
fastai/fastai,Deep Learning,4034,2024-06-24,2024-07-30,36,enhancement
fastai/fastai,Deep Learning,4032,2024-05-13,2024-05-16,3,
fastai/fastai,Deep Learning,4030,2024-04-25,2024-04-25,0,
fastai/fastai,Deep Learning,4029,2024-04-25,2024-04-25,0,
fastai/fastai,Deep Learning,4026,2024-04-24,2024-04-27,2,enhancement
fastai/fastai,Deep Learning,4025,2024-04-23,2024-04-23,0,
fastai/fastai,Deep Learning,4024,2024-04-15,2024-04-17,2,
fastai/fastai,Deep Learning,4023,2024-04-15,2024-04-15,0,
fastai/fastai,Deep Learning,4022,2024-04-15,2024-04-15,0,
fastai/fastai,Deep Learning,4014,2024-03-07,2024-11-13,250,
fastai/fastai,Deep Learning,4009,2024-02-27,2025-08-21,540,
fastai/fastai,Deep Learning,4004,2024-01-31,2024-01-31,0,
fastai/fastai,Deep Learning,4003,2024-01-25,2024-02-02,8,
fastai/fastai,Deep Learning,4002,2024-01-22,2024-10-19,271,dependencies
fastai/fastai,Deep Learning,4001,2024-01-21,2024-01-21,0,
fastai/fastai,Deep Learning,3995,2023-12-15,2024-03-04,79,
fastai/fastai,Deep Learning,3994,2023-12-15,2024-01-07,23,
fastai/fastai,Deep Learning,3993,2023-12-15,2023-12-15,0,
fastai/fastai,Deep Learning,3992,2023-12-11,2024-10-19,313,dependencies
fastai/fastai,Deep Learning,3990,2023-12-03,2024-03-02,89,
fastai/fastai,Deep Learning,3988,2023-12-02,2023-12-02,0,
fastai/fastai,Deep Learning,3985,2023-11-30,2023-12-03,3,
fastai/fastai,Deep Learning,3984,2023-11-30,2024-03-02,92,
fastai/fastai,Deep Learning,3983,2023-11-27,2023-12-02,4,
fastai/fastai,Deep Learning,3982,2023-11-27,2023-12-02,4,
fastai/fastai,Deep Learning,3981,2023-11-24,2024-01-07,43,
fastai/fastai,Deep Learning,3980,2023-11-22,2024-05-15,175,
fastai/fastai,Deep Learning,3976,2023-10-24,2023-10-26,1,
fastai/fastai,Deep Learning,3975,2023-10-22,2023-11-01,10,
fastai/fastai,Deep Learning,3973,2023-10-14,2023-10-14,0,bug
fastai/fastai,Deep Learning,3972,2023-10-13,2023-10-13,0,
fastai/fastai,Deep Learning,3971,2023-10-13,2023-10-13,0,
fastai/fastai,Deep Learning,3970,2023-10-13,2023-10-13,0,enhancement
fastai/fastai,Deep Learning,3969,2023-10-13,2023-10-14,1,enhancement
fastai/fastai,Deep Learning,3967,2023-10-10,2023-10-13,3,
fastai/fastai,Deep Learning,3966,2023-10-08,2023-10-08,0,
fastai/fastai,Deep Learning,3965,2023-09-28,2023-10-15,16,
fastai/fastai,Deep Learning,3964,2023-09-26,2024-02-29,156,enhancement
fastai/fastai,Deep Learning,3963,2023-09-26,2025-05-16,597,
fastai/fastai,Deep Learning,3960,2023-09-18,2023-09-18,0,
fastai/fastai,Deep Learning,3958,2023-09-11,2023-10-15,34,dependencies
fastai/fastai,Deep Learning,3955,2023-09-02,2023-10-15,42,
fastai/fastai,Deep Learning,3951,2023-08-31,2023-09-15,14,enhancement
fastai/fastai,Deep Learning,3948,2023-08-28,2023-09-05,8,bug
fastai/fastai,Deep Learning,3944,2023-08-17,2023-08-22,4,enhancement
fastai/fastai,Deep Learning,3943,2023-08-17,2023-09-06,19,
fastai/fastai,Deep Learning,3942,2023-08-17,2023-08-17,0,enhancement
fastai/fastai,Deep Learning,3937,2023-08-07,2023-08-22,14,bug
fastai/fastai,Deep Learning,3936,2023-08-07,2023-08-17,9,
fastai/fastai,Deep Learning,3934,2023-08-05,2023-08-06,0,bug
fastai/fastai,Deep Learning,3933,2023-08-03,2025-12-16,866,
fastai/fastai,Deep Learning,3932,2023-07-28,2023-07-28,0,
pytorch/examples,Deep Learning,1418,2026-04-03,2026-04-15,12,
pytorch/examples,Deep Learning,1414,2026-03-25,2026-03-25,0,cla signed
pytorch/examples,Deep Learning,1413,2026-03-25,2026-03-25,0,cla signed
pytorch/examples,Deep Learning,1410,2025-12-30,2026-01-02,2,cla signed
pytorch/examples,Deep Learning,1409,2025-12-21,2026-01-02,12,
pytorch/examples,Deep Learning,1408,2025-12-17,2026-04-14,117,cla signed
pytorch/examples,Deep Learning,1407,2025-12-15,2026-04-14,119,cla signed
pytorch/examples,Deep Learning,1394,2025-09-15,2025-09-15,0,
pytorch/examples,Deep Learning,1387,2025-08-25,2025-08-25,0,cla signed
pytorch/examples,Deep Learning,1386,2025-08-25,2025-08-25,0,cla signed
pytorch/examples,Deep Learning,1385,2025-08-25,2025-08-25,0,cla signed
pytorch/examples,Deep Learning,1384,2025-08-23,2025-08-23,0,cla signed
pytorch/examples,Deep Learning,1383,2025-08-23,2025-08-23,0,cla signed
pytorch/examples,Deep Learning,1382,2025-08-23,2025-08-25,2,"cla signed,dependencies,python"
pytorch/examples,Deep Learning,1381,2025-08-21,2025-08-23,1,cla signed
pytorch/examples,Deep Learning,1380,2025-08-19,2025-08-23,4,cla signed
pytorch/examples,Deep Learning,1379,2025-08-06,2025-08-25,19,"cla signed,dependencies,python"
pytorch/examples,Deep Learning,1378,2025-08-01,2025-08-13,12,
pytorch/examples,Deep Learning,1376,2025-07-21,2025-09-10,50,cla signed
pytorch/examples,Deep Learning,1375,2025-07-21,2025-08-06,15,cla signed
pytorch/examples,Deep Learning,1374,2025-07-21,2025-07-21,0,cla signed
pytorch/examples,Deep Learning,1373,2025-07-16,2025-07-16,0,cla signed
pytorch/examples,Deep Learning,1372,2025-07-15,2025-07-16,0,cla signed
pytorch/examples,Deep Learning,1371,2025-07-14,2025-07-27,13,cla signed
pytorch/examples,Deep Learning,1370,2025-07-11,2025-07-14,2,cla signed
pytorch/examples,Deep Learning,1369,2025-07-10,2025-07-14,3,cla signed
pytorch/examples,Deep Learning,1368,2025-07-09,2025-07-10,0,cla signed
pytorch/examples,Deep Learning,1367,2025-07-08,2025-07-10,1,cla signed
pytorch/examples,Deep Learning,1366,2025-07-08,2025-07-08,0,cla signed
pytorch/examples,Deep Learning,1365,2025-07-08,2025-07-10,1,cla signed
pytorch/examples,Deep Learning,1364,2025-07-08,2025-07-14,5,cla signed
pytorch/examples,Deep Learning,1363,2025-07-06,2025-07-07,0,cla signed
pytorch/examples,Deep Learning,1361,2025-06-30,2025-06-30,0,cla signed
pytorch/examples,Deep Learning,1360,2025-06-25,2025-06-25,0,cla signed
pytorch/examples,Deep Learning,1359,2025-06-25,2025-06-25,0,cla signed
pytorch/examples,Deep Learning,1358,2025-06-18,2025-06-24,5,cla signed
pytorch/examples,Deep Learning,1357,2025-06-15,2025-06-15,0,cla signed
pytorch/examples,Deep Learning,1356,2025-06-14,2025-06-16,1,cla signed
pytorch/examples,Deep Learning,1355,2025-06-14,2025-06-16,2,
pytorch/examples,Deep Learning,1354,2025-06-11,2025-07-10,28,cla signed
pytorch/examples,Deep Learning,1350,2025-05-21,2025-06-14,23,cla signed
pytorch/examples,Deep Learning,1349,2025-05-19,2025-06-17,28,cla signed
pytorch/examples,Deep Learning,1348,2025-05-19,2025-06-17,28,cla signed
pytorch/examples,Deep Learning,1347,2025-05-16,2025-05-18,1,cla signed
pytorch/examples,Deep Learning,1346,2025-05-16,2025-08-23,98,cla signed
pytorch/examples,Deep Learning,1345,2025-05-15,2025-08-13,89,cla signed
pytorch/examples,Deep Learning,1344,2025-05-12,2025-05-13,1,cla signed
pytorch/examples,Deep Learning,1343,2025-05-08,2025-05-09,0,cla signed
pytorch/examples,Deep Learning,1342,2025-05-06,2025-06-15,40,cla signed
pytorch/examples,Deep Learning,1340,2025-05-06,2025-05-06,0,cla signed
pytorch/examples,Deep Learning,1339,2025-05-06,2025-05-09,2,cla signed
pytorch/examples,Deep Learning,1338,2025-05-01,2025-05-02,0,cla signed
pytorch/examples,Deep Learning,1337,2025-05-01,2025-05-02,0,cla signed
pytorch/examples,Deep Learning,1336,2025-04-30,2025-05-13,13,cla signed
pytorch/examples,Deep Learning,1335,2025-04-29,2025-04-30,0,cla signed
pytorch/examples,Deep Learning,1334,2025-04-29,2025-04-30,0,cla signed
pytorch/examples,Deep Learning,1333,2025-04-29,2025-04-29,0,cla signed
pytorch/examples,Deep Learning,1332,2025-04-29,2025-07-03,64,cla signed
pytorch/examples,Deep Learning,1330,2025-04-26,2025-04-26,0,cla signed
pytorch/examples,Deep Learning,1328,2025-04-19,2025-08-23,125,cla signed
pytorch/examples,Deep Learning,1327,2025-04-18,2025-04-28,10,cla signed
pytorch/examples,Deep Learning,1326,2025-04-15,2025-05-04,18,cla signed
pytorch/examples,Deep Learning,1324,2025-04-06,2025-05-01,24,cla signed
pytorch/examples,Deep Learning,1323,2025-03-24,2025-05-02,38,cla signed
pytorch/examples,Deep Learning,1322,2025-03-19,2025-06-13,86,cla signed
pytorch/examples,Deep Learning,1321,2025-03-10,2025-03-12,1,
pytorch/examples,Deep Learning,1320,2025-03-04,2025-04-29,55,cla signed
pytorch/examples,Deep Learning,1318,2025-02-27,2025-04-18,50,cla signed
pytorch/examples,Deep Learning,1317,2025-02-27,2025-06-13,106,cla signed
pytorch/examples,Deep Learning,1316,2025-02-24,2025-04-30,64,cla signed
pytorch/examples,Deep Learning,1315,2025-02-24,2025-04-29,64,cla signed
pytorch/examples,Deep Learning,1314,2025-02-19,2025-02-20,1,
pytorch/examples,Deep Learning,1312,2025-02-14,2025-06-16,122,cla signed
pytorch/examples,Deep Learning,1311,2025-01-29,2025-06-16,137,cla signed
pytorch/examples,Deep Learning,1309,2025-01-14,2025-01-14,0,
pytorch/examples,Deep Learning,1306,2025-01-08,2025-01-08,0,
pytorch/examples,Deep Learning,1304,2024-12-31,2025-07-14,194,cla signed
pytorch/examples,Deep Learning,1303,2024-12-06,2024-12-17,11,cla signed
pytorch/examples,Deep Learning,1299,2024-11-05,2024-11-05,0,cla signed
pytorch/examples,Deep Learning,1297,2024-10-31,2024-11-08,8,cla signed
pytorch/examples,Deep Learning,1296,2024-10-24,2025-08-26,305,cla signed
pytorch/examples,Deep Learning,1294,2024-10-17,2025-08-23,310,cla signed
pytorch/examples,Deep Learning,1288,2024-09-23,2025-08-13,324,cla signed
pytorch/examples,Deep Learning,1287,2024-09-19,2024-09-19,0,cla signed
pytorch/examples,Deep Learning,1286,2024-09-17,2024-09-19,2,cla signed
pytorch/examples,Deep Learning,1285,2024-09-13,2024-09-17,3,cla signed
pytorch/examples,Deep Learning,1284,2024-09-03,2024-09-03,0,
pytorch/examples,Deep Learning,1282,2024-08-22,2024-08-27,4,cla signed
pytorch/examples,Deep Learning,1281,2024-08-20,2025-08-23,367,cla signed
pytorch/examples,Deep Learning,1280,2024-07-25,2025-07-14,354,"cla signed,dependencies"
pytorch/examples,Deep Learning,1278,2024-07-23,2024-07-24,0,
pytorch/examples,Deep Learning,1277,2024-07-20,2024-07-20,0,
pytorch/examples,Deep Learning,1275,2024-07-04,2024-07-04,0,
pytorch/examples,Deep Learning,1274,2024-07-04,2024-07-04,0,
pytorch/examples,Deep Learning,1273,2024-06-29,2024-06-29,0,cla signed
pytorch/examples,Deep Learning,1272,2024-06-26,2025-02-09,228,cla signed
pytorch/examples,Deep Learning,1271,2024-06-23,2024-06-24,0,
pytorch/examples,Deep Learning,1269,2024-06-08,2024-06-08,0,cla signed
pytorch/examples,Deep Learning,1268,2024-06-08,2024-06-08,0,cla signed
pytorch/examples,Deep Learning,1267,2024-06-03,2024-06-03,0,
Lightning-AI/pytorch-lightning,Deep Learning,21697,2026-05-01,2026-05-05,3,feature
Lightning-AI/pytorch-lightning,Deep Learning,21694,2026-04-30,2026-04-30,0,"bug,needs triage,ver: 2.5.x"
Lightning-AI/pytorch-lightning,Deep Learning,21693,2026-04-30,2026-04-30,0,"bug,needs triage,ver: 2.7.x"
Lightning-AI/pytorch-lightning,Deep Learning,21692,2026-04-30,2026-04-30,0,"bug,needs triage,ver: 2.6.x"
Lightning-AI/pytorch-lightning,Deep Learning,21690,2026-04-30,2026-04-30,0,"bug,needs triage,ver: 2.6.x"
Lightning-AI/pytorch-lightning,Deep Learning,21689,2026-04-30,2026-04-30,0,"bug,needs triage,ver: 2.6.x"
Lightning-AI/pytorch-lightning,Deep Learning,21678,2026-04-20,2026-04-20,0,ci
Lightning-AI/pytorch-lightning,Deep Learning,21670,2026-04-19,2026-04-28,8,ci
Lightning-AI/pytorch-lightning,Deep Learning,21668,2026-04-18,2026-04-21,3,pl
Lightning-AI/pytorch-lightning,Deep Learning,21667,2026-04-18,2026-04-21,3,
Lightning-AI/pytorch-lightning,Deep Learning,21659,2026-04-13,2026-04-17,4,pl
Lightning-AI/pytorch-lightning,Deep Learning,21658,2026-04-13,2026-04-13,0,ci
Lightning-AI/pytorch-lightning,Deep Learning,21657,2026-04-12,2026-04-22,10,pl
Lightning-AI/pytorch-lightning,Deep Learning,21653,2026-04-06,2026-04-13,6,
Lightning-AI/pytorch-lightning,Deep Learning,21650,2026-04-06,2026-04-13,7,"ci,fabric,pl,dependencies"
Lightning-AI/pytorch-lightning,Deep Learning,21647,2026-04-06,2026-04-13,7,"ci,pl,dependencies"
Lightning-AI/pytorch-lightning,Deep Learning,21646,2026-04-06,2026-04-13,7,"docs,ci,pl,dependencies"
Lightning-AI/pytorch-lightning,Deep Learning,21645,2026-04-06,2026-04-13,7,"ci,fabric,pl,dependencies"
Lightning-AI/pytorch-lightning,Deep Learning,21644,2026-04-06,2026-04-13,7,"ci,pl,dependencies"
Lightning-AI/pytorch-lightning,Deep Learning,21643,2026-04-06,2026-04-13,7,"docs,ci,dependencies"
Lightning-AI/pytorch-lightning,Deep Learning,21642,2026-04-06,2026-04-13,7,"ci,fabric,pl,dependencies"
Lightning-AI/pytorch-lightning,Deep Learning,21632,2026-03-31,2026-04-01,0,pl
Lightning-AI/pytorch-lightning,Deep Learning,21628,2026-03-30,2026-03-30,0,"docs,pl"
Lightning-AI/pytorch-lightning,Deep Learning,21627,2026-03-30,2026-03-30,0,"ci,fabric,pl,dependencies"
Lightning-AI/pytorch-lightning,Deep Learning,21626,2026-03-30,2026-03-30,0,"docs,ci,pl,dependencies"
Lightning-AI/pytorch-lightning,Deep Learning,21625,2026-03-30,2026-03-30,0,ci
Lightning-AI/pytorch-lightning,Deep Learning,21624,2026-03-30,2026-03-30,0,"ci,dependencies"
Lightning-AI/pytorch-lightning,Deep Learning,21623,2026-03-28,2026-03-30,1,pl
Lightning-AI/pytorch-lightning,Deep Learning,21621,2026-03-28,2026-03-30,2,pl
Lightning-AI/pytorch-lightning,Deep Learning,21620,2026-03-27,2026-03-30,2,
Lightning-AI/pytorch-lightning,Deep Learning,21618,2026-03-27,2026-04-01,5,fabric
Lightning-AI/pytorch-lightning,Deep Learning,21616,2026-03-26,2026-04-01,5,pl
Lightning-AI/pytorch-lightning,Deep Learning,21613,2026-03-26,2026-04-13,18,"fabric,pl"
Lightning-AI/pytorch-lightning,Deep Learning,21612,2026-03-25,2026-04-01,7,pl
Lightning-AI/pytorch-lightning,Deep Learning,21611,2026-03-24,2026-04-01,7,"bug,precision: amp,ver: 2.5.x,ver: 2.6.x"
Lightning-AI/pytorch-lightning,Deep Learning,21607,2026-03-23,2026-03-30,7,"ci,pl,dependencies"
Lightning-AI/pytorch-lightning,Deep Learning,21606,2026-03-23,2026-03-30,7,"ci,fabric,pl,dependencies"
Lightning-AI/pytorch-lightning,Deep Learning,21605,2026-03-23,2026-03-23,0,"ci,pl,dependencies"
Lightning-AI/pytorch-lightning,Deep Learning,21604,2026-03-23,2026-03-30,7,"ci,dependencies"
Lightning-AI/pytorch-lightning,Deep Learning,21603,2026-03-23,2026-03-30,7,"ci,fabric,pl,dependencies"
Lightning-AI/pytorch-lightning,Deep Learning,21602,2026-03-23,2026-03-30,7,"docs,ci,pl,dependencies"
Lightning-AI/pytorch-lightning,Deep Learning,21601,2026-03-23,2026-03-23,0,"docs,ci,pl,dependencies"
Lightning-AI/pytorch-lightning,Deep Learning,21600,2026-03-23,2026-03-30,7,"ci,pl,dependencies"
Lightning-AI/pytorch-lightning,Deep Learning,21599,2026-03-23,2026-03-30,7,"ci,fabric,pl,dependencies"
Lightning-AI/pytorch-lightning,Deep Learning,21598,2026-03-22,2026-03-30,7,ci
Lightning-AI/pytorch-lightning,Deep Learning,21597,2026-03-22,2026-03-30,7,ci
Lightning-AI/pytorch-lightning,Deep Learning,21595,2026-03-20,2026-03-21,1,fabric
Lightning-AI/pytorch-lightning,Deep Learning,21594,2026-03-19,2026-05-05,47,ci
Lightning-AI/pytorch-lightning,Deep Learning,21593,2026-03-19,2026-03-19,0,"checkpointing,tests,pl"
Lightning-AI/pytorch-lightning,Deep Learning,21592,2026-03-19,2026-03-19,0,"fabric,pl,package"
Lightning-AI/pytorch-lightning,Deep Learning,21591,2026-03-19,2026-03-19,0,"pl,dependencies"
Lightning-AI/pytorch-lightning,Deep Learning,21590,2026-03-18,2026-04-01,13,"feature,needs triage"
Lightning-AI/pytorch-lightning,Deep Learning,21587,2026-03-17,2026-03-17,0,
Lightning-AI/pytorch-lightning,Deep Learning,21586,2026-03-17,2026-03-17,0,"fabric,pl"
Lightning-AI/pytorch-lightning,Deep Learning,21585,2026-03-16,2026-03-17,0,docs
Lightning-AI/pytorch-lightning,Deep Learning,21584,2026-03-13,2026-03-13,0,"docs,fabric,pl,dependencies"
Lightning-AI/pytorch-lightning,Deep Learning,21581,2026-03-11,2026-03-17,5,"fabric,pl"
Lightning-AI/pytorch-lightning,Deep Learning,21580,2026-03-11,2026-03-17,5,"bug,strategy: fsdp,ver: 2.5.x"
Lightning-AI/pytorch-lightning,Deep Learning,21576,2026-03-09,2026-03-09,0,"bug,needs triage,ver: 2.5.x"
Lightning-AI/pytorch-lightning,Deep Learning,21575,2026-03-09,2026-03-09,0,"ci,pl,dependencies"
Lightning-AI/pytorch-lightning,Deep Learning,21572,2026-03-09,2026-03-19,9,"docs,ci,pl,dependencies,package"
Lightning-AI/pytorch-lightning,Deep Learning,21571,2026-03-09,2026-03-17,8,"ci,pl,dependencies"
Lightning-AI/pytorch-lightning,Deep Learning,21570,2026-03-06,2026-03-06,0,ci
Lightning-AI/pytorch-lightning,Deep Learning,21565,2026-03-02,2026-03-04,1,"docs,pl"
Lightning-AI/pytorch-lightning,Deep Learning,21564,2026-03-02,2026-03-04,2,ci
Lightning-AI/pytorch-lightning,Deep Learning,21563,2026-03-02,2026-03-02,0,"docs,ci"
Lightning-AI/pytorch-lightning,Deep Learning,21562,2026-03-02,2026-03-02,0,"docs,ci,package"
Lightning-AI/pytorch-lightning,Deep Learning,21561,2026-03-01,2026-03-03,2,"bug,distributed,strategy: ddp,ver: 2.5.x"
Lightning-AI/pytorch-lightning,Deep Learning,21560,2026-02-28,2026-03-06,5,"ready to be merged,pl"
Lightning-AI/pytorch-lightning,Deep Learning,21559,2026-02-27,2026-03-06,7,"ready to be merged,docs,pl"
Lightning-AI/pytorch-lightning,Deep Learning,21558,2026-02-27,2026-02-28,1,ci
Lightning-AI/pytorch-lightning,Deep Learning,21556,2026-02-27,2026-03-17,18,"bug,distributed,strategy: fsdp,ver: 2.5.x"
Lightning-AI/pytorch-lightning,Deep Learning,21553,2026-02-26,2026-03-06,8,"bug,good first issue,trainer,trainer: validate,ver: 2.5.x"
Lightning-AI/pytorch-lightning,Deep Learning,21551,2026-02-25,2026-02-25,0,pl
Lightning-AI/pytorch-lightning,Deep Learning,21545,2026-02-23,2026-03-20,25,pl
Lightning-AI/pytorch-lightning,Deep Learning,21541,2026-02-16,2026-03-17,29,ci
Lightning-AI/pytorch-lightning,Deep Learning,21540,2026-02-16,2026-03-17,29,ci
Lightning-AI/pytorch-lightning,Deep Learning,21538,2026-02-15,2026-02-16,0,"ci,fabric,pl,dependencies,package"
Lightning-AI/pytorch-lightning,Deep Learning,21533,2026-02-10,2026-02-17,6,"docs,ci,fabric,pl,dependencies,package"
Lightning-AI/pytorch-lightning,Deep Learning,21532,2026-02-10,2026-02-17,6,"docs,has conflicts,fabric,pl,dependencies,package"
Lightning-AI/pytorch-lightning,Deep Learning,21528,2026-02-04,2026-03-03,27,"docs,fabric,pl"
Lightning-AI/pytorch-lightning,Deep Learning,21525,2026-02-02,2026-02-03,0,pl
Lightning-AI/pytorch-lightning,Deep Learning,21524,2026-02-02,2026-02-02,0,"bug,needs triage,ver: 2.5.x"
Lightning-AI/pytorch-lightning,Deep Learning,21522,2026-02-02,2026-03-17,43,"docs,ci,dependencies"
Lightning-AI/pytorch-lightning,Deep Learning,21520,2026-01-30,2026-01-30,0,"checkpointing,tests,pl"
Lightning-AI/pytorch-lightning,Deep Learning,21519,2026-01-30,2026-01-30,0,"fabric,pl"
Lightning-AI/pytorch-lightning,Deep Learning,21518,2026-01-30,2026-01-30,0,"docs,ci,release,fabric,pl,dependencies,package"
Lightning-AI/pytorch-lightning,Deep Learning,21517,2026-01-30,2026-01-30,0,"pl,dependencies"
Lightning-AI/pytorch-lightning,Deep Learning,21516,2026-01-30,2026-01-30,0,"fabric,pl,package"
Lightning-AI/pytorch-lightning,Deep Learning,21512,2026-01-26,2026-01-28,2,"ci,dependencies"
Lightning-AI/pytorch-lightning,Deep Learning,21511,2026-01-26,2026-01-28,2,"ci,fabric,pl,dependencies"
Lightning-AI/pytorch-lightning,Deep Learning,21510,2026-01-26,2026-03-17,50,"ci,dependencies"
Lightning-AI/pytorch-lightning,Deep Learning,21509,2026-01-26,2026-03-17,50,"ci,pl,dependencies"
Lightning-AI/pytorch-lightning,Deep Learning,21508,2026-01-26,2026-03-17,50,"ci,fabric,pl,dependencies"
Lightning-AI/pytorch-lightning,Deep Learning,21506,2026-01-25,2026-03-25,58,"has conflicts,pl"
Lightning-AI/pytorch-lightning,Deep Learning,21505,2026-01-24,2026-01-27,3,package
Lightning-AI/pytorch-lightning,Deep Learning,21502,2026-01-23,2026-01-28,4,package
Lightning-AI/pytorch-lightning,Deep Learning,21501,2026-01-21,2026-03-17,54,"ci,fabric,pl"
Lightning-AI/pytorch-lightning,Deep Learning,21499,2026-01-19,2026-03-21,61,refactor
Lightning-AI/pytorch-lightning,Deep Learning,21498,2026-01-19,2026-03-05,45,"docs,ci,dependencies"
tensorflow/tensorflow,Deep Learning,117764,2026-05-06,2026-05-06,0,
tensorflow/tensorflow,Deep Learning,117763,2026-05-06,2026-05-06,0,
tensorflow/tensorflow,Deep Learning,117762,2026-05-06,2026-05-06,0,
tensorflow/tensorflow,Deep Learning,117759,2026-05-06,2026-05-06,0,
tensorflow/tensorflow,Deep Learning,117758,2026-05-06,2026-05-06,0,
tensorflow/tensorflow,Deep Learning,117755,2026-05-06,2026-05-06,0,
tensorflow/tensorflow,Deep Learning,117753,2026-05-06,2026-05-06,0,
tensorflow/tensorflow,Deep Learning,117747,2026-05-06,2026-05-06,0,
tensorflow/tensorflow,Deep Learning,117744,2026-05-06,2026-05-06,0,
tensorflow/tensorflow,Deep Learning,117742,2026-05-06,2026-05-06,0,
tensorflow/tensorflow,Deep Learning,117734,2026-05-06,2026-05-06,0,
tensorflow/tensorflow,Deep Learning,117730,2026-05-06,2026-05-07,0,
tensorflow/tensorflow,Deep Learning,117728,2026-05-06,2026-05-06,0,
tensorflow/tensorflow,Deep Learning,117727,2026-05-06,2026-05-06,0,
tensorflow/tensorflow,Deep Learning,117726,2026-05-06,2026-05-06,0,
tensorflow/tensorflow,Deep Learning,117725,2026-05-06,2026-05-06,0,
tensorflow/tensorflow,Deep Learning,117722,2026-05-06,2026-05-06,0,
tensorflow/tensorflow,Deep Learning,117706,2026-05-05,2026-05-05,0,
tensorflow/tensorflow,Deep Learning,117701,2026-05-05,2026-05-06,0,
tensorflow/tensorflow,Deep Learning,117699,2026-05-05,2026-05-05,0,
tensorflow/tensorflow,Deep Learning,117695,2026-05-05,2026-05-05,0,
tensorflow/tensorflow,Deep Learning,117693,2026-05-05,2026-05-05,0,
tensorflow/tensorflow,Deep Learning,117691,2026-05-05,2026-05-06,0,
tensorflow/tensorflow,Deep Learning,117690,2026-05-05,2026-05-05,0,
tensorflow/tensorflow,Deep Learning,117682,2026-05-05,2026-05-06,0,
tensorflow/tensorflow,Deep Learning,117681,2026-05-05,2026-05-06,0,
tensorflow/tensorflow,Deep Learning,117680,2026-05-05,2026-05-05,0,
tensorflow/tensorflow,Deep Learning,117678,2026-05-05,2026-05-05,0,
tensorflow/tensorflow,Deep Learning,117673,2026-05-05,2026-05-06,0,
tensorflow/tensorflow,Deep Learning,117668,2026-05-05,2026-05-06,0,
tensorflow/tensorflow,Deep Learning,117667,2026-05-05,2026-05-05,0,
tensorflow/tensorflow,Deep Learning,117666,2026-05-05,2026-05-05,0,
tensorflow/tensorflow,Deep Learning,117665,2026-05-05,2026-05-06,0,
tensorflow/tensorflow,Deep Learning,117664,2026-05-05,2026-05-05,0,
tensorflow/tensorflow,Deep Learning,117661,2026-05-05,2026-05-05,0,
tensorflow/tensorflow,Deep Learning,117656,2026-05-05,2026-05-06,0,
tensorflow/tensorflow,Deep Learning,117655,2026-05-05,2026-05-06,0,
tensorflow/tensorflow,Deep Learning,117652,2026-05-05,2026-05-05,0,
tensorflow/tensorflow,Deep Learning,117641,2026-05-05,2026-05-05,0,
tensorflow/tensorflow,Deep Learning,117640,2026-05-05,2026-05-05,0,type:bug
tensorflow/tensorflow,Deep Learning,117637,2026-05-05,2026-05-06,1,
tensorflow/tensorflow,Deep Learning,117635,2026-05-04,2026-05-05,0,
tensorflow/tensorflow,Deep Learning,117634,2026-05-04,2026-05-05,1,
tensorflow/tensorflow,Deep Learning,117632,2026-05-04,2026-05-04,0,
tensorflow/tensorflow,Deep Learning,117630,2026-05-04,2026-05-05,1,
tensorflow/tensorflow,Deep Learning,117629,2026-05-04,2026-05-05,0,
tensorflow/tensorflow,Deep Learning,117628,2026-05-04,2026-05-05,0,
tensorflow/tensorflow,Deep Learning,117626,2026-05-04,2026-05-05,0,
tensorflow/tensorflow,Deep Learning,117625,2026-05-04,2026-05-06,1,
tensorflow/tensorflow,Deep Learning,117621,2026-05-04,2026-05-04,0,
tensorflow/tensorflow,Deep Learning,117619,2026-05-04,2026-05-06,1,
tensorflow/tensorflow,Deep Learning,117615,2026-05-04,2026-05-04,0,
tensorflow/tensorflow,Deep Learning,117614,2026-05-04,2026-05-05,0,
tensorflow/tensorflow,Deep Learning,117613,2026-05-04,2026-05-05,0,
tensorflow/tensorflow,Deep Learning,117612,2026-05-04,2026-05-06,1,
tensorflow/tensorflow,Deep Learning,117611,2026-05-04,2026-05-05,0,
tensorflow/tensorflow,Deep Learning,117610,2026-05-04,2026-05-04,0,
tensorflow/tensorflow,Deep Learning,117608,2026-05-04,2026-05-04,0,
tensorflow/tensorflow,Deep Learning,117605,2026-05-04,2026-05-05,1,
tensorflow/tensorflow,Deep Learning,117602,2026-05-04,2026-05-05,0,
tensorflow/tensorflow,Deep Learning,117601,2026-05-04,2026-05-05,0,
tensorflow/tensorflow,Deep Learning,117600,2026-05-04,2026-05-05,1,
tensorflow/tensorflow,Deep Learning,117599,2026-05-04,2026-05-05,1,
tensorflow/tensorflow,Deep Learning,117598,2026-05-04,2026-05-05,0,
tensorflow/tensorflow,Deep Learning,117597,2026-05-04,2026-05-05,0,
tensorflow/tensorflow,Deep Learning,117596,2026-05-04,2026-05-04,0,
tensorflow/tensorflow,Deep Learning,117595,2026-05-04,2026-05-05,0,
tensorflow/tensorflow,Deep Learning,117594,2026-05-04,2026-05-05,1,
tensorflow/tensorflow,Deep Learning,117592,2026-05-04,2026-05-05,0,
tensorflow/tensorflow,Deep Learning,117590,2026-05-04,2026-05-05,0,
tensorflow/tensorflow,Deep Learning,117589,2026-05-04,2026-05-05,1,
tensorflow/tensorflow,Deep Learning,117588,2026-05-04,2026-05-04,0,
tensorflow/tensorflow,Deep Learning,117587,2026-05-04,2026-05-04,0,
tensorflow/tensorflow,Deep Learning,117586,2026-05-04,2026-05-04,0,
tensorflow/tensorflow,Deep Learning,117585,2026-05-04,2026-05-04,0,
tensorflow/tensorflow,Deep Learning,117581,2026-05-04,2026-05-05,0,
tensorflow/tensorflow,Deep Learning,117580,2026-05-04,2026-05-05,1,
tensorflow/tensorflow,Deep Learning,117578,2026-05-04,2026-05-04,0,
tensorflow/tensorflow,Deep Learning,117576,2026-05-04,2026-05-05,1,
tensorflow/tensorflow,Deep Learning,117575,2026-05-04,2026-05-05,0,
tensorflow/tensorflow,Deep Learning,117573,2026-05-04,2026-05-05,0,
tensorflow/tensorflow,Deep Learning,117571,2026-05-04,2026-05-05,1,
tensorflow/tensorflow,Deep Learning,117567,2026-05-04,2026-05-05,1,
tensorflow/tensorflow,Deep Learning,117566,2026-05-04,2026-05-06,2,
tensorflow/tensorflow,Deep Learning,117563,2026-05-04,2026-05-05,0,
tensorflow/tensorflow,Deep Learning,117562,2026-05-04,2026-05-05,0,
tensorflow/tensorflow,Deep Learning,117560,2026-05-04,2026-05-06,2,
tensorflow/tensorflow,Deep Learning,117557,2026-05-04,2026-05-05,1,
tensorflow/tensorflow,Deep Learning,117555,2026-05-04,2026-05-05,1,
tensorflow/tensorflow,Deep Learning,117554,2026-05-04,2026-05-05,0,
tensorflow/tensorflow,Deep Learning,117553,2026-05-04,2026-05-05,0,
tensorflow/tensorflow,Deep Learning,117548,2026-05-04,2026-05-04,0,
tensorflow/tensorflow,Deep Learning,117544,2026-05-03,2026-05-03,0,
tensorflow/tensorflow,Deep Learning,117537,2026-05-03,2026-05-04,1,
tensorflow/tensorflow,Deep Learning,117532,2026-05-03,2026-05-05,1,
tensorflow/tensorflow,Deep Learning,117530,2026-05-03,2026-05-05,2,
tensorflow/tensorflow,Deep Learning,117522,2026-05-03,2026-05-04,0,
tensorflow/tensorflow,Deep Learning,117520,2026-05-03,2026-05-05,1,
tensorflow/tensorflow,Deep Learning,117517,2026-05-03,2026-05-04,0,
tensorflow/tensorflow,Deep Learning,117512,2026-05-03,2026-05-05,1,
pytorch/pytorch,Deep Learning,182723,2026-05-06,2026-05-06,0,"Merged,topic: not user facing"
pytorch/pytorch,Deep Learning,182721,2026-05-06,2026-05-06,0,"open source,topic: not user facing,python,dependencies"
pytorch/pytorch,Deep Learning,182707,2026-05-06,2026-05-06,0,"module: docs,triaged,easy,docathon-2026,rst-to-md"
pytorch/pytorch,Deep Learning,182700,2026-05-06,2026-05-06,0,"triage review,module: regression,module: vllm,bot-triaged"
pytorch/pytorch,Deep Learning,182692,2026-05-06,2026-05-06,0,"Merged,topic: not user facing"
pytorch/pytorch,Deep Learning,182688,2026-05-06,2026-05-07,0,"triaged,open source,Merged,topic: bug fixes,release notes: mps,ciflow/mps"
pytorch/pytorch,Deep Learning,182685,2026-05-06,2026-05-07,0,"Merged,ciflow/trunk,release notes: jit"
pytorch/pytorch,Deep Learning,182680,2026-05-06,2026-05-06,0,"module: docs,triaged,open source,Merged,topic: not user facing,easy,docathon-2026,rst-to-md"
pytorch/pytorch,Deep Learning,182678,2026-05-06,2026-05-06,0,"module: rocm,Merged,topic: not user facing,ciflow/rocm-mi300,ciflow/h100,ciflow/b200"
pytorch/pytorch,Deep Learning,182676,2026-05-06,2026-05-06,0,topic: not user facing
pytorch/pytorch,Deep Learning,182674,2026-05-06,2026-05-06,0,"Merged,ciflow/trunk,topic: not user facing"
pytorch/pytorch,Deep Learning,182672,2026-05-06,2026-05-06,0,"ciflow/trunk,topic: not user facing,module: dynamo,ciflow/inductor"
pytorch/pytorch,Deep Learning,182667,2026-05-06,2026-05-06,0,"Merged,ciflow/trunk,topic: bug fixes,release notes: distributed (miscellaneous),ciflow/torchtitan"
pytorch/pytorch,Deep Learning,182665,2026-05-06,2026-05-06,0,"Merged,ciflow/trunk,topic: not user facing"
pytorch/pytorch,Deep Learning,182662,2026-05-06,2026-05-06,0,"triage review,module: sparse,module: crash,module: edge cases,bot-triaged"
pytorch/pytorch,Deep Learning,182658,2026-05-06,2026-05-06,0,"open source,Merged,release notes: mps,ciflow/mps"
pytorch/pytorch,Deep Learning,182656,2026-05-06,2026-05-06,0,"module: rocm,triaged,skipped"
pytorch/pytorch,Deep Learning,182646,2026-05-06,2026-05-06,0,"module: rocm,Merged,ciflow/trunk,topic: not user facing,ciflow/rocm-mi355,ciflow/inductor-rocm-mi355"
pytorch/pytorch,Deep Learning,182642,2026-05-06,2026-05-06,0,
pytorch/pytorch,Deep Learning,182639,2026-05-06,2026-05-06,0,open source
pytorch/pytorch,Deep Learning,182632,2026-05-06,2026-05-06,0,open source
pytorch/pytorch,Deep Learning,182629,2026-05-06,2026-05-06,0,
pytorch/pytorch,Deep Learning,182628,2026-05-06,2026-05-06,0,"better-on-discuss-forum,bot-triaged"
pytorch/pytorch,Deep Learning,182625,2026-05-06,2026-05-06,0,"module: docs,triaged,enhancement,open source,Merged,topic: not user facing,easy,module: mtia,bot-triaged,docathon-2026"
pytorch/pytorch,Deep Learning,182623,2026-05-06,2026-05-06,0,"module: docs,triaged,enhancement,open source,easy,module: mtia,bot-triaged,docathon-2026"
pytorch/pytorch,Deep Learning,182622,2026-05-06,2026-05-06,0,open source
pytorch/pytorch,Deep Learning,182621,2026-05-06,2026-05-06,0,"open source,Merged,ciflow/trunk,topic: not user facing,module: inductor,ciflow/inductor,ciflow/xpu"
pytorch/pytorch,Deep Learning,182615,2026-05-06,2026-05-06,0,"module: rocm,open source,Merged,ciflow/trunk,release notes: rocm,ciflow/rocm-mi300,ciflow/h100,ciflow/b200"
pytorch/pytorch,Deep Learning,182613,2026-05-06,2026-05-06,0,"module: docs,triaged,open source,Merged,ciflow/trunk,topic: not user facing,easy,docathon-2026,rst-to-md"
pytorch/pytorch,Deep Learning,182608,2026-05-06,2026-05-06,0,"module: docs,triaged,open source,Merged,ciflow/trunk,topic: not user facing,easy,docathon-2026,rst-to-md"
pytorch/pytorch,Deep Learning,182607,2026-05-06,2026-05-06,0,"oncall: distributed,bot-triaged,oncall: distributed infra,ptd-bot-triaged"
pytorch/pytorch,Deep Learning,182597,2026-05-06,2026-05-06,0,"Merged,topic: not user facing,module: dynamo,ciflow/inductor,ciflow/torchtitan"
pytorch/pytorch,Deep Learning,182596,2026-05-06,2026-05-06,0,"oncall: distributed,bot-triaged,oncall: distributed infra,ptd-bot-triaged"
pytorch/pytorch,Deep Learning,182590,2026-05-06,2026-05-06,0,"triage review,bot-triaged"
pytorch/pytorch,Deep Learning,182589,2026-05-06,2026-05-06,0,"module: docs,module: nn,triaged,open source,Merged,ciflow/trunk,topic: not user facing,easy,docathon-2026"
pytorch/pytorch,Deep Learning,182588,2026-05-06,2026-05-06,0,"needs reproduction,module: docs,triaged,open source,Merged,topic: not user facing,module: edge cases,easy,bot-triaged,docathon-2026"
pytorch/pytorch,Deep Learning,182587,2026-05-06,2026-05-06,0,"module: cuda,module: memory usage,triaged,module: amp (automated mixed precision),bot-triaged"
pytorch/pytorch,Deep Learning,182586,2026-05-05,2026-05-06,0,"triage review,module: crash,module: nn,bot-triaged"
pytorch/pytorch,Deep Learning,182585,2026-05-05,2026-05-05,0,"module: inductor,ciflow/inductor,release notes: export,release notes: inductor (aoti),ciflow/torchtitan"
pytorch/pytorch,Deep Learning,182584,2026-05-05,2026-05-06,0,bot-triaged
pytorch/pytorch,Deep Learning,182570,2026-05-05,2026-05-06,0,"fb-exported,Merged,ciflow/trunk,topic: not user facing,module: inductor,ciflow/inductor,ciflow/rocm-mi300,ciflow/h100,meta-exported,ciflow/b200,ciflow/torchtitan"
pytorch/pytorch,Deep Learning,182569,2026-05-05,2026-05-06,0,"module: docs,triaged,open source,Merged,easy,docathon-2026,rst-to-md"
pytorch/pytorch,Deep Learning,182568,2026-05-05,2026-05-05,0,"Merged,topic: not user facing"
pytorch/pytorch,Deep Learning,182567,2026-05-05,2026-05-06,0,"Merged,ciflow/trunk,module: inductor,ciflow/inductor,release notes: inductor,ciflow/torchtitan"
pytorch/pytorch,Deep Learning,182565,2026-05-05,2026-05-06,0,"module: docs,triaged,open source,topic: not user facing,easy,docathon-2026,rst-to-md"
pytorch/pytorch,Deep Learning,182559,2026-05-05,2026-05-06,0,"module: docs,triaged,open source,medium,Merged,ciflow/trunk,topic: docs,topic: not user facing,docathon-2026"
pytorch/pytorch,Deep Learning,182558,2026-05-05,2026-05-07,1,"open source,Merged,ciflow/trunk,topic: not user facing,ciflow/dtensor"
pytorch/pytorch,Deep Learning,182557,2026-05-05,2026-05-06,0,"module: docs,triaged,open source,Merged,ciflow/trunk,topic: not user facing,easy,docathon-2026,rst-to-md"
pytorch/pytorch,Deep Learning,182556,2026-05-05,2026-05-06,0,"module: docs,triaged,open source,Merged,ciflow/trunk,topic: not user facing,easy,docathon-2026,rst-to-md"
pytorch/pytorch,Deep Learning,182553,2026-05-05,2026-05-06,0,"module: docs,triaged,open source,Merged,ciflow/trunk,topic: not user facing,easy,docathon-2026,rst-to-md"
pytorch/pytorch,Deep Learning,182550,2026-05-05,2026-05-06,1,"module: docs,triaged,open source,Merged,ciflow/trunk,topic: not user facing,easy,ciflow/torchtitan,docathon-2026"
pytorch/pytorch,Deep Learning,182549,2026-05-05,2026-05-05,0,"triage review,module: regression,oncall: pt2,module: inductor,module: pt2 accuracy,module: floatx (formerly float8),module: vllm,bot-triaged"
pytorch/pytorch,Deep Learning,182548,2026-05-05,2026-05-06,0,"module: docs,triaged,open source,Merged,ciflow/trunk,topic: not user facing,easy,docathon-2026,rst-to-md"
pytorch/pytorch,Deep Learning,182545,2026-05-05,2026-05-06,0,"module: docs,triaged,open source,Merged,ciflow/trunk,topic: not user facing,easy,docathon-2026,rst-to-md"
pytorch/pytorch,Deep Learning,182544,2026-05-05,2026-05-06,0,"module: docs,triaged,open source,medium,Merged,ciflow/trunk,topic: not user facing,docathon-2026"
pytorch/pytorch,Deep Learning,182543,2026-05-05,2026-05-06,0,"module: docs,triaged,open source,Merged,ciflow/trunk,topic: not user facing,easy,docathon-2026,rst-to-md"
pytorch/pytorch,Deep Learning,182542,2026-05-05,2026-05-06,0,"module: docs,triaged,open source,Merged,topic: not user facing,easy,docathon-2026"
pytorch/pytorch,Deep Learning,182540,2026-05-05,2026-05-06,0,"Merged,ciflow/trunk,release notes: quantization,ciflow/inductor,release notes: distributed (dtensor),ciflow/torchtitan,ciflow/dtensor"
pytorch/pytorch,Deep Learning,182539,2026-05-05,2026-05-06,0,"Merged,ciflow/trunk,topic: not user facing,module: dynamo,ciflow/inductor,module: compiled autograd,ciflow/torchtitan"
pytorch/pytorch,Deep Learning,182538,2026-05-05,2026-05-06,0,"module: docs,triaged,open source,Merged,ciflow/trunk,topic: not user facing,easy,docathon-2026,rst-to-md"
pytorch/pytorch,Deep Learning,182536,2026-05-05,2026-05-05,0,"triaged,open source,Merged,ciflow/trunk,topic: not user facing"
pytorch/pytorch,Deep Learning,182535,2026-05-05,2026-05-05,0,
pytorch/pytorch,Deep Learning,182534,2026-05-05,2026-05-06,0,"Merged,ciflow/trunk,topic: not user facing,module: dynamo,ciflow/inductor,ciflow/torchtitan"
pytorch/pytorch,Deep Learning,182533,2026-05-05,2026-05-05,0,"module: rocm,triaged,open source,Merged,ciflow/trunk,release notes: cuda,ciflow/rocm-mi300,ciflow/rocm-mi355"
pytorch/pytorch,Deep Learning,182525,2026-05-05,2026-05-05,0,"triage review,module: performance,module: rocm,module: regression,module: advanced indexing,bot-triaged"
pytorch/pytorch,Deep Learning,182523,2026-05-05,2026-05-06,1,"module: docs,triaged,enhancement,easy,module: mtia,bot-triaged,docathon-2026"
pytorch/pytorch,Deep Learning,182522,2026-05-05,2026-05-06,0,"module: docs,triaged,easy,docathon-2026"
pytorch/pytorch,Deep Learning,182520,2026-05-05,2026-05-06,1,"module: docs,triaged,medium,docathon-2026"
pytorch/pytorch,Deep Learning,182516,2026-05-05,2026-05-06,1,"module: docs,triaged,easy,docathon-2026"
pytorch/pytorch,Deep Learning,182513,2026-05-05,2026-05-06,0,"module: docs,triaged,easy,docathon-2026,rst-to-md"
pytorch/pytorch,Deep Learning,182510,2026-05-05,2026-05-06,1,"module: docs,triaged,easy,docathon-2026,rst-to-md"
pytorch/pytorch,Deep Learning,182507,2026-05-05,2026-05-06,0,"module: docs,triaged,easy,docathon-2026,rst-to-md"
pytorch/pytorch,Deep Learning,182501,2026-05-05,2026-05-06,1,"module: docs,triaged,easy,docathon-2026,rst-to-md"
pytorch/pytorch,Deep Learning,182489,2026-05-05,2026-05-06,0,"module: docs,triaged,easy,docathon-2026,rst-to-md"
pytorch/pytorch,Deep Learning,182486,2026-05-05,2026-05-06,1,"module: docs,triaged,easy,docathon-2026,rst-to-md"
pytorch/pytorch,Deep Learning,182474,2026-05-05,2026-05-06,0,"module: docs,triaged,easy,docathon-2026,rst-to-md"
pytorch/pytorch,Deep Learning,182470,2026-05-05,2026-05-06,0,"module: docs,triaged,easy,docathon-2026,rst-to-md"
pytorch/pytorch,Deep Learning,182464,2026-05-05,2026-05-06,1,"module: docs,triaged,easy,docathon-2026,rst-to-md"
pytorch/pytorch,Deep Learning,182451,2026-05-05,2026-05-05,0,"module: rocm,topic: not user facing,module: inductor,ciflow/inductor"
pytorch/pytorch,Deep Learning,182448,2026-05-05,2026-05-05,0,"module: rocm,open source,Merged,ciflow/trunk,topic: not user facing,module: inductor,ciflow/inductor"
pytorch/pytorch,Deep Learning,182447,2026-05-05,2026-05-05,0,"open source,Merged,topic: not user facing"
pytorch/pytorch,Deep Learning,182444,2026-05-05,2026-05-05,0,"module: rocm,module: tests,triaged,oncall: pt2,module: inductor,rocm-skipped-tests,bot-triaged"
pytorch/pytorch,Deep Learning,182442,2026-05-05,2026-05-06,1,"triaged,open source,Merged,ciflow/trunk,topic: not user facing"
pytorch/pytorch,Deep Learning,182437,2026-05-05,2026-05-05,0,"Merged,topic: not user facing"
pytorch/pytorch,Deep Learning,182428,2026-05-05,2026-05-06,0,"Merged,topic: not user facing"
pytorch/pytorch,Deep Learning,182427,2026-05-05,2026-05-05,0,"release notes: releng,ciflow/mps,module: inductor,module: dynamo,ciflow/inductor,ciflow/xpu,ciflow/rocm-mi300,ciflow/h100,ciflow/h100-symm-mem,ciflow/b200,ciflow/inductor-pallas,ciflow/torchtitan"
pytorch/pytorch,Deep Learning,182422,2026-05-05,2026-05-05,0,bot-triaged
pytorch/pytorch,Deep Learning,182421,2026-05-05,2026-05-05,0,"Merged,ciflow/trunk,topic: not user facing,ciflow/inductor,ciflow/torchtitan"
pytorch/pytorch,Deep Learning,182420,2026-05-05,2026-05-05,0,"module: activation checkpointing,triaged,oncall: pt2,module: aotdispatch,module: pt2-dispatcher,bot-triaged"
pytorch/pytorch,Deep Learning,182416,2026-05-05,2026-05-05,0,"module: activation checkpointing,triaged,oncall: pt2,module: higher order operators,module: pt2-dispatcher,bot-triaged"
pytorch/pytorch,Deep Learning,182414,2026-05-05,2026-05-06,1,"triaged,open source,Merged,ciflow/trunk,topic: not user facing,ciflow/inductor"
pytorch/pytorch,Deep Learning,182413,2026-05-05,2026-05-06,1,"triaged,module: fx,oncall: pt2,module: dynamic shapes,module: aotdispatch,module: pt2-dispatcher"
pytorch/pytorch,Deep Learning,182412,2026-05-05,2026-05-06,1,"open source,module: inductor,ciflow/inductor,ciflow/torchtitan"
pytorch/pytorch,Deep Learning,182411,2026-05-05,2026-05-05,0,"open source,topic: not user facing"
pytorch/pytorch,Deep Learning,182405,2026-05-05,2026-05-06,1,"triaged,open source,Merged,ciflow/trunk,topic: not user facing,module: inductor,ciflow/inductor"
pytorch/pytorch,Deep Learning,182401,2026-05-05,2026-05-05,0,"Merged,ciflow/trunk,topic: not user facing,module: higher order operators"
pytorch/pytorch,Deep Learning,182400,2026-05-05,2026-05-05,0,"oncall: distributed,module: dtensor,bot-triaged,oncall: distributed parallelisms,ptd-bot-triaged"
pytorch/pytorch,Deep Learning,182399,2026-05-05,2026-05-05,0,"module: windows,module: loss,triaged,oncall: pt2,module: dynamic shapes,bot-triaged"
pytorch/pytorch,Deep Learning,182395,2026-05-05,2026-05-06,1,"triaged,module: flaky-tests,skipped,oncall: pt2,module: functorch"
pytorch/pytorch,Deep Learning,182394,2026-05-05,2026-05-06,1,"triaged,module: flaky-tests,skipped,oncall: pt2,module: functorch"
google/flax,Deep Learning,5450,2026-04-28,2026-04-28,0,
google/flax,Deep Learning,5449,2026-04-28,2026-04-28,0,
google/flax,Deep Learning,5448,2026-04-27,2026-04-29,2,
google/flax,Deep Learning,5447,2026-04-27,2026-04-29,2,
google/flax,Deep Learning,5446,2026-04-27,2026-04-30,3,pull ready
google/flax,Deep Learning,5443,2026-04-24,2026-04-29,5,pull ready
google/flax,Deep Learning,5439,2026-04-24,2026-04-30,6,
google/flax,Deep Learning,5438,2026-04-24,2026-04-30,6,
google/flax,Deep Learning,5435,2026-04-22,2026-04-22,0,
google/flax,Deep Learning,5431,2026-04-17,2026-04-23,5,pull ready
google/flax,Deep Learning,5430,2026-04-17,2026-04-18,0,
google/flax,Deep Learning,5429,2026-04-17,2026-04-19,1,
google/flax,Deep Learning,5428,2026-04-17,2026-04-21,3,
google/flax,Deep Learning,5427,2026-04-17,2026-04-23,6,pull ready
google/flax,Deep Learning,5426,2026-04-17,2026-04-18,0,
google/flax,Deep Learning,5424,2026-04-16,2026-04-23,7,pull ready
google/flax,Deep Learning,5423,2026-04-16,2026-04-16,0,
google/flax,Deep Learning,5422,2026-04-16,2026-04-21,5,pull ready
google/flax,Deep Learning,5421,2026-04-15,2026-04-17,1,pull ready
google/flax,Deep Learning,5419,2026-04-15,2026-04-19,3,
google/flax,Deep Learning,5418,2026-04-14,2026-04-15,0,
google/flax,Deep Learning,5417,2026-04-14,2026-04-14,0,
google/flax,Deep Learning,5416,2026-04-14,2026-04-23,8,pull ready
google/flax,Deep Learning,5415,2026-04-14,2026-04-21,7,
google/flax,Deep Learning,5414,2026-04-14,2026-04-14,0,
google/flax,Deep Learning,5413,2026-04-14,2026-04-20,5,
google/flax,Deep Learning,5412,2026-04-14,2026-04-17,3,
google/flax,Deep Learning,5411,2026-04-13,2026-04-13,0,
google/flax,Deep Learning,5410,2026-04-13,2026-04-13,0,
google/flax,Deep Learning,5409,2026-04-13,2026-04-23,10,pull ready
google/flax,Deep Learning,5408,2026-04-13,2026-04-23,10,pull ready
google/flax,Deep Learning,5407,2026-04-10,2026-04-14,3,
google/flax,Deep Learning,5406,2026-04-10,2026-04-10,0,
google/flax,Deep Learning,5405,2026-04-10,2026-04-29,19,pull ready
google/flax,Deep Learning,5404,2026-04-10,2026-04-10,0,
google/flax,Deep Learning,5403,2026-04-10,2026-04-13,3,pull ready
google/flax,Deep Learning,5402,2026-04-08,2026-04-09,0,
google/flax,Deep Learning,5400,2026-04-07,2026-04-08,0,pull ready
google/flax,Deep Learning,5398,2026-04-07,2026-04-14,7,
google/flax,Deep Learning,5397,2026-04-06,2026-04-07,0,
google/flax,Deep Learning,5393,2026-04-02,2026-04-10,7,
google/flax,Deep Learning,5392,2026-04-02,2026-04-02,0,
google/flax,Deep Learning,5391,2026-04-02,2026-04-02,0,
google/flax,Deep Learning,5390,2026-04-02,2026-04-02,0,
google/flax,Deep Learning,5389,2026-04-02,2026-04-07,5,pull ready
google/flax,Deep Learning,5388,2026-04-01,2026-04-13,12,pull ready
google/flax,Deep Learning,5387,2026-04-01,2026-04-02,1,
google/flax,Deep Learning,5386,2026-03-31,2026-03-31,0,pull ready
google/flax,Deep Learning,5385,2026-03-31,2026-04-01,1,
google/flax,Deep Learning,5384,2026-03-30,2026-04-23,24,pull ready
google/flax,Deep Learning,5383,2026-03-27,2026-03-27,0,pull ready
google/flax,Deep Learning,5382,2026-03-27,2026-03-31,4,pull ready
google/flax,Deep Learning,5381,2026-03-27,2026-04-13,17,pull ready
google/flax,Deep Learning,5380,2026-03-27,2026-04-06,9,pull ready
google/flax,Deep Learning,5379,2026-03-27,2026-04-13,17,pull ready
google/flax,Deep Learning,5378,2026-03-26,2026-03-26,0,
google/flax,Deep Learning,5377,2026-03-26,2026-04-13,18,pull ready
google/flax,Deep Learning,5375,2026-03-25,2026-04-13,19,
google/flax,Deep Learning,5374,2026-03-25,2026-04-07,13,
google/flax,Deep Learning,5373,2026-03-24,2026-03-27,2,
google/flax,Deep Learning,5370,2026-03-23,2026-04-13,21,pull ready
google/flax,Deep Learning,5368,2026-03-20,2026-03-21,0,
google/flax,Deep Learning,5366,2026-03-20,2026-03-20,0,
google/flax,Deep Learning,5365,2026-03-20,2026-03-20,0,
google/flax,Deep Learning,5364,2026-03-20,2026-03-20,0,
google/flax,Deep Learning,5362,2026-03-20,2026-03-20,0,
google/flax,Deep Learning,5361,2026-03-20,2026-03-20,0,
google/flax,Deep Learning,5359,2026-03-20,2026-03-20,0,
google/flax,Deep Learning,5358,2026-03-20,2026-03-20,0,
google/flax,Deep Learning,5357,2026-03-19,2026-03-20,1,
google/flax,Deep Learning,5356,2026-03-19,2026-03-20,0,
google/flax,Deep Learning,5355,2026-03-18,2026-03-19,0,
google/flax,Deep Learning,5353,2026-03-18,2026-03-24,6,pull ready
google/flax,Deep Learning,5352,2026-03-18,2026-03-24,6,
google/flax,Deep Learning,5350,2026-03-18,2026-03-18,0,
google/flax,Deep Learning,5349,2026-03-18,2026-03-18,0,
google/flax,Deep Learning,5348,2026-03-18,2026-03-18,0,
google/flax,Deep Learning,5347,2026-03-18,2026-03-18,0,
google/flax,Deep Learning,5346,2026-03-17,2026-03-18,0,
google/flax,Deep Learning,5345,2026-03-17,2026-03-17,0,
google/flax,Deep Learning,5344,2026-03-17,2026-03-20,2,
google/flax,Deep Learning,5342,2026-03-17,2026-03-17,0,
google/flax,Deep Learning,5341,2026-03-17,2026-03-17,0,
google/flax,Deep Learning,5340,2026-03-17,2026-03-17,0,
google/flax,Deep Learning,5339,2026-03-16,2026-03-18,1,
google/flax,Deep Learning,5338,2026-03-16,2026-03-16,0,
google/flax,Deep Learning,5337,2026-03-16,2026-03-16,0,
google/flax,Deep Learning,5336,2026-03-16,2026-03-16,0,
google/flax,Deep Learning,5335,2026-03-16,2026-03-16,0,
google/flax,Deep Learning,5333,2026-03-16,2026-03-16,0,
google/flax,Deep Learning,5332,2026-03-16,2026-03-19,3,pull ready
google/flax,Deep Learning,5331,2026-03-13,2026-03-13,0,
google/flax,Deep Learning,5330,2026-03-13,2026-03-13,0,
google/flax,Deep Learning,5329,2026-03-12,2026-03-13,0,
google/flax,Deep Learning,5328,2026-03-12,2026-03-13,0,
google/flax,Deep Learning,5327,2026-03-12,2026-03-12,0,
google/flax,Deep Learning,5326,2026-03-12,2026-03-13,1,pull ready
google/flax,Deep Learning,5325,2026-03-12,2026-04-07,26,
google/flax,Deep Learning,5324,2026-03-12,2026-03-12,0,
google/flax,Deep Learning,5323,2026-03-10,2026-03-17,7,
lucidrains/vit-pytorch,Deep Learning,360,2026-02-11,2026-02-11,0,
lucidrains/vit-pytorch,Deep Learning,359,2026-02-09,2026-02-09,0,
lucidrains/vit-pytorch,Deep Learning,358,2026-02-09,2026-02-09,0,
lucidrains/vit-pytorch,Deep Learning,357,2026-01-17,2026-01-17,0,
lucidrains/vit-pytorch,Deep Learning,356,2026-01-05,2026-01-08,3,
lucidrains/vit-pytorch,Deep Learning,353,2025-12-04,2025-12-06,1,
lucidrains/vit-pytorch,Deep Learning,352,2025-12-02,2025-12-02,0,
lucidrains/vit-pytorch,Deep Learning,351,2025-11-27,2025-11-29,2,
lucidrains/vit-pytorch,Deep Learning,350,2025-10-23,2025-10-23,0,
lucidrains/vit-pytorch,Deep Learning,348,2025-09-25,2025-09-25,0,
lucidrains/vit-pytorch,Deep Learning,344,2025-08-06,2025-08-06,0,
lucidrains/vit-pytorch,Deep Learning,341,2025-01-19,2025-01-19,0,
lucidrains/vit-pytorch,Deep Learning,339,2025-01-04,2025-01-04,0,
lucidrains/vit-pytorch,Deep Learning,333,2024-11-10,2024-11-13,2,
lucidrains/vit-pytorch,Deep Learning,332,2024-11-07,2024-11-08,0,
lucidrains/vit-pytorch,Deep Learning,330,2024-10-04,2024-10-04,0,
lucidrains/vit-pytorch,Deep Learning,327,2024-08-21,2024-08-22,0,
lucidrains/vit-pytorch,Deep Learning,326,2024-08-20,2024-08-20,0,
lucidrains/vit-pytorch,Deep Learning,325,2024-08-20,2024-08-20,0,
lucidrains/vit-pytorch,Deep Learning,322,2024-07-04,2024-07-12,7,
lucidrains/vit-pytorch,Deep Learning,313,2024-05-25,2026-04-03,678,
lucidrains/vit-pytorch,Deep Learning,311,2024-05-15,2024-06-06,22,
lucidrains/vit-pytorch,Deep Learning,309,2024-05-12,2024-05-12,0,
lucidrains/vit-pytorch,Deep Learning,307,2024-04-18,2024-04-18,0,
lucidrains/vit-pytorch,Deep Learning,306,2024-04-18,2024-04-18,0,
lucidrains/vit-pytorch,Deep Learning,304,2024-04-17,2024-04-17,0,
lucidrains/vit-pytorch,Deep Learning,303,2024-04-11,2024-04-17,6,
lucidrains/vit-pytorch,Deep Learning,302,2024-04-11,2024-04-17,6,
lucidrains/vit-pytorch,Deep Learning,298,2024-03-17,2024-03-20,3,
lucidrains/vit-pytorch,Deep Learning,297,2024-02-21,2024-02-22,0,
lucidrains/vit-pytorch,Deep Learning,292,2023-12-23,2023-12-23,0,
lucidrains/vit-pytorch,Deep Learning,287,2023-10-29,2023-10-31,1,
lucidrains/vit-pytorch,Deep Learning,286,2023-10-25,2023-10-25,0,
lucidrains/vit-pytorch,Deep Learning,285,2023-10-24,2023-10-24,0,
lucidrains/vit-pytorch,Deep Learning,284,2023-10-13,2023-10-13,0,
lucidrains/vit-pytorch,Deep Learning,283,2023-10-09,2023-10-09,0,
lucidrains/vit-pytorch,Deep Learning,282,2023-10-02,2023-10-02,0,
lucidrains/vit-pytorch,Deep Learning,281,2023-09-28,2023-10-01,2,
lucidrains/vit-pytorch,Deep Learning,279,2023-09-10,2023-09-10,0,
lucidrains/vit-pytorch,Deep Learning,278,2023-09-10,2023-09-11,1,
lucidrains/vit-pytorch,Deep Learning,277,2023-09-04,2023-09-05,1,
lucidrains/vit-pytorch,Deep Learning,274,2023-08-05,2023-10-30,86,
lucidrains/vit-pytorch,Deep Learning,273,2023-07-24,2023-07-24,0,
lucidrains/vit-pytorch,Deep Learning,272,2023-07-20,2023-07-24,4,
lucidrains/vit-pytorch,Deep Learning,269,2023-06-28,2023-07-02,4,
lucidrains/vit-pytorch,Deep Learning,267,2023-05-21,2023-05-21,0,
lucidrains/vit-pytorch,Deep Learning,266,2023-05-19,2023-05-21,1,
lucidrains/vit-pytorch,Deep Learning,265,2023-05-09,2023-05-09,0,
lucidrains/vit-pytorch,Deep Learning,264,2023-05-02,2023-05-03,1,
lucidrains/vit-pytorch,Deep Learning,263,2023-03-29,2023-03-31,1,
lucidrains/vit-pytorch,Deep Learning,261,2023-03-21,2023-03-21,0,
lucidrains/vit-pytorch,Deep Learning,260,2023-03-07,2023-03-07,0,
lucidrains/vit-pytorch,Deep Learning,259,2023-03-05,2023-06-06,92,
lucidrains/vit-pytorch,Deep Learning,258,2023-03-05,2023-03-05,0,
lucidrains/vit-pytorch,Deep Learning,257,2023-03-03,2023-03-23,19,
lucidrains/vit-pytorch,Deep Learning,254,2023-02-18,2023-12-25,310,
lucidrains/vit-pytorch,Deep Learning,253,2023-02-10,2023-02-10,0,
lucidrains/vit-pytorch,Deep Learning,251,2023-02-08,2023-02-10,2,
lucidrains/vit-pytorch,Deep Learning,248,2022-12-08,2022-12-08,0,
lucidrains/vit-pytorch,Deep Learning,247,2022-11-27,2022-11-28,1,
lucidrains/vit-pytorch,Deep Learning,246,2022-11-24,2022-12-09,15,
lucidrains/vit-pytorch,Deep Learning,244,2022-10-18,2022-10-18,0,
lucidrains/vit-pytorch,Deep Learning,243,2022-10-13,2022-10-17,3,
lucidrains/vit-pytorch,Deep Learning,242,2022-10-11,2022-10-17,6,
lucidrains/vit-pytorch,Deep Learning,241,2022-10-11,2022-10-17,6,
lucidrains/vit-pytorch,Deep Learning,238,2022-09-21,2022-10-29,38,
lucidrains/vit-pytorch,Deep Learning,236,2022-09-14,2022-10-17,33,
lucidrains/vit-pytorch,Deep Learning,234,2022-09-08,2022-09-08,0,
lucidrains/vit-pytorch,Deep Learning,231,2022-08-28,2022-09-03,6,
lucidrains/vit-pytorch,Deep Learning,229,2022-07-27,2022-08-08,12,
lucidrains/vit-pytorch,Deep Learning,227,2022-07-21,2022-07-23,1,
lucidrains/vit-pytorch,Deep Learning,224,2022-06-30,2022-06-30,0,
lucidrains/vit-pytorch,Deep Learning,223,2022-06-24,2022-06-28,4,
lucidrains/vit-pytorch,Deep Learning,221,2022-06-17,2022-06-28,11,
lucidrains/vit-pytorch,Deep Learning,219,2022-05-24,2022-06-07,13,
lucidrains/vit-pytorch,Deep Learning,216,2022-04-30,2026-04-29,1460,
lucidrains/vit-pytorch,Deep Learning,212,2022-04-07,2022-04-07,0,
lucidrains/vit-pytorch,Deep Learning,211,2022-04-06,2022-04-06,0,
lucidrains/vit-pytorch,Deep Learning,210,2022-03-31,2022-03-31,0,
lucidrains/vit-pytorch,Deep Learning,209,2022-03-30,2022-03-31,0,
lucidrains/vit-pytorch,Deep Learning,208,2022-03-25,2022-03-27,2,
lucidrains/vit-pytorch,Deep Learning,206,2022-03-13,2022-03-13,0,
lucidrains/vit-pytorch,Deep Learning,203,2022-02-26,2022-02-26,0,
lucidrains/vit-pytorch,Deep Learning,198,2022-01-28,2022-01-29,0,
lucidrains/vit-pytorch,Deep Learning,197,2022-01-28,2022-01-31,2,
lucidrains/vit-pytorch,Deep Learning,192,2022-01-22,2022-01-23,0,
lucidrains/vit-pytorch,Deep Learning,190,2022-01-08,2022-01-11,2,
lucidrains/vit-pytorch,Deep Learning,189,2022-01-03,2022-01-06,3,
lucidrains/vit-pytorch,Deep Learning,186,2021-12-30,2021-12-31,0,
lucidrains/vit-pytorch,Deep Learning,184,2021-12-29,2022-01-20,21,
lucidrains/vit-pytorch,Deep Learning,183,2021-12-27,2021-12-27,0,
lucidrains/vit-pytorch,Deep Learning,181,2021-12-21,2021-12-21,0,
lucidrains/vit-pytorch,Deep Learning,178,2021-12-15,2022-02-01,48,
lucidrains/vit-pytorch,Deep Learning,177,2021-12-09,2021-12-09,0,
lucidrains/vit-pytorch,Deep Learning,172,2021-11-23,2021-11-24,0,
lucidrains/vit-pytorch,Deep Learning,171,2021-11-22,2021-11-24,1,
lucidrains/vit-pytorch,Deep Learning,168,2021-11-16,2021-11-17,0,
lucidrains/vit-pytorch,Deep Learning,167,2021-11-11,2021-11-24,12,
lucidrains/vit-pytorch,Deep Learning,161,2021-10-03,2021-10-04,0,
lucidrains/vit-pytorch,Deep Learning,159,2021-09-26,2021-09-26,0,
huggingface/accelerate,Deep Learning,4030,2026-05-06,2026-05-06,0,
huggingface/accelerate,Deep Learning,4024,2026-04-30,2026-04-30,0,
huggingface/accelerate,Deep Learning,4022,2026-04-28,2026-04-29,1,
huggingface/accelerate,Deep Learning,4021,2026-04-27,2026-04-27,0,
huggingface/accelerate,Deep Learning,4018,2026-04-24,2026-04-24,0,
huggingface/accelerate,Deep Learning,4015,2026-04-22,2026-04-24,1,
huggingface/accelerate,Deep Learning,4013,2026-04-19,2026-04-21,2,
huggingface/accelerate,Deep Learning,4011,2026-04-16,2026-04-17,0,
huggingface/accelerate,Deep Learning,4010,2026-04-15,2026-04-18,2,
huggingface/accelerate,Deep Learning,4009,2026-04-15,2026-04-15,0,
huggingface/accelerate,Deep Learning,4008,2026-04-14,2026-04-15,0,
huggingface/accelerate,Deep Learning,4007,2026-04-09,2026-04-09,0,
huggingface/accelerate,Deep Learning,4006,2026-04-08,2026-04-09,0,
huggingface/accelerate,Deep Learning,4005,2026-04-08,2026-04-08,0,
huggingface/accelerate,Deep Learning,4004,2026-04-08,2026-04-08,0,
huggingface/accelerate,Deep Learning,4003,2026-04-08,2026-04-08,0,
huggingface/accelerate,Deep Learning,4002,2026-04-08,2026-04-08,0,
huggingface/accelerate,Deep Learning,4001,2026-04-08,2026-04-09,1,
huggingface/accelerate,Deep Learning,4000,2026-04-07,2026-04-10,2,
huggingface/accelerate,Deep Learning,3999,2026-04-07,2026-04-09,2,
huggingface/accelerate,Deep Learning,3992,2026-04-02,2026-04-08,6,
huggingface/accelerate,Deep Learning,3990,2026-03-27,2026-05-04,38,
huggingface/accelerate,Deep Learning,3988,2026-03-23,2026-05-02,39,
huggingface/accelerate,Deep Learning,3987,2026-03-21,2026-04-10,19,
huggingface/accelerate,Deep Learning,3986,2026-03-21,2026-04-28,38,
huggingface/accelerate,Deep Learning,3985,2026-03-20,2026-04-23,33,
huggingface/accelerate,Deep Learning,3984,2026-03-19,2026-04-27,38,
huggingface/accelerate,Deep Learning,3983,2026-03-19,2026-04-10,22,
huggingface/accelerate,Deep Learning,3982,2026-03-19,2026-03-23,4,
huggingface/accelerate,Deep Learning,3981,2026-03-19,2026-03-20,1,
huggingface/accelerate,Deep Learning,3980,2026-03-18,2026-03-20,1,
huggingface/accelerate,Deep Learning,3979,2026-03-18,2026-04-26,39,
huggingface/accelerate,Deep Learning,3978,2026-03-17,2026-04-26,39,
huggingface/accelerate,Deep Learning,3977,2026-03-17,2026-04-17,31,
huggingface/accelerate,Deep Learning,3976,2026-03-16,2026-03-17,0,
huggingface/accelerate,Deep Learning,3975,2026-03-16,2026-03-20,4,
huggingface/accelerate,Deep Learning,3974,2026-03-14,2026-04-22,39,
huggingface/accelerate,Deep Learning,3973,2026-03-13,2026-03-13,0,
huggingface/accelerate,Deep Learning,3972,2026-03-11,2026-03-19,7,
huggingface/accelerate,Deep Learning,3971,2026-03-11,2026-03-19,7,
huggingface/accelerate,Deep Learning,3970,2026-03-10,2026-04-09,30,
huggingface/accelerate,Deep Learning,3968,2026-03-10,2026-04-18,39,
huggingface/accelerate,Deep Learning,3967,2026-03-09,2026-04-16,38,
huggingface/accelerate,Deep Learning,3966,2026-03-09,2026-03-23,14,
huggingface/accelerate,Deep Learning,3965,2026-03-09,2026-03-23,14,
huggingface/accelerate,Deep Learning,3964,2026-03-09,2026-04-16,38,
huggingface/accelerate,Deep Learning,3963,2026-03-07,2026-03-20,13,
huggingface/accelerate,Deep Learning,3962,2026-03-06,2026-03-11,4,
huggingface/accelerate,Deep Learning,3961,2026-03-06,2026-03-20,14,
huggingface/accelerate,Deep Learning,3960,2026-03-06,2026-04-25,50,
huggingface/accelerate,Deep Learning,3959,2026-03-05,2026-03-10,5,
huggingface/accelerate,Deep Learning,3958,2026-03-05,2026-03-06,0,
huggingface/accelerate,Deep Learning,3957,2026-03-05,2026-04-12,38,
huggingface/accelerate,Deep Learning,3956,2026-03-05,2026-04-12,38,
huggingface/accelerate,Deep Learning,3955,2026-03-04,2026-03-04,0,
huggingface/accelerate,Deep Learning,3954,2026-03-04,2026-04-12,39,
huggingface/accelerate,Deep Learning,3953,2026-03-03,2026-03-04,1,
huggingface/accelerate,Deep Learning,3952,2026-03-03,2026-03-04,1,
huggingface/accelerate,Deep Learning,3951,2026-03-02,2026-03-02,0,
huggingface/accelerate,Deep Learning,3950,2026-03-01,2026-03-02,0,
huggingface/accelerate,Deep Learning,3949,2026-02-27,2026-03-05,5,
huggingface/accelerate,Deep Learning,3948,2026-02-27,2026-02-27,0,
huggingface/accelerate,Deep Learning,3947,2026-02-27,2026-02-27,0,
huggingface/accelerate,Deep Learning,3946,2026-02-27,2026-02-27,0,
huggingface/accelerate,Deep Learning,3945,2026-02-26,2026-03-03,4,
huggingface/accelerate,Deep Learning,3944,2026-02-26,2026-03-02,3,
huggingface/accelerate,Deep Learning,3943,2026-02-26,2026-03-02,4,
huggingface/accelerate,Deep Learning,3942,2026-02-25,2026-03-02,4,
huggingface/accelerate,Deep Learning,3941,2026-02-25,2026-03-02,4,
huggingface/accelerate,Deep Learning,3940,2026-02-25,2026-04-20,53,
huggingface/accelerate,Deep Learning,3939,2026-02-25,2026-03-02,5,
huggingface/accelerate,Deep Learning,3938,2026-02-25,2026-03-04,7,
huggingface/accelerate,Deep Learning,3937,2026-02-24,2026-02-25,0,
huggingface/accelerate,Deep Learning,3936,2026-02-24,2026-02-25,0,
huggingface/accelerate,Deep Learning,3935,2026-02-24,2026-02-26,1,
huggingface/accelerate,Deep Learning,3934,2026-02-24,2026-02-24,0,
huggingface/accelerate,Deep Learning,3933,2026-02-24,2026-04-04,39,
huggingface/accelerate,Deep Learning,3932,2026-02-24,2026-04-05,40,
huggingface/accelerate,Deep Learning,3931,2026-02-23,2026-03-02,7,
huggingface/accelerate,Deep Learning,3930,2026-02-21,2026-04-06,44,
huggingface/accelerate,Deep Learning,3929,2026-02-17,2026-03-02,12,
huggingface/accelerate,Deep Learning,3928,2026-02-17,2026-02-18,0,
huggingface/accelerate,Deep Learning,3927,2026-02-13,2026-02-13,0,
huggingface/accelerate,Deep Learning,3926,2026-02-12,2026-02-16,4,
huggingface/accelerate,Deep Learning,3925,2026-02-10,2026-04-05,53,
huggingface/accelerate,Deep Learning,3924,2026-02-09,2026-03-02,20,
huggingface/accelerate,Deep Learning,3923,2026-02-09,2026-03-02,21,
huggingface/accelerate,Deep Learning,3922,2026-02-09,2026-03-02,21,
huggingface/accelerate,Deep Learning,3921,2026-02-08,2026-03-02,22,code agent slop
huggingface/accelerate,Deep Learning,3920,2026-02-06,2026-02-06,0,
huggingface/accelerate,Deep Learning,3919,2026-01-31,2026-03-02,30,
huggingface/accelerate,Deep Learning,3918,2026-01-31,2026-03-02,30,
huggingface/accelerate,Deep Learning,3917,2026-01-30,2026-02-04,5,
huggingface/accelerate,Deep Learning,3916,2026-01-29,2026-02-06,7,
huggingface/accelerate,Deep Learning,3915,2026-01-27,2026-01-30,2,
huggingface/accelerate,Deep Learning,3914,2026-01-27,2026-01-27,0,
huggingface/accelerate,Deep Learning,3913,2026-01-24,2026-03-02,37,
huggingface/accelerate,Deep Learning,3912,2026-01-23,2026-01-27,3,
huggingface/accelerate,Deep Learning,3911,2026-01-23,2026-02-23,30,
huggingface/accelerate,Deep Learning,3910,2026-01-20,2026-01-27,7,
microsoft/DeepSpeed,Deep Learning,7996,2026-05-06,2026-05-07,0,
microsoft/DeepSpeed,Deep Learning,7995,2026-05-06,2026-05-06,0,
microsoft/DeepSpeed,Deep Learning,7989,2026-04-28,2026-04-29,0,
microsoft/DeepSpeed,Deep Learning,7988,2026-04-28,2026-04-30,1,
microsoft/DeepSpeed,Deep Learning,7986,2026-04-28,2026-04-30,2,
microsoft/DeepSpeed,Deep Learning,7985,2026-04-27,2026-04-29,1,
microsoft/DeepSpeed,Deep Learning,7984,2026-04-27,2026-05-01,4,
microsoft/DeepSpeed,Deep Learning,7982,2026-04-21,2026-04-23,1,
microsoft/DeepSpeed,Deep Learning,7981,2026-04-20,2026-04-22,1,
microsoft/DeepSpeed,Deep Learning,7980,2026-04-20,2026-04-22,1,
microsoft/DeepSpeed,Deep Learning,7979,2026-04-19,2026-04-24,4,
microsoft/DeepSpeed,Deep Learning,7977,2026-04-16,2026-04-17,1,
microsoft/DeepSpeed,Deep Learning,7976,2026-04-15,2026-04-15,0,
microsoft/DeepSpeed,Deep Learning,7974,2026-04-14,2026-04-15,0,
microsoft/DeepSpeed,Deep Learning,7973,2026-04-14,2026-04-15,0,
microsoft/DeepSpeed,Deep Learning,7972,2026-04-14,2026-04-15,0,"bug,compression"
microsoft/DeepSpeed,Deep Learning,7971,2026-04-13,2026-04-15,1,"bug,compression"
microsoft/DeepSpeed,Deep Learning,7969,2026-04-11,2026-04-12,1,
microsoft/DeepSpeed,Deep Learning,7968,2026-04-11,2026-04-12,1,
microsoft/DeepSpeed,Deep Learning,7967,2026-04-10,2026-04-11,0,
microsoft/DeepSpeed,Deep Learning,7966,2026-04-09,2026-04-09,0,"bug,training"
microsoft/DeepSpeed,Deep Learning,7965,2026-04-09,2026-04-11,1,
microsoft/DeepSpeed,Deep Learning,7963,2026-04-08,2026-04-08,0,
microsoft/DeepSpeed,Deep Learning,7953,2026-04-03,2026-04-30,27,
microsoft/DeepSpeed,Deep Learning,7951,2026-04-03,2026-04-11,8,
microsoft/DeepSpeed,Deep Learning,7950,2026-04-02,2026-04-02,0,
microsoft/DeepSpeed,Deep Learning,7948,2026-04-02,2026-04-03,1,
microsoft/DeepSpeed,Deep Learning,7945,2026-04-01,2026-04-01,0,
microsoft/DeepSpeed,Deep Learning,7944,2026-04-01,2026-04-01,0,
microsoft/DeepSpeed,Deep Learning,7941,2026-03-31,2026-03-31,0,
microsoft/DeepSpeed,Deep Learning,7940,2026-03-31,2026-03-31,0,
microsoft/DeepSpeed,Deep Learning,7937,2026-03-31,2026-03-31,0,
microsoft/DeepSpeed,Deep Learning,7936,2026-03-30,2026-03-30,0,
microsoft/DeepSpeed,Deep Learning,7935,2026-03-30,2026-03-30,0,
microsoft/DeepSpeed,Deep Learning,7934,2026-03-30,2026-03-30,0,
microsoft/DeepSpeed,Deep Learning,7933,2026-03-30,2026-03-30,0,
microsoft/DeepSpeed,Deep Learning,7932,2026-03-30,2026-03-30,0,
microsoft/DeepSpeed,Deep Learning,7931,2026-03-30,2026-03-30,0,
microsoft/DeepSpeed,Deep Learning,7930,2026-03-29,2026-03-29,0,
microsoft/DeepSpeed,Deep Learning,7927,2026-03-28,2026-03-28,0,
microsoft/DeepSpeed,Deep Learning,7926,2026-03-28,2026-03-28,0,
microsoft/DeepSpeed,Deep Learning,7925,2026-03-27,2026-03-29,1,"bug,training"
microsoft/DeepSpeed,Deep Learning,7923,2026-03-26,2026-03-26,0,
microsoft/DeepSpeed,Deep Learning,7921,2026-03-25,2026-03-25,0,
microsoft/DeepSpeed,Deep Learning,7920,2026-03-24,2026-03-25,1,
microsoft/DeepSpeed,Deep Learning,7919,2026-03-23,2026-03-26,2,
microsoft/DeepSpeed,Deep Learning,7915,2026-03-20,2026-03-24,3,
microsoft/DeepSpeed,Deep Learning,7908,2026-03-16,2026-03-24,7,
microsoft/DeepSpeed,Deep Learning,7907,2026-03-16,2026-03-23,6,
microsoft/DeepSpeed,Deep Learning,7906,2026-03-15,2026-03-28,13,
microsoft/DeepSpeed,Deep Learning,7905,2026-03-14,2026-03-26,11,"bug,training"
microsoft/DeepSpeed,Deep Learning,7903,2026-03-13,2026-03-13,0,
microsoft/DeepSpeed,Deep Learning,7902,2026-03-13,2026-03-13,0,
microsoft/DeepSpeed,Deep Learning,7901,2026-03-13,2026-03-25,12,
microsoft/DeepSpeed,Deep Learning,7898,2026-03-12,2026-03-13,1,
microsoft/DeepSpeed,Deep Learning,7896,2026-03-11,2026-03-24,12,
microsoft/DeepSpeed,Deep Learning,7895,2026-03-10,2026-03-10,0,
microsoft/DeepSpeed,Deep Learning,7894,2026-03-10,2026-03-12,1,
microsoft/DeepSpeed,Deep Learning,7891,2026-03-08,2026-03-08,0,
microsoft/DeepSpeed,Deep Learning,7890,2026-03-06,2026-03-10,3,
microsoft/DeepSpeed,Deep Learning,7889,2026-03-06,2026-03-13,6,
microsoft/DeepSpeed,Deep Learning,7887,2026-03-05,2026-04-01,27,
microsoft/DeepSpeed,Deep Learning,7886,2026-03-04,2026-03-05,0,
microsoft/DeepSpeed,Deep Learning,7885,2026-03-04,2026-03-05,1,"bug,training"
microsoft/DeepSpeed,Deep Learning,7883,2026-03-04,2026-03-04,0,
microsoft/DeepSpeed,Deep Learning,7882,2026-03-02,2026-03-05,2,
microsoft/DeepSpeed,Deep Learning,7881,2026-03-02,2026-03-13,10,
microsoft/DeepSpeed,Deep Learning,7880,2026-02-28,2026-03-01,1,
microsoft/DeepSpeed,Deep Learning,7879,2026-02-27,2026-03-02,3,
microsoft/DeepSpeed,Deep Learning,7877,2026-02-27,2026-03-02,2,
microsoft/DeepSpeed,Deep Learning,7876,2026-02-27,2026-03-04,4,
microsoft/DeepSpeed,Deep Learning,7875,2026-02-26,2026-03-02,3,
microsoft/DeepSpeed,Deep Learning,7874,2026-02-25,2026-02-25,0,
microsoft/DeepSpeed,Deep Learning,7873,2026-02-25,2026-02-26,0,
microsoft/DeepSpeed,Deep Learning,7872,2026-02-24,2026-03-02,6,
microsoft/DeepSpeed,Deep Learning,7870,2026-02-24,2026-02-24,0,
microsoft/DeepSpeed,Deep Learning,7869,2026-02-22,2026-03-01,7,
microsoft/DeepSpeed,Deep Learning,7866,2026-02-22,2026-02-22,0,
microsoft/DeepSpeed,Deep Learning,7865,2026-02-22,2026-02-22,0,
microsoft/DeepSpeed,Deep Learning,7863,2026-02-20,2026-03-13,20,
microsoft/DeepSpeed,Deep Learning,7862,2026-02-20,2026-02-21,1,
microsoft/DeepSpeed,Deep Learning,7860,2026-02-19,2026-03-30,38,
microsoft/DeepSpeed,Deep Learning,7859,2026-02-18,2026-02-18,0,
microsoft/DeepSpeed,Deep Learning,7854,2026-02-16,2026-02-16,0,
microsoft/DeepSpeed,Deep Learning,7853,2026-02-14,2026-02-17,3,
microsoft/DeepSpeed,Deep Learning,7851,2026-02-13,2026-02-16,2,
microsoft/DeepSpeed,Deep Learning,7850,2026-02-12,2026-02-13,0,
microsoft/DeepSpeed,Deep Learning,7848,2026-02-12,2026-02-27,15,
microsoft/DeepSpeed,Deep Learning,7846,2026-02-12,2026-02-18,6,
microsoft/DeepSpeed,Deep Learning,7845,2026-02-11,2026-02-11,0,
microsoft/DeepSpeed,Deep Learning,7843,2026-02-10,2026-02-18,8,
microsoft/DeepSpeed,Deep Learning,7841,2026-02-10,2026-03-01,19,
microsoft/DeepSpeed,Deep Learning,7840,2026-02-10,2026-02-12,2,
microsoft/DeepSpeed,Deep Learning,7839,2026-02-09,2026-02-12,2,
microsoft/DeepSpeed,Deep Learning,7837,2026-02-09,2026-02-12,3,"bug,compression"
microsoft/DeepSpeed,Deep Learning,7835,2026-02-07,2026-02-12,5,"bug,training"
microsoft/DeepSpeed,Deep Learning,7832,2026-02-05,2026-02-21,16,
microsoft/DeepSpeed,Deep Learning,7831,2026-02-05,2026-02-10,4,
microsoft/DeepSpeed,Deep Learning,7830,2026-02-05,2026-03-01,24,"bug,training"
microsoft/DeepSpeed,Deep Learning,7829,2026-02-03,2026-02-03,0,
facebookresearch/xformers,Deep Learning,1393,2026-04-12,2026-04-13,1,
facebookresearch/xformers,Deep Learning,1388,2026-04-01,2026-04-02,0,
facebookresearch/xformers,Deep Learning,1387,2026-03-31,2026-04-01,0,
facebookresearch/xformers,Deep Learning,1385,2026-03-24,2026-03-25,0,CLA Signed
facebookresearch/xformers,Deep Learning,1383,2026-03-13,2026-03-13,0,
facebookresearch/xformers,Deep Learning,1382,2026-03-13,2026-03-13,0,
facebookresearch/xformers,Deep Learning,1380,2026-02-28,2026-03-20,20,
facebookresearch/xformers,Deep Learning,1373,2026-01-24,2026-02-06,13,
facebookresearch/xformers,Deep Learning,1371,2026-01-20,2026-01-22,2,
facebookresearch/xformers,Deep Learning,1368,2026-01-05,2026-01-05,0,
facebookresearch/xformers,Deep Learning,1367,2026-01-04,2026-01-05,0,
facebookresearch/xformers,Deep Learning,1364,2025-12-13,2025-12-14,0,
facebookresearch/xformers,Deep Learning,1360,2025-12-01,2025-12-01,0,
facebookresearch/xformers,Deep Learning,1359,2025-12-01,2025-12-03,2,
facebookresearch/xformers,Deep Learning,1352,2025-10-31,2025-10-31,0,CLA Signed
facebookresearch/xformers,Deep Learning,1351,2025-10-29,2026-04-03,156,"CLA Signed,module: rocm"
facebookresearch/xformers,Deep Learning,1350,2025-10-25,2025-10-31,5,
facebookresearch/xformers,Deep Learning,1349,2025-10-21,2025-11-06,15,
facebookresearch/xformers,Deep Learning,1345,2025-10-10,2026-04-13,184,
facebookresearch/xformers,Deep Learning,1344,2025-10-09,2025-10-30,21,CLA Signed
facebookresearch/xformers,Deep Learning,1339,2025-09-29,2025-10-03,4,
facebookresearch/xformers,Deep Learning,1337,2025-09-26,2025-10-09,12,CLA Signed
facebookresearch/xformers,Deep Learning,1336,2025-09-26,2025-09-26,0,CLA Signed
facebookresearch/xformers,Deep Learning,1334,2025-09-23,2025-09-23,0,
facebookresearch/xformers,Deep Learning,1332,2025-09-09,2025-09-11,1,CLA Signed
facebookresearch/xformers,Deep Learning,1331,2025-09-09,2025-09-09,0,
facebookresearch/xformers,Deep Learning,1330,2025-09-07,2025-09-07,0,
facebookresearch/xformers,Deep Learning,1326,2025-09-05,2025-09-16,10,
facebookresearch/xformers,Deep Learning,1322,2025-08-23,2025-08-23,0,CLA Signed
facebookresearch/xformers,Deep Learning,1321,2025-08-22,2025-08-23,0,CLA Signed
facebookresearch/xformers,Deep Learning,1320,2025-08-22,2025-10-30,69,
facebookresearch/xformers,Deep Learning,1317,2025-08-18,2026-01-06,140,
facebookresearch/xformers,Deep Learning,1315,2025-08-17,2025-09-26,40,CLA Signed
facebookresearch/xformers,Deep Learning,1312,2025-08-15,2025-08-16,0,
facebookresearch/xformers,Deep Learning,1311,2025-08-15,2025-08-17,2,
facebookresearch/xformers,Deep Learning,1310,2025-08-14,2025-08-23,8,
facebookresearch/xformers,Deep Learning,1309,2025-08-14,2025-08-14,0,CLA Signed
facebookresearch/xformers,Deep Learning,1308,2025-08-13,2025-10-31,78,
facebookresearch/xformers,Deep Learning,1307,2025-08-13,2025-08-13,0,"CLA Signed,module: rocm"
facebookresearch/xformers,Deep Learning,1306,2025-08-12,2025-08-14,2,CLA Signed
facebookresearch/xformers,Deep Learning,1305,2025-08-11,2025-08-21,9,
facebookresearch/xformers,Deep Learning,1304,2025-08-11,2025-08-11,0,
facebookresearch/xformers,Deep Learning,1298,2025-08-01,2025-08-05,3,
facebookresearch/xformers,Deep Learning,1296,2025-07-30,2025-07-31,0,CLA Signed
facebookresearch/xformers,Deep Learning,1295,2025-07-30,2025-07-31,0,
facebookresearch/xformers,Deep Learning,1291,2025-07-14,2025-07-15,0,
facebookresearch/xformers,Deep Learning,1287,2025-07-06,2025-07-08,1,
facebookresearch/xformers,Deep Learning,1285,2025-07-04,2026-03-30,269,CLA Signed
facebookresearch/xformers,Deep Learning,1284,2025-07-02,2025-07-03,0,CLA Signed
facebookresearch/xformers,Deep Learning,1278,2025-06-27,2025-09-26,90,CLA Signed
facebookresearch/xformers,Deep Learning,1277,2025-06-27,2025-06-27,0,module: rocm
facebookresearch/xformers,Deep Learning,1273,2025-06-26,2025-06-26,0,module: rocm
facebookresearch/xformers,Deep Learning,1269,2025-06-18,2025-06-25,7,
facebookresearch/xformers,Deep Learning,1268,2025-06-17,2025-06-17,0,"CLA Signed,module: rocm"
facebookresearch/xformers,Deep Learning,1267,2025-06-17,2025-06-18,1,
facebookresearch/xformers,Deep Learning,1266,2025-06-16,2025-06-24,8,CLA Signed
facebookresearch/xformers,Deep Learning,1264,2025-06-07,2025-06-25,18,
facebookresearch/xformers,Deep Learning,1260,2025-06-01,2025-06-03,1,
facebookresearch/xformers,Deep Learning,1257,2025-05-28,2025-07-09,42,"CLA Signed,module: rocm"
facebookresearch/xformers,Deep Learning,1256,2025-05-23,2025-06-18,26,
facebookresearch/xformers,Deep Learning,1254,2025-05-18,2025-06-23,35,CLA Signed
facebookresearch/xformers,Deep Learning,1253,2025-05-15,2025-05-22,7,CLA Signed
facebookresearch/xformers,Deep Learning,1252,2025-05-07,2025-05-07,0,
facebookresearch/xformers,Deep Learning,1249,2025-04-30,2025-06-18,49,
facebookresearch/xformers,Deep Learning,1248,2025-04-28,2025-04-29,0,
facebookresearch/xformers,Deep Learning,1246,2025-04-24,2025-04-29,5,
facebookresearch/xformers,Deep Learning,1245,2025-04-23,2025-04-23,0,
facebookresearch/xformers,Deep Learning,1242,2025-04-10,2025-04-18,8,
facebookresearch/xformers,Deep Learning,1239,2025-03-25,2025-03-25,0,CLA Signed
facebookresearch/xformers,Deep Learning,1236,2025-03-19,2025-04-19,30,
facebookresearch/xformers,Deep Learning,1235,2025-03-17,2025-03-25,7,CLA Signed
facebookresearch/xformers,Deep Learning,1234,2025-03-17,2025-04-29,42,
facebookresearch/xformers,Deep Learning,1232,2025-03-16,2025-03-16,0,CLA Signed
facebookresearch/xformers,Deep Learning,1231,2025-03-15,2025-03-19,3,
facebookresearch/xformers,Deep Learning,1230,2025-03-11,2025-03-19,8,"CLA Signed,module: rocm"
facebookresearch/xformers,Deep Learning,1229,2025-03-06,2025-03-16,10,
facebookresearch/xformers,Deep Learning,1226,2025-02-27,2025-03-24,25,CLA Signed
facebookresearch/xformers,Deep Learning,1225,2025-02-27,2025-02-27,0,
facebookresearch/xformers,Deep Learning,1221,2025-02-15,2025-04-01,44,
facebookresearch/xformers,Deep Learning,1220,2025-02-15,2025-02-16,1,
facebookresearch/xformers,Deep Learning,1219,2025-02-11,2025-02-12,1,CLA Signed
facebookresearch/xformers,Deep Learning,1218,2025-02-11,2025-02-12,1,CLA Signed
facebookresearch/xformers,Deep Learning,1217,2025-02-10,2025-02-10,0,CLA Signed
facebookresearch/xformers,Deep Learning,1215,2025-02-10,2025-02-10,0,
facebookresearch/xformers,Deep Learning,1213,2025-02-07,2025-02-10,3,
facebookresearch/xformers,Deep Learning,1212,2025-02-06,2025-02-07,0,
facebookresearch/xformers,Deep Learning,1211,2025-02-06,2025-02-06,0,
facebookresearch/xformers,Deep Learning,1209,2025-02-01,2025-02-10,8,
facebookresearch/xformers,Deep Learning,1207,2025-01-31,2025-02-13,12,
facebookresearch/xformers,Deep Learning,1206,2025-01-31,2025-09-14,226,CLA Signed
facebookresearch/xformers,Deep Learning,1205,2025-01-30,2025-03-27,55,
facebookresearch/xformers,Deep Learning,1204,2025-01-30,2025-01-31,1,"CLA Signed,module: rocm"
facebookresearch/xformers,Deep Learning,1202,2025-01-24,2025-02-01,7,"CLA Signed,module: rocm"
facebookresearch/xformers,Deep Learning,1201,2025-01-24,2025-01-24,0,
facebookresearch/xformers,Deep Learning,1199,2025-01-22,2025-01-24,2,CLA Signed
facebookresearch/xformers,Deep Learning,1196,2025-01-17,2025-03-06,48,"CLA Signed,module: rocm"
facebookresearch/xformers,Deep Learning,1195,2025-01-16,2025-01-16,0,
facebookresearch/xformers,Deep Learning,1194,2025-01-14,2025-01-14,0,
facebookresearch/xformers,Deep Learning,1192,2025-01-10,2025-01-24,14,"CLA Signed,module: rocm"
facebookresearch/xformers,Deep Learning,1191,2025-01-06,2025-01-06,0,
Lightning-AI/litgpt,Deep Learning,2239,2026-04-15,2026-04-16,0,
Lightning-AI/litgpt,Deep Learning,2238,2026-04-15,2026-04-16,0,bug
Lightning-AI/litgpt,Deep Learning,2234,2026-04-12,2026-04-12,0,
Lightning-AI/litgpt,Deep Learning,2233,2026-04-10,2026-04-10,0,
Lightning-AI/litgpt,Deep Learning,2231,2026-04-08,2026-04-08,0,
Lightning-AI/litgpt,Deep Learning,2229,2026-04-06,2026-04-08,1,
Lightning-AI/litgpt,Deep Learning,2226,2026-04-01,2026-04-08,6,dependencies
Lightning-AI/litgpt,Deep Learning,2225,2026-03-31,2026-04-07,7,
Lightning-AI/litgpt,Deep Learning,2224,2026-03-30,2026-04-20,21,
Lightning-AI/litgpt,Deep Learning,2222,2026-03-26,2026-03-26,0,bug
Lightning-AI/litgpt,Deep Learning,2221,2026-03-25,2026-03-25,0,
Lightning-AI/litgpt,Deep Learning,2219,2026-03-21,2026-03-25,4,
Lightning-AI/litgpt,Deep Learning,2218,2026-03-20,2026-03-25,4,
Lightning-AI/litgpt,Deep Learning,2217,2026-03-20,2026-03-23,3,bug
Lightning-AI/litgpt,Deep Learning,2216,2026-03-17,2026-03-21,3,
Lightning-AI/litgpt,Deep Learning,2215,2026-03-16,2026-03-25,8,
Lightning-AI/litgpt,Deep Learning,2214,2026-03-15,2026-04-07,23,
Lightning-AI/litgpt,Deep Learning,2213,2026-03-09,2026-04-08,29,
Lightning-AI/litgpt,Deep Learning,2210,2026-03-04,2026-03-06,1,
Lightning-AI/litgpt,Deep Learning,2209,2026-03-04,2026-03-04,0,
Lightning-AI/litgpt,Deep Learning,2208,2026-03-04,2026-03-04,0,CI / actions
Lightning-AI/litgpt,Deep Learning,2207,2026-03-04,2026-03-04,0,
Lightning-AI/litgpt,Deep Learning,2206,2026-03-01,2026-03-21,19,dependencies
Lightning-AI/litgpt,Deep Learning,2205,2026-03-01,2026-03-21,19,dependencies
Lightning-AI/litgpt,Deep Learning,2204,2026-02-18,2026-02-20,2,
Lightning-AI/litgpt,Deep Learning,2203,2026-02-17,2026-02-18,1,
Lightning-AI/litgpt,Deep Learning,2202,2026-02-15,2026-03-19,31,
Lightning-AI/litgpt,Deep Learning,2201,2026-02-11,2026-02-17,5,
Lightning-AI/litgpt,Deep Learning,2200,2026-02-01,2026-02-04,3,dependencies
Lightning-AI/litgpt,Deep Learning,2199,2026-02-01,2026-02-04,3,dependencies
Lightning-AI/litgpt,Deep Learning,2198,2026-01-30,2026-02-06,6,enhancement
Lightning-AI/litgpt,Deep Learning,2197,2026-01-30,2026-02-06,7,enhancement
Lightning-AI/litgpt,Deep Learning,2196,2026-01-25,2026-03-25,59,
Lightning-AI/litgpt,Deep Learning,2195,2026-01-18,2026-01-23,5,
Lightning-AI/litgpt,Deep Learning,2194,2026-01-18,2026-01-23,5,bug
Lightning-AI/litgpt,Deep Learning,2193,2026-01-18,2026-01-29,11,
Lightning-AI/litgpt,Deep Learning,2192,2026-01-15,2026-04-07,82,enhancement
Lightning-AI/litgpt,Deep Learning,2188,2026-01-13,2026-01-20,6,
Lightning-AI/litgpt,Deep Learning,2187,2026-01-13,2026-01-29,16,bug
Lightning-AI/litgpt,Deep Learning,2186,2026-01-11,2026-01-29,17,question
Lightning-AI/litgpt,Deep Learning,2185,2026-01-09,2026-01-13,4,
Lightning-AI/litgpt,Deep Learning,2184,2026-01-07,2026-01-13,6,
Lightning-AI/litgpt,Deep Learning,2183,2026-01-07,2026-01-07,0,
Lightning-AI/litgpt,Deep Learning,2182,2026-01-07,2026-03-25,76,bug
Lightning-AI/litgpt,Deep Learning,2181,2026-01-06,2026-01-14,7,bug
Lightning-AI/litgpt,Deep Learning,2180,2026-01-05,2026-01-13,8,
Lightning-AI/litgpt,Deep Learning,2179,2026-01-04,2026-01-14,10,
Lightning-AI/litgpt,Deep Learning,2178,2026-01-04,2026-01-14,10,bug
Lightning-AI/litgpt,Deep Learning,2177,2026-01-01,2026-04-10,99,dependencies
Lightning-AI/litgpt,Deep Learning,2176,2026-01-01,2026-01-13,12,dependencies
Lightning-AI/litgpt,Deep Learning,2174,2025-12-26,2025-12-26,0,
Lightning-AI/litgpt,Deep Learning,2171,2025-12-18,2025-12-18,0,
Lightning-AI/litgpt,Deep Learning,2170,2025-12-15,2025-12-16,1,CI / actions
Lightning-AI/litgpt,Deep Learning,2169,2025-12-14,2025-12-16,2,
Lightning-AI/litgpt,Deep Learning,2168,2025-12-02,2025-12-04,1,
Lightning-AI/litgpt,Deep Learning,2167,2025-12-02,2025-12-02,0,
Lightning-AI/litgpt,Deep Learning,2166,2025-12-02,2025-12-16,13,
Lightning-AI/litgpt,Deep Learning,2164,2025-11-24,2025-12-15,20,CI / actions
Lightning-AI/litgpt,Deep Learning,2162,2025-11-19,2025-11-24,5,CI / actions
Lightning-AI/litgpt,Deep Learning,2161,2025-11-19,2025-11-25,6,CI / actions
Lightning-AI/litgpt,Deep Learning,2160,2025-11-18,2025-11-19,0,
Lightning-AI/litgpt,Deep Learning,2159,2025-11-18,2025-11-19,1,
Lightning-AI/litgpt,Deep Learning,2157,2025-11-13,2025-11-14,1,enhancement
Lightning-AI/litgpt,Deep Learning,2156,2025-11-11,2025-11-25,13,
Lightning-AI/litgpt,Deep Learning,2155,2025-11-06,2025-11-15,8,
Lightning-AI/litgpt,Deep Learning,2154,2025-11-06,2025-11-20,14,bug
Lightning-AI/litgpt,Deep Learning,2153,2025-11-02,2025-12-17,45,
Lightning-AI/litgpt,Deep Learning,2152,2025-11-01,2025-12-16,45,dependencies
Lightning-AI/litgpt,Deep Learning,2151,2025-10-30,2025-11-27,27,question
Lightning-AI/litgpt,Deep Learning,2149,2025-10-30,2025-11-04,5,
Lightning-AI/litgpt,Deep Learning,2148,2025-10-30,2025-11-04,5,
Lightning-AI/litgpt,Deep Learning,2147,2025-10-27,2025-11-27,30,bug
Lightning-AI/litgpt,Deep Learning,2146,2025-10-20,2025-11-27,38,question
Lightning-AI/litgpt,Deep Learning,2145,2025-10-19,2025-12-17,59,bug
Lightning-AI/litgpt,Deep Learning,2144,2025-10-12,2025-11-04,22,bug
Lightning-AI/litgpt,Deep Learning,2143,2025-10-09,2025-11-04,25,
Lightning-AI/litgpt,Deep Learning,2142,2025-10-06,2025-12-16,70,
Lightning-AI/litgpt,Deep Learning,2140,2025-10-03,2025-10-09,5,
Lightning-AI/litgpt,Deep Learning,2139,2025-10-01,2026-01-13,104,dependencies
Lightning-AI/litgpt,Deep Learning,2138,2025-09-30,2025-11-25,55,
Lightning-AI/litgpt,Deep Learning,2137,2025-09-25,2025-09-26,0,
Lightning-AI/litgpt,Deep Learning,2135,2025-09-13,2025-10-19,35,question
Lightning-AI/litgpt,Deep Learning,2134,2025-09-12,2025-11-07,55,
Lightning-AI/litgpt,Deep Learning,2132,2025-09-12,2025-09-12,0,
Lightning-AI/litgpt,Deep Learning,2131,2025-09-11,2025-11-25,74,
Lightning-AI/litgpt,Deep Learning,2130,2025-09-11,2025-11-26,75,
Lightning-AI/litgpt,Deep Learning,2129,2025-09-11,2025-09-11,0,
Lightning-AI/litgpt,Deep Learning,2128,2025-09-10,2025-09-11,0,"bug,documentation"
Lightning-AI/litgpt,Deep Learning,2127,2025-09-08,2025-09-08,0,
Lightning-AI/litgpt,Deep Learning,2126,2025-09-08,2025-09-08,0,CI / actions
Lightning-AI/litgpt,Deep Learning,2125,2025-09-07,2025-09-08,0,
Lightning-AI/litgpt,Deep Learning,2124,2025-09-04,2025-09-04,0,
Lightning-AI/litgpt,Deep Learning,2123,2025-09-04,2025-09-04,0,
Lightning-AI/litgpt,Deep Learning,2122,2025-09-02,2025-09-11,8,bug
Lightning-AI/litgpt,Deep Learning,2121,2025-09-01,2025-12-16,105,dependencies
Lightning-AI/litgpt,Deep Learning,2120,2025-09-01,2025-09-05,3,dependencies
Lightning-AI/litgpt,Deep Learning,2119,2025-09-01,2025-09-05,3,dependencies
Lightning-AI/litgpt,Deep Learning,2118,2025-09-01,2025-09-08,7,
Lightning-AI/litgpt,Deep Learning,2117,2025-08-31,2025-09-01,1,
Lightning-AI/litgpt,Deep Learning,2113,2025-08-28,2025-09-08,11,
karpathy/nanoGPT,Deep Learning,725,2026-04-24,2026-04-24,0,
karpathy/nanoGPT,Deep Learning,723,2026-04-21,2026-04-21,0,
karpathy/nanoGPT,Deep Learning,720,2026-04-19,2026-04-19,0,
karpathy/nanoGPT,Deep Learning,716,2026-04-15,2026-04-15,0,
karpathy/nanoGPT,Deep Learning,712,2026-04-06,2026-04-14,7,
karpathy/nanoGPT,Deep Learning,711,2026-04-06,2026-04-14,7,
karpathy/nanoGPT,Deep Learning,710,2026-04-06,2026-04-14,7,
karpathy/nanoGPT,Deep Learning,709,2026-04-06,2026-04-14,7,
karpathy/nanoGPT,Deep Learning,702,2026-03-24,2026-03-24,0,
karpathy/nanoGPT,Deep Learning,700,2026-03-18,2026-03-18,0,
karpathy/nanoGPT,Deep Learning,696,2026-03-16,2026-03-16,0,
karpathy/nanoGPT,Deep Learning,695,2026-03-16,2026-03-16,0,
karpathy/nanoGPT,Deep Learning,694,2026-03-16,2026-03-25,9,
karpathy/nanoGPT,Deep Learning,690,2026-03-05,2026-03-05,0,
karpathy/nanoGPT,Deep Learning,687,2026-02-20,2026-02-20,0,
karpathy/nanoGPT,Deep Learning,684,2026-02-14,2026-02-14,0,
karpathy/nanoGPT,Deep Learning,682,2026-01-19,2026-01-19,0,
karpathy/nanoGPT,Deep Learning,679,2026-01-09,2026-04-21,101,
karpathy/nanoGPT,Deep Learning,678,2026-01-08,2026-01-08,0,
karpathy/nanoGPT,Deep Learning,676,2026-01-06,2026-01-06,0,
karpathy/nanoGPT,Deep Learning,674,2025-12-27,2026-01-09,13,
karpathy/nanoGPT,Deep Learning,668,2025-12-04,2025-12-04,0,
karpathy/nanoGPT,Deep Learning,666,2025-11-27,2025-11-27,0,
karpathy/nanoGPT,Deep Learning,663,2025-11-14,2025-11-29,14,
karpathy/nanoGPT,Deep Learning,662,2025-11-13,2025-11-13,0,
karpathy/nanoGPT,Deep Learning,660,2025-11-11,2025-11-11,0,
karpathy/nanoGPT,Deep Learning,659,2025-11-10,2025-11-10,0,
karpathy/nanoGPT,Deep Learning,658,2025-11-09,2025-11-09,0,
karpathy/nanoGPT,Deep Learning,657,2025-11-07,2026-03-21,134,
karpathy/nanoGPT,Deep Learning,655,2025-10-23,2025-10-23,0,
karpathy/nanoGPT,Deep Learning,649,2025-10-20,2025-10-20,0,
karpathy/nanoGPT,Deep Learning,648,2025-10-17,2025-10-17,0,
karpathy/nanoGPT,Deep Learning,647,2025-10-17,2025-10-17,0,
karpathy/nanoGPT,Deep Learning,641,2025-09-29,2025-09-29,0,
karpathy/nanoGPT,Deep Learning,640,2025-09-23,2025-09-23,0,
karpathy/nanoGPT,Deep Learning,637,2025-09-04,2026-01-20,138,
karpathy/nanoGPT,Deep Learning,634,2025-08-22,2025-08-22,0,
karpathy/nanoGPT,Deep Learning,630,2025-08-12,2025-08-12,0,
karpathy/nanoGPT,Deep Learning,629,2025-08-12,2025-08-12,0,
karpathy/nanoGPT,Deep Learning,624,2025-07-17,2025-07-17,0,
karpathy/nanoGPT,Deep Learning,623,2025-07-16,2025-11-19,125,
karpathy/nanoGPT,Deep Learning,622,2025-07-09,2025-09-01,54,
karpathy/nanoGPT,Deep Learning,621,2025-07-05,2025-07-05,0,
karpathy/nanoGPT,Deep Learning,618,2025-06-25,2025-06-25,0,
karpathy/nanoGPT,Deep Learning,617,2025-06-23,2025-06-23,0,
karpathy/nanoGPT,Deep Learning,615,2025-06-09,2025-06-09,0,
karpathy/nanoGPT,Deep Learning,611,2025-06-03,2025-06-03,0,
karpathy/nanoGPT,Deep Learning,610,2025-05-26,2025-05-28,1,
karpathy/nanoGPT,Deep Learning,609,2025-05-23,2025-05-23,0,
karpathy/nanoGPT,Deep Learning,608,2025-05-07,2025-05-07,0,
karpathy/nanoGPT,Deep Learning,606,2025-04-25,2025-12-15,234,
karpathy/nanoGPT,Deep Learning,605,2025-04-25,2025-04-25,0,
karpathy/nanoGPT,Deep Learning,604,2025-04-23,2025-04-23,0,
karpathy/nanoGPT,Deep Learning,603,2025-04-23,2025-04-23,0,
karpathy/nanoGPT,Deep Learning,600,2025-03-24,2025-03-24,0,
karpathy/nanoGPT,Deep Learning,597,2025-03-14,2025-11-05,236,
karpathy/nanoGPT,Deep Learning,593,2025-02-06,2025-02-06,0,
karpathy/nanoGPT,Deep Learning,592,2025-02-06,2025-02-06,0,
karpathy/nanoGPT,Deep Learning,583,2024-12-24,2026-03-04,435,
karpathy/nanoGPT,Deep Learning,581,2024-12-18,2024-12-18,0,
karpathy/nanoGPT,Deep Learning,580,2024-12-11,2024-12-11,0,
karpathy/nanoGPT,Deep Learning,579,2024-12-10,2024-12-10,0,
karpathy/nanoGPT,Deep Learning,578,2024-12-09,2024-12-09,0,
karpathy/nanoGPT,Deep Learning,576,2024-11-27,2024-11-27,0,
karpathy/nanoGPT,Deep Learning,575,2024-11-23,2024-11-23,0,
karpathy/nanoGPT,Deep Learning,573,2024-11-15,2024-11-15,0,
karpathy/nanoGPT,Deep Learning,572,2024-11-14,2024-11-14,0,
karpathy/nanoGPT,Deep Learning,571,2024-11-12,2024-11-12,0,
karpathy/nanoGPT,Deep Learning,568,2024-10-26,2024-10-26,0,
karpathy/nanoGPT,Deep Learning,566,2024-10-18,2024-10-18,0,
karpathy/nanoGPT,Deep Learning,565,2024-10-15,2024-10-24,8,
karpathy/nanoGPT,Deep Learning,564,2024-10-14,2024-10-14,0,
karpathy/nanoGPT,Deep Learning,563,2024-10-14,2024-10-14,0,
karpathy/nanoGPT,Deep Learning,562,2024-10-12,2024-10-12,0,
karpathy/nanoGPT,Deep Learning,561,2024-10-09,2024-10-09,0,
karpathy/nanoGPT,Deep Learning,559,2024-09-28,2024-09-28,0,
karpathy/nanoGPT,Deep Learning,557,2024-09-25,2024-09-25,0,
karpathy/nanoGPT,Deep Learning,556,2024-09-25,2024-09-25,0,
karpathy/nanoGPT,Deep Learning,550,2024-09-04,2024-09-04,0,
karpathy/nanoGPT,Deep Learning,549,2024-08-29,2024-09-16,18,
karpathy/nanoGPT,Deep Learning,545,2024-08-15,2024-08-16,0,
karpathy/nanoGPT,Deep Learning,543,2024-08-07,2024-08-07,0,
karpathy/nanoGPT,Deep Learning,541,2024-08-02,2024-08-02,0,
karpathy/nanoGPT,Deep Learning,536,2024-07-15,2024-07-22,7,
karpathy/nanoGPT,Deep Learning,534,2024-07-14,2024-07-14,0,
karpathy/nanoGPT,Deep Learning,526,2024-06-18,2024-06-18,0,
karpathy/nanoGPT,Deep Learning,491,2024-06-08,2024-06-09,0,
karpathy/nanoGPT,Deep Learning,490,2024-06-05,2024-06-06,0,
karpathy/nanoGPT,Deep Learning,487,2024-05-28,2024-06-03,6,
karpathy/nanoGPT,Deep Learning,484,2024-05-20,2024-06-10,21,
karpathy/nanoGPT,Deep Learning,482,2024-05-17,2024-06-11,24,
karpathy/nanoGPT,Deep Learning,480,2024-05-08,2024-05-08,0,
karpathy/nanoGPT,Deep Learning,477,2024-04-26,2024-04-27,0,
karpathy/nanoGPT,Deep Learning,475,2024-04-23,2024-05-06,13,
karpathy/nanoGPT,Deep Learning,473,2024-04-17,2024-04-17,0,
karpathy/nanoGPT,Deep Learning,472,2024-04-15,2024-06-11,56,
karpathy/nanoGPT,Deep Learning,470,2024-04-05,2024-04-05,0,
karpathy/nanoGPT,Deep Learning,466,2024-03-25,2024-04-19,24,
karpathy/nanoGPT,Deep Learning,464,2024-03-24,2024-06-03,70,
karpathy/nanoGPT,Deep Learning,463,2024-03-24,2024-06-03,71,
openai/whisper,Deep Learning,2760,2026-04-13,2026-04-15,1,
openai/whisper,Deep Learning,2751,2026-03-27,2026-03-27,0,
openai/whisper,Deep Learning,2750,2026-03-26,2026-03-26,0,
openai/whisper,Deep Learning,2736,2026-03-01,2026-03-02,1,
openai/whisper,Deep Learning,2733,2026-02-24,2026-02-24,0,
openai/whisper,Deep Learning,2732,2026-02-19,2026-02-19,0,
openai/whisper,Deep Learning,2721,2026-01-27,2026-01-27,0,
openai/whisper,Deep Learning,2718,2026-01-23,2026-01-23,0,
openai/whisper,Deep Learning,2717,2026-01-22,2026-01-22,0,
openai/whisper,Deep Learning,2715,2026-01-16,2026-01-20,3,
openai/whisper,Deep Learning,2697,2025-12-03,2025-12-03,0,
openai/whisper,Deep Learning,2690,2025-11-16,2026-02-25,101,
openai/whisper,Deep Learning,2647,2025-09-08,2025-12-15,97,"dependencies,github_actions"
openai/whisper,Deep Learning,2639,2025-08-24,2025-08-24,0,
openai/whisper,Deep Learning,2635,2025-08-18,2025-09-08,20,"dependencies,github_actions"
openai/whisper,Deep Learning,2634,2025-08-16,2025-08-18,2,
openai/whisper,Deep Learning,2627,2025-07-22,2025-07-22,0,
openai/whisper,Deep Learning,2592,2025-05-13,2025-05-13,0,"dependencies,github_actions"
openai/whisper,Deep Learning,2589,2025-05-11,2025-06-25,45,
openai/whisper,Deep Learning,2588,2025-05-07,2025-06-26,49,
openai/whisper,Deep Learning,2580,2025-04-24,2025-06-25,62,
openai/whisper,Deep Learning,2561,2025-03-25,2025-06-26,92,
openai/whisper,Deep Learning,2560,2025-03-25,2025-03-25,0,
openai/whisper,Deep Learning,2549,2025-03-16,2025-06-26,101,
openai/whisper,Deep Learning,2547,2025-03-11,2025-06-26,106,
openai/whisper,Deep Learning,2524,2025-02-12,2025-02-12,0,
openai/whisper,Deep Learning,2520,2025-02-08,2025-02-08,0,
openai/whisper,Deep Learning,2514,2025-01-29,2025-05-13,103,
openai/whisper,Deep Learning,2512,2025-01-28,2025-01-28,0,
openai/whisper,Deep Learning,2488,2025-01-04,2025-01-04,0,
openai/whisper,Deep Learning,2487,2025-01-04,2025-05-13,128,
openai/whisper,Deep Learning,2486,2025-01-04,2025-05-13,129,
openai/whisper,Deep Learning,2485,2025-01-04,2025-01-04,0,
openai/whisper,Deep Learning,2484,2025-01-04,2025-01-04,0,
openai/whisper,Deep Learning,2474,2024-12-22,2024-12-30,8,
openai/whisper,Deep Learning,2473,2024-12-22,2024-12-22,0,
openai/whisper,Deep Learning,2457,2024-11-26,2025-06-26,211,
openai/whisper,Deep Learning,2451,2024-11-20,2025-06-26,217,
openai/whisper,Deep Learning,2447,2024-11-20,2025-01-29,69,
openai/whisper,Deep Learning,2438,2024-11-13,2024-11-19,6,
openai/whisper,Deep Learning,2435,2024-11-12,2025-01-04,52,
openai/whisper,Deep Learning,2433,2024-11-12,2024-11-13,0,
openai/whisper,Deep Learning,2431,2024-11-12,2024-11-12,0,
openai/whisper,Deep Learning,2430,2024-11-11,2025-01-04,53,
openai/whisper,Deep Learning,2409,2024-10-26,2025-01-04,69,
openai/whisper,Deep Learning,2408,2024-10-26,2024-10-26,0,
openai/whisper,Deep Learning,2407,2024-10-25,2025-06-26,243,
openai/whisper,Deep Learning,2393,2024-10-17,2025-06-26,251,
openai/whisper,Deep Learning,2390,2024-10-15,2025-03-01,136,
openai/whisper,Deep Learning,2379,2024-10-07,2024-11-04,27,
openai/whisper,Deep Learning,2369,2024-10-04,2025-09-27,358,
openai/whisper,Deep Learning,2367,2024-10-03,2025-06-26,265,
openai/whisper,Deep Learning,2362,2024-09-30,2024-09-30,0,
openai/whisper,Deep Learning,2361,2024-09-30,2024-09-30,0,
openai/whisper,Deep Learning,2360,2024-09-30,2024-09-30,0,
openai/whisper,Deep Learning,2359,2024-09-30,2024-09-30,0,
openai/whisper,Deep Learning,2343,2024-09-18,2024-10-26,38,
openai/whisper,Deep Learning,2332,2024-09-10,2024-09-10,0,
openai/whisper,Deep Learning,2309,2024-08-22,2024-09-10,19,
openai/whisper,Deep Learning,2307,2024-08-19,2024-09-10,21,
openai/whisper,Deep Learning,2301,2024-08-13,2025-06-26,316,
openai/whisper,Deep Learning,2298,2024-08-08,2024-10-17,70,
openai/whisper,Deep Learning,2286,2024-07-31,2024-07-31,0,
openai/whisper,Deep Learning,2240,2024-06-22,2024-06-24,1,
openai/whisper,Deep Learning,2229,2024-06-16,2024-06-16,0,
openai/whisper,Deep Learning,2222,2024-06-12,2025-04-19,310,
openai/whisper,Deep Learning,2206,2024-06-07,2024-06-07,0,
openai/whisper,Deep Learning,2187,2024-05-24,2024-05-24,0,
openai/whisper,Deep Learning,2185,2024-05-22,2024-05-22,0,
openai/whisper,Deep Learning,2166,2024-05-08,2024-05-08,0,
openai/whisper,Deep Learning,2153,2024-04-30,2024-06-18,49,
openai/whisper,Deep Learning,2152,2024-04-29,2024-04-30,0,
openai/whisper,Deep Learning,2130,2024-04-12,2024-04-12,0,
openai/whisper,Deep Learning,2049,2024-02-27,2024-11-26,273,
openai/whisper,Deep Learning,1979,2024-01-25,2024-01-25,0,
openai/whisper,Deep Learning,1946,2024-01-07,2024-01-16,9,
openai/whisper,Deep Learning,1926,2023-12-29,2023-12-29,0,
openai/whisper,Deep Learning,1903,2023-12-17,2024-12-01,349,
openai/whisper,Deep Learning,1898,2023-12-14,2023-12-14,0,
openai/whisper,Deep Learning,1887,2023-12-10,2023-12-11,1,
openai/whisper,Deep Learning,1866,2023-12-02,2023-12-02,0,
openai/whisper,Deep Learning,1838,2023-11-24,2023-12-18,24,
openai/whisper,Deep Learning,1831,2023-11-22,2024-09-30,313,
openai/whisper,Deep Learning,1802,2023-11-13,2023-11-13,0,
openai/whisper,Deep Learning,1786,2023-11-09,2025-09-24,684,
openai/whisper,Deep Learning,1763,2023-11-06,2025-09-03,666,
openai/whisper,Deep Learning,1761,2023-11-06,2023-11-06,0,
openai/whisper,Deep Learning,1759,2023-11-06,2023-11-06,0,
openai/whisper,Deep Learning,1751,2023-11-02,2023-11-06,3,
openai/whisper,Deep Learning,1741,2023-10-29,2023-11-03,5,
openai/whisper,Deep Learning,1729,2023-10-22,2023-11-06,14,
openai/whisper,Deep Learning,1704,2023-10-11,2023-11-09,28,
openai/whisper,Deep Learning,1682,2023-09-28,2023-11-06,38,
openai/whisper,Deep Learning,1661,2023-09-15,2023-09-15,0,
openai/whisper,Deep Learning,1643,2023-09-06,2023-09-18,12,
openai/whisper,Deep Learning,1642,2023-09-05,2023-09-05,0,
openai/whisper,Deep Learning,1596,2023-08-10,2023-08-10,0,
openai/whisper,Deep Learning,1580,2023-08-06,2023-08-06,0,
openai/whisper,Deep Learning,1571,2023-08-03,2023-09-18,46,
openai/whisper,Deep Learning,1568,2023-08-02,2023-09-18,47,
facebookresearch/llama,Deep Learning,1425,2026-04-06,2026-05-04,28,CLA Signed
facebookresearch/llama,Deep Learning,1424,2026-04-06,2026-05-04,28,CLA Signed
facebookresearch/llama,Deep Learning,1423,2026-04-06,2026-05-04,28,CLA Signed
facebookresearch/llama,Deep Learning,1422,2026-04-06,2026-05-04,28,CLA Signed
facebookresearch/llama,Deep Learning,1403,2025-11-26,2026-04-05,129,CLA Signed
facebookresearch/llama,Deep Learning,1400,2025-11-06,2025-11-06,0,
facebookresearch/llama,Deep Learning,1389,2025-08-27,2025-08-27,0,
facebookresearch/llama,Deep Learning,1383,2025-08-01,2025-08-07,6,CLA Signed
facebookresearch/llama,Deep Learning,1378,2025-07-03,2025-07-03,0,
facebookresearch/llama,Deep Learning,1339,2025-04-29,2025-12-03,218,CLA Signed
facebookresearch/llama,Deep Learning,1328,2025-03-04,2025-03-05,1,
facebookresearch/llama,Deep Learning,1321,2025-01-26,2025-01-26,0,
facebookresearch/llama,Deep Learning,1317,2025-01-06,2025-01-07,0,
facebookresearch/llama,Deep Learning,1316,2025-01-05,2025-05-19,133,
facebookresearch/llama,Deep Learning,1313,2024-12-29,2024-12-29,0,
facebookresearch/llama,Deep Learning,1311,2024-12-29,2024-12-29,0,
facebookresearch/llama,Deep Learning,1310,2024-12-29,2024-12-29,0,
facebookresearch/llama,Deep Learning,1302,2024-12-22,2024-12-22,0,
facebookresearch/llama,Deep Learning,1286,2024-12-17,2024-12-17,0,
facebookresearch/llama,Deep Learning,1284,2024-12-17,2024-12-17,0,
facebookresearch/llama,Deep Learning,1263,2024-12-07,2024-12-07,0,
facebookresearch/llama,Deep Learning,1256,2024-12-05,2024-12-05,0,
facebookresearch/llama,Deep Learning,1211,2024-11-22,2024-11-23,0,
facebookresearch/llama,Deep Learning,1209,2024-11-18,2025-01-24,66,CLA Signed
facebookresearch/llama,Deep Learning,1193,2024-10-31,2024-10-31,0,
facebookresearch/llama,Deep Learning,1191,2024-10-29,2024-10-29,0,
facebookresearch/llama,Deep Learning,1182,2024-10-12,2024-10-12,0,
facebookresearch/llama,Deep Learning,1180,2024-10-09,2024-10-09,0,
facebookresearch/llama,Deep Learning,1179,2024-10-09,2024-10-09,0,
facebookresearch/llama,Deep Learning,1169,2024-09-11,2024-09-11,0,
facebookresearch/llama,Deep Learning,1167,2024-09-07,2024-09-11,4,
facebookresearch/llama,Deep Learning,1166,2024-09-07,2024-09-11,4,
facebookresearch/llama,Deep Learning,1163,2024-08-23,2024-09-11,19,
facebookresearch/llama,Deep Learning,1162,2024-08-23,2024-08-23,0,
facebookresearch/llama,Deep Learning,1161,2024-08-18,2024-09-11,24,
facebookresearch/llama,Deep Learning,1159,2024-08-17,2024-08-26,8,
facebookresearch/llama,Deep Learning,1157,2024-08-13,2024-09-10,28,
facebookresearch/llama,Deep Learning,1151,2024-07-27,2024-07-27,0,
facebookresearch/llama,Deep Learning,1147,2024-07-25,2024-07-25,0,
facebookresearch/llama,Deep Learning,1140,2024-07-16,2024-07-23,6,
facebookresearch/llama,Deep Learning,1136,2024-07-07,2024-09-11,66,
facebookresearch/llama,Deep Learning,1134,2024-06-28,2024-07-01,2,
facebookresearch/llama,Deep Learning,1128,2024-05-23,2024-06-02,10,
facebookresearch/llama,Deep Learning,1125,2024-05-15,2024-07-23,69,CLA Signed
facebookresearch/llama,Deep Learning,1124,2024-05-14,2024-05-14,0,CLA Signed
facebookresearch/llama,Deep Learning,1116,2024-04-30,2024-09-11,133,
facebookresearch/llama,Deep Learning,1115,2024-04-29,2025-09-11,499,CLA Signed
facebookresearch/llama,Deep Learning,1112,2024-04-26,2024-04-26,0,
facebookresearch/llama,Deep Learning,1106,2024-04-21,2025-02-02,287,
facebookresearch/llama,Deep Learning,1104,2024-04-19,2024-04-19,0,
facebookresearch/llama,Deep Learning,1094,2024-04-10,2024-04-10,0,
facebookresearch/llama,Deep Learning,1093,2024-04-09,2024-04-09,0,
facebookresearch/llama,Deep Learning,1092,2024-04-09,2024-04-09,0,
facebookresearch/llama,Deep Learning,1091,2024-04-08,2024-04-09,1,CLA Signed
facebookresearch/llama,Deep Learning,1090,2024-04-08,2024-04-08,0,
facebookresearch/llama,Deep Learning,1089,2024-04-08,2024-04-10,2,
facebookresearch/llama,Deep Learning,1087,2024-04-04,2024-04-04,0,
facebookresearch/llama,Deep Learning,1083,2024-03-28,2024-03-28,0,
facebookresearch/llama,Deep Learning,1079,2024-03-23,2024-04-09,17,CLA Signed
facebookresearch/llama,Deep Learning,1077,2024-03-21,2024-03-21,0,CLA Signed
facebookresearch/llama,Deep Learning,1076,2024-03-20,2024-03-20,0,CLA Signed
facebookresearch/llama,Deep Learning,1074,2024-03-19,2024-03-20,0,
facebookresearch/llama,Deep Learning,1073,2024-03-19,2024-03-20,1,
facebookresearch/llama,Deep Learning,1071,2024-03-18,2024-07-22,125,
facebookresearch/llama,Deep Learning,1070,2024-03-16,2024-06-03,79,download-install
facebookresearch/llama,Deep Learning,1069,2024-03-15,2024-07-17,124,CLA Signed
facebookresearch/llama,Deep Learning,1068,2024-03-15,2024-07-17,124,CLA Signed
facebookresearch/llama,Deep Learning,1066,2024-03-14,2024-03-27,12,
facebookresearch/llama,Deep Learning,1065,2024-03-14,2024-03-22,7,needs-more-information
facebookresearch/llama,Deep Learning,1063,2024-03-13,2024-03-13,0,CLA Signed
facebookresearch/llama,Deep Learning,1061,2024-03-07,2024-03-21,14,needs-more-information
facebookresearch/llama,Deep Learning,1060,2024-03-06,2024-07-09,125,model-access
facebookresearch/llama,Deep Learning,1059,2024-03-06,2024-03-12,6,CLA Signed
facebookresearch/llama,Deep Learning,1058,2024-03-06,2024-03-06,0,CLA Signed
facebookresearch/llama,Deep Learning,1055,2024-03-04,2024-03-21,17,
facebookresearch/llama,Deep Learning,1053,2024-03-01,2024-03-01,0,
facebookresearch/llama,Deep Learning,1052,2024-02-29,2024-03-20,19,
facebookresearch/llama,Deep Learning,1051,2024-02-29,2024-02-29,0,
facebookresearch/llama,Deep Learning,1047,2024-02-28,2024-03-20,20,
facebookresearch/llama,Deep Learning,1046,2024-02-28,2024-02-28,0,CLA Signed
facebookresearch/llama,Deep Learning,1045,2024-02-27,2024-02-27,0,
facebookresearch/llama,Deep Learning,1044,2024-02-27,2024-09-11,196,
facebookresearch/llama,Deep Learning,1040,2024-02-26,2024-02-26,0,
facebookresearch/llama,Deep Learning,1039,2024-02-26,2024-04-08,41,
facebookresearch/llama,Deep Learning,1037,2024-02-25,2024-02-25,0,
facebookresearch/llama,Deep Learning,1036,2024-02-24,2024-06-03,100,
facebookresearch/llama,Deep Learning,1035,2024-02-23,2024-04-09,46,download-install
facebookresearch/llama,Deep Learning,1033,2024-02-21,2024-02-23,1,CLA Signed
facebookresearch/llama,Deep Learning,1029,2024-02-13,2024-03-20,36,model-usage
facebookresearch/llama,Deep Learning,1028,2024-02-10,2024-09-11,213,CLA Signed
facebookresearch/llama,Deep Learning,1025,2024-02-05,2024-03-19,42,download-install
facebookresearch/llama,Deep Learning,1024,2024-02-04,2024-03-18,42,
facebookresearch/llama,Deep Learning,1022,2024-02-02,2024-02-02,0,
facebookresearch/llama,Deep Learning,1021,2024-02-01,2024-06-03,123,download-install
facebookresearch/llama,Deep Learning,1020,2024-01-31,2024-01-31,0,
facebookresearch/llama,Deep Learning,1018,2024-01-30,2024-03-20,50,"question,model-usage"
facebookresearch/llama,Deep Learning,1017,2024-01-30,2024-03-27,57,bug
facebookresearch/llama,Deep Learning,1016,2024-01-30,2024-02-07,7,download-install
facebookresearch/llama,Deep Learning,1015,2024-01-29,2024-01-29,0,
facebookresearch/llama,Deep Learning,1013,2024-01-28,2024-02-07,9,
CompVis/stable-diffusion,Deep Learning,910,2026-02-25,2026-02-27,1,
CompVis/stable-diffusion,Deep Learning,903,2025-11-26,2025-11-26,0,
CompVis/stable-diffusion,Deep Learning,899,2025-09-26,2025-09-26,0,
CompVis/stable-diffusion,Deep Learning,895,2025-05-12,2025-05-12,0,
CompVis/stable-diffusion,Deep Learning,894,2025-04-29,2025-05-01,2,
CompVis/stable-diffusion,Deep Learning,893,2025-04-27,2025-04-27,0,
CompVis/stable-diffusion,Deep Learning,891,2025-04-26,2025-04-26,0,
CompVis/stable-diffusion,Deep Learning,890,2025-04-26,2025-04-26,0,
CompVis/stable-diffusion,Deep Learning,886,2025-03-28,2025-03-28,0,
CompVis/stable-diffusion,Deep Learning,873,2024-10-20,2024-11-01,11,
CompVis/stable-diffusion,Deep Learning,865,2024-07-24,2025-12-27,521,
CompVis/stable-diffusion,Deep Learning,861,2024-07-02,2024-07-02,0,
CompVis/stable-diffusion,Deep Learning,857,2024-06-16,2024-06-29,12,
CompVis/stable-diffusion,Deep Learning,850,2024-05-10,2024-11-19,193,
CompVis/stable-diffusion,Deep Learning,844,2024-04-14,2024-10-17,186,
CompVis/stable-diffusion,Deep Learning,843,2024-04-07,2024-04-07,0,
CompVis/stable-diffusion,Deep Learning,825,2024-01-13,2024-01-26,12,
CompVis/stable-diffusion,Deep Learning,810,2023-11-19,2023-11-20,0,
CompVis/stable-diffusion,Deep Learning,806,2023-11-07,2023-11-20,12,
CompVis/stable-diffusion,Deep Learning,794,2023-09-05,2023-09-05,0,
CompVis/stable-diffusion,Deep Learning,793,2023-09-05,2023-09-05,0,
CompVis/stable-diffusion,Deep Learning,792,2023-09-02,2023-09-02,0,
CompVis/stable-diffusion,Deep Learning,791,2023-09-01,2023-09-01,0,
CompVis/stable-diffusion,Deep Learning,790,2023-08-30,2023-08-30,0,
CompVis/stable-diffusion,Deep Learning,784,2023-08-11,2024-02-29,201,
CompVis/stable-diffusion,Deep Learning,780,2023-08-05,2023-08-05,0,
CompVis/stable-diffusion,Deep Learning,772,2023-07-26,2023-07-26,0,
CompVis/stable-diffusion,Deep Learning,759,2023-07-05,2023-12-13,160,
CompVis/stable-diffusion,Deep Learning,757,2023-07-02,2023-07-06,3,
CompVis/stable-diffusion,Deep Learning,751,2023-06-24,2023-07-30,35,
CompVis/stable-diffusion,Deep Learning,747,2023-06-12,2023-06-12,0,
CompVis/stable-diffusion,Deep Learning,746,2023-06-11,2023-07-05,24,
CompVis/stable-diffusion,Deep Learning,737,2023-05-27,2023-05-27,0,
CompVis/stable-diffusion,Deep Learning,735,2023-05-26,2023-06-29,34,
CompVis/stable-diffusion,Deep Learning,734,2023-05-24,2024-07-04,407,
CompVis/stable-diffusion,Deep Learning,732,2023-05-23,2023-05-24,0,
CompVis/stable-diffusion,Deep Learning,722,2023-05-09,2023-05-09,0,
CompVis/stable-diffusion,Deep Learning,720,2023-05-09,2023-06-02,24,
CompVis/stable-diffusion,Deep Learning,715,2023-05-05,2023-05-05,0,
CompVis/stable-diffusion,Deep Learning,708,2023-04-26,2023-12-20,237,
CompVis/stable-diffusion,Deep Learning,696,2023-04-15,2023-04-15,0,
CompVis/stable-diffusion,Deep Learning,689,2023-04-05,2023-04-06,0,
CompVis/stable-diffusion,Deep Learning,688,2023-04-05,2023-04-06,0,
CompVis/stable-diffusion,Deep Learning,687,2023-04-05,2023-04-06,1,
CompVis/stable-diffusion,Deep Learning,683,2023-04-04,2023-04-06,2,
CompVis/stable-diffusion,Deep Learning,681,2023-04-01,2023-04-01,0,
CompVis/stable-diffusion,Deep Learning,679,2023-03-31,2023-04-06,6,
CompVis/stable-diffusion,Deep Learning,678,2023-03-30,2023-04-06,6,
CompVis/stable-diffusion,Deep Learning,676,2023-03-27,2023-03-27,0,
CompVis/stable-diffusion,Deep Learning,675,2023-03-24,2023-03-24,0,
CompVis/stable-diffusion,Deep Learning,673,2023-03-23,2023-04-06,14,
CompVis/stable-diffusion,Deep Learning,672,2023-03-23,2023-04-06,14,
CompVis/stable-diffusion,Deep Learning,671,2023-03-22,2023-04-06,14,
CompVis/stable-diffusion,Deep Learning,669,2023-03-21,2023-04-06,15,
CompVis/stable-diffusion,Deep Learning,668,2023-03-19,2023-03-21,2,
CompVis/stable-diffusion,Deep Learning,667,2023-03-16,2023-04-06,20,
CompVis/stable-diffusion,Deep Learning,665,2023-03-16,2023-04-06,20,
CompVis/stable-diffusion,Deep Learning,664,2023-03-16,2023-03-16,0,
CompVis/stable-diffusion,Deep Learning,663,2023-03-15,2023-04-06,21,
CompVis/stable-diffusion,Deep Learning,662,2023-03-14,2023-04-06,23,
CompVis/stable-diffusion,Deep Learning,661,2023-03-14,2023-04-06,23,
CompVis/stable-diffusion,Deep Learning,660,2023-03-14,2023-04-06,23,
CompVis/stable-diffusion,Deep Learning,659,2023-03-12,2023-04-06,24,
CompVis/stable-diffusion,Deep Learning,657,2023-03-11,2023-04-06,26,
CompVis/stable-diffusion,Deep Learning,656,2023-03-10,2023-04-06,27,
CompVis/stable-diffusion,Deep Learning,653,2023-03-08,2023-03-08,0,
CompVis/stable-diffusion,Deep Learning,652,2023-03-08,2023-12-26,293,
CompVis/stable-diffusion,Deep Learning,651,2023-03-08,2023-04-06,29,
CompVis/stable-diffusion,Deep Learning,649,2023-03-07,2023-04-06,29,
CompVis/stable-diffusion,Deep Learning,648,2023-03-06,2023-04-06,31,
CompVis/stable-diffusion,Deep Learning,647,2023-03-06,2023-04-20,45,
CompVis/stable-diffusion,Deep Learning,646,2023-03-05,2023-04-06,31,
CompVis/stable-diffusion,Deep Learning,645,2023-03-05,2023-04-06,31,
CompVis/stable-diffusion,Deep Learning,644,2023-03-05,2023-03-05,0,
CompVis/stable-diffusion,Deep Learning,641,2023-03-03,2023-04-06,33,
CompVis/stable-diffusion,Deep Learning,637,2023-03-02,2023-04-06,35,
CompVis/stable-diffusion,Deep Learning,634,2023-02-26,2023-04-06,39,
CompVis/stable-diffusion,Deep Learning,633,2023-02-25,2023-03-21,23,
CompVis/stable-diffusion,Deep Learning,632,2023-02-25,2023-05-13,77,
CompVis/stable-diffusion,Deep Learning,629,2023-02-23,2023-02-23,0,
CompVis/stable-diffusion,Deep Learning,625,2023-02-22,2023-04-06,43,
CompVis/stable-diffusion,Deep Learning,623,2023-02-21,2023-10-30,251,
CompVis/stable-diffusion,Deep Learning,622,2023-02-20,2023-04-06,45,
CompVis/stable-diffusion,Deep Learning,619,2023-02-18,2023-02-18,0,
CompVis/stable-diffusion,Deep Learning,617,2023-02-16,2023-04-06,49,
CompVis/stable-diffusion,Deep Learning,612,2023-02-14,2023-04-06,51,
CompVis/stable-diffusion,Deep Learning,611,2023-02-14,2023-02-14,0,
CompVis/stable-diffusion,Deep Learning,609,2023-02-13,2023-02-25,12,
CompVis/stable-diffusion,Deep Learning,608,2023-02-12,2023-04-06,53,
CompVis/stable-diffusion,Deep Learning,603,2023-02-07,2023-04-06,57,
CompVis/stable-diffusion,Deep Learning,602,2023-02-04,2023-04-06,60,
CompVis/stable-diffusion,Deep Learning,600,2023-02-02,2023-04-06,62,
CompVis/stable-diffusion,Deep Learning,598,2023-01-28,2023-01-28,0,
CompVis/stable-diffusion,Deep Learning,590,2023-01-24,2023-02-13,19,
CompVis/stable-diffusion,Deep Learning,588,2023-01-23,2024-02-10,383,
CompVis/stable-diffusion,Deep Learning,584,2023-01-20,2025-11-01,1016,
CompVis/stable-diffusion,Deep Learning,582,2023-01-17,2024-02-17,396,
CompVis/stable-diffusion,Deep Learning,578,2023-01-16,2023-03-29,72,
CompVis/stable-diffusion,Deep Learning,577,2023-01-13,2023-01-14,0,
CompVis/stable-diffusion,Deep Learning,573,2023-01-12,2023-01-13,0,
invoke-ai/InvokeAI,Deep Learning,9128,2026-05-05,2026-05-06,0,"frontend,v6.13.x"
invoke-ai/InvokeAI,Deep Learning,9123,2026-05-05,2026-05-05,0,"python,invocations,backend,frontend,python-tests"
invoke-ai/InvokeAI,Deep Learning,9119,2026-05-04,2026-05-07,2,frontend
invoke-ai/InvokeAI,Deep Learning,9107,2026-05-01,2026-05-05,3,frontend
invoke-ai/InvokeAI,Deep Learning,9106,2026-05-01,2026-05-05,3,frontend
invoke-ai/InvokeAI,Deep Learning,9105,2026-05-01,2026-05-05,3,frontend
invoke-ai/InvokeAI,Deep Learning,9102,2026-05-01,2026-05-01,0,"api,python,invocations,services,frontend,python-tests,docs,v6.13.x"
invoke-ai/InvokeAI,Deep Learning,9097,2026-04-30,2026-05-05,4,"python,backend,services,frontend,python-tests,v6.13.x"
invoke-ai/InvokeAI,Deep Learning,9094,2026-04-30,2026-04-30,0,enhancement
invoke-ai/InvokeAI,Deep Learning,9092,2026-04-29,2026-05-06,7,"python,services,frontend,docs"
invoke-ai/InvokeAI,Deep Learning,9090,2026-04-28,2026-05-05,7,bug
invoke-ai/InvokeAI,Deep Learning,9087,2026-04-25,2026-04-30,5,"python,services,python-tests,v6.13.x"
invoke-ai/InvokeAI,Deep Learning,9085,2026-04-25,2026-04-25,0,
invoke-ai/InvokeAI,Deep Learning,9083,2026-04-22,2026-04-25,3,
invoke-ai/InvokeAI,Deep Learning,9081,2026-04-21,2026-05-06,15,"frontend,v6.13.x"
invoke-ai/InvokeAI,Deep Learning,9080,2026-04-21,2026-04-22,0,
invoke-ai/InvokeAI,Deep Learning,9079,2026-04-20,2026-04-27,6,"python,services,python-tests,v6.13.x"
invoke-ai/InvokeAI,Deep Learning,9078,2026-04-20,2026-04-21,0,frontend
invoke-ai/InvokeAI,Deep Learning,9076,2026-04-19,2026-04-20,0,"CI-CD,docker,python,Root,services,frontend,docs,python-deps"
invoke-ai/InvokeAI,Deep Learning,9075,2026-04-19,2026-04-19,0,frontend
invoke-ai/InvokeAI,Deep Learning,9074,2026-04-19,2026-04-19,0,"Root,docs"
invoke-ai/InvokeAI,Deep Learning,9072,2026-04-19,2026-04-22,2,"frontend,v6.13.x"
invoke-ai/InvokeAI,Deep Learning,9070,2026-04-19,2026-04-19,0,"CI-CD,docs"
invoke-ai/InvokeAI,Deep Learning,9069,2026-04-18,2026-04-18,0,"CI-CD,Root,docs"
invoke-ai/InvokeAI,Deep Learning,9068,2026-04-18,2026-04-19,1,
invoke-ai/InvokeAI,Deep Learning,9067,2026-04-17,2026-04-18,0,"CI-CD,docs"
invoke-ai/InvokeAI,Deep Learning,9066,2026-04-17,2026-04-18,0,"CI-CD,frontend-deps,docs"
invoke-ai/InvokeAI,Deep Learning,9065,2026-04-17,2026-04-17,0,"CI-CD,frontend-deps,docs"
invoke-ai/InvokeAI,Deep Learning,9064,2026-04-17,2026-04-18,1,CI-CD
invoke-ai/InvokeAI,Deep Learning,9063,2026-04-17,2026-04-25,8,"python,backend,python-tests"
invoke-ai/InvokeAI,Deep Learning,9062,2026-04-17,2026-04-19,2,
invoke-ai/InvokeAI,Deep Learning,9061,2026-04-17,2026-04-17,0,"CI-CD,frontend-deps,docs"
invoke-ai/InvokeAI,Deep Learning,9060,2026-04-17,2026-04-27,10,"python,backend,python-tests,v6.13.x"
invoke-ai/InvokeAI,Deep Learning,9058,2026-04-15,2026-04-22,6,"frontend,v6.13.x"
invoke-ai/InvokeAI,Deep Learning,9055,2026-04-14,2026-05-05,20,"api,python,Root,invocations,backend,services,frontend,python-tests,docs,v6.13.x"
invoke-ai/InvokeAI,Deep Learning,9054,2026-04-14,2026-05-07,22,"api,python,Root,invocations,backend,services,frontend,python-tests,docs,v6.13.x"
invoke-ai/InvokeAI,Deep Learning,9052,2026-04-14,2026-04-17,2,
invoke-ai/InvokeAI,Deep Learning,9051,2026-04-14,2026-04-14,0,
invoke-ai/InvokeAI,Deep Learning,9050,2026-04-14,2026-04-14,0,
invoke-ai/InvokeAI,Deep Learning,9049,2026-04-14,2026-04-14,0,"api,python,services,frontend,python-tests,docs,v6.13.x"
invoke-ai/InvokeAI,Deep Learning,9047,2026-04-12,2026-04-27,14,"api,python,invocations,frontend,python-tests,docs"
invoke-ai/InvokeAI,Deep Learning,9045,2026-04-12,2026-04-27,15,"api,python,frontend,python-tests,docs,v6.13.x"
invoke-ai/InvokeAI,Deep Learning,9043,2026-04-10,2026-04-23,12,"python,backend,services,frontend,python-tests"
invoke-ai/InvokeAI,Deep Learning,9042,2026-04-10,2026-04-25,15,"python,services,python-tests"
invoke-ai/InvokeAI,Deep Learning,9041,2026-04-10,2026-04-20,10,"frontend,v6.13.x"
invoke-ai/InvokeAI,Deep Learning,9040,2026-04-10,2026-04-21,10,"python,backend"
invoke-ai/InvokeAI,Deep Learning,9039,2026-04-10,2026-04-21,10,
invoke-ai/InvokeAI,Deep Learning,9038,2026-04-09,2026-04-14,4,Root
invoke-ai/InvokeAI,Deep Learning,9037,2026-04-09,2026-04-10,0,"frontend,v6.13.x"
invoke-ai/InvokeAI,Deep Learning,9036,2026-04-09,2026-04-14,4,frontend
invoke-ai/InvokeAI,Deep Learning,9035,2026-04-09,2026-04-19,9,"frontend,v6.13.x"
invoke-ai/InvokeAI,Deep Learning,9034,2026-04-09,2026-04-10,0,"python,invocations,backend,python-tests,v6.13.x"
invoke-ai/InvokeAI,Deep Learning,9032,2026-04-09,2026-04-21,11,"python,backend,v6.13.x"
invoke-ai/InvokeAI,Deep Learning,9030,2026-04-08,2026-04-10,1,"python,backend,services,frontend,python-tests,docs,v6.13.x"
invoke-ai/InvokeAI,Deep Learning,9029,2026-04-08,2026-04-25,17,"frontend,v6.13.x"
invoke-ai/InvokeAI,Deep Learning,9028,2026-04-07,2026-04-09,2,frontend
invoke-ai/InvokeAI,Deep Learning,9027,2026-04-07,2026-04-14,6,"frontend-deps,frontend"
invoke-ai/InvokeAI,Deep Learning,9025,2026-04-06,2026-04-07,0,
invoke-ai/InvokeAI,Deep Learning,9024,2026-04-05,2026-04-21,15,"api,python,services,frontend,python-tests,v6.13.x"
invoke-ai/InvokeAI,Deep Learning,9022,2026-04-05,2026-04-05,0,"Root,frontend-deps,frontend,v6.13.x"
invoke-ai/InvokeAI,Deep Learning,9020,2026-04-05,2026-04-06,1,
invoke-ai/InvokeAI,Deep Learning,9018,2026-04-04,2026-04-13,8,"api,python,services,frontend,python-tests"
invoke-ai/InvokeAI,Deep Learning,9017,2026-04-04,2026-04-06,1,"api,python,services,frontend,python-tests"
invoke-ai/InvokeAI,Deep Learning,9015,2026-04-04,2026-04-05,1,"Root,frontend,v6.13.x"
invoke-ai/InvokeAI,Deep Learning,9013,2026-04-04,2026-04-10,6,"frontend,v6.13.x"
invoke-ai/InvokeAI,Deep Learning,9011,2026-04-02,2026-04-07,4,"python,backend,v6.13.x"
invoke-ai/InvokeAI,Deep Learning,9010,2026-04-02,2026-04-20,18,"frontend,v6.13.x"
invoke-ai/InvokeAI,Deep Learning,9008,2026-03-31,2026-03-31,0,enhancement
invoke-ai/InvokeAI,Deep Learning,9007,2026-03-29,2026-04-21,22,"python,backend,v6.13.x"
invoke-ai/InvokeAI,Deep Learning,9006,2026-03-29,2026-04-20,22,"python,backend,python-tests,v6.13.x"
invoke-ai/InvokeAI,Deep Learning,9004,2026-03-28,2026-04-10,12,"python,invocations,frontend,v6.13.x"
invoke-ai/InvokeAI,Deep Learning,9003,2026-03-28,2026-04-05,8,"api,python,Root,invocations,backend,services,frontend,python-tests,python-deps,v6.13.x"
invoke-ai/InvokeAI,Deep Learning,9001,2026-03-27,2026-04-09,13,"frontend,v6.13.x"
invoke-ai/InvokeAI,Deep Learning,9000,2026-03-27,2026-04-12,16,"api,python,Root,invocations,backend,services,frontend,python-tests,python-deps,v6.13.x"
invoke-ai/InvokeAI,Deep Learning,8998,2026-03-26,2026-04-20,24,"frontend,v6.13.x"
invoke-ai/InvokeAI,Deep Learning,8997,2026-03-26,2026-04-27,32,"python,backend,services,frontend,v6.13.x"
invoke-ai/InvokeAI,Deep Learning,8996,2026-03-26,2026-04-05,9,Root
invoke-ai/InvokeAI,Deep Learning,8995,2026-03-26,2026-04-27,31,"python,invocations,backend,frontend,v6.13.x"
invoke-ai/InvokeAI,Deep Learning,8993,2026-03-24,2026-03-28,4,"python,services,python-tests"
invoke-ai/InvokeAI,Deep Learning,8992,2026-03-24,2026-04-06,13,frontend
invoke-ai/InvokeAI,Deep Learning,8990,2026-03-24,2026-03-26,1,"python,services,frontend,python-tests"
invoke-ai/InvokeAI,Deep Learning,8989,2026-03-24,2026-03-24,0,"frontend,v6.13.x"
invoke-ai/InvokeAI,Deep Learning,8987,2026-03-23,2026-03-23,0,bug
invoke-ai/InvokeAI,Deep Learning,8986,2026-03-23,2026-04-07,14,"python,backend"
invoke-ai/InvokeAI,Deep Learning,8985,2026-03-23,2026-03-24,0,frontend
invoke-ai/InvokeAI,Deep Learning,8984,2026-03-23,2026-04-07,14,"python,backend"
invoke-ai/InvokeAI,Deep Learning,8982,2026-03-22,2026-04-20,29,enhancement
invoke-ai/InvokeAI,Deep Learning,8981,2026-03-22,2026-03-24,1,"python,frontend,v6.12.0"
invoke-ai/InvokeAI,Deep Learning,8980,2026-03-21,2026-04-27,36,"python,invocations,backend,python-tests,v6.13.x"
invoke-ai/InvokeAI,Deep Learning,8978,2026-03-20,2026-04-27,38,"api,python,services,frontend,python-tests,v6.13.x"
invoke-ai/InvokeAI,Deep Learning,8977,2026-03-20,2026-03-20,0,bug
invoke-ai/InvokeAI,Deep Learning,8975,2026-03-18,2026-04-14,26,"frontend,v6.13.x"
invoke-ai/InvokeAI,Deep Learning,8974,2026-03-18,2026-04-14,26,enhancement
invoke-ai/InvokeAI,Deep Learning,8973,2026-03-18,2026-04-20,33,enhancement
invoke-ai/InvokeAI,Deep Learning,8972,2026-03-18,2026-03-31,13,enhancement
invoke-ai/InvokeAI,Deep Learning,8971,2026-03-18,2026-04-26,39,"api,python,services,frontend,docs,v6.13.x"
invoke-ai/InvokeAI,Deep Learning,8970,2026-03-17,2026-04-03,16,"python,backend"
invoke-ai/InvokeAI,Deep Learning,8968,2026-03-17,2026-04-07,21,"python,backend,v6.13.x"
invoke-ai/InvokeAI,Deep Learning,8967,2026-03-15,2026-04-04,20,"python,invocations,backend,frontend,v6.13.x"
invoke-ai/InvokeAI,Deep Learning,8966,2026-03-15,2026-03-22,6,
microsoft/unilm,Deep Learning,1741,2026-02-25,2026-02-27,1,
microsoft/unilm,Deep Learning,1739,2026-01-23,2026-01-23,0,
microsoft/unilm,Deep Learning,1738,2026-01-22,2026-01-22,0,
microsoft/unilm,Deep Learning,1737,2026-01-21,2026-01-28,7,
microsoft/unilm,Deep Learning,1736,2026-01-20,2026-01-20,0,
microsoft/unilm,Deep Learning,1723,2025-07-03,2025-07-03,0,
microsoft/unilm,Deep Learning,1720,2025-06-03,2025-06-03,0,
microsoft/unilm,Deep Learning,1717,2025-05-16,2025-05-28,11,
microsoft/unilm,Deep Learning,1714,2025-05-09,2025-12-14,219,
microsoft/unilm,Deep Learning,1707,2025-04-15,2025-04-18,3,
microsoft/unilm,Deep Learning,1699,2025-03-07,2025-03-07,0,
microsoft/unilm,Deep Learning,1698,2025-03-04,2025-03-10,6,
microsoft/unilm,Deep Learning,1697,2025-03-03,2025-03-04,0,
microsoft/unilm,Deep Learning,1696,2025-03-01,2025-03-01,0,
microsoft/unilm,Deep Learning,1694,2025-02-27,2025-03-05,5,
microsoft/unilm,Deep Learning,1687,2025-02-06,2025-02-06,0,
microsoft/unilm,Deep Learning,1682,2025-01-16,2025-01-28,11,
microsoft/unilm,Deep Learning,1679,2025-01-07,2025-01-07,0,
microsoft/unilm,Deep Learning,1678,2024-12-22,2024-12-23,1,
microsoft/unilm,Deep Learning,1676,2024-12-19,2025-01-30,41,
microsoft/unilm,Deep Learning,1674,2024-12-15,2024-12-15,0,
microsoft/unilm,Deep Learning,1672,2024-12-12,2024-12-13,0,
microsoft/unilm,Deep Learning,1669,2024-12-12,2024-12-12,0,
microsoft/unilm,Deep Learning,1666,2024-12-07,2024-12-08,0,
microsoft/unilm,Deep Learning,1664,2024-12-05,2025-01-17,43,
microsoft/unilm,Deep Learning,1661,2024-11-28,2024-12-03,4,
microsoft/unilm,Deep Learning,1660,2024-11-27,2024-11-27,0,
microsoft/unilm,Deep Learning,1656,2024-11-19,2024-11-22,2,
microsoft/unilm,Deep Learning,1654,2024-11-17,2024-12-02,14,
microsoft/unilm,Deep Learning,1652,2024-11-09,2024-11-09,0,
microsoft/unilm,Deep Learning,1647,2024-10-31,2024-11-18,18,
microsoft/unilm,Deep Learning,1646,2024-10-30,2024-10-30,0,
microsoft/unilm,Deep Learning,1645,2024-10-28,2024-12-02,34,
microsoft/unilm,Deep Learning,1644,2024-10-25,2024-10-25,0,
microsoft/unilm,Deep Learning,1642,2024-10-21,2024-10-22,0,
microsoft/unilm,Deep Learning,1640,2024-10-16,2024-12-02,46,
microsoft/unilm,Deep Learning,1639,2024-10-16,2024-10-17,0,
microsoft/unilm,Deep Learning,1637,2024-10-14,2024-10-14,0,
microsoft/unilm,Deep Learning,1635,2024-10-10,2024-10-10,0,
microsoft/unilm,Deep Learning,1634,2024-10-09,2024-10-09,0,
microsoft/unilm,Deep Learning,1632,2024-10-07,2024-10-07,0,
microsoft/unilm,Deep Learning,1631,2024-10-07,2024-10-07,0,
microsoft/unilm,Deep Learning,1627,2024-09-29,2024-09-30,0,
microsoft/unilm,Deep Learning,1614,2024-08-26,2024-08-26,0,
microsoft/unilm,Deep Learning,1613,2024-08-26,2024-08-26,0,
microsoft/unilm,Deep Learning,1612,2024-08-26,2024-09-05,9,
microsoft/unilm,Deep Learning,1605,2024-07-22,2024-07-22,0,
microsoft/unilm,Deep Learning,1601,2024-07-15,2024-07-15,0,
microsoft/unilm,Deep Learning,1597,2024-07-06,2024-07-07,1,
microsoft/unilm,Deep Learning,1596,2024-07-06,2024-07-06,0,
microsoft/unilm,Deep Learning,1590,2024-07-01,2024-07-03,1,
microsoft/unilm,Deep Learning,1589,2024-06-28,2024-06-28,0,
microsoft/unilm,Deep Learning,1588,2024-06-27,2024-11-19,145,
microsoft/unilm,Deep Learning,1586,2024-06-25,2024-06-25,0,
microsoft/unilm,Deep Learning,1584,2024-06-24,2024-06-29,4,
microsoft/unilm,Deep Learning,1580,2024-06-20,2024-08-12,53,
microsoft/unilm,Deep Learning,1563,2024-05-24,2024-05-25,1,
microsoft/unilm,Deep Learning,1562,2024-05-23,2024-06-21,29,
microsoft/unilm,Deep Learning,1561,2024-05-23,2024-05-23,0,
microsoft/unilm,Deep Learning,1559,2024-05-21,2024-05-27,5,
microsoft/unilm,Deep Learning,1558,2024-05-21,2024-06-06,16,dependencies
microsoft/unilm,Deep Learning,1554,2024-05-19,2024-05-20,0,
microsoft/unilm,Deep Learning,1549,2024-05-15,2024-05-27,11,
microsoft/unilm,Deep Learning,1547,2024-05-14,2024-05-15,0,
microsoft/unilm,Deep Learning,1546,2024-05-12,2024-05-14,2,
microsoft/unilm,Deep Learning,1535,2024-04-29,2024-05-13,13,
microsoft/unilm,Deep Learning,1530,2024-04-23,2024-04-24,0,
microsoft/unilm,Deep Learning,1529,2024-04-21,2024-04-21,0,
microsoft/unilm,Deep Learning,1528,2024-04-20,2024-04-24,3,
microsoft/unilm,Deep Learning,1523,2024-04-12,2024-04-12,0,
microsoft/unilm,Deep Learning,1521,2024-04-12,2024-04-12,0,
microsoft/unilm,Deep Learning,1520,2024-04-11,2024-04-11,0,
microsoft/unilm,Deep Learning,1519,2024-04-11,2024-04-11,0,
microsoft/unilm,Deep Learning,1517,2024-04-10,2024-04-11,0,dependencies
microsoft/unilm,Deep Learning,1516,2024-04-10,2024-04-11,0,dependencies
microsoft/unilm,Deep Learning,1515,2024-04-10,2024-04-11,0,dependencies
microsoft/unilm,Deep Learning,1514,2024-04-10,2024-04-11,0,dependencies
microsoft/unilm,Deep Learning,1513,2024-04-10,2024-04-11,0,dependencies
microsoft/unilm,Deep Learning,1512,2024-04-10,2024-04-11,0,dependencies
microsoft/unilm,Deep Learning,1511,2024-04-10,2024-04-11,0,dependencies
microsoft/unilm,Deep Learning,1510,2024-04-10,2024-04-11,0,dependencies
microsoft/unilm,Deep Learning,1509,2024-04-10,2024-04-11,0,dependencies
microsoft/unilm,Deep Learning,1508,2024-04-10,2024-04-11,0,dependencies
microsoft/unilm,Deep Learning,1507,2024-04-10,2024-04-11,0,dependencies
microsoft/unilm,Deep Learning,1506,2024-04-10,2024-04-11,0,dependencies
microsoft/unilm,Deep Learning,1505,2024-04-10,2024-04-11,0,dependencies
microsoft/unilm,Deep Learning,1504,2024-04-10,2024-04-11,0,dependencies
microsoft/unilm,Deep Learning,1503,2024-04-10,2024-04-11,0,dependencies
microsoft/unilm,Deep Learning,1500,2024-04-05,2024-04-05,0,
microsoft/unilm,Deep Learning,1499,2024-04-05,2024-04-05,0,
microsoft/unilm,Deep Learning,1498,2024-04-04,2024-04-04,0,
microsoft/unilm,Deep Learning,1497,2024-04-03,2024-04-03,0,
microsoft/unilm,Deep Learning,1482,2024-03-18,2024-03-19,0,
microsoft/unilm,Deep Learning,1479,2024-03-13,2024-03-13,0,
microsoft/unilm,Deep Learning,1478,2024-03-11,2024-03-20,8,
microsoft/unilm,Deep Learning,1473,2024-03-07,2024-03-09,2,
microsoft/unilm,Deep Learning,1469,2024-02-27,2024-02-27,0,
microsoft/unilm,Deep Learning,1467,2024-02-21,2024-02-21,0,
microsoft/unilm,Deep Learning,1466,2024-02-20,2024-04-18,58,
microsoft/unilm,Deep Learning,1465,2024-02-20,2024-02-20,0,
deepmind/sonnet,Deep Learning,309,2026-05-06,2026-05-06,0,
deepmind/sonnet,Deep Learning,308,2026-04-08,2026-04-30,21,
deepmind/sonnet,Deep Learning,306,2026-02-05,2026-02-10,5,
deepmind/sonnet,Deep Learning,304,2026-01-09,2026-01-14,4,
deepmind/sonnet,Deep Learning,303,2025-08-03,2025-08-04,0,
deepmind/sonnet,Deep Learning,302,2025-08-02,2025-08-04,1,
deepmind/sonnet,Deep Learning,301,2025-07-22,2025-07-23,0,
deepmind/sonnet,Deep Learning,300,2025-07-15,2025-07-23,7,
deepmind/sonnet,Deep Learning,299,2025-07-07,2025-07-21,13,
deepmind/sonnet,Deep Learning,298,2025-06-05,2025-06-09,3,
deepmind/sonnet,Deep Learning,297,2025-02-13,2025-02-14,0,
deepmind/sonnet,Deep Learning,296,2025-02-13,2025-02-14,0,
deepmind/sonnet,Deep Learning,295,2025-01-30,2025-01-30,0,
deepmind/sonnet,Deep Learning,294,2024-11-14,2024-11-14,0,
deepmind/sonnet,Deep Learning,283,2024-09-18,2024-10-28,39,
deepmind/sonnet,Deep Learning,280,2024-05-12,2024-05-12,0,
deepmind/sonnet,Deep Learning,279,2024-04-23,2024-04-23,0,
deepmind/sonnet,Deep Learning,278,2024-04-07,2024-04-08,1,
deepmind/sonnet,Deep Learning,277,2024-04-02,2024-04-02,0,
deepmind/sonnet,Deep Learning,276,2024-01-02,2024-01-02,0,
deepmind/sonnet,Deep Learning,275,2024-01-02,2024-01-02,0,
deepmind/sonnet,Deep Learning,274,2024-01-02,2024-01-02,0,
deepmind/sonnet,Deep Learning,273,2023-12-23,2023-12-24,1,
deepmind/sonnet,Deep Learning,270,2023-09-12,2023-10-14,31,
deepmind/sonnet,Deep Learning,269,2023-07-21,2023-07-21,0,
deepmind/sonnet,Deep Learning,268,2023-07-07,2023-07-08,1,
deepmind/sonnet,Deep Learning,267,2023-06-29,2023-06-30,1,
deepmind/sonnet,Deep Learning,264,2023-02-23,2023-02-23,0,
deepmind/sonnet,Deep Learning,263,2023-02-23,2023-02-23,0,
deepmind/sonnet,Deep Learning,262,2023-02-16,2023-02-23,7,
deepmind/sonnet,Deep Learning,260,2022-12-15,2022-12-15,0,
deepmind/sonnet,Deep Learning,259,2022-12-15,2022-12-15,0,
deepmind/sonnet,Deep Learning,258,2022-11-21,2023-02-23,93,dependencies
deepmind/sonnet,Deep Learning,256,2022-10-28,2022-11-02,4,
deepmind/sonnet,Deep Learning,255,2022-10-26,2022-10-26,0,
deepmind/sonnet,Deep Learning,254,2022-10-18,2022-10-18,0,
deepmind/sonnet,Deep Learning,253,2022-09-19,2022-09-21,1,
deepmind/sonnet,Deep Learning,251,2022-08-23,2022-08-23,0,
deepmind/sonnet,Deep Learning,250,2022-08-23,2022-08-24,1,
deepmind/sonnet,Deep Learning,249,2022-08-15,2022-08-16,1,
deepmind/sonnet,Deep Learning,247,2022-07-07,2022-07-08,0,
deepmind/sonnet,Deep Learning,244,2022-05-26,2022-11-21,179,dependencies
deepmind/sonnet,Deep Learning,243,2022-05-24,2022-05-26,2,dependencies
deepmind/sonnet,Deep Learning,242,2022-05-16,2022-05-16,0,
deepmind/sonnet,Deep Learning,240,2022-04-05,2022-04-05,0,
deepmind/sonnet,Deep Learning,238,2022-03-24,2022-04-29,35,
deepmind/sonnet,Deep Learning,236,2022-03-15,2022-03-24,9,
deepmind/sonnet,Deep Learning,235,2022-03-09,2022-03-17,8,
deepmind/sonnet,Deep Learning,234,2022-03-07,2022-03-07,0,
deepmind/sonnet,Deep Learning,232,2022-02-19,2022-02-20,0,
deepmind/sonnet,Deep Learning,230,2022-02-10,2022-05-24,103,dependencies
deepmind/sonnet,Deep Learning,229,2022-01-21,2022-02-01,10,
deepmind/sonnet,Deep Learning,228,2021-12-12,2021-12-13,0,
deepmind/sonnet,Deep Learning,227,2021-12-12,2021-12-15,2,
deepmind/sonnet,Deep Learning,226,2021-12-11,2021-12-13,1,
deepmind/sonnet,Deep Learning,224,2021-11-30,2021-11-30,0,cla: yes
deepmind/sonnet,Deep Learning,223,2021-11-10,2022-02-10,91,"cla: yes,dependencies"
deepmind/sonnet,Deep Learning,222,2021-11-08,2021-11-12,4,
deepmind/sonnet,Deep Learning,221,2021-10-16,2021-10-17,0,cla: yes
deepmind/sonnet,Deep Learning,220,2021-09-22,2021-09-27,5,
deepmind/sonnet,Deep Learning,216,2021-09-02,2021-09-02,0,cla: yes
deepmind/sonnet,Deep Learning,215,2021-08-27,2021-08-28,0,
deepmind/sonnet,Deep Learning,214,2021-08-25,2021-09-08,13,"cla: yes,dependencies"
deepmind/sonnet,Deep Learning,213,2021-08-23,2021-08-23,0,
deepmind/sonnet,Deep Learning,212,2021-08-19,2021-08-19,0,
deepmind/sonnet,Deep Learning,211,2021-08-13,2021-08-13,0,cla: no
deepmind/sonnet,Deep Learning,210,2021-07-19,2021-08-12,24,cla: yes
deepmind/sonnet,Deep Learning,209,2021-07-17,2021-08-12,26,
deepmind/sonnet,Deep Learning,208,2021-07-16,2021-09-02,48,cla: no
deepmind/sonnet,Deep Learning,207,2021-06-18,2021-06-18,0,cla: yes
deepmind/sonnet,Deep Learning,206,2021-06-18,2021-06-18,0,cla: yes
deepmind/sonnet,Deep Learning,205,2021-06-18,2021-06-18,0,cla: yes
deepmind/sonnet,Deep Learning,204,2021-06-15,2021-06-17,1,
deepmind/sonnet,Deep Learning,203,2021-06-09,2021-06-10,0,cla: yes
deepmind/sonnet,Deep Learning,202,2021-06-09,2021-06-09,0,cla: yes
deepmind/sonnet,Deep Learning,201,2021-06-08,2021-06-08,0,
deepmind/sonnet,Deep Learning,200,2021-06-04,2021-06-04,0,
deepmind/sonnet,Deep Learning,199,2021-05-21,2021-06-10,19,"cla: yes,dependencies"
deepmind/sonnet,Deep Learning,197,2021-02-09,2021-02-09,0,
deepmind/sonnet,Deep Learning,196,2021-01-30,2021-01-30,0,
deepmind/sonnet,Deep Learning,194,2020-11-30,2022-03-12,467,cla: yes
deepmind/sonnet,Deep Learning,192,2020-11-03,2020-11-03,0,
deepmind/sonnet,Deep Learning,191,2020-10-02,2020-10-02,0,
deepmind/sonnet,Deep Learning,190,2020-10-01,2020-10-01,0,"cla: yes,dependencies"
deepmind/sonnet,Deep Learning,189,2020-10-01,2020-10-01,0,cla: yes
deepmind/sonnet,Deep Learning,188,2020-09-25,2020-09-28,2,"cla: yes,dependencies"
deepmind/sonnet,Deep Learning,186,2020-08-12,2020-08-14,1,
deepmind/sonnet,Deep Learning,185,2020-07-27,2020-07-30,2,
deepmind/sonnet,Deep Learning,183,2020-07-17,2020-07-18,0,
deepmind/sonnet,Deep Learning,181,2020-07-09,2020-10-08,90,cla: yes
deepmind/sonnet,Deep Learning,180,2020-07-09,2020-10-08,90,
deepmind/sonnet,Deep Learning,179,2020-07-02,2020-07-02,0,
deepmind/sonnet,Deep Learning,177,2020-06-21,2020-06-22,0,
deepmind/sonnet,Deep Learning,175,2020-06-09,2020-06-18,9,
deepmind/sonnet,Deep Learning,174,2020-06-03,2020-06-04,1,
deepmind/sonnet,Deep Learning,171,2020-04-28,2020-04-29,0,
deepmind/sonnet,Deep Learning,170,2020-04-16,2020-05-04,17,
deepmind/sonnet,Deep Learning,169,2020-04-15,2020-04-17,1,bug
deepmind/sonnet,Deep Learning,168,2020-04-14,2020-04-17,3,cla: yes
deepmind/sonnet,Deep Learning,166,2020-03-18,2020-04-17,29,bug
AUTOMATIC1111/stable-diffusion-webui,Deep Learning,17393,2026-05-06,2026-05-06,0,
AUTOMATIC1111/stable-diffusion-webui,Deep Learning,17392,2026-05-05,2026-05-05,0,
AUTOMATIC1111/stable-diffusion-webui,Deep Learning,17386,2026-04-28,2026-04-29,1,
AUTOMATIC1111/stable-diffusion-webui,Deep Learning,17384,2026-04-23,2026-04-23,0,
AUTOMATIC1111/stable-diffusion-webui,Deep Learning,17379,2026-04-19,2026-04-20,0,
AUTOMATIC1111/stable-diffusion-webui,Deep Learning,17376,2026-04-16,2026-04-23,7,
AUTOMATIC1111/stable-diffusion-webui,Deep Learning,17374,2026-04-15,2026-04-15,0,
AUTOMATIC1111/stable-diffusion-webui,Deep Learning,17372,2026-04-14,2026-04-14,0,
AUTOMATIC1111/stable-diffusion-webui,Deep Learning,17370,2026-04-13,2026-04-23,9,
AUTOMATIC1111/stable-diffusion-webui,Deep Learning,17368,2026-04-10,2026-04-12,1,enhancement
AUTOMATIC1111/stable-diffusion-webui,Deep Learning,17367,2026-04-10,2026-04-12,1,enhancement
AUTOMATIC1111/stable-diffusion-webui,Deep Learning,17366,2026-04-09,2026-04-09,0,
AUTOMATIC1111/stable-diffusion-webui,Deep Learning,17355,2026-04-01,2026-04-01,0,
AUTOMATIC1111/stable-diffusion-webui,Deep Learning,17354,2026-04-01,2026-04-01,0,
AUTOMATIC1111/stable-diffusion-webui,Deep Learning,17353,2026-04-01,2026-04-12,11,
AUTOMATIC1111/stable-diffusion-webui,Deep Learning,17339,2026-03-19,2026-03-20,1,bug-report
AUTOMATIC1111/stable-diffusion-webui,Deep Learning,17338,2026-03-17,2026-03-17,0,
AUTOMATIC1111/stable-diffusion-webui,Deep Learning,17335,2026-03-14,2026-03-18,3,bug-report
AUTOMATIC1111/stable-diffusion-webui,Deep Learning,17334,2026-03-13,2026-03-14,0,
AUTOMATIC1111/stable-diffusion-webui,Deep Learning,17333,2026-03-13,2026-03-14,1,
AUTOMATIC1111/stable-diffusion-webui,Deep Learning,17332,2026-03-12,2026-03-12,0,
AUTOMATIC1111/stable-diffusion-webui,Deep Learning,17328,2026-03-09,2026-03-09,0,
AUTOMATIC1111/stable-diffusion-webui,Deep Learning,17327,2026-03-08,2026-03-08,0,
AUTOMATIC1111/stable-diffusion-webui,Deep Learning,17326,2026-03-08,2026-03-08,0,
AUTOMATIC1111/stable-diffusion-webui,Deep Learning,17322,2026-03-06,2026-03-06,0,
AUTOMATIC1111/stable-diffusion-webui,Deep Learning,17321,2026-03-06,2026-03-06,0,
AUTOMATIC1111/stable-diffusion-webui,Deep Learning,17319,2026-03-05,2026-03-05,0,
AUTOMATIC1111/stable-diffusion-webui,Deep Learning,17313,2026-03-02,2026-03-02,0,
AUTOMATIC1111/stable-diffusion-webui,Deep Learning,17312,2026-02-28,2026-03-01,0,bug-report
AUTOMATIC1111/stable-diffusion-webui,Deep Learning,17310,2026-02-27,2026-02-28,0,bug-report
AUTOMATIC1111/stable-diffusion-webui,Deep Learning,17305,2026-02-23,2026-02-23,0,bug-report
AUTOMATIC1111/stable-diffusion-webui,Deep Learning,17303,2026-02-23,2026-02-23,0,
AUTOMATIC1111/stable-diffusion-webui,Deep Learning,17302,2026-02-23,2026-02-23,0,
AUTOMATIC1111/stable-diffusion-webui,Deep Learning,17301,2026-02-22,2026-03-01,6,bug-report
AUTOMATIC1111/stable-diffusion-webui,Deep Learning,17300,2026-02-21,2026-02-23,1,
AUTOMATIC1111/stable-diffusion-webui,Deep Learning,17299,2026-02-21,2026-02-23,1,
AUTOMATIC1111/stable-diffusion-webui,Deep Learning,17298,2026-02-18,2026-02-19,0,
AUTOMATIC1111/stable-diffusion-webui,Deep Learning,17293,2026-02-17,2026-02-28,10,
AUTOMATIC1111/stable-diffusion-webui,Deep Learning,17291,2026-02-16,2026-02-16,0,
AUTOMATIC1111/stable-diffusion-webui,Deep Learning,17290,2026-02-16,2026-02-17,0,
AUTOMATIC1111/stable-diffusion-webui,Deep Learning,17288,2026-02-14,2026-02-15,0,
AUTOMATIC1111/stable-diffusion-webui,Deep Learning,17287,2026-02-14,2026-02-22,8,bug-report
AUTOMATIC1111/stable-diffusion-webui,Deep Learning,17286,2026-02-13,2026-02-15,1,
AUTOMATIC1111/stable-diffusion-webui,Deep Learning,17281,2026-02-10,2026-02-11,0,
AUTOMATIC1111/stable-diffusion-webui,Deep Learning,17280,2026-02-10,2026-02-12,2,
AUTOMATIC1111/stable-diffusion-webui,Deep Learning,17279,2026-02-10,2026-02-12,2,
AUTOMATIC1111/stable-diffusion-webui,Deep Learning,17277,2026-02-09,2026-02-12,2,
AUTOMATIC1111/stable-diffusion-webui,Deep Learning,17274,2026-02-08,2026-02-09,0,
AUTOMATIC1111/stable-diffusion-webui,Deep Learning,17273,2026-02-06,2026-02-07,0,
AUTOMATIC1111/stable-diffusion-webui,Deep Learning,17271,2026-02-01,2026-02-01,0,
AUTOMATIC1111/stable-diffusion-webui,Deep Learning,17269,2026-01-31,2026-02-01,1,
AUTOMATIC1111/stable-diffusion-webui,Deep Learning,17263,2026-01-26,2026-01-30,4,
AUTOMATIC1111/stable-diffusion-webui,Deep Learning,17261,2026-01-24,2026-01-25,0,
AUTOMATIC1111/stable-diffusion-webui,Deep Learning,17260,2026-01-24,2026-01-24,0,
AUTOMATIC1111/stable-diffusion-webui,Deep Learning,17259,2026-01-23,2026-01-23,0,
AUTOMATIC1111/stable-diffusion-webui,Deep Learning,17253,2026-01-18,2026-01-19,0,
AUTOMATIC1111/stable-diffusion-webui,Deep Learning,17250,2026-01-15,2026-01-15,0,
AUTOMATIC1111/stable-diffusion-webui,Deep Learning,17249,2026-01-15,2026-01-27,11,
AUTOMATIC1111/stable-diffusion-webui,Deep Learning,17247,2026-01-11,2026-01-17,5,
AUTOMATIC1111/stable-diffusion-webui,Deep Learning,17246,2026-01-11,2026-01-17,5,
AUTOMATIC1111/stable-diffusion-webui,Deep Learning,17243,2026-01-07,2026-01-12,4,bug-report
AUTOMATIC1111/stable-diffusion-webui,Deep Learning,17242,2026-01-07,2026-01-07,0,
AUTOMATIC1111/stable-diffusion-webui,Deep Learning,17239,2026-01-06,2026-01-06,0,bug-report
AUTOMATIC1111/stable-diffusion-webui,Deep Learning,17237,2026-01-05,2026-01-05,0,
AUTOMATIC1111/stable-diffusion-webui,Deep Learning,17234,2026-01-02,2026-01-03,0,
AUTOMATIC1111/stable-diffusion-webui,Deep Learning,17233,2026-01-02,2026-01-03,1,
AUTOMATIC1111/stable-diffusion-webui,Deep Learning,17232,2026-01-02,2026-01-03,1,
AUTOMATIC1111/stable-diffusion-webui,Deep Learning,17228,2025-12-31,2026-01-01,1,
AUTOMATIC1111/stable-diffusion-webui,Deep Learning,17224,2025-12-27,2025-12-27,0,
AUTOMATIC1111/stable-diffusion-webui,Deep Learning,17222,2025-12-25,2025-12-25,0,bug-report
AUTOMATIC1111/stable-diffusion-webui,Deep Learning,17220,2025-12-25,2025-12-25,0,
AUTOMATIC1111/stable-diffusion-webui,Deep Learning,17219,2025-12-25,2025-12-25,0,bug-report
AUTOMATIC1111/stable-diffusion-webui,Deep Learning,17213,2025-12-20,2025-12-20,0,announcement
AUTOMATIC1111/stable-diffusion-webui,Deep Learning,17207,2025-12-18,2025-12-18,0,
AUTOMATIC1111/stable-diffusion-webui,Deep Learning,17192,2025-11-29,2025-12-04,4,
AUTOMATIC1111/stable-diffusion-webui,Deep Learning,17191,2025-11-29,2025-11-30,0,enhancement
AUTOMATIC1111/stable-diffusion-webui,Deep Learning,17189,2025-11-26,2025-11-30,3,bug-report
AUTOMATIC1111/stable-diffusion-webui,Deep Learning,17188,2025-11-25,2025-11-25,0,
AUTOMATIC1111/stable-diffusion-webui,Deep Learning,17183,2025-11-17,2025-11-17,0,bug-report
AUTOMATIC1111/stable-diffusion-webui,Deep Learning,17181,2025-11-15,2025-11-15,0,
AUTOMATIC1111/stable-diffusion-webui,Deep Learning,17177,2025-11-12,2025-11-12,0,bug-report
AUTOMATIC1111/stable-diffusion-webui,Deep Learning,17176,2025-11-12,2025-11-13,1,
AUTOMATIC1111/stable-diffusion-webui,Deep Learning,17175,2025-11-10,2025-11-11,1,
AUTOMATIC1111/stable-diffusion-webui,Deep Learning,17174,2025-11-09,2025-11-11,1,
AUTOMATIC1111/stable-diffusion-webui,Deep Learning,17171,2025-11-07,2025-12-29,51,
AUTOMATIC1111/stable-diffusion-webui,Deep Learning,17168,2025-11-04,2025-11-06,1,
AUTOMATIC1111/stable-diffusion-webui,Deep Learning,17166,2025-11-01,2025-11-01,0,
AUTOMATIC1111/stable-diffusion-webui,Deep Learning,17164,2025-11-01,2025-11-03,2,
AUTOMATIC1111/stable-diffusion-webui,Deep Learning,17163,2025-10-27,2025-11-07,10,
AUTOMATIC1111/stable-diffusion-webui,Deep Learning,17160,2025-10-26,2026-01-27,92,
AUTOMATIC1111/stable-diffusion-webui,Deep Learning,17159,2025-10-26,2025-11-06,10,
AUTOMATIC1111/stable-diffusion-webui,Deep Learning,17158,2025-10-20,2025-10-25,4,
AUTOMATIC1111/stable-diffusion-webui,Deep Learning,17156,2025-10-20,2025-10-20,0,
AUTOMATIC1111/stable-diffusion-webui,Deep Learning,17155,2025-10-20,2025-10-20,0,
AUTOMATIC1111/stable-diffusion-webui,Deep Learning,17141,2025-10-07,2025-10-07,0,
AUTOMATIC1111/stable-diffusion-webui,Deep Learning,17140,2025-10-07,2025-10-07,0,
AUTOMATIC1111/stable-diffusion-webui,Deep Learning,17139,2025-10-06,2025-10-07,1,
AUTOMATIC1111/stable-diffusion-webui,Deep Learning,17138,2025-10-06,2025-10-07,1,
AUTOMATIC1111/stable-diffusion-webui,Deep Learning,17137,2025-10-06,2025-10-07,1,bug-report
AUTOMATIC1111/stable-diffusion-webui,Deep Learning,17132,2025-09-22,2025-09-22,0,
huggingface/datasets,NLP,8176,2026-05-06,2026-05-06,0,
huggingface/datasets,NLP,8175,2026-05-06,2026-05-06,0,
huggingface/datasets,NLP,8169,2026-05-01,2026-05-06,4,
huggingface/datasets,NLP,8166,2026-04-30,2026-04-30,0,
huggingface/datasets,NLP,8164,2026-04-30,2026-04-30,0,
huggingface/datasets,NLP,8163,2026-04-29,2026-05-04,4,
huggingface/datasets,NLP,8161,2026-04-29,2026-04-30,0,
huggingface/datasets,NLP,8158,2026-04-27,2026-04-27,0,
huggingface/datasets,NLP,8157,2026-04-27,2026-04-27,0,
huggingface/datasets,NLP,8155,2026-04-24,2026-04-24,0,
huggingface/datasets,NLP,8154,2026-04-24,2026-04-24,0,
huggingface/datasets,NLP,8152,2026-04-23,2026-04-23,0,
huggingface/datasets,NLP,8151,2026-04-23,2026-04-23,0,
huggingface/datasets,NLP,8150,2026-04-23,2026-04-23,0,
huggingface/datasets,NLP,8147,2026-04-23,2026-04-27,4,
huggingface/datasets,NLP,8145,2026-04-22,2026-04-27,5,
huggingface/datasets,NLP,8144,2026-04-21,2026-04-21,0,
huggingface/datasets,NLP,8143,2026-04-20,2026-04-21,0,
huggingface/datasets,NLP,8140,2026-04-16,2026-04-16,0,
huggingface/datasets,NLP,8139,2026-04-16,2026-04-16,0,
huggingface/datasets,NLP,8138,2026-04-16,2026-04-17,0,
huggingface/datasets,NLP,8137,2026-04-16,2026-04-27,11,
huggingface/datasets,NLP,8136,2026-04-15,2026-04-15,0,
huggingface/datasets,NLP,8134,2026-04-15,2026-04-15,0,
huggingface/datasets,NLP,8133,2026-04-14,2026-04-15,0,
huggingface/datasets,NLP,8131,2026-04-13,2026-04-27,14,
huggingface/datasets,NLP,8129,2026-04-10,2026-04-10,0,
huggingface/datasets,NLP,8128,2026-04-10,2026-04-16,5,
huggingface/datasets,NLP,8127,2026-04-08,2026-04-23,15,
huggingface/datasets,NLP,8126,2026-04-08,2026-04-10,2,
huggingface/datasets,NLP,8122,2026-04-04,2026-04-10,5,
huggingface/datasets,NLP,8120,2026-04-03,2026-04-30,26,
huggingface/datasets,NLP,8116,2026-04-02,2026-04-10,7,
huggingface/datasets,NLP,8114,2026-04-02,2026-04-07,5,
huggingface/datasets,NLP,8113,2026-04-01,2026-04-23,21,
huggingface/datasets,NLP,8111,2026-03-31,2026-04-01,1,
huggingface/datasets,NLP,8089,2026-03-23,2026-03-23,0,
huggingface/datasets,NLP,8088,2026-03-23,2026-03-23,0,
huggingface/datasets,NLP,8087,2026-03-23,2026-03-23,0,
huggingface/datasets,NLP,8086,2026-03-23,2026-03-23,0,
huggingface/datasets,NLP,8085,2026-03-23,2026-03-23,0,
huggingface/datasets,NLP,8083,2026-03-19,2026-03-19,0,
huggingface/datasets,NLP,8082,2026-03-19,2026-03-19,0,
huggingface/datasets,NLP,8081,2026-03-19,2026-03-19,0,
huggingface/datasets,NLP,8080,2026-03-19,2026-03-19,0,
huggingface/datasets,NLP,8079,2026-03-19,2026-03-19,0,
huggingface/datasets,NLP,8078,2026-03-17,2026-03-30,12,
huggingface/datasets,NLP,8077,2026-03-17,2026-03-17,0,
huggingface/datasets,NLP,8076,2026-03-17,2026-03-17,0,
huggingface/datasets,NLP,8075,2026-03-17,2026-04-10,24,
huggingface/datasets,NLP,8074,2026-03-17,2026-03-17,0,
huggingface/datasets,NLP,8073,2026-03-17,2026-03-17,0,
huggingface/datasets,NLP,8072,2026-03-17,2026-03-17,0,
huggingface/datasets,NLP,8071,2026-03-16,2026-03-16,0,
huggingface/datasets,NLP,8070,2026-03-16,2026-03-16,0,
huggingface/datasets,NLP,8069,2026-03-16,2026-03-16,0,
huggingface/datasets,NLP,8068,2026-03-15,2026-03-16,1,
huggingface/datasets,NLP,8066,2026-03-14,2026-03-17,2,
huggingface/datasets,NLP,8064,2026-03-12,2026-03-16,4,
huggingface/datasets,NLP,8063,2026-03-12,2026-03-17,4,
huggingface/datasets,NLP,8062,2026-03-12,2026-03-17,4,
huggingface/datasets,NLP,8061,2026-03-11,2026-03-11,0,
huggingface/datasets,NLP,8060,2026-03-11,2026-03-11,0,
huggingface/datasets,NLP,8059,2026-03-09,2026-03-09,0,
huggingface/datasets,NLP,8058,2026-03-09,2026-03-09,0,
huggingface/datasets,NLP,8057,2026-03-09,2026-03-09,0,
huggingface/datasets,NLP,8056,2026-03-09,2026-03-09,0,
huggingface/datasets,NLP,8053,2026-03-08,2026-03-09,0,
huggingface/datasets,NLP,8052,2026-03-08,2026-03-10,2,
huggingface/datasets,NLP,8050,2026-03-07,2026-03-09,2,
huggingface/datasets,NLP,8049,2026-03-06,2026-03-09,3,
huggingface/datasets,NLP,8047,2026-03-05,2026-03-09,3,
huggingface/datasets,NLP,8046,2026-03-05,2026-03-09,3,
huggingface/datasets,NLP,8044,2026-03-05,2026-03-09,4,
huggingface/datasets,NLP,8043,2026-03-05,2026-03-12,6,
huggingface/datasets,NLP,8042,2026-03-05,2026-03-12,6,
huggingface/datasets,NLP,8041,2026-03-05,2026-03-09,4,
huggingface/datasets,NLP,8039,2026-03-05,2026-03-09,4,
huggingface/datasets,NLP,8038,2026-03-04,2026-03-09,5,
huggingface/datasets,NLP,8037,2026-03-02,2026-03-09,7,
huggingface/datasets,NLP,8033,2026-02-28,2026-03-07,7,
huggingface/datasets,NLP,8032,2026-02-27,2026-02-27,0,
huggingface/datasets,NLP,8031,2026-02-27,2026-02-27,0,
huggingface/datasets,NLP,8030,2026-02-27,2026-02-27,0,
huggingface/datasets,NLP,8027,2026-02-26,2026-03-09,10,
huggingface/datasets,NLP,8026,2026-02-25,2026-02-25,0,
huggingface/datasets,NLP,8025,2026-02-25,2026-02-25,0,
huggingface/datasets,NLP,8024,2026-02-24,2026-02-24,0,
huggingface/datasets,NLP,8023,2026-02-24,2026-02-24,0,
huggingface/datasets,NLP,8022,2026-02-24,2026-02-24,0,
huggingface/datasets,NLP,8012,2026-02-19,2026-02-20,0,
huggingface/datasets,NLP,8011,2026-02-19,2026-02-19,0,
huggingface/datasets,NLP,8010,2026-02-19,2026-02-19,0,
huggingface/datasets,NLP,8009,2026-02-18,2026-02-18,0,
huggingface/datasets,NLP,8006,2026-02-15,2026-02-24,8,
huggingface/datasets,NLP,8003,2026-02-13,2026-02-13,0,
huggingface/datasets,NLP,8000,2026-02-10,2026-02-16,6,
huggingface/datasets,NLP,7998,2026-02-08,2026-02-16,8,
huggingface/datasets,NLP,7997,2026-02-08,2026-02-11,3,
huggingface/datasets,NLP,7995,2026-02-08,2026-02-16,8,
explosion/spaCy,NLP,13947,2026-03-28,2026-03-28,0,
explosion/spaCy,NLP,13946,2026-03-28,2026-03-28,0,
explosion/spaCy,NLP,13942,2026-03-23,2026-03-24,0,
explosion/spaCy,NLP,13940,2026-03-21,2026-03-23,2,
explosion/spaCy,NLP,13937,2026-03-17,2026-03-23,5,
explosion/spaCy,NLP,13934,2026-03-13,2026-03-23,9,
explosion/spaCy,NLP,13932,2026-03-07,2026-03-15,7,
explosion/spaCy,NLP,13929,2026-03-02,2026-03-03,0,
explosion/spaCy,NLP,13927,2026-02-26,2026-03-23,25,
explosion/spaCy,NLP,13924,2026-02-14,2026-03-15,28,
explosion/spaCy,NLP,13922,2026-02-11,2026-03-20,36,
explosion/spaCy,NLP,13907,2025-12-28,2025-12-28,0,
explosion/spaCy,NLP,13905,2025-12-21,2025-12-21,0,
explosion/spaCy,NLP,13903,2025-12-11,2025-12-11,0,
explosion/spaCy,NLP,13902,2025-12-06,2026-03-23,107,
explosion/spaCy,NLP,13895,2025-11-17,2026-03-23,125,
explosion/spaCy,NLP,13894,2025-11-14,2025-11-14,0,
explosion/spaCy,NLP,13893,2025-11-13,2025-11-17,3,
explosion/spaCy,NLP,13888,2025-10-30,2025-11-17,18,
explosion/spaCy,NLP,13885,2025-10-19,2025-11-17,29,
explosion/spaCy,NLP,13881,2025-10-13,2025-10-13,0,
explosion/spaCy,NLP,13879,2025-10-07,2025-11-22,45,
explosion/spaCy,NLP,13877,2025-10-06,2025-10-28,21,
explosion/spaCy,NLP,13876,2025-09-28,2025-10-28,29,
explosion/spaCy,NLP,13875,2025-09-15,2025-11-22,67,
explosion/spaCy,NLP,13874,2025-09-11,2025-11-22,71,
explosion/spaCy,NLP,13870,2025-08-31,2025-11-17,78,
explosion/spaCy,NLP,13868,2025-08-29,2025-09-01,3,
explosion/spaCy,NLP,13865,2025-08-22,2025-11-27,97,
explosion/spaCy,NLP,13864,2025-08-22,2026-01-12,143,
explosion/spaCy,NLP,13862,2025-08-15,2025-11-17,94,
explosion/spaCy,NLP,13854,2025-07-23,2025-11-05,104,
explosion/spaCy,NLP,13853,2025-07-22,2025-10-28,97,
explosion/spaCy,NLP,13851,2025-07-22,2025-07-25,3,
explosion/spaCy,NLP,13848,2025-07-11,2025-10-28,109,
explosion/spaCy,NLP,13844,2025-07-02,2025-10-28,117,
explosion/spaCy,NLP,13843,2025-07-02,2025-10-28,117,
explosion/spaCy,NLP,13838,2025-06-23,2025-11-04,134,
explosion/spaCy,NLP,13837,2025-06-23,2025-11-04,134,
explosion/spaCy,NLP,13834,2025-06-19,2025-11-04,138,
explosion/spaCy,NLP,13828,2025-05-29,2025-05-29,0,
explosion/spaCy,NLP,13823,2025-05-21,2025-05-22,0,
explosion/spaCy,NLP,13822,2025-05-16,2025-12-06,203,
explosion/spaCy,NLP,13821,2025-05-14,2025-05-24,10,
explosion/spaCy,NLP,13820,2025-05-14,2025-05-22,7,
explosion/spaCy,NLP,13816,2025-05-09,2025-05-26,17,
explosion/spaCy,NLP,13815,2025-05-09,2025-05-22,13,
explosion/spaCy,NLP,13813,2025-05-06,2025-05-26,20,
explosion/spaCy,NLP,13811,2025-05-05,2025-05-12,6,docs
explosion/spaCy,NLP,13807,2025-04-27,2025-05-28,30,
explosion/spaCy,NLP,13805,2025-04-22,2025-04-28,5,
explosion/spaCy,NLP,13802,2025-04-19,2025-04-20,1,
explosion/spaCy,NLP,13800,2025-04-15,2025-05-26,41,
explosion/spaCy,NLP,13791,2025-04-06,2025-05-28,51,
explosion/spaCy,NLP,13788,2025-04-04,2025-05-26,51,
explosion/spaCy,NLP,13784,2025-04-01,2025-05-12,40,docs
explosion/spaCy,NLP,13783,2025-04-01,2025-05-28,56,
explosion/spaCy,NLP,13781,2025-03-29,2025-05-12,43,feat / visualizers
explosion/spaCy,NLP,13772,2025-03-18,2025-05-22,64,
explosion/spaCy,NLP,13771,2025-03-17,2025-03-17,0,
explosion/spaCy,NLP,13769,2025-03-12,2025-05-28,76,bug
explosion/spaCy,NLP,13768,2025-03-10,2025-05-17,67,
explosion/spaCy,NLP,13765,2025-03-06,2025-05-22,76,
explosion/spaCy,NLP,13764,2025-03-06,2025-05-22,76,
explosion/spaCy,NLP,13760,2025-02-28,2025-05-28,89,
explosion/spaCy,NLP,13759,2025-02-28,2025-05-26,87,
explosion/spaCy,NLP,13753,2025-02-17,2025-02-18,0,
explosion/spaCy,NLP,13751,2025-02-12,2025-05-28,105,
explosion/spaCy,NLP,13749,2025-02-11,2025-04-11,59,
explosion/spaCy,NLP,13747,2025-02-09,2025-05-28,108,docs
explosion/spaCy,NLP,13743,2025-02-05,2025-05-22,106,
explosion/spaCy,NLP,13740,2025-02-03,2025-02-03,0,docs
explosion/spaCy,NLP,13737,2025-01-29,2025-07-08,159,
explosion/spaCy,NLP,13727,2025-01-13,2025-01-13,0,
explosion/spaCy,NLP,13725,2024-12-26,2025-05-28,153,docs
explosion/spaCy,NLP,13720,2024-12-18,2024-12-18,0,
explosion/spaCy,NLP,13716,2024-12-12,2025-05-22,160,
explosion/spaCy,NLP,13713,2024-12-10,2024-12-11,0,
explosion/spaCy,NLP,13712,2024-12-09,2025-05-28,169,
explosion/spaCy,NLP,13708,2024-12-05,2025-11-22,352,
explosion/spaCy,NLP,13707,2024-12-05,2025-11-04,334,
explosion/spaCy,NLP,13706,2024-12-04,2025-11-22,352,
explosion/spaCy,NLP,13704,2024-12-04,2025-02-26,84,
explosion/spaCy,NLP,13702,2024-11-30,2025-05-28,178,
explosion/spaCy,NLP,13701,2024-11-30,2024-12-11,10,
explosion/spaCy,NLP,13692,2024-11-19,2025-11-22,367,
explosion/spaCy,NLP,13690,2024-11-13,2025-11-22,373,
explosion/spaCy,NLP,13686,2024-11-06,2025-11-22,380,
explosion/spaCy,NLP,13681,2024-10-30,2025-11-04,370,
explosion/spaCy,NLP,13672,2024-10-19,2024-10-20,0,
explosion/spaCy,NLP,13669,2024-10-18,2025-11-04,381,
explosion/spaCy,NLP,13668,2024-10-18,2025-05-22,215,
explosion/spaCy,NLP,13665,2024-10-17,2024-10-23,6,docs
explosion/spaCy,NLP,13663,2024-10-15,2024-10-16,0,
explosion/spaCy,NLP,13660,2024-10-14,2024-10-15,1,
explosion/spaCy,NLP,13659,2024-10-13,2025-11-22,405,
explosion/spaCy,NLP,13658,2024-10-12,2025-05-22,222,
explosion/spaCy,NLP,13657,2024-10-11,2024-10-23,11,docs
explosion/spaCy,NLP,13656,2024-10-10,2025-05-28,229,
explosion/spaCy,NLP,13655,2024-10-10,2024-10-10,0,
facebookresearch/fairseq,NLP,5651,2026-02-27,2026-02-27,0,"bug,needs triage"
facebookresearch/fairseq,NLP,5649,2026-02-26,2026-02-26,0,"bug,needs triage"
facebookresearch/fairseq,NLP,5648,2026-02-25,2026-02-27,1,
facebookresearch/fairseq,NLP,5641,2025-11-13,2025-11-13,0,"bug,needs triage"
facebookresearch/fairseq,NLP,5635,2025-09-09,2025-09-09,0,CLA Signed
facebookresearch/fairseq,NLP,5631,2025-08-06,2025-08-06,0,"bug,needs triage"
facebookresearch/fairseq,NLP,5619,2025-06-10,2025-06-10,0,CLA Signed
facebookresearch/fairseq,NLP,5611,2025-05-07,2025-09-30,146,CLA Signed
facebookresearch/fairseq,NLP,5610,2025-05-07,2025-09-30,146,"bug,needs triage"
facebookresearch/fairseq,NLP,5604,2025-04-14,2025-04-14,0,
facebookresearch/fairseq,NLP,5600,2025-03-05,2025-03-05,0,
facebookresearch/fairseq,NLP,5596,2025-02-16,2025-02-20,3,
facebookresearch/fairseq,NLP,5595,2025-02-14,2025-02-14,0,"bug,needs triage"
facebookresearch/fairseq,NLP,5589,2025-01-09,2025-01-09,0,CLA Signed
facebookresearch/fairseq,NLP,5587,2025-01-04,2025-01-04,0,
facebookresearch/fairseq,NLP,5578,2025-01-02,2025-01-02,0,
facebookresearch/fairseq,NLP,5577,2025-01-02,2025-01-02,0,
facebookresearch/fairseq,NLP,5575,2024-12-27,2024-12-27,0,"bug,needs triage"
facebookresearch/fairseq,NLP,5573,2024-12-16,2024-12-16,0,
facebookresearch/fairseq,NLP,5556,2024-10-18,2024-11-08,21,"question,needs triage"
facebookresearch/fairseq,NLP,5555,2024-10-17,2024-10-18,0,CLA Signed
facebookresearch/fairseq,NLP,5547,2024-10-03,2024-10-03,0,CLA Signed
facebookresearch/fairseq,NLP,5546,2024-10-03,2024-10-03,0,CLA Signed
facebookresearch/fairseq,NLP,5545,2024-09-27,2024-09-27,0,CLA Signed
facebookresearch/fairseq,NLP,5544,2024-09-26,2024-09-27,0,CLA Signed
facebookresearch/fairseq,NLP,5542,2024-09-22,2024-09-22,0,"question,needs triage"
facebookresearch/fairseq,NLP,5539,2024-09-06,2024-09-06,0,
facebookresearch/fairseq,NLP,5530,2024-07-23,2024-07-24,0,"question,needs triage"
facebookresearch/fairseq,NLP,5529,2024-07-22,2024-07-22,0,CLA Signed
facebookresearch/fairseq,NLP,5526,2024-07-19,2024-11-20,123,
facebookresearch/fairseq,NLP,5517,2024-07-02,2024-07-02,0,"question,needs triage"
facebookresearch/fairseq,NLP,5512,2024-06-24,2024-06-25,0,"question,needs triage"
facebookresearch/fairseq,NLP,5511,2024-06-24,2024-07-11,17,"bug,needs triage"
facebookresearch/fairseq,NLP,5507,2024-06-13,2024-07-05,21,"enhancement,help wanted,needs triage"
facebookresearch/fairseq,NLP,5502,2024-05-30,2024-07-02,32,CLA Signed
facebookresearch/fairseq,NLP,5501,2024-05-30,2024-05-30,0,CLA Signed
facebookresearch/fairseq,NLP,5492,2024-04-24,2024-05-25,31,"question,needs triage"
facebookresearch/fairseq,NLP,5486,2024-04-20,2024-11-12,205,CLA Signed
facebookresearch/fairseq,NLP,5485,2024-04-20,2024-04-20,0,
facebookresearch/fairseq,NLP,5470,2024-04-02,2024-04-03,0,"question,needs triage"
facebookresearch/fairseq,NLP,5468,2024-03-29,2024-03-29,0,
facebookresearch/fairseq,NLP,5466,2024-03-24,2024-03-24,0,"question,needs triage"
facebookresearch/fairseq,NLP,5458,2024-03-12,2024-03-13,0,CLA Signed
facebookresearch/fairseq,NLP,5456,2024-03-11,2024-03-11,0,"question,needs triage"
facebookresearch/fairseq,NLP,5451,2024-03-05,2024-03-05,0,"bug,needs triage"
facebookresearch/fairseq,NLP,5447,2024-03-01,2024-03-03,2,"question,needs triage"
facebookresearch/fairseq,NLP,5432,2024-01-24,2024-01-24,0,CLA Signed
facebookresearch/fairseq,NLP,5430,2024-01-22,2024-01-22,0,"question,needs triage"
facebookresearch/fairseq,NLP,5427,2024-01-18,2024-12-16,332,CLA Signed
facebookresearch/fairseq,NLP,5419,2024-01-10,2024-01-24,14,"question,needs triage"
facebookresearch/fairseq,NLP,5416,2024-01-07,2024-01-08,0,"bug,needs triage"
facebookresearch/fairseq,NLP,5409,2023-12-26,2024-01-02,7,"enhancement,help wanted,needs triage"
facebookresearch/fairseq,NLP,5408,2023-12-21,2024-01-02,11,"question,needs triage"
facebookresearch/fairseq,NLP,5407,2023-12-21,2024-01-08,18,CLA Signed
facebookresearch/fairseq,NLP,5405,2023-12-20,2023-12-27,6,"bug,needs triage"
facebookresearch/fairseq,NLP,5394,2023-12-06,2023-12-19,12,"question,needs triage"
facebookresearch/fairseq,NLP,5385,2023-11-22,2023-11-22,0,
facebookresearch/fairseq,NLP,5383,2023-11-20,2023-12-23,32,"bug,needs triage"
facebookresearch/fairseq,NLP,5382,2023-11-20,2023-11-24,4,"bug,needs triage"
facebookresearch/fairseq,NLP,5381,2023-11-20,2023-11-24,3,"question,needs triage"
facebookresearch/fairseq,NLP,5370,2023-11-07,2023-11-08,0,"question,needs triage"
facebookresearch/fairseq,NLP,5363,2023-10-31,2024-02-26,118,CLA Signed
facebookresearch/fairseq,NLP,5357,2023-10-24,2023-12-11,48,"question,needs triage"
facebookresearch/fairseq,NLP,5355,2023-10-23,2024-02-13,112,CLA Signed
facebookresearch/fairseq,NLP,5346,2023-10-10,2023-10-10,0,CLA Signed
facebookresearch/fairseq,NLP,5344,2023-10-09,2023-10-09,0,CLA Signed
facebookresearch/fairseq,NLP,5334,2023-09-23,2023-09-23,0,"bug,needs triage"
facebookresearch/fairseq,NLP,5332,2023-09-21,2023-09-28,6,CLA Signed
facebookresearch/fairseq,NLP,5330,2023-09-15,2023-09-15,0,CLA Signed
facebookresearch/fairseq,NLP,5328,2023-09-15,2023-09-15,0,CLA Signed
facebookresearch/fairseq,NLP,5326,2023-09-15,2023-09-15,0,
facebookresearch/fairseq,NLP,5320,2023-09-09,2023-09-12,2,"bug,needs triage"
facebookresearch/fairseq,NLP,5317,2023-09-07,2023-09-07,0,CLA Signed
facebookresearch/fairseq,NLP,5312,2023-09-06,2023-09-08,2,CLA Signed
facebookresearch/fairseq,NLP,5309,2023-09-04,2023-09-09,4,"question,needs triage"
facebookresearch/fairseq,NLP,5307,2023-09-02,2023-09-02,0,"question,needs triage"
facebookresearch/fairseq,NLP,5302,2023-08-30,2023-09-06,7,"question,needs triage"
facebookresearch/fairseq,NLP,5301,2023-08-28,2023-08-29,1,"question,needs triage"
facebookresearch/fairseq,NLP,5289,2023-08-19,2023-08-24,4,"bug,needs triage"
facebookresearch/fairseq,NLP,5285,2023-08-17,2023-08-18,0,CLA Signed
facebookresearch/fairseq,NLP,5284,2023-08-16,2023-08-24,7,"question,needs triage"
facebookresearch/fairseq,NLP,5283,2023-08-16,2023-08-28,12,"question,needs triage"
facebookresearch/fairseq,NLP,5281,2023-08-15,2023-08-16,0,"question,needs triage"
facebookresearch/fairseq,NLP,5280,2023-08-14,2023-08-14,0,"question,needs triage"
facebookresearch/fairseq,NLP,5265,2023-07-21,2023-07-27,6,"question,needs triage"
facebookresearch/fairseq,NLP,5248,2023-07-10,2023-09-06,58,"bug,needs triage"
facebookresearch/fairseq,NLP,5246,2023-07-09,2023-07-11,1,"question,needs triage"
facebookresearch/fairseq,NLP,5242,2023-07-09,2023-09-08,60,"bug,needs triage"
facebookresearch/fairseq,NLP,5238,2023-07-05,2023-09-12,69,"question,needs triage"
facebookresearch/fairseq,NLP,5237,2023-07-04,2023-07-07,2,CLA Signed
facebookresearch/fairseq,NLP,5236,2023-07-04,2023-07-10,6,"question,needs triage"
facebookresearch/fairseq,NLP,5235,2023-07-03,2023-07-03,0,"bug,needs triage"
facebookresearch/fairseq,NLP,5233,2023-07-02,2023-11-18,138,
facebookresearch/fairseq,NLP,5232,2023-07-01,2023-07-02,0,"question,needs triage"
facebookresearch/fairseq,NLP,5215,2023-06-23,2026-01-12,934,CLA Signed
facebookresearch/fairseq,NLP,5213,2023-06-22,2023-06-23,0,CLA Signed
facebookresearch/fairseq,NLP,5211,2023-06-20,2023-06-20,0,CLA Signed
facebookresearch/fairseq,NLP,5208,2023-06-18,2023-09-07,81,"question,needs triage"
facebookresearch/fairseq,NLP,5207,2023-06-16,2023-06-17,1,CLA Signed
facebookresearch/fairseq,NLP,5205,2023-06-15,2023-06-17,1,"question,needs triage"
allenai/allennlp,NLP,5736,2022-11-30,2022-12-15,15,stale
allenai/allennlp,NLP,5735,2022-11-27,2022-12-12,15,"question,stale"
allenai/allennlp,NLP,5734,2022-11-22,2022-12-07,14,"Feature request,stale"
allenai/allennlp,NLP,5733,2022-11-19,2022-11-22,2,
allenai/allennlp,NLP,5732,2022-11-15,2022-11-29,14,"bug,stale"
allenai/allennlp,NLP,5731,2022-11-08,2022-11-23,15,"bug,stale"
allenai/allennlp,NLP,5729,2022-11-01,2022-11-28,26,"question,stale"
allenai/allennlp,NLP,5728,2022-11-01,2022-11-22,20,"Contributions welcome,Feature request"
allenai/allennlp,NLP,5724,2022-10-21,2022-11-07,16,"question,stale"
allenai/allennlp,NLP,5723,2022-10-20,2022-10-21,0,bug
allenai/allennlp,NLP,5722,2022-10-20,2022-11-03,14,"question,stale"
allenai/allennlp,NLP,5721,2022-10-19,2022-11-14,26,question
allenai/allennlp,NLP,5720,2022-10-12,2022-10-19,7,Feature request
allenai/allennlp,NLP,5719,2022-10-11,2022-10-12,0,
allenai/allennlp,NLP,5718,2022-10-10,2022-10-17,6,bug
allenai/allennlp,NLP,5717,2022-10-07,2022-11-23,46,bug
allenai/allennlp,NLP,5716,2022-10-06,2022-10-26,19,bug
allenai/allennlp,NLP,5715,2022-10-03,2022-10-12,9,bug
allenai/allennlp,NLP,5714,2022-09-28,2022-09-28,0,
allenai/allennlp,NLP,5713,2022-09-26,2022-10-11,15,Feature request
allenai/allennlp,NLP,5712,2022-09-24,2022-09-28,3,
allenai/allennlp,NLP,5710,2022-09-12,2022-10-03,21,"bug,stale"
allenai/allennlp,NLP,5709,2022-09-09,2022-10-12,33,"Feature request,stale"
allenai/allennlp,NLP,5707,2022-09-03,2022-09-19,16,"bug,stale"
allenai/allennlp,NLP,5706,2022-08-24,2022-08-24,0,
allenai/allennlp,NLP,5705,2022-08-23,2022-09-06,14,"Feature request,stale"
allenai/allennlp,NLP,5703,2022-08-17,2022-09-01,14,"question,stale"
allenai/allennlp,NLP,5702,2022-08-16,2022-08-31,14,stale
allenai/allennlp,NLP,5700,2022-08-11,2022-08-25,14,"Feature request,stale"
allenai/allennlp,NLP,5699,2022-08-09,2022-08-23,14,stale
allenai/allennlp,NLP,5698,2022-08-09,2022-08-23,14,"question,stale"
allenai/allennlp,NLP,5697,2022-08-01,2022-08-24,23,
allenai/allennlp,NLP,5696,2022-07-31,2022-08-15,14,"bug,stale"
allenai/allennlp,NLP,5695,2022-07-24,2022-08-05,11,question
allenai/allennlp,NLP,5694,2022-07-22,2022-08-17,26,
allenai/allennlp,NLP,5693,2022-07-19,2022-08-03,14,"bug,stale"
allenai/allennlp,NLP,5692,2022-07-18,2022-08-01,14,"question,stale"
allenai/allennlp,NLP,5691,2022-07-15,2022-07-15,0,
allenai/allennlp,NLP,5688,2022-07-15,2022-07-29,14,"question,stale"
allenai/allennlp,NLP,5685,2022-07-07,2022-07-11,3,
allenai/allennlp,NLP,5684,2022-07-07,2022-07-21,14,"question,stale"
allenai/allennlp,NLP,5683,2022-07-06,2022-07-27,21,"bug,stale"
allenai/allennlp,NLP,5682,2022-07-03,2022-07-21,18,"bug,stale"
allenai/allennlp,NLP,5681,2022-06-29,2022-06-29,0,"dependencies,python"
allenai/allennlp,NLP,5680,2022-06-29,2022-10-11,104,"dependencies,python"
allenai/allennlp,NLP,5679,2022-06-28,2022-06-29,1,"dependencies,python"
allenai/allennlp,NLP,5678,2022-06-28,2022-07-12,14,"question,stale"
allenai/allennlp,NLP,5677,2022-06-27,2022-06-30,2,question
allenai/allennlp,NLP,5676,2022-06-22,2022-07-14,21,
allenai/allennlp,NLP,5675,2022-06-21,2022-06-29,8,"dependencies,python"
allenai/allennlp,NLP,5674,2022-06-20,2022-07-11,20,"dependencies,python"
allenai/allennlp,NLP,5672,2022-06-17,2022-07-11,23,"dependencies,python"
allenai/allennlp,NLP,5671,2022-06-17,2022-07-11,23,"dependencies,python"
allenai/allennlp,NLP,5670,2022-06-17,2022-07-11,23,"dependencies,python"
allenai/allennlp,NLP,5669,2022-06-17,2022-06-21,3,"dependencies,python"
allenai/allennlp,NLP,5668,2022-06-17,2022-07-11,23,"dependencies,python"
allenai/allennlp,NLP,5667,2022-06-17,2022-07-11,23,"dependencies,python"
allenai/allennlp,NLP,5666,2022-06-14,2022-06-20,6,bug
allenai/allennlp,NLP,5665,2022-06-13,2022-06-17,4,
allenai/allennlp,NLP,5664,2022-06-13,2022-06-20,7,bug
allenai/allennlp,NLP,5663,2022-06-09,2022-10-06,118,"bug,stale"
allenai/allennlp,NLP,5662,2022-06-09,2022-06-21,12,"dependencies,github_actions"
allenai/allennlp,NLP,5661,2022-06-09,2022-06-20,11,question
allenai/allennlp,NLP,5658,2022-06-07,2022-06-20,13,"dependencies,python"
allenai/allennlp,NLP,5657,2022-06-04,2022-06-20,16,stale
allenai/allennlp,NLP,5656,2022-06-03,2022-06-20,16,
allenai/allennlp,NLP,5655,2022-06-03,2022-06-21,17,"dependencies,python"
allenai/allennlp,NLP,5654,2022-06-03,2022-06-17,14,"bug,stale"
allenai/allennlp,NLP,5653,2022-06-02,2022-06-17,14,"question,stale"
allenai/allennlp,NLP,5652,2022-06-02,2022-06-16,14,stale
allenai/allennlp,NLP,5651,2022-05-31,2022-06-02,1,
allenai/allennlp,NLP,5650,2022-05-30,2022-07-11,42,"dependencies,python"
allenai/allennlp,NLP,5649,2022-05-27,2022-06-10,14,"Feature request,stale"
allenai/allennlp,NLP,5648,2022-05-26,2022-05-30,3,"dependencies,python"
allenai/allennlp,NLP,5647,2022-05-26,2022-06-21,26,"dependencies,github_actions"
allenai/allennlp,NLP,5646,2022-05-26,2022-06-09,14,"dependencies,github_actions"
allenai/allennlp,NLP,5645,2022-05-26,2022-06-21,25,"dependencies,github_actions"
allenai/allennlp,NLP,5644,2022-05-26,2022-06-21,26,"dependencies,github_actions"
allenai/allennlp,NLP,5643,2022-05-26,2022-06-21,25,"dependencies,github_actions"
allenai/allennlp,NLP,5642,2022-05-26,2022-06-20,25,"dependencies,github_actions"
allenai/allennlp,NLP,5641,2022-05-26,2022-06-20,25,"dependencies,github_actions"
allenai/allennlp,NLP,5640,2022-05-26,2022-05-26,0,
allenai/allennlp,NLP,5639,2022-05-25,2022-05-26,1,dependencies
allenai/allennlp,NLP,5638,2022-05-21,2022-06-02,11,
allenai/allennlp,NLP,5637,2022-05-21,2022-06-02,11,Feature request
allenai/allennlp,NLP,5636,2022-05-13,2022-06-21,39,dependencies
allenai/allennlp,NLP,5635,2022-05-13,2022-05-25,12,dependencies
allenai/allennlp,NLP,5633,2022-05-11,2022-05-26,14,
allenai/allennlp,NLP,5631,2022-04-29,2022-05-09,10,dependencies
allenai/allennlp,NLP,5630,2022-04-28,2022-04-28,0,dependencies
allenai/allennlp,NLP,5629,2022-04-24,2022-04-25,0,
allenai/allennlp,NLP,5628,2022-04-23,2022-04-25,1,
allenai/allennlp,NLP,5626,2022-04-22,2022-05-06,14,"bug,stale"
allenai/allennlp,NLP,5625,2022-04-20,2022-04-21,0,question
allenai/allennlp,NLP,5624,2022-04-20,2022-04-20,0,question
allenai/allennlp,NLP,5622,2022-04-16,2022-04-25,9,
allenai/allennlp,NLP,5621,2022-04-14,2022-04-14,0,
allenai/allennlp,NLP,5620,2022-04-13,2022-04-27,14,"Feature request,stale"
allenai/allennlp,NLP,5618,2022-04-07,2022-04-08,0,
allenai/allennlp,NLP,5617,2022-04-07,2022-04-07,0,dependencies
langchain-ai/langchain,NLP,37228,2026-05-06,2026-05-06,0,"langchain,fix,external,size: S,missing-issue-link,new-contributor"
langchain-ai/langchain,NLP,37226,2026-05-06,2026-05-06,0,"langchain-classic,external,size: S,missing-issue-link,new-contributor"
langchain-ai/langchain,NLP,37225,2026-05-06,2026-05-06,0,"langchain,release,dependencies,internal,size: XS"
langchain-ai/langchain,NLP,37224,2026-05-06,2026-05-06,0,"langchain,release,dependencies,internal,size: XS"
langchain-ai/langchain,NLP,37223,2026-05-06,2026-05-06,0,"integration,core,langchain,text-splitters,dependencies,github_actions,fix,langchain-classic,anthropic,fireworks,mistralai,internal,openrouter,size: XS"
langchain-ai/langchain,NLP,37221,2026-05-06,2026-05-06,0,external
langchain-ai/langchain,NLP,37219,2026-05-06,2026-05-06,0,external
langchain-ai/langchain,NLP,37218,2026-05-06,2026-05-06,0,"integration,fix,huggingface,external,size: XS,missing-issue-link,new-contributor"
langchain-ai/langchain,NLP,37217,2026-05-06,2026-05-06,0,"integration,feature,openai,external,size: XS,missing-issue-link,new-contributor"
langchain-ai/langchain,NLP,37216,2026-05-06,2026-05-06,0,"integration,fix,openai,external,size: XS,missing-issue-link,new-contributor"
langchain-ai/langchain,NLP,37214,2026-05-06,2026-05-06,0,"documentation,langchain-classic,external,size: XS,missing-issue-link,new-contributor"
langchain-ai/langchain,NLP,37213,2026-05-05,2026-05-05,0,"text-splitters,fix,external,size: S,missing-issue-link,new-contributor"
langchain-ai/langchain,NLP,37212,2026-05-05,2026-05-05,0,"langchain,release,dependencies,langchain-classic,internal,size: XS"
langchain-ai/langchain,NLP,37211,2026-05-05,2026-05-05,0,"release,dependencies,langchain-classic,internal,size: XS"
langchain-ai/langchain,NLP,37210,2026-05-05,2026-05-05,0,"infra,github_actions,internal,size: XS"
langchain-ai/langchain,NLP,37209,2026-05-05,2026-05-05,0,"langchain,fix,langchain-classic,internal,size: XS"
langchain-ai/langchain,NLP,37208,2026-05-05,2026-05-05,0,"langchain,fix,langchain-classic,internal,size: XS"
langchain-ai/langchain,NLP,37207,2026-05-05,2026-05-05,0,"infra,github_actions,internal,size: XS"
langchain-ai/langchain,NLP,37206,2026-05-05,2026-05-05,0,"infra,github_actions,internal,size: S"
langchain-ai/langchain,NLP,37205,2026-05-05,2026-05-05,0,"core,release,dependencies,internal,size: XS"
langchain-ai/langchain,NLP,37204,2026-05-05,2026-05-05,0,"infra,dependencies,python:uv,internal,size: XS"
langchain-ai/langchain,NLP,37203,2026-05-05,2026-05-05,0,"infra,dependencies,python:uv,internal,size: XS"
langchain-ai/langchain,NLP,37202,2026-05-05,2026-05-05,0,"infra,dependencies,python:uv,internal,size: XS"
langchain-ai/langchain,NLP,37201,2026-05-05,2026-05-05,0,"core,langchain,fix,langchain-classic,internal,size: M"
langchain-ai/langchain,NLP,37200,2026-05-05,2026-05-05,0,"core,fix,internal,size: XS"
langchain-ai/langchain,NLP,37199,2026-05-05,2026-05-05,0,"langchain,fix,langchain-classic,internal,size: XS"
langchain-ai/langchain,NLP,37198,2026-05-05,2026-05-05,0,"core,release,dependencies,internal,size: XS"
langchain-ai/langchain,NLP,37197,2026-05-05,2026-05-05,0,"core,langchain,fix,langchain-classic,internal,size: L"
langchain-ai/langchain,NLP,37196,2026-05-05,2026-05-05,0,"core,text-splitters,external,size: XS,missing-issue-link,new-contributor"
langchain-ai/langchain,NLP,37194,2026-05-05,2026-05-05,0,"infra,github_actions,internal,size: S"
langchain-ai/langchain,NLP,37193,2026-05-05,2026-05-05,0,"integration,fix,fireworks,internal,size: XS"
langchain-ai/langchain,NLP,37191,2026-05-05,2026-05-05,0,"integration,release,dependencies,mistralai,internal,size: XS"
langchain-ai/langchain,NLP,37190,2026-05-05,2026-05-05,0,"documentation,internal,size: XS"
langchain-ai/langchain,NLP,37189,2026-05-05,2026-05-05,0,
langchain-ai/langchain,NLP,37188,2026-05-05,2026-05-05,0,"integration,fix,mistralai,internal,size: XS"
langchain-ai/langchain,NLP,37187,2026-05-05,2026-05-05,0,"integration,fix,fireworks,internal,size: S"
langchain-ai/langchain,NLP,37186,2026-05-05,2026-05-05,0,"langchain,fix,external,size: XS,missing-issue-link,new-contributor"
langchain-ai/langchain,NLP,37185,2026-05-05,2026-05-05,0,"langchain,fix,external,size: XS,missing-issue-link,new-contributor"
langchain-ai/langchain,NLP,37183,2026-05-05,2026-05-05,0,"integration,core,fix,qdrant,external,size: XS,missing-issue-link,new-contributor"
langchain-ai/langchain,NLP,37182,2026-05-05,2026-05-05,0,"integration,infra,model-profiles,internal,openrouter,bot,size: XS"
langchain-ai/langchain,NLP,37181,2026-05-05,2026-05-05,0,"documentation,core,external,size: XS,new-contributor"
langchain-ai/langchain,NLP,37180,2026-05-05,2026-05-05,0,external
langchain-ai/langchain,NLP,37179,2026-05-04,2026-05-04,0,"integration,fix,deepseek,external,size: XS,missing-issue-link,new-contributor"
langchain-ai/langchain,NLP,37177,2026-05-04,2026-05-04,0,"deepseek,external"
langchain-ai/langchain,NLP,37176,2026-05-04,2026-05-04,0,"deepseek,external"
langchain-ai/langchain,NLP,37175,2026-05-04,2026-05-04,0,external
langchain-ai/langchain,NLP,37174,2026-05-04,2026-05-04,0,external
langchain-ai/langchain,NLP,37173,2026-05-04,2026-05-05,1,"bug,core,external"
langchain-ai/langchain,NLP,37171,2026-05-04,2026-05-04,0,"integration,fix,qdrant,external,size: XS,missing-issue-link,new-contributor"
langchain-ai/langchain,NLP,37170,2026-05-04,2026-05-04,0,"langchain,feature request,external"
langchain-ai/langchain,NLP,37169,2026-05-04,2026-05-04,0,external
langchain-ai/langchain,NLP,37168,2026-05-03,2026-05-04,0,"feature request,external"
langchain-ai/langchain,NLP,37166,2026-05-03,2026-05-03,0,"integration,release,dependencies,anthropic,internal,size: XS"
langchain-ai/langchain,NLP,37165,2026-05-03,2026-05-03,0,"release,dependencies,langchain-classic,internal,size: XS"
langchain-ai/langchain,NLP,37164,2026-05-03,2026-05-03,0,"integration,langchain,text-splitters,refactor,langchain-classic,anthropic,internal,size: XL"
langchain-ai/langchain,NLP,37163,2026-05-03,2026-05-03,0,"langchain,infra,dependencies,langchain-classic,internal,size: XS"
langchain-ai/langchain,NLP,37162,2026-05-03,2026-05-03,0,"integration,infra,model-profiles,internal,openrouter,bot,size: XS"
langchain-ai/langchain,NLP,37161,2026-05-03,2026-05-03,0,external
langchain-ai/langchain,NLP,37160,2026-05-03,2026-05-03,0,"core,langchain,fix,langchain-classic,external,size: XS,missing-issue-link,new-contributor"
langchain-ai/langchain,NLP,37159,2026-05-03,2026-05-03,0,"bug,langchain,langchain-classic,external"
langchain-ai/langchain,NLP,37158,2026-05-03,2026-05-03,0,"core,langchain,fix,langchain-classic,external,size: XS,missing-issue-link,new-contributor"
langchain-ai/langchain,NLP,37156,2026-05-02,2026-05-02,0,"integration,text-splitters,fix,qdrant,external,size: XS,missing-issue-link,new-contributor"
langchain-ai/langchain,NLP,37155,2026-05-02,2026-05-02,0,"text-splitters,fix,external,size: XS,missing-issue-link,new-contributor"
langchain-ai/langchain,NLP,37154,2026-05-02,2026-05-04,1,"langchain,feature request,external"
langchain-ai/langchain,NLP,37153,2026-05-02,2026-05-02,0,external
langchain-ai/langchain,NLP,37152,2026-05-02,2026-05-02,0,external
langchain-ai/langchain,NLP,37151,2026-05-02,2026-05-02,0,external
langchain-ai/langchain,NLP,37150,2026-05-02,2026-05-02,0,"documentation,integration,qdrant,external,size: XS,missing-issue-link"
langchain-ai/langchain,NLP,37149,2026-05-02,2026-05-02,0,"text-splitters,fix,external,size: XS,missing-issue-link,new-contributor"
langchain-ai/langchain,NLP,37148,2026-05-02,2026-05-02,0,"integration,infra,model-profiles,internal,openrouter,bot,size: XS"
langchain-ai/langchain,NLP,37147,2026-05-02,2026-05-03,1,"bug,langchain,external"
langchain-ai/langchain,NLP,37146,2026-05-01,2026-05-01,0,"integration,release,dependencies,internal,openrouter,size: XS"
langchain-ai/langchain,NLP,37145,2026-05-01,2026-05-01,0,"integration,release,dependencies,mistralai,internal,size: XS"
langchain-ai/langchain,NLP,37144,2026-05-01,2026-05-01,0,"integration,release,dependencies,fireworks,internal,size: XS"
langchain-ai/langchain,NLP,37143,2026-05-01,2026-05-01,0,"integration,feature,fireworks,internal,size: S"
langchain-ai/langchain,NLP,37142,2026-05-01,2026-05-01,0,"infra,github_actions,internal,size: XS"
langchain-ai/langchain,NLP,37141,2026-05-01,2026-05-01,0,"infra,github_actions,internal,size: XS"
langchain-ai/langchain,NLP,37140,2026-05-01,2026-05-01,0,"langchain,release,dependencies,internal,size: XS"
langchain-ai/langchain,NLP,37139,2026-05-01,2026-05-01,0,"integration,release,dependencies,internal,openrouter,size: XS"
langchain-ai/langchain,NLP,37138,2026-05-01,2026-05-01,0,"integration,feature,internal,openrouter,size: S,OpenSWE"
langchain-ai/langchain,NLP,37137,2026-05-01,2026-05-01,0,"integration,feature,internal,openrouter,size: S"
langchain-ai/langchain,NLP,37136,2026-05-01,2026-05-01,0,"langchain,dependencies,feature,internal,size: M"
langchain-ai/langchain,NLP,37134,2026-05-01,2026-05-01,0,"integration,core,text-splitters,release,dependencies,github_actions,fireworks,mistralai,xai,internal,size: S"
langchain-ai/langchain,NLP,37133,2026-05-01,2026-05-01,0,"core,refactor,internal,size: M"
langchain-ai/langchain,NLP,37132,2026-05-01,2026-05-01,0,"core,release,dependencies,internal,size: XS"
langchain-ai/langchain,NLP,37131,2026-05-01,2026-05-01,0,"infra,dependencies,python:uv,internal,size: XS"
langchain-ai/langchain,NLP,37130,2026-05-01,2026-05-01,0,"infra,dependencies,python:uv,internal,size: XS"
langchain-ai/langchain,NLP,37129,2026-05-01,2026-05-01,0,"infra,dependencies,python:uv,internal,size: XS"
langchain-ai/langchain,NLP,37128,2026-05-01,2026-05-01,0,"core,langchain,infra,dependencies,langchain-classic,python:uv,internal,size: XS"
langchain-ai/langchain,NLP,37127,2026-05-01,2026-05-01,0,"core,fix,external,size: XS,missing-issue-link,new-contributor"
langchain-ai/langchain,NLP,37126,2026-05-01,2026-05-01,0,"infra,text-splitters,dependencies,python:uv,internal,size: XS"
langchain-ai/langchain,NLP,37125,2026-05-01,2026-05-01,0,"infra,dependencies,python:uv,internal,size: XS"
langchain-ai/langchain,NLP,37124,2026-05-01,2026-05-01,0,"infra,dependencies,python:uv,internal,size: XS"
langchain-ai/langchain,NLP,37123,2026-05-01,2026-05-01,0,"standard-tests,infra,text-splitters,dependencies,model-profiles,python:uv,internal,size: XS"
langchain-ai/langchain,NLP,37122,2026-05-01,2026-05-01,0,"integration,infra,model-profiles,fireworks,mistralai,xai,internal,bot,size: S"
langchain-ai/langchain,NLP,37121,2026-05-01,2026-05-01,0,"infra,dependencies,github_actions,internal,size: XS"
langchain-ai/langchain,NLP,37120,2026-05-01,2026-05-01,0,"infra,dependencies,github_actions,internal,size: XS"
langchain-ai/langchain,NLP,37119,2026-05-01,2026-05-01,0,"infra,dependencies,github_actions,internal,size: XS"
langchain-ai/langchain,NLP,37118,2026-05-01,2026-05-01,0,"langchain,fix,external,size: XS,missing-issue-link,new-contributor"
langchain-ai/langchain,NLP,37117,2026-05-01,2026-05-01,0,"external,size: XS,missing-issue-link,new-contributor"
deepset-ai/haystack,NLP,11265,2026-05-06,2026-05-06,0,
deepset-ai/haystack,NLP,11261,2026-05-05,2026-05-06,0,"topic:CI,github_actions,dependencies"
deepset-ai/haystack,NLP,11260,2026-05-05,2026-05-05,0,
deepset-ai/haystack,NLP,11257,2026-05-05,2026-05-06,0,
deepset-ai/haystack,NLP,11256,2026-05-05,2026-05-05,0,
deepset-ai/haystack,NLP,11255,2026-05-05,2026-05-05,0,ignore-for-release-notes
deepset-ai/haystack,NLP,11254,2026-05-05,2026-05-05,0,
deepset-ai/haystack,NLP,11253,2026-05-05,2026-05-05,0,"type:documentation,ignore-for-release-notes"
deepset-ai/haystack,NLP,11251,2026-05-04,2026-05-05,0,"topic:CI,github_actions,dependencies"
deepset-ai/haystack,NLP,11250,2026-05-04,2026-05-05,0,"topic:CI,github_actions,dependencies"
deepset-ai/haystack,NLP,11249,2026-05-04,2026-05-05,0,"topic:CI,github_actions,dependencies"
deepset-ai/haystack,NLP,11247,2026-05-04,2026-05-05,0,
deepset-ai/haystack,NLP,11246,2026-05-04,2026-05-04,0,"type:documentation,topic:tests"
deepset-ai/haystack,NLP,11245,2026-05-04,2026-05-05,0,
deepset-ai/haystack,NLP,11244,2026-05-04,2026-05-06,1,topic:tests
deepset-ai/haystack,NLP,11243,2026-05-04,2026-05-04,0,
deepset-ai/haystack,NLP,11241,2026-05-04,2026-05-04,0,
deepset-ai/haystack,NLP,11240,2026-05-04,2026-05-04,0,
deepset-ai/haystack,NLP,11239,2026-05-04,2026-05-04,0,
deepset-ai/haystack,NLP,11238,2026-05-04,2026-05-04,0,
deepset-ai/haystack,NLP,11237,2026-05-04,2026-05-04,0,
deepset-ai/haystack,NLP,11236,2026-05-04,2026-05-04,0,
deepset-ai/haystack,NLP,11235,2026-05-04,2026-05-04,0,
deepset-ai/haystack,NLP,11234,2026-05-04,2026-05-04,0,
deepset-ai/haystack,NLP,11233,2026-05-03,2026-05-04,0,
deepset-ai/haystack,NLP,11230,2026-04-30,2026-04-30,0,
deepset-ai/haystack,NLP,11229,2026-04-30,2026-05-04,4,
deepset-ai/haystack,NLP,11228,2026-04-30,2026-05-04,4,type:documentation
deepset-ai/haystack,NLP,11227,2026-04-30,2026-04-30,0,
deepset-ai/haystack,NLP,11226,2026-04-30,2026-05-04,4,
deepset-ai/haystack,NLP,11225,2026-04-30,2026-04-30,0,
deepset-ai/haystack,NLP,11223,2026-04-29,2026-04-29,0,
deepset-ai/haystack,NLP,11222,2026-04-29,2026-04-30,0,"topic:CI,github_actions,dependencies"
deepset-ai/haystack,NLP,11221,2026-04-29,2026-04-29,0,
deepset-ai/haystack,NLP,11220,2026-04-29,2026-04-30,0,"type:documentation,topic:tests"
deepset-ai/haystack,NLP,11219,2026-04-29,2026-04-29,0,
deepset-ai/haystack,NLP,11218,2026-04-29,2026-04-29,0,
deepset-ai/haystack,NLP,11217,2026-04-29,2026-04-29,0,
deepset-ai/haystack,NLP,11213,2026-04-28,2026-04-29,0,
deepset-ai/haystack,NLP,11212,2026-04-28,2026-04-28,0,"topic:CI,github_actions,dependencies"
deepset-ai/haystack,NLP,11211,2026-04-28,2026-04-28,0,
deepset-ai/haystack,NLP,11210,2026-04-28,2026-04-29,0,topic:security
deepset-ai/haystack,NLP,11208,2026-04-28,2026-04-28,0,
deepset-ai/haystack,NLP,11207,2026-04-28,2026-04-28,0,"topic:docker,topic:CI,topic:DX,topic:security"
deepset-ai/haystack,NLP,11206,2026-04-27,2026-04-28,0,"topic:CI,github_actions,dependencies"
deepset-ai/haystack,NLP,11205,2026-04-27,2026-04-28,0,"topic:CI,github_actions,dependencies"
deepset-ai/haystack,NLP,11204,2026-04-27,2026-04-28,0,
deepset-ai/haystack,NLP,11201,2026-04-27,2026-04-27,0,
deepset-ai/haystack,NLP,11200,2026-04-27,2026-04-27,0,
deepset-ai/haystack,NLP,11199,2026-04-27,2026-04-27,0,type:documentation
deepset-ai/haystack,NLP,11198,2026-04-27,2026-04-27,0,
deepset-ai/haystack,NLP,11197,2026-04-26,2026-04-27,0,"type:documentation,topic:tests"
deepset-ai/haystack,NLP,11195,2026-04-25,2026-04-28,2,
deepset-ai/haystack,NLP,11193,2026-04-25,2026-04-25,0,
deepset-ai/haystack,NLP,11192,2026-04-25,2026-04-27,2,
deepset-ai/haystack,NLP,11191,2026-04-25,2026-04-27,2,
deepset-ai/haystack,NLP,11190,2026-04-24,2026-04-28,3,
deepset-ai/haystack,NLP,11189,2026-04-24,2026-04-24,0,"topic:CI,github_actions,dependencies"
deepset-ai/haystack,NLP,11187,2026-04-24,2026-04-24,0,
deepset-ai/haystack,NLP,11186,2026-04-24,2026-05-04,9,
deepset-ai/haystack,NLP,11185,2026-04-24,2026-04-27,2,
deepset-ai/haystack,NLP,11184,2026-04-23,2026-04-23,0,
deepset-ai/haystack,NLP,11183,2026-04-23,2026-04-27,3,"topic:build/distribution,topic:CI"
deepset-ai/haystack,NLP,11182,2026-04-23,2026-04-24,1,"topic:CI,github_actions,dependencies"
deepset-ai/haystack,NLP,11181,2026-04-23,2026-04-23,0,"topic:CI,github_actions,dependencies"
deepset-ai/haystack,NLP,11180,2026-04-23,2026-04-23,0,
deepset-ai/haystack,NLP,11179,2026-04-23,2026-04-29,5,
deepset-ai/haystack,NLP,11175,2026-04-22,2026-04-23,0,
deepset-ai/haystack,NLP,11174,2026-04-22,2026-04-23,0,ignore-for-release-notes
deepset-ai/haystack,NLP,11173,2026-04-22,2026-04-23,0,
deepset-ai/haystack,NLP,11172,2026-04-22,2026-04-23,0,"topic:CI,github_actions,dependencies"
deepset-ai/haystack,NLP,11171,2026-04-22,2026-04-22,0,
deepset-ai/haystack,NLP,11170,2026-04-22,2026-04-30,8,"ignore-for-release-notes,topic:build/distribution,topic:CI"
deepset-ai/haystack,NLP,11169,2026-04-22,2026-04-22,0,
deepset-ai/haystack,NLP,11168,2026-04-21,2026-04-22,0,topic:CI
deepset-ai/haystack,NLP,11167,2026-04-21,2026-04-21,0,
deepset-ai/haystack,NLP,11166,2026-04-21,2026-04-22,0,ignore-for-release-notes
deepset-ai/haystack,NLP,11165,2026-04-21,2026-04-24,2,
deepset-ai/haystack,NLP,11164,2026-04-21,2026-04-21,0,"topic:CI,github_actions,dependencies"
deepset-ai/haystack,NLP,11163,2026-04-21,2026-04-22,0,
deepset-ai/haystack,NLP,11162,2026-04-21,2026-04-21,0,
deepset-ai/haystack,NLP,11161,2026-04-21,2026-04-21,0,
deepset-ai/haystack,NLP,11160,2026-04-20,2026-04-27,6,"type:documentation,topic:tests"
deepset-ai/haystack,NLP,11159,2026-04-20,2026-04-21,0,"topic:CI,github_actions,dependencies"
deepset-ai/haystack,NLP,11158,2026-04-20,2026-04-21,0,"topic:CI,github_actions,dependencies"
deepset-ai/haystack,NLP,11157,2026-04-20,2026-04-21,0,"topic:CI,github_actions,dependencies"
deepset-ai/haystack,NLP,11156,2026-04-20,2026-04-24,3,"topic:CI,github_actions,dependencies"
deepset-ai/haystack,NLP,11155,2026-04-20,2026-04-20,0,
deepset-ai/haystack,NLP,11154,2026-04-20,2026-04-21,0,
deepset-ai/haystack,NLP,11153,2026-04-20,2026-04-20,0,
deepset-ai/haystack,NLP,11152,2026-04-20,2026-04-20,0,"type:documentation,topic:tests"
deepset-ai/haystack,NLP,11151,2026-04-20,2026-04-20,0,
deepset-ai/haystack,NLP,11150,2026-04-20,2026-04-20,0,ignore-for-release-notes
deepset-ai/haystack,NLP,11149,2026-04-20,2026-04-20,0,ignore-for-release-notes
deepset-ai/haystack,NLP,11148,2026-04-20,2026-04-20,0,
deepset-ai/haystack,NLP,11147,2026-04-20,2026-04-20,0,"type:documentation,topic:tests"
deepset-ai/haystack,NLP,11146,2026-04-19,2026-04-20,0,ignore-for-release-notes
deepset-ai/haystack,NLP,11145,2026-04-19,2026-04-20,0,
deepset-ai/haystack,NLP,11144,2026-04-19,2026-04-20,0,
deepset-ai/haystack,NLP,11143,2026-04-19,2026-04-20,0,ignore-for-release-notes
nltk/nltk,NLP,3572,2026-05-01,2026-05-01,0,"CI,dependencies,github_actions"
nltk/nltk,NLP,3569,2026-04-28,2026-04-28,0,corpus
nltk/nltk,NLP,3568,2026-04-27,2026-04-28,1,stem/lemma
nltk/nltk,NLP,3567,2026-04-27,2026-04-28,1,
nltk/nltk,NLP,3566,2026-04-24,2026-04-30,5,
nltk/nltk,NLP,3562,2026-04-22,2026-04-25,2,corpus
nltk/nltk,NLP,3561,2026-04-22,2026-04-23,0,
nltk/nltk,NLP,3560,2026-04-18,2026-04-18,0,
nltk/nltk,NLP,3559,2026-04-18,2026-04-18,0,
nltk/nltk,NLP,3558,2026-04-18,2026-04-18,0,
nltk/nltk,NLP,3557,2026-04-18,2026-04-23,4,
nltk/nltk,NLP,3556,2026-04-14,2026-04-21,7,
nltk/nltk,NLP,3555,2026-04-14,2026-04-21,7,
nltk/nltk,NLP,3553,2026-04-13,2026-04-27,13,tokenizer
nltk/nltk,NLP,3552,2026-04-07,2026-04-21,14,
nltk/nltk,NLP,3551,2026-04-06,2026-04-21,15,
nltk/nltk,NLP,3550,2026-04-04,2026-04-21,17,
nltk/nltk,NLP,3549,2026-04-04,2026-04-21,17,
nltk/nltk,NLP,3547,2026-04-03,2026-04-21,18,
nltk/nltk,NLP,3546,2026-04-01,2026-04-27,26,"CI,dependencies,github_actions"
nltk/nltk,NLP,3544,2026-03-29,2026-04-27,28,CI
nltk/nltk,NLP,3543,2026-03-27,2026-04-01,4,classifier
nltk/nltk,NLP,3542,2026-03-26,2026-03-27,0,corpus
nltk/nltk,NLP,3541,2026-03-23,2026-03-27,3,
nltk/nltk,NLP,3540,2026-03-21,2026-04-01,10,
nltk/nltk,NLP,3537,2026-03-20,2026-03-20,0,CI
nltk/nltk,NLP,3536,2026-03-20,2026-03-20,0,CI
nltk/nltk,NLP,3535,2026-03-20,2026-03-20,0,CI
nltk/nltk,NLP,3534,2026-03-20,2026-03-20,0,CI
nltk/nltk,NLP,3533,2026-03-20,2026-03-20,0,CI
nltk/nltk,NLP,3532,2026-03-19,2026-03-20,0,GUI
nltk/nltk,NLP,3531,2026-03-19,2026-03-19,0,GUI
nltk/nltk,NLP,3530,2026-03-19,2026-03-19,0,
nltk/nltk,NLP,3529,2026-03-18,2026-03-19,0,GUI
nltk/nltk,NLP,3526,2026-03-18,2026-03-22,4,documentation
nltk/nltk,NLP,3525,2026-03-18,2026-03-18,0,CI
nltk/nltk,NLP,3524,2026-03-17,2026-03-18,0,metrics
nltk/nltk,NLP,3522,2026-03-17,2026-03-22,4,corpus
nltk/nltk,NLP,3521,2026-03-16,2026-03-16,0,
nltk/nltk,NLP,3519,2026-03-15,2026-03-17,1,
nltk/nltk,NLP,3518,2026-03-15,2026-03-17,1,
nltk/nltk,NLP,3516,2026-03-15,2026-03-17,1,tagger
nltk/nltk,NLP,3515,2026-03-05,2026-03-22,16,
nltk/nltk,NLP,3514,2026-03-04,2026-03-31,26,corpus
nltk/nltk,NLP,3513,2026-03-03,2026-03-10,6,GUI
nltk/nltk,NLP,3512,2026-03-03,2026-03-20,16,awesome-contribution
nltk/nltk,NLP,3511,2026-02-28,2026-03-10,9,
nltk/nltk,NLP,3510,2026-02-26,2026-03-10,11,
nltk/nltk,NLP,3509,2026-02-26,2026-03-22,23,
nltk/nltk,NLP,3508,2026-02-26,2026-03-10,12,"corpus,tokenizer,parsing,classifier,GUI,metrics"
nltk/nltk,NLP,3504,2026-02-21,2026-03-22,28,
nltk/nltk,NLP,3503,2026-02-21,2026-02-24,3,
nltk/nltk,NLP,3502,2026-02-20,2026-03-03,11,
nltk/nltk,NLP,3501,2026-02-19,2026-02-24,4,
nltk/nltk,NLP,3500,2026-02-13,2026-03-10,24,language-model
nltk/nltk,NLP,3498,2026-01-14,2026-03-03,47,language-model
nltk/nltk,NLP,3497,2026-01-12,2026-03-03,49,CI
nltk/nltk,NLP,3495,2026-01-07,2026-03-20,72,"metrics,LGTM"
nltk/nltk,NLP,3494,2026-01-04,2026-01-09,4,corpus
nltk/nltk,NLP,3493,2026-01-01,2026-01-05,4,"CI,dependencies,github_actions"
nltk/nltk,NLP,3490,2025-12-18,2026-03-03,74,parsing
nltk/nltk,NLP,3489,2025-12-16,2026-01-10,25,
nltk/nltk,NLP,3488,2025-12-16,2026-01-09,24,
nltk/nltk,NLP,3487,2025-12-15,2026-03-03,77,"parsing,GUI"
nltk/nltk,NLP,3486,2025-12-15,2026-03-03,77,critical
nltk/nltk,NLP,3485,2025-12-13,2026-01-09,27,
nltk/nltk,NLP,3484,2025-12-12,2025-12-13,0,CI
nltk/nltk,NLP,3483,2025-12-12,2025-12-13,0,
nltk/nltk,NLP,3482,2025-12-11,2025-12-12,0,
nltk/nltk,NLP,3481,2025-12-09,2025-12-13,3,CI
nltk/nltk,NLP,3480,2025-12-08,2026-01-09,31,
nltk/nltk,NLP,3479,2025-12-08,2026-01-09,31,corpus
nltk/nltk,NLP,3478,2025-12-08,2025-12-08,0,"corpus,tokenizer"
nltk/nltk,NLP,3477,2025-12-08,2026-01-09,31,tokenizer
nltk/nltk,NLP,3476,2025-12-08,2025-12-08,0,"tokenizer,tagger"
nltk/nltk,NLP,3475,2025-12-01,2025-12-01,0,"CI,dependencies,github_actions"
nltk/nltk,NLP,3474,2025-11-30,2025-12-14,13,"tokenizer,tagger,classifier"
nltk/nltk,NLP,3471,2025-11-25,2025-11-25,0,tokenizer
nltk/nltk,NLP,3470,2025-11-25,2025-11-25,0,tokenizer
nltk/nltk,NLP,3469,2025-11-21,2025-11-21,0,tokenizer
nltk/nltk,NLP,3468,2025-11-20,2026-01-10,51,tagger
nltk/nltk,NLP,3467,2025-11-20,2026-01-09,50,tagger
nltk/nltk,NLP,3465,2025-11-17,2025-12-03,16,
nltk/nltk,NLP,3464,2025-11-11,2025-11-18,6,CI
nltk/nltk,NLP,3462,2025-11-10,2025-11-11,0,
nltk/nltk,NLP,3461,2025-11-09,2025-12-03,23,tokenizer
nltk/nltk,NLP,3460,2025-11-08,2025-12-14,35,corpus
nltk/nltk,NLP,3459,2025-11-07,2025-12-03,25,
nltk/nltk,NLP,3457,2025-11-07,2025-11-11,3,
nltk/nltk,NLP,3456,2025-11-07,2025-11-10,2,
nltk/nltk,NLP,3455,2025-11-07,2025-11-07,0,"tokenizer,stem/lemma"
nltk/nltk,NLP,3454,2025-11-07,2025-11-07,0,"corpus,CI"
nltk/nltk,NLP,3453,2025-11-07,2025-11-07,0,
nltk/nltk,NLP,3452,2025-11-07,2025-11-16,9,
nltk/nltk,NLP,3451,2025-11-07,2025-11-07,0,
nltk/nltk,NLP,3450,2025-11-04,2026-03-18,134,"translate,please-revise"
nltk/nltk,NLP,3449,2025-11-03,2025-11-06,2,
nltk/nltk,NLP,3448,2025-11-01,2025-11-01,0,"CI,dependencies,github_actions"
nltk/nltk,NLP,3447,2025-10-31,2025-11-05,5,CI
nltk/nltk,NLP,3446,2025-10-30,2026-03-23,143,"metrics,flag-to-close"
RaRe-Technologies/gensim,NLP,3651,2026-04-12,2026-04-12,0,
RaRe-Technologies/gensim,NLP,3648,2026-03-20,2026-04-15,26,
RaRe-Technologies/gensim,NLP,3647,2026-03-17,2026-03-17,0,
RaRe-Technologies/gensim,NLP,3646,2026-02-07,2026-02-07,0,
RaRe-Technologies/gensim,NLP,3645,2026-02-03,2026-02-03,0,
RaRe-Technologies/gensim,NLP,3641,2025-11-06,2025-11-06,0,
RaRe-Technologies/gensim,NLP,3632,2025-10-25,2025-10-26,0,
RaRe-Technologies/gensim,NLP,3629,2025-10-13,2025-10-13,0,
RaRe-Technologies/gensim,NLP,3626,2025-10-10,2025-10-20,9,
RaRe-Technologies/gensim,NLP,3624,2025-09-24,2025-09-25,0,
RaRe-Technologies/gensim,NLP,3620,2025-07-25,2025-10-03,70,
RaRe-Technologies/gensim,NLP,3619,2025-07-16,2025-07-16,0,
RaRe-Technologies/gensim,NLP,3617,2025-07-14,2025-07-14,0,
RaRe-Technologies/gensim,NLP,3616,2025-06-24,2025-07-10,15,
RaRe-Technologies/gensim,NLP,3615,2025-06-10,2025-10-02,113,
RaRe-Technologies/gensim,NLP,3614,2025-06-07,2025-06-07,0,
RaRe-Technologies/gensim,NLP,3613,2025-06-07,2025-06-10,3,
RaRe-Technologies/gensim,NLP,3612,2025-05-05,2025-08-07,93,
RaRe-Technologies/gensim,NLP,3611,2025-04-22,2025-10-20,180,
RaRe-Technologies/gensim,NLP,3609,2025-04-18,2025-04-18,0,
RaRe-Technologies/gensim,NLP,3608,2025-04-18,2025-07-24,96,
RaRe-Technologies/gensim,NLP,3607,2025-04-18,2025-07-24,96,
RaRe-Technologies/gensim,NLP,3606,2025-03-19,2025-03-19,0,
RaRe-Technologies/gensim,NLP,3601,2025-02-10,2025-10-20,251,
RaRe-Technologies/gensim,NLP,3597,2024-12-24,2024-12-25,0,
RaRe-Technologies/gensim,NLP,3596,2024-12-17,2025-06-01,166,
RaRe-Technologies/gensim,NLP,3595,2024-12-17,2024-12-17,0,
RaRe-Technologies/gensim,NLP,3563,2024-11-08,2025-10-06,332,
RaRe-Technologies/gensim,NLP,3562,2024-11-07,2025-10-02,328,
RaRe-Technologies/gensim,NLP,3560,2024-09-09,2025-10-20,405,
RaRe-Technologies/gensim,NLP,3559,2024-09-01,2025-10-06,400,dependencies
RaRe-Technologies/gensim,NLP,3558,2024-08-09,2024-08-10,0,
RaRe-Technologies/gensim,NLP,3556,2024-08-01,2024-09-01,31,dependencies
RaRe-Technologies/gensim,NLP,3555,2024-07-31,2024-08-03,3,
RaRe-Technologies/gensim,NLP,3554,2024-07-23,2024-07-23,0,
RaRe-Technologies/gensim,NLP,3553,2024-07-23,2024-08-22,30,
RaRe-Technologies/gensim,NLP,3551,2024-07-18,2024-07-18,0,
RaRe-Technologies/gensim,NLP,3550,2024-07-18,2024-07-18,0,
RaRe-Technologies/gensim,NLP,3549,2024-07-18,2025-10-16,455,
RaRe-Technologies/gensim,NLP,3547,2024-07-18,2024-07-18,0,
RaRe-Technologies/gensim,NLP,3545,2024-07-12,2024-07-12,0,
RaRe-Technologies/gensim,NLP,3544,2024-07-10,2024-07-18,7,
RaRe-Technologies/gensim,NLP,3543,2024-07-10,2024-07-10,0,
RaRe-Technologies/gensim,NLP,3542,2024-07-08,2024-07-12,4,
RaRe-Technologies/gensim,NLP,3541,2024-07-02,2024-07-18,15,
RaRe-Technologies/gensim,NLP,3540,2024-07-01,2024-08-01,30,dependencies
RaRe-Technologies/gensim,NLP,3538,2024-06-14,2024-07-18,33,
RaRe-Technologies/gensim,NLP,3537,2024-06-08,2024-06-14,6,awaiting reply
RaRe-Technologies/gensim,NLP,3536,2024-06-06,2024-07-18,41,awaiting reply
RaRe-Technologies/gensim,NLP,3535,2024-06-04,2025-10-06,489,
RaRe-Technologies/gensim,NLP,3534,2024-06-03,2024-06-12,9,"difficulty easy,impact HIGH,duplicate"
RaRe-Technologies/gensim,NLP,3533,2024-06-01,2024-06-02,1,dependencies
RaRe-Technologies/gensim,NLP,3532,2024-05-27,2024-06-11,14,documentation
RaRe-Technologies/gensim,NLP,3531,2024-05-17,2024-05-18,0,
RaRe-Technologies/gensim,NLP,3530,2024-05-16,2024-05-17,0,
RaRe-Technologies/gensim,NLP,3529,2024-04-23,2024-06-11,48,
RaRe-Technologies/gensim,NLP,3527,2024-04-05,2024-04-05,0,
RaRe-Technologies/gensim,NLP,3526,2024-04-05,2024-04-05,0,duplicate
RaRe-Technologies/gensim,NLP,3525,2024-04-03,2024-04-05,1,
RaRe-Technologies/gensim,NLP,3524,2024-04-03,2024-04-05,2,dependencies
RaRe-Technologies/gensim,NLP,3523,2024-04-01,2024-04-06,5,dependencies
RaRe-Technologies/gensim,NLP,3521,2024-03-31,2024-03-31,0,
RaRe-Technologies/gensim,NLP,3519,2024-03-26,2024-03-26,0,
RaRe-Technologies/gensim,NLP,3517,2024-03-14,2024-03-14,0,
RaRe-Technologies/gensim,NLP,3516,2024-03-14,2024-03-14,0,
RaRe-Technologies/gensim,NLP,3515,2024-03-06,2024-03-06,0,
RaRe-Technologies/gensim,NLP,3514,2024-03-01,2024-06-11,102,dependencies
RaRe-Technologies/gensim,NLP,3513,2024-03-01,2024-04-01,31,dependencies
RaRe-Technologies/gensim,NLP,3512,2024-02-18,2024-02-19,0,
RaRe-Technologies/gensim,NLP,3511,2024-01-31,2024-05-18,108,"testing,difficulty easy,good first issue,reach MEDIUM,housekeeping,security,dependencies"
RaRe-Technologies/gensim,NLP,3508,2024-01-01,2024-02-08,37,dependencies
RaRe-Technologies/gensim,NLP,3507,2024-01-01,2024-02-08,37,dependencies
RaRe-Technologies/gensim,NLP,3506,2024-01-01,2024-02-08,37,dependencies
RaRe-Technologies/gensim,NLP,3505,2023-12-02,2024-04-08,127,
RaRe-Technologies/gensim,NLP,3503,2023-11-01,2024-03-01,120,dependencies
RaRe-Technologies/gensim,NLP,3502,2023-10-31,2024-06-11,223,
RaRe-Technologies/gensim,NLP,3500,2023-10-09,2023-10-17,8,
RaRe-Technologies/gensim,NLP,3499,2023-10-01,2023-10-01,0,dependencies
RaRe-Technologies/gensim,NLP,3498,2023-10-01,2023-10-01,0,dependencies
RaRe-Technologies/gensim,NLP,3497,2023-10-01,2023-10-01,0,dependencies
RaRe-Technologies/gensim,NLP,3496,2023-09-15,2023-09-15,0,
RaRe-Technologies/gensim,NLP,3495,2023-09-07,2023-09-17,9,
RaRe-Technologies/gensim,NLP,3494,2023-09-01,2023-10-01,30,dependencies
RaRe-Technologies/gensim,NLP,3491,2023-08-28,2024-06-11,288,"bug,impact HIGH,awaiting reply"
RaRe-Technologies/gensim,NLP,3488,2023-08-22,2023-08-23,0,
RaRe-Technologies/gensim,NLP,3487,2023-08-21,2023-08-23,1,
RaRe-Technologies/gensim,NLP,3486,2023-08-08,2023-08-23,15,
RaRe-Technologies/gensim,NLP,3483,2023-07-01,2023-08-21,51,dependencies
RaRe-Technologies/gensim,NLP,3482,2023-06-29,2023-06-29,0,
RaRe-Technologies/gensim,NLP,3481,2023-06-20,2024-06-11,356,stale
RaRe-Technologies/gensim,NLP,3480,2023-06-14,2023-06-21,6,
RaRe-Technologies/gensim,NLP,3479,2023-06-12,2025-10-20,860,
RaRe-Technologies/gensim,NLP,3478,2023-06-01,2023-07-01,29,dependencies
RaRe-Technologies/gensim,NLP,3476,2023-05-26,2023-05-26,0,
RaRe-Technologies/gensim,NLP,3475,2023-05-23,2023-08-23,91,documentation
RaRe-Technologies/gensim,NLP,3474,2023-05-23,2023-08-23,91,
RaRe-Technologies/gensim,NLP,3473,2023-05-16,2023-05-16,0,
RaRe-Technologies/gensim,NLP,3471,2023-05-11,2023-08-23,103,
RaRe-Technologies/gensim,NLP,3470,2023-05-10,2023-08-21,103,
RaRe-Technologies/gensim,NLP,3469,2023-05-10,2023-08-23,105,
stanfordnlp/stanza,NLP,1559,2026-04-06,2026-04-06,0,
stanfordnlp/stanza,NLP,1558,2026-04-06,2026-04-06,0,
stanfordnlp/stanza,NLP,1552,2026-03-29,2026-03-29,0,
stanfordnlp/stanza,NLP,1547,2026-03-06,2026-03-06,0,
stanfordnlp/stanza,NLP,1546,2026-03-05,2026-03-06,0,bug
stanfordnlp/stanza,NLP,1543,2026-02-26,2026-02-26,0,
stanfordnlp/stanza,NLP,1541,2026-02-23,2026-02-24,1,
stanfordnlp/stanza,NLP,1540,2026-02-19,2026-02-19,0,
stanfordnlp/stanza,NLP,1538,2026-02-10,2026-02-10,0,
stanfordnlp/stanza,NLP,1537,2026-02-09,2026-02-09,0,
stanfordnlp/stanza,NLP,1536,2026-02-07,2026-02-07,0,
stanfordnlp/stanza,NLP,1535,2026-01-12,2026-01-12,0,
stanfordnlp/stanza,NLP,1534,2026-01-12,2026-01-12,0,
stanfordnlp/stanza,NLP,1533,2026-01-11,2026-02-23,43,
stanfordnlp/stanza,NLP,1531,2025-12-31,2026-02-27,57,"enhancement,fixed on dev"
stanfordnlp/stanza,NLP,1529,2025-12-05,2025-12-05,0,
stanfordnlp/stanza,NLP,1528,2025-12-04,2025-12-09,4,bug
stanfordnlp/stanza,NLP,1525,2025-11-13,2025-11-21,7,
stanfordnlp/stanza,NLP,1524,2025-11-11,2025-11-13,2,bug
stanfordnlp/stanza,NLP,1520,2025-10-22,2025-10-25,3,question
stanfordnlp/stanza,NLP,1519,2025-10-16,2026-02-04,110,"question,stale"
stanfordnlp/stanza,NLP,1518,2025-10-07,2025-10-07,0,
stanfordnlp/stanza,NLP,1517,2025-10-05,2025-10-05,0,
stanfordnlp/stanza,NLP,1516,2025-10-03,2025-10-04,0,
stanfordnlp/stanza,NLP,1515,2025-10-02,2025-10-02,0,
stanfordnlp/stanza,NLP,1514,2025-09-23,2025-09-23,0,
stanfordnlp/stanza,NLP,1513,2025-09-22,2025-09-22,0,
stanfordnlp/stanza,NLP,1512,2025-09-22,2025-10-05,12,bug
stanfordnlp/stanza,NLP,1511,2025-09-16,2025-09-18,2,
stanfordnlp/stanza,NLP,1510,2025-09-01,2025-09-01,0,
stanfordnlp/stanza,NLP,1509,2025-08-22,2025-08-22,0,
stanfordnlp/stanza,NLP,1508,2025-08-22,2025-08-22,0,
stanfordnlp/stanza,NLP,1507,2025-07-19,2026-02-03,199,"question,stale"
stanfordnlp/stanza,NLP,1506,2025-07-15,2025-10-05,81,question
stanfordnlp/stanza,NLP,1505,2025-06-21,2025-09-02,72,"question,data issue"
stanfordnlp/stanza,NLP,1504,2025-06-21,2025-10-05,105,"bug,fixed on dev"
stanfordnlp/stanza,NLP,1503,2025-06-21,2025-09-02,73,"question,stale"
stanfordnlp/stanza,NLP,1502,2025-06-20,2025-10-01,103,
stanfordnlp/stanza,NLP,1501,2025-06-19,2025-06-21,1,bug
stanfordnlp/stanza,NLP,1500,2025-06-12,2025-06-21,8,question
stanfordnlp/stanza,NLP,1499,2025-05-30,2025-10-05,127,"question,fixed on dev"
stanfordnlp/stanza,NLP,1497,2025-05-29,2025-07-29,60,
stanfordnlp/stanza,NLP,1496,2025-05-28,2025-12-11,197,"question,stale"
stanfordnlp/stanza,NLP,1495,2025-05-28,2025-05-28,0,
stanfordnlp/stanza,NLP,1493,2025-05-18,2025-05-18,0,
stanfordnlp/stanza,NLP,1492,2025-05-17,2025-05-18,1,
stanfordnlp/stanza,NLP,1491,2025-05-17,2025-05-17,0,
stanfordnlp/stanza,NLP,1490,2025-05-17,2025-05-18,1,bug
stanfordnlp/stanza,NLP,1489,2025-05-15,2025-05-15,0,
stanfordnlp/stanza,NLP,1488,2025-05-15,2025-05-17,1,bug
stanfordnlp/stanza,NLP,1487,2025-05-14,2025-05-29,14,bug
stanfordnlp/stanza,NLP,1486,2025-05-14,2025-05-14,0,bug
stanfordnlp/stanza,NLP,1485,2025-05-14,2025-05-14,0,
stanfordnlp/stanza,NLP,1484,2025-05-14,2025-05-14,0,bug
stanfordnlp/stanza,NLP,1482,2025-05-10,2025-07-29,79,stale
stanfordnlp/stanza,NLP,1481,2025-05-10,2025-05-28,17,enhancement
stanfordnlp/stanza,NLP,1480,2025-05-02,2025-12-17,229,"question,stale"
stanfordnlp/stanza,NLP,1479,2025-04-30,2025-04-30,0,
stanfordnlp/stanza,NLP,1477,2025-04-16,2025-04-16,0,bug
stanfordnlp/stanza,NLP,1476,2025-04-10,2025-04-12,1,
stanfordnlp/stanza,NLP,1475,2025-04-08,2025-04-08,0,
stanfordnlp/stanza,NLP,1474,2025-04-05,2025-04-05,0,
stanfordnlp/stanza,NLP,1473,2025-04-05,2025-04-12,6,
stanfordnlp/stanza,NLP,1472,2025-04-02,2025-10-05,185,"bug,fixed on dev"
stanfordnlp/stanza,NLP,1471,2025-03-30,2025-03-30,0,
stanfordnlp/stanza,NLP,1470,2025-03-18,2025-03-19,1,
stanfordnlp/stanza,NLP,1469,2025-03-09,2025-10-05,209,enhancement
stanfordnlp/stanza,NLP,1467,2025-03-01,2025-03-01,0,
stanfordnlp/stanza,NLP,1466,2025-02-28,2025-02-28,0,
stanfordnlp/stanza,NLP,1465,2025-02-27,2025-10-05,220,fixed on dev
stanfordnlp/stanza,NLP,1456,2025-01-30,2025-01-30,0,bug
stanfordnlp/stanza,NLP,1455,2025-01-29,2025-01-29,0,
stanfordnlp/stanza,NLP,1451,2025-01-27,2025-02-22,25,bug
stanfordnlp/stanza,NLP,1444,2025-01-16,2025-01-17,0,
stanfordnlp/stanza,NLP,1443,2025-01-04,2025-01-04,0,
stanfordnlp/stanza,NLP,1442,2025-01-03,2025-10-05,274,"bug,fixed on dev"
stanfordnlp/stanza,NLP,1441,2024-12-23,2025-01-04,11,bug
stanfordnlp/stanza,NLP,1439,2024-12-18,2025-10-05,290,"bug,fixed on dev"
stanfordnlp/stanza,NLP,1438,2024-12-14,2024-12-27,13,bug
stanfordnlp/stanza,NLP,1437,2024-11-29,2024-11-30,1,
stanfordnlp/stanza,NLP,1436,2024-11-26,2024-12-03,6,bug
stanfordnlp/stanza,NLP,1435,2024-11-22,2024-11-25,2,"bug,fixed on dev"
stanfordnlp/stanza,NLP,1434,2024-11-16,2024-12-23,36,question
stanfordnlp/stanza,NLP,1433,2024-11-14,2024-11-15,0,question
stanfordnlp/stanza,NLP,1432,2024-11-14,2024-11-14,0,
stanfordnlp/stanza,NLP,1431,2024-11-06,2024-12-23,47,bug
stanfordnlp/stanza,NLP,1430,2024-10-28,2024-10-28,0,
stanfordnlp/stanza,NLP,1429,2024-10-23,2025-02-22,122,bug
stanfordnlp/stanza,NLP,1428,2024-10-19,2024-12-23,65,bug
stanfordnlp/stanza,NLP,1427,2024-10-18,2024-10-19,0,enhancement
stanfordnlp/stanza,NLP,1425,2024-09-24,2025-01-31,129,"question,stale"
stanfordnlp/stanza,NLP,1423,2024-09-20,2024-12-23,93,bug
stanfordnlp/stanza,NLP,1422,2024-09-12,2024-12-23,101,
stanfordnlp/stanza,NLP,1421,2024-09-12,2024-09-12,0,enhancement
stanfordnlp/stanza,NLP,1419,2024-09-11,2024-09-12,0,
stanfordnlp/stanza,NLP,1417,2024-09-04,2024-09-12,7,bug
stanfordnlp/stanza,NLP,1416,2024-09-02,2024-09-12,9,question
stanfordnlp/stanza,NLP,1415,2024-09-02,2025-02-25,176,stale
stanfordnlp/stanza,NLP,1414,2024-08-26,2024-09-02,6,
stanfordnlp/stanza,NLP,1413,2024-08-24,2024-09-12,18,"enhancement,fixed on dev"
flairNLP/flair,NLP,3689,2026-01-03,2026-01-03,0,
flairNLP/flair,NLP,3685,2025-09-25,2025-09-30,5,bug
flairNLP/flair,NLP,3684,2025-08-11,2025-08-13,1,bug
flairNLP/flair,NLP,3674,2025-06-11,2025-06-12,1,
flairNLP/flair,NLP,3673,2025-06-11,2025-06-11,0,
flairNLP/flair,NLP,3672,2025-06-08,2025-06-15,6,bug
flairNLP/flair,NLP,3671,2025-06-08,2025-06-23,15,bug
flairNLP/flair,NLP,3669,2025-06-05,2025-06-06,0,
flairNLP/flair,NLP,3668,2025-06-04,2025-06-04,0,
flairNLP/flair,NLP,3666,2025-06-03,2025-06-03,0,bug
flairNLP/flair,NLP,3665,2025-05-28,2025-05-28,0,bug
flairNLP/flair,NLP,3663,2025-05-06,2025-08-10,96,
flairNLP/flair,NLP,3661,2025-05-01,2026-01-10,253,
flairNLP/flair,NLP,3660,2025-04-29,2025-04-29,0,
flairNLP/flair,NLP,3659,2025-04-01,2025-06-04,64,
flairNLP/flair,NLP,3658,2025-04-01,2025-04-27,26,
flairNLP/flair,NLP,3657,2025-03-30,2025-03-31,0,
flairNLP/flair,NLP,3656,2025-03-30,2025-03-31,0,
flairNLP/flair,NLP,3655,2025-03-27,2025-06-04,69,feature
flairNLP/flair,NLP,3654,2025-03-27,2025-04-27,31,feature
flairNLP/flair,NLP,3653,2025-03-26,2025-03-28,1,
flairNLP/flair,NLP,3652,2025-03-26,2025-03-31,4,
flairNLP/flair,NLP,3651,2025-03-25,2025-03-27,1,
flairNLP/flair,NLP,3650,2025-03-25,2025-03-26,0,
flairNLP/flair,NLP,3647,2025-03-24,2025-03-24,0,
flairNLP/flair,NLP,3645,2025-03-22,2025-03-25,2,
flairNLP/flair,NLP,3644,2025-03-21,2025-03-21,0,question
flairNLP/flair,NLP,3643,2025-03-18,2025-03-18,0,question
flairNLP/flair,NLP,3642,2025-03-17,2025-03-22,5,
flairNLP/flair,NLP,3641,2025-03-15,2025-03-17,1,
flairNLP/flair,NLP,3640,2025-03-14,2025-03-26,12,
flairNLP/flair,NLP,3639,2025-03-13,2025-03-22,8,
flairNLP/flair,NLP,3638,2025-03-13,2025-03-15,1,
flairNLP/flair,NLP,3637,2025-03-13,2025-03-13,0,
flairNLP/flair,NLP,3636,2025-03-12,2025-03-31,18,feature
flairNLP/flair,NLP,3635,2025-03-12,2025-03-17,4,feature
flairNLP/flair,NLP,3634,2025-03-12,2025-03-13,0,bug
flairNLP/flair,NLP,3633,2025-03-12,2025-03-26,14,feature
flairNLP/flair,NLP,3632,2025-03-11,2025-03-28,17,
flairNLP/flair,NLP,3631,2025-03-11,2025-03-22,11,feature
flairNLP/flair,NLP,3629,2025-03-10,2025-03-22,12,bug
flairNLP/flair,NLP,3628,2025-03-10,2025-03-11,0,bug
flairNLP/flair,NLP,3627,2025-03-04,2025-03-27,22,
flairNLP/flair,NLP,3626,2025-03-04,2025-03-22,17,question
flairNLP/flair,NLP,3625,2025-03-03,2025-03-22,19,
flairNLP/flair,NLP,3624,2025-02-28,2025-03-17,16,
flairNLP/flair,NLP,3623,2025-02-26,2025-03-27,28,bug
flairNLP/flair,NLP,3622,2025-02-26,2025-02-27,1,bug
flairNLP/flair,NLP,3621,2025-02-26,2025-07-19,142,"question,wontfix"
flairNLP/flair,NLP,3620,2025-02-21,2025-03-17,23,bug
flairNLP/flair,NLP,3619,2025-02-21,2025-07-19,147,wontfix
flairNLP/flair,NLP,3618,2025-02-21,2025-02-21,0,
flairNLP/flair,NLP,3617,2025-02-17,2025-03-11,21,question
flairNLP/flair,NLP,3616,2025-02-14,2025-02-14,0,
flairNLP/flair,NLP,3615,2025-02-11,2025-03-12,29,question
flairNLP/flair,NLP,3614,2025-02-07,2025-06-04,117,bug
flairNLP/flair,NLP,3613,2025-02-05,2025-02-05,0,
flairNLP/flair,NLP,3612,2025-02-05,2025-02-05,0,
flairNLP/flair,NLP,3610,2025-02-04,2025-03-11,34,
flairNLP/flair,NLP,3608,2025-01-31,2025-02-01,0,
flairNLP/flair,NLP,3607,2025-01-31,2025-02-01,0,bug
flairNLP/flair,NLP,3606,2025-01-28,2025-02-01,3,
flairNLP/flair,NLP,3605,2025-01-27,2025-02-03,6,
flairNLP/flair,NLP,3604,2025-01-27,2025-02-03,7,
flairNLP/flair,NLP,3603,2025-01-27,2025-03-15,47,
flairNLP/flair,NLP,3602,2025-01-26,2025-01-27,0,
flairNLP/flair,NLP,3601,2025-01-25,2025-01-27,2,
flairNLP/flair,NLP,3600,2025-01-24,2025-03-03,38,bug
flairNLP/flair,NLP,3599,2025-01-24,2025-01-24,0,bug
flairNLP/flair,NLP,3598,2025-01-17,2025-01-17,0,
flairNLP/flair,NLP,3596,2025-01-14,2025-07-19,185,"wontfix,feature"
flairNLP/flair,NLP,3595,2025-01-11,2025-01-11,0,
flairNLP/flair,NLP,3594,2025-01-06,2025-07-19,193,"bug,wontfix"
flairNLP/flair,NLP,3593,2025-01-02,2025-02-04,32,
flairNLP/flair,NLP,3592,2025-01-02,2025-01-11,9,
flairNLP/flair,NLP,3591,2025-01-01,2025-01-02,0,
flairNLP/flair,NLP,3589,2024-12-22,2025-01-05,13,question
flairNLP/flair,NLP,3588,2024-12-20,2025-02-03,45,
flairNLP/flair,NLP,3587,2024-12-19,2024-12-20,0,
flairNLP/flair,NLP,3586,2024-12-19,2024-12-19,0,
flairNLP/flair,NLP,3585,2024-12-19,2024-12-19,0,bug
flairNLP/flair,NLP,3584,2024-12-18,2024-12-20,1,question
flairNLP/flair,NLP,3583,2024-12-17,2024-12-19,1,
flairNLP/flair,NLP,3582,2024-12-10,2024-12-12,2,bug
flairNLP/flair,NLP,3581,2024-12-07,2024-12-20,12,bug
flairNLP/flair,NLP,3580,2024-12-07,2024-12-19,11,
flairNLP/flair,NLP,3579,2024-12-06,2024-12-20,13,
flairNLP/flair,NLP,3578,2024-12-06,2024-12-06,0,
flairNLP/flair,NLP,3577,2024-12-05,2024-12-06,1,bug
flairNLP/flair,NLP,3576,2024-12-04,2024-12-06,1,bug
flairNLP/flair,NLP,3575,2024-12-03,2025-03-11,98,question
flairNLP/flair,NLP,3574,2024-12-03,2024-12-06,3,question
flairNLP/flair,NLP,3573,2024-12-02,2024-12-06,3,
flairNLP/flair,NLP,3572,2024-12-02,2025-06-27,206,"bug,wontfix"
flairNLP/flair,NLP,3571,2024-11-25,2024-11-25,0,bug
flairNLP/flair,NLP,3570,2024-11-22,2025-02-04,73,
flairNLP/flair,NLP,3569,2024-11-22,2024-11-28,6,
flairNLP/flair,NLP,3568,2024-11-22,2024-11-22,0,
flairNLP/flair,NLP,3567,2024-11-22,2024-11-22,0,
flairNLP/flair,NLP,3566,2024-11-21,2025-03-25,123,bug
facebookresearch/ParlAI,NLP,5085,2023-10-17,2023-10-19,2,"CLA Signed,dependencies,javascript"
facebookresearch/ParlAI,NLP,5082,2023-10-10,2023-10-12,1,"CLA Signed,dependencies,python"
facebookresearch/ParlAI,NLP,5080,2023-10-04,2023-10-10,5,"CLA Signed,dependencies,javascript"
facebookresearch/ParlAI,NLP,5079,2023-10-04,2023-10-04,0,"CLA Signed,dependencies,python"
facebookresearch/ParlAI,NLP,5078,2023-09-12,2023-09-13,1,"CLA Signed,dependencies,python"
facebookresearch/ParlAI,NLP,5077,2023-09-12,2023-09-13,1,"CLA Signed,dependencies,javascript"
facebookresearch/ParlAI,NLP,5076,2023-09-07,2023-11-03,56,"CLA Signed,stale"
facebookresearch/ParlAI,NLP,5075,2023-09-06,2023-09-12,5,"CLA Signed,dependencies,python"
facebookresearch/ParlAI,NLP,5074,2023-08-31,2023-10-10,39,"CLA Signed,stale"
facebookresearch/ParlAI,NLP,5073,2023-08-14,2023-09-22,38,"CLA Signed,dependencies,stale,python"
facebookresearch/ParlAI,NLP,5072,2023-08-14,2023-08-14,0,CLA Signed
facebookresearch/ParlAI,NLP,5071,2023-08-14,2023-08-14,0,CLA Signed
facebookresearch/ParlAI,NLP,5070,2023-08-13,2023-08-14,0,CLA Signed
facebookresearch/ParlAI,NLP,5069,2023-08-13,2023-08-13,0,CLA Signed
facebookresearch/ParlAI,NLP,5068,2023-08-11,2023-08-13,2,"CLA Signed,dependencies,python"
facebookresearch/ParlAI,NLP,5067,2023-07-29,2023-10-13,75,stale
facebookresearch/ParlAI,NLP,5066,2023-07-10,2023-08-18,38,stale
facebookresearch/ParlAI,NLP,5065,2023-07-06,2023-07-07,0,"CLA Signed,dependencies,python"
facebookresearch/ParlAI,NLP,5064,2023-06-29,2023-06-29,0,CLA Signed
facebookresearch/ParlAI,NLP,5063,2023-06-28,2023-08-15,47,stale
facebookresearch/ParlAI,NLP,5062,2023-06-24,2023-08-01,38,stale
facebookresearch/ParlAI,NLP,5061,2023-06-20,2023-09-05,77,CLA Signed
facebookresearch/ParlAI,NLP,5056,2023-06-16,2023-07-21,34,"CLA Signed,stale"
facebookresearch/ParlAI,NLP,5055,2023-06-14,2023-06-14,0,CLA Signed
facebookresearch/ParlAI,NLP,5054,2023-06-12,2023-07-25,42,stale
facebookresearch/ParlAI,NLP,5053,2023-06-10,2023-06-10,0,CLA Signed
facebookresearch/ParlAI,NLP,5052,2023-06-09,2023-06-09,0,CLA Signed
facebookresearch/ParlAI,NLP,5051,2023-06-09,2023-06-09,0,CLA Signed
facebookresearch/ParlAI,NLP,5050,2023-06-09,2023-06-09,0,CLA Signed
facebookresearch/ParlAI,NLP,5049,2023-06-09,2023-06-09,0,CLA Signed
facebookresearch/ParlAI,NLP,5048,2023-06-07,2023-06-07,0,CLA Signed
facebookresearch/ParlAI,NLP,5047,2023-06-06,2023-06-06,0,CLA Signed
facebookresearch/ParlAI,NLP,5046,2023-06-05,2023-07-16,40,stale
facebookresearch/ParlAI,NLP,5045,2023-06-01,2023-06-01,0,CLA Signed
facebookresearch/ParlAI,NLP,5044,2023-06-01,2023-06-06,5,CLA Signed
facebookresearch/ParlAI,NLP,5043,2023-05-30,2023-05-31,1,CLA Signed
facebookresearch/ParlAI,NLP,5042,2023-05-30,2023-06-16,17,CLA Signed
facebookresearch/ParlAI,NLP,5041,2023-05-25,2023-06-01,6,CLA Signed
facebookresearch/ParlAI,NLP,5040,2023-05-25,2023-05-31,6,"CLA Signed,dependencies,python"
facebookresearch/ParlAI,NLP,5039,2023-05-25,2023-05-25,0,CLA Signed
facebookresearch/ParlAI,NLP,5038,2023-05-24,2023-05-31,6,CLA Signed
facebookresearch/ParlAI,NLP,5037,2023-05-24,2023-06-06,13,CLA Signed
facebookresearch/ParlAI,NLP,5036,2023-05-17,2023-05-18,0,CLA Signed
facebookresearch/ParlAI,NLP,5035,2023-05-16,2023-06-26,41,stale
facebookresearch/ParlAI,NLP,5034,2023-05-15,2023-07-09,54,"stale,bb3"
facebookresearch/ParlAI,NLP,5033,2023-05-12,2023-05-16,3,CLA Signed
facebookresearch/ParlAI,NLP,5032,2023-05-11,2023-05-12,0,CLA Signed
facebookresearch/ParlAI,NLP,5030,2023-05-10,2023-06-01,21,CLA Signed
facebookresearch/ParlAI,NLP,5029,2023-05-09,2023-05-09,0,CLA Signed
facebookresearch/ParlAI,NLP,5028,2023-05-09,2023-05-15,5,CLA Signed
facebookresearch/ParlAI,NLP,5026,2023-05-05,2023-05-09,4,CLA Signed
facebookresearch/ParlAI,NLP,5025,2023-05-04,2023-05-29,24,
facebookresearch/ParlAI,NLP,5023,2023-05-03,2023-06-12,39,stale
facebookresearch/ParlAI,NLP,5022,2023-05-01,2023-06-26,56,"stale,bb3"
facebookresearch/ParlAI,NLP,5021,2023-04-28,2023-05-09,11,CLA Signed
facebookresearch/ParlAI,NLP,5020,2023-04-28,2023-04-28,0,
facebookresearch/ParlAI,NLP,5019,2023-04-24,2023-06-10,46,stale
facebookresearch/ParlAI,NLP,5018,2023-04-20,2023-04-20,0,CLA Signed
facebookresearch/ParlAI,NLP,5017,2023-04-19,2023-04-20,1,CLA Signed
facebookresearch/ParlAI,NLP,5016,2023-04-18,2023-05-12,23,CLA Signed
facebookresearch/ParlAI,NLP,5015,2023-04-18,2023-06-05,48,"CLA Signed,stale"
facebookresearch/ParlAI,NLP,5014,2023-04-18,2023-04-18,0,
facebookresearch/ParlAI,NLP,5013,2023-04-18,2023-04-19,1,
facebookresearch/ParlAI,NLP,5011,2023-04-18,2023-06-11,53,stale
facebookresearch/ParlAI,NLP,5010,2023-04-17,2023-04-18,1,CLA Signed
facebookresearch/ParlAI,NLP,5009,2023-04-16,2023-05-25,38,stale
facebookresearch/ParlAI,NLP,5008,2023-04-14,2023-04-19,5,CLA Signed
facebookresearch/ParlAI,NLP,5007,2023-04-12,2023-05-22,39,stale
facebookresearch/ParlAI,NLP,5006,2023-04-11,2023-04-13,1,CLA Signed
facebookresearch/ParlAI,NLP,5005,2023-04-11,2023-04-19,7,CLA Signed
facebookresearch/ParlAI,NLP,5003,2023-04-06,2023-04-11,4,CLA Signed
facebookresearch/ParlAI,NLP,5002,2023-04-05,2023-04-11,5,CLA Signed
facebookresearch/ParlAI,NLP,5001,2023-04-05,2023-04-05,0,CLA Signed
facebookresearch/ParlAI,NLP,5000,2023-04-05,2023-05-27,51,stale
facebookresearch/ParlAI,NLP,4999,2023-03-31,2023-04-05,4,CLA Signed
facebookresearch/ParlAI,NLP,4997,2023-03-28,2023-03-29,1,
facebookresearch/ParlAI,NLP,4996,2023-03-27,2023-03-27,0,CLA Signed
facebookresearch/ParlAI,NLP,4995,2023-03-27,2023-05-14,47,stale
facebookresearch/ParlAI,NLP,4994,2023-03-25,2023-05-08,43,stale
facebookresearch/ParlAI,NLP,4993,2023-03-24,2023-03-30,6,CLA Signed
facebookresearch/ParlAI,NLP,4992,2023-03-24,2023-05-08,44,stale
facebookresearch/ParlAI,NLP,4991,2023-03-23,2023-03-24,0,CLA Signed
facebookresearch/ParlAI,NLP,4990,2023-03-23,2023-05-14,51,"stale,bb3"
facebookresearch/ParlAI,NLP,4989,2023-03-23,2023-05-06,43,"stale,bb3"
facebookresearch/ParlAI,NLP,4988,2023-03-23,2023-05-05,42,"stale,bb3"
facebookresearch/ParlAI,NLP,4987,2023-03-22,2023-03-22,0,
facebookresearch/ParlAI,NLP,4986,2023-03-21,2023-04-30,39,stale
facebookresearch/ParlAI,NLP,4985,2023-03-18,2023-04-30,42,stale
facebookresearch/ParlAI,NLP,4984,2023-03-15,2023-03-27,11,CLA Signed
facebookresearch/ParlAI,NLP,4983,2023-03-15,2023-04-30,45,stale
facebookresearch/ParlAI,NLP,4982,2023-03-15,2023-04-30,45,stale
facebookresearch/ParlAI,NLP,4981,2023-03-15,2023-04-30,45,"stale,bb3"
facebookresearch/ParlAI,NLP,4980,2023-03-14,2023-03-21,6,"CLA Signed,dependencies,javascript"
facebookresearch/ParlAI,NLP,4977,2023-03-10,2023-05-01,51,stale
facebookresearch/ParlAI,NLP,4976,2023-03-10,2023-05-22,72,stale
facebookresearch/ParlAI,NLP,4975,2023-03-09,2023-03-09,0,CLA Signed
facebookresearch/ParlAI,NLP,4974,2023-03-09,2023-04-30,51,"stale,bb3"
facebookresearch/ParlAI,NLP,4973,2023-03-05,2023-04-14,39,stale
facebookresearch/ParlAI,NLP,4972,2023-03-01,2023-03-07,6,
facebookresearch/ParlAI,NLP,4971,2023-02-26,2023-04-14,46,stale
google-research/bert,NLP,1428,2025-03-24,2025-04-04,11,
google-research/bert,NLP,1416,2024-10-14,2024-10-14,0,
google-research/bert,NLP,1414,2024-07-20,2024-09-27,69,
google-research/bert,NLP,1413,2024-07-20,2024-09-27,69,
google-research/bert,NLP,1412,2024-07-16,2024-07-20,4,
google-research/bert,NLP,1411,2024-07-16,2024-07-16,0,
google-research/bert,NLP,1409,2024-07-11,2024-07-11,0,
google-research/bert,NLP,1407,2024-05-02,2024-05-02,0,
google-research/bert,NLP,1404,2024-04-08,2025-03-22,347,
google-research/bert,NLP,1389,2023-08-15,2023-08-24,8,
google-research/bert,NLP,1388,2023-07-19,2023-07-19,0,
google-research/bert,NLP,1383,2023-06-07,2024-07-31,420,
google-research/bert,NLP,1380,2023-03-25,2023-03-25,0,
google-research/bert,NLP,1377,2023-02-21,2023-03-09,15,
google-research/bert,NLP,1368,2022-09-13,2022-09-21,7,
google-research/bert,NLP,1356,2022-07-29,2022-07-29,0,
google-research/bert,NLP,1341,2022-07-05,2022-07-05,0,
google-research/bert,NLP,1340,2022-06-28,2022-10-08,102,
google-research/bert,NLP,1338,2022-06-23,2025-10-11,1206,
google-research/bert,NLP,1337,2022-06-23,2025-10-11,1206,
google-research/bert,NLP,1299,2022-02-21,2022-05-22,90,
google-research/bert,NLP,1298,2022-02-20,2022-02-20,0,
google-research/bert,NLP,1297,2022-02-20,2022-02-27,6,
google-research/bert,NLP,1294,2022-02-08,2022-02-17,9,
google-research/bert,NLP,1293,2022-02-08,2024-02-02,723,
google-research/bert,NLP,1292,2022-02-08,2022-06-12,124,
google-research/bert,NLP,1291,2022-02-08,2022-02-08,0,
google-research/bert,NLP,1284,2021-12-17,2021-12-17,0,
google-research/bert,NLP,1281,2021-12-11,2021-12-30,19,
google-research/bert,NLP,1271,2021-10-22,2021-10-27,5,
google-research/bert,NLP,1265,2021-09-28,2021-10-27,28,
google-research/bert,NLP,1260,2021-08-31,2022-02-01,153,
google-research/bert,NLP,1249,2021-08-04,2021-08-04,0,
google-research/bert,NLP,1226,2021-05-18,2021-06-13,26,
google-research/bert,NLP,1223,2021-04-25,2025-07-21,1547,
google-research/bert,NLP,1221,2021-04-18,2021-04-18,0,
google-research/bert,NLP,1209,2021-03-19,2021-03-19,0,
google-research/bert,NLP,1191,2021-01-14,2021-01-21,7,
google-research/bert,NLP,1181,2020-12-05,2020-12-05,0,
google-research/bert,NLP,1180,2020-12-03,2020-12-03,0,
google-research/bert,NLP,1172,2020-11-16,2020-11-23,6,
google-research/bert,NLP,1166,2020-11-05,2024-04-22,1264,
google-research/bert,NLP,1158,2020-10-07,2020-10-12,4,
google-research/bert,NLP,1151,2020-09-23,2020-09-24,0,
google-research/bert,NLP,1135,2020-08-07,2020-08-10,2,
google-research/bert,NLP,1128,2020-07-27,2020-07-27,0,
google-research/bert,NLP,1123,2020-07-16,2020-07-17,0,
google-research/bert,NLP,1118,2020-07-04,2020-07-08,3,
google-research/bert,NLP,1114,2020-06-28,2020-06-30,1,
google-research/bert,NLP,1104,2020-06-12,2020-06-12,0,
google-research/bert,NLP,1103,2020-06-12,2020-06-12,0,
google-research/bert,NLP,1098,2020-06-05,2020-06-27,22,
google-research/bert,NLP,1097,2020-06-04,2020-08-08,65,
google-research/bert,NLP,1096,2020-06-03,2020-06-04,1,
google-research/bert,NLP,1091,2020-05-27,2020-06-10,14,
google-research/bert,NLP,1090,2020-05-23,2022-12-12,932,
google-research/bert,NLP,1088,2020-05-19,2020-05-19,0,
google-research/bert,NLP,1087,2020-05-18,2020-05-27,9,
google-research/bert,NLP,1082,2020-05-10,2020-05-11,1,
google-research/bert,NLP,1076,2020-04-28,2025-07-12,1900,
google-research/bert,NLP,1072,2020-04-25,2020-04-25,0,
google-research/bert,NLP,1070,2020-04-22,2026-05-01,2199,
google-research/bert,NLP,1066,2020-04-20,2020-08-14,116,
google-research/bert,NLP,1056,2020-04-14,2021-03-12,332,
google-research/bert,NLP,1055,2020-04-12,2020-04-12,0,
google-research/bert,NLP,1054,2020-04-11,2020-06-25,74,
google-research/bert,NLP,1053,2020-04-08,2020-04-08,0,
google-research/bert,NLP,1037,2020-03-22,2020-03-22,0,
google-research/bert,NLP,1036,2020-03-21,2020-03-21,0,
google-research/bert,NLP,1032,2020-03-14,2020-08-14,153,
google-research/bert,NLP,1030,2020-03-12,2020-08-14,154,
google-research/bert,NLP,1027,2020-03-11,2020-03-11,0,
google-research/bert,NLP,1019,2020-03-02,2022-12-12,1014,
google-research/bert,NLP,1005,2020-02-17,2020-02-24,7,
google-research/bert,NLP,1000,2020-02-11,2020-08-04,175,
google-research/bert,NLP,989,2020-01-11,2020-09-17,249,
google-research/bert,NLP,980,2020-01-03,2020-01-05,2,
google-research/bert,NLP,976,2019-12-30,2023-03-03,1158,
google-research/bert,NLP,971,2019-12-27,2019-12-28,0,
google-research/bert,NLP,968,2019-12-26,2020-06-20,177,
google-research/bert,NLP,967,2019-12-25,2019-12-27,1,
google-research/bert,NLP,962,2019-12-17,2019-12-17,0,
google-research/bert,NLP,960,2019-12-11,2024-10-16,1771,
google-research/bert,NLP,959,2019-12-10,2020-06-06,179,
google-research/bert,NLP,951,2019-12-05,2020-06-09,186,
google-research/bert,NLP,940,2019-11-26,2019-12-12,16,
google-research/bert,NLP,936,2019-11-25,2019-12-08,13,
google-research/bert,NLP,931,2019-11-22,2019-12-27,34,
google-research/bert,NLP,920,2019-11-15,2021-03-12,482,
google-research/bert,NLP,917,2019-11-14,2021-03-12,483,
google-research/bert,NLP,916,2019-11-14,2019-11-14,0,
google-research/bert,NLP,889,2019-10-28,2019-10-29,1,
google-research/bert,NLP,885,2019-10-25,2019-10-25,0,
google-research/bert,NLP,884,2019-10-25,2019-10-25,0,
google-research/bert,NLP,882,2019-10-17,2019-10-25,7,
google-research/bert,NLP,881,2019-10-16,2019-10-25,8,
google-research/bert,NLP,878,2019-10-14,2019-11-22,38,
google-research/bert,NLP,869,2019-10-02,2019-10-02,0,
google-research/bert,NLP,866,2019-09-26,2019-09-26,0,
google-research/bert,NLP,863,2019-09-22,2019-09-22,0,
huggingface/peft,NLP,3216,2026-05-06,2026-05-06,0,
huggingface/peft,NLP,3215,2026-05-05,2026-05-05,0,
huggingface/peft,NLP,3214,2026-05-05,2026-05-06,1,
huggingface/peft,NLP,3212,2026-05-04,2026-05-06,1,
huggingface/peft,NLP,3211,2026-05-03,2026-05-03,0,
huggingface/peft,NLP,3210,2026-05-02,2026-05-02,0,
huggingface/peft,NLP,3207,2026-05-01,2026-05-05,4,"dependencies,github_actions"
huggingface/peft,NLP,3206,2026-05-01,2026-05-05,4,"dependencies,github_actions"
huggingface/peft,NLP,3205,2026-04-30,2026-05-05,4,
huggingface/peft,NLP,3201,2026-04-28,2026-05-06,7,
huggingface/peft,NLP,3200,2026-04-28,2026-04-29,1,
huggingface/peft,NLP,3199,2026-04-24,2026-04-24,0,
huggingface/peft,NLP,3198,2026-04-24,2026-04-25,1,
huggingface/peft,NLP,3197,2026-04-24,2026-04-29,5,
huggingface/peft,NLP,3196,2026-04-24,2026-04-30,6,
huggingface/peft,NLP,3195,2026-04-24,2026-04-30,6,
huggingface/peft,NLP,3194,2026-04-24,2026-05-04,10,
huggingface/peft,NLP,3193,2026-04-24,2026-04-30,6,
huggingface/peft,NLP,3192,2026-04-23,2026-04-24,0,
huggingface/peft,NLP,3191,2026-04-23,2026-04-24,0,
huggingface/peft,NLP,3190,2026-04-23,2026-04-29,5,
huggingface/peft,NLP,3189,2026-04-23,2026-04-27,3,
huggingface/peft,NLP,3188,2026-04-23,2026-04-24,1,
huggingface/peft,NLP,3187,2026-04-23,2026-04-23,0,
huggingface/peft,NLP,3186,2026-04-23,2026-04-30,7,
huggingface/peft,NLP,3183,2026-04-22,2026-04-24,2,
huggingface/peft,NLP,3180,2026-04-20,2026-04-21,0,
huggingface/peft,NLP,3179,2026-04-20,2026-04-20,0,
huggingface/peft,NLP,3178,2026-04-20,2026-04-20,0,
huggingface/peft,NLP,3176,2026-04-20,2026-04-20,0,
huggingface/peft,NLP,3175,2026-04-19,2026-04-21,2,
huggingface/peft,NLP,3174,2026-04-19,2026-04-20,1,
huggingface/peft,NLP,3173,2026-04-18,2026-04-20,1,
huggingface/peft,NLP,3171,2026-04-17,2026-04-20,3,
huggingface/peft,NLP,3168,2026-04-16,2026-04-16,0,
huggingface/peft,NLP,3167,2026-04-16,2026-04-17,0,
huggingface/peft,NLP,3165,2026-04-15,2026-04-16,0,
huggingface/peft,NLP,3163,2026-04-15,2026-04-15,0,
huggingface/peft,NLP,3162,2026-04-15,2026-04-15,0,
huggingface/peft,NLP,3161,2026-04-14,2026-04-15,0,
huggingface/peft,NLP,3160,2026-04-14,2026-04-15,0,
huggingface/peft,NLP,3158,2026-04-14,2026-04-15,0,
huggingface/peft,NLP,3157,2026-04-14,2026-04-15,1,
huggingface/peft,NLP,3156,2026-04-14,2026-04-15,1,
huggingface/peft,NLP,3155,2026-04-14,2026-04-14,0,
huggingface/peft,NLP,3154,2026-04-13,2026-04-14,0,
huggingface/peft,NLP,3153,2026-04-13,2026-04-14,0,
huggingface/peft,NLP,3152,2026-04-13,2026-04-13,0,
huggingface/peft,NLP,3148,2026-04-11,2026-04-17,5,
huggingface/peft,NLP,3146,2026-04-10,2026-04-14,3,
huggingface/peft,NLP,3145,2026-04-10,2026-04-10,0,
huggingface/peft,NLP,3141,2026-04-09,2026-04-09,0,
huggingface/peft,NLP,3140,2026-04-08,2026-04-09,0,
huggingface/peft,NLP,3139,2026-04-08,2026-04-08,0,
huggingface/peft,NLP,3138,2026-04-08,2026-04-09,0,
huggingface/peft,NLP,3137,2026-04-08,2026-04-09,1,
huggingface/peft,NLP,3136,2026-04-07,2026-04-09,2,
huggingface/peft,NLP,3135,2026-04-07,2026-04-07,0,
huggingface/peft,NLP,3134,2026-04-07,2026-04-11,4,
huggingface/peft,NLP,3133,2026-04-05,2026-04-07,2,
huggingface/peft,NLP,3130,2026-04-02,2026-04-02,0,
huggingface/peft,NLP,3128,2026-04-01,2026-04-07,6,
huggingface/peft,NLP,3127,2026-04-01,2026-04-02,0,
huggingface/peft,NLP,3126,2026-04-01,2026-04-09,7,
huggingface/peft,NLP,3125,2026-04-01,2026-04-13,12,"dependencies,github_actions"
huggingface/peft,NLP,3124,2026-04-01,2026-04-01,0,"dependencies,github_actions"
huggingface/peft,NLP,3122,2026-03-30,2026-03-31,1,
huggingface/peft,NLP,3120,2026-03-27,2026-04-01,4,
huggingface/peft,NLP,3119,2026-03-26,2026-04-08,12,
huggingface/peft,NLP,3118,2026-03-26,2026-03-26,0,
huggingface/peft,NLP,3116,2026-03-25,2026-03-25,0,
huggingface/peft,NLP,3115,2026-03-23,2026-03-23,0,
huggingface/peft,NLP,3113,2026-03-22,2026-03-23,0,
huggingface/peft,NLP,3112,2026-03-19,2026-04-16,27,
huggingface/peft,NLP,3110,2026-03-17,2026-03-18,0,
huggingface/peft,NLP,3109,2026-03-17,2026-03-27,10,
huggingface/peft,NLP,3108,2026-03-17,2026-04-09,23,
huggingface/peft,NLP,3107,2026-03-16,2026-03-17,0,
huggingface/peft,NLP,3105,2026-03-16,2026-03-17,0,
huggingface/peft,NLP,3104,2026-03-16,2026-04-09,23,
huggingface/peft,NLP,3103,2026-03-16,2026-03-30,14,
huggingface/peft,NLP,3102,2026-03-16,2026-04-28,43,
huggingface/peft,NLP,3101,2026-03-16,2026-03-31,15,
huggingface/peft,NLP,3099,2026-03-13,2026-03-13,0,
huggingface/peft,NLP,3097,2026-03-12,2026-03-24,11,
huggingface/peft,NLP,3096,2026-03-12,2026-04-10,28,
huggingface/peft,NLP,3095,2026-03-12,2026-03-12,0,
huggingface/peft,NLP,3094,2026-03-12,2026-03-12,0,
huggingface/peft,NLP,3093,2026-03-12,2026-03-12,0,
huggingface/peft,NLP,3092,2026-03-12,2026-03-12,0,
huggingface/peft,NLP,3091,2026-03-11,2026-03-24,12,
huggingface/peft,NLP,3090,2026-03-11,2026-04-16,36,
huggingface/peft,NLP,3089,2026-03-10,2026-03-16,5,
huggingface/peft,NLP,3088,2026-03-10,2026-03-12,1,
huggingface/peft,NLP,3087,2026-03-10,2026-03-11,0,
huggingface/peft,NLP,3086,2026-03-09,2026-03-09,0,
huggingface/peft,NLP,3085,2026-03-08,2026-04-16,38,
huggingface/peft,NLP,3084,2026-03-08,2026-03-16,8,
huggingface/peft,NLP,3083,2026-03-05,2026-04-01,26,
huggingface/peft,NLP,3081,2026-03-04,2026-03-11,7,
microsoft/promptflow,NLP,4155,2026-05-05,2026-05-05,0,fundamental
microsoft/promptflow,NLP,4154,2026-05-05,2026-05-06,0,fundamental
microsoft/promptflow,NLP,4153,2026-05-03,2026-05-03,0,"external,promptflow-core"
microsoft/promptflow,NLP,4151,2026-05-01,2026-05-01,0,promptflow
microsoft/promptflow,NLP,4150,2026-04-29,2026-04-30,0,fundamental
microsoft/promptflow,NLP,4149,2026-04-29,2026-04-29,0,"documentation,fundamental"
microsoft/promptflow,NLP,4148,2026-04-28,2026-04-28,0,"promptflow,external"
microsoft/promptflow,NLP,4147,2026-04-28,2026-04-28,0,"examples,fundamental"
microsoft/promptflow,NLP,4146,2026-04-28,2026-04-28,0,"examples,fundamental"
microsoft/promptflow,NLP,4144,2026-04-24,2026-04-28,4,"examples,fundamental"
microsoft/promptflow,NLP,4143,2026-04-24,2026-04-24,0,"examples,fundamental,external"
microsoft/promptflow,NLP,4140,2026-04-20,2026-04-20,0,"fundamental,external"
microsoft/promptflow,NLP,4139,2026-04-20,2026-04-20,0,"fundamental,external"
microsoft/promptflow,NLP,4138,2026-04-17,2026-04-20,2,"promptflow-tools,fundamental,external,promptflow-devkit"
microsoft/promptflow,NLP,4137,2026-04-17,2026-04-20,2,"promptflow-tools,fundamental,external,promptflow-core,promptflow-devkit"
microsoft/promptflow,NLP,4136,2026-04-16,2026-04-16,0,external
microsoft/promptflow,NLP,4134,2026-04-13,2026-04-29,16,"examples,fundamental,no-recent-activity"
microsoft/promptflow,NLP,4128,2026-04-07,2026-04-21,14,"external,promptflow-core"
microsoft/promptflow,NLP,4110,2026-04-02,2026-04-23,21,"dependencies,no-recent-activity,python"
microsoft/promptflow,NLP,4109,2026-04-02,2026-04-23,21,"dependencies,no-recent-activity,python"
microsoft/promptflow,NLP,4107,2026-04-02,2026-04-23,21,"dependencies,no-recent-activity,python"
microsoft/promptflow,NLP,4100,2026-03-22,2026-05-03,42,"no-recent-activity,external,promptflow-core,promptflow-evals"
microsoft/promptflow,NLP,4099,2026-03-22,2026-04-12,21,"documentation,no-recent-activity,external"
microsoft/promptflow,NLP,4098,2026-03-18,2026-03-24,6,bug
microsoft/promptflow,NLP,4095,2026-03-17,2026-04-23,37,"documentation,examples,no-recent-activity,external"
microsoft/promptflow,NLP,4093,2026-03-15,2026-04-22,37,no-recent-activity
microsoft/promptflow,NLP,4092,2026-03-14,2026-04-22,38,no-recent-activity
microsoft/promptflow,NLP,4091,2026-03-14,2026-04-04,21,"dependencies,promptflow,no-recent-activity,python"
microsoft/promptflow,NLP,4090,2026-03-13,2026-03-13,0,"external,promptflow-devkit"
microsoft/promptflow,NLP,4089,2026-03-12,2026-04-02,21,"no-recent-activity,external,promptflow-evals"
microsoft/promptflow,NLP,4088,2026-03-12,2026-04-02,21,"examples,dependencies,no-recent-activity,python"
microsoft/promptflow,NLP,4087,2026-03-02,2026-03-02,0,promptflow-tracing
microsoft/promptflow,NLP,4086,2026-02-28,2026-03-25,25,"no-recent-activity,external,promptflow-devkit"
microsoft/promptflow,NLP,4084,2026-02-21,2026-02-23,2,promptflow-devkit
microsoft/promptflow,NLP,4083,2026-02-09,2026-03-03,22,"no-recent-activity,external,promptflow-azure"
microsoft/promptflow,NLP,4082,2026-02-08,2026-03-02,22,"promptflow,fundamental,no-recent-activity"
microsoft/promptflow,NLP,4081,2026-02-03,2026-02-24,21,"no-recent-activity,external"
microsoft/promptflow,NLP,4080,2026-01-28,2026-02-20,23,"documentation,no-recent-activity,external"
microsoft/promptflow,NLP,4079,2026-01-06,2026-01-28,22,"dependencies,no-recent-activity,python"
microsoft/promptflow,NLP,4078,2026-01-06,2026-01-28,22,"dependencies,no-recent-activity,python"
microsoft/promptflow,NLP,4077,2026-01-06,2026-01-28,22,"dependencies,no-recent-activity,python"
microsoft/promptflow,NLP,4076,2026-01-04,2026-01-25,21,"documentation,no-recent-activity,external"
microsoft/promptflow,NLP,4075,2025-12-28,2026-01-18,21,"promptflow,no-recent-activity"
microsoft/promptflow,NLP,4074,2025-12-23,2025-12-23,0,"documentation,external"
microsoft/promptflow,NLP,4073,2025-12-15,2026-01-05,21,"promptflow,no-recent-activity,external"
microsoft/promptflow,NLP,4072,2025-12-11,2026-01-01,21,"examples,no-recent-activity"
microsoft/promptflow,NLP,4071,2025-12-04,2025-12-04,0,
microsoft/promptflow,NLP,4070,2025-12-04,2026-01-12,39,"bug,no-recent-activity"
microsoft/promptflow,NLP,4069,2025-12-01,2025-12-01,0,"promptflow,promptflow-devkit"
microsoft/promptflow,NLP,4068,2025-11-26,2025-11-27,0,"promptflow,promptflow-core"
microsoft/promptflow,NLP,4067,2025-11-24,2025-12-15,21,"dependencies,no-recent-activity,python"
microsoft/promptflow,NLP,4066,2025-11-24,2025-12-15,21,"dependencies,no-recent-activity,python"
microsoft/promptflow,NLP,4065,2025-11-24,2025-11-24,0,"external,promptflow-core"
microsoft/promptflow,NLP,4064,2025-11-16,2025-12-24,38,"enhancement,no-recent-activity"
microsoft/promptflow,NLP,4063,2025-10-28,2025-10-31,2,"documentation,external"
microsoft/promptflow,NLP,4062,2025-10-23,2025-10-23,0,"external,promptflow-devkit"
microsoft/promptflow,NLP,4061,2025-10-23,2025-10-23,0,"external,promptflow-devkit"
microsoft/promptflow,NLP,4060,2025-10-16,2025-10-23,7,bug
microsoft/promptflow,NLP,4059,2025-10-14,2025-11-04,21,"no-recent-activity,external,promptflow-core"
microsoft/promptflow,NLP,4058,2025-10-13,2025-11-03,21,"examples,dependencies,no-recent-activity,python"
microsoft/promptflow,NLP,4057,2025-10-10,2025-11-01,22,"documentation,no-recent-activity,external"
microsoft/promptflow,NLP,4055,2025-09-19,2025-10-26,37,"enhancement,no-recent-activity"
microsoft/promptflow,NLP,4054,2025-09-18,2025-09-18,0,fundamental
microsoft/promptflow,NLP,4053,2025-09-16,2025-10-09,23,"no-recent-activity,external,promptflow-core"
microsoft/promptflow,NLP,4052,2025-09-12,2025-09-16,3,"documentation,external"
microsoft/promptflow,NLP,4051,2025-08-25,2025-08-26,1,"external,promptflow-evals"
microsoft/promptflow,NLP,4050,2025-08-22,2025-09-28,37,"bug,no-recent-activity"
microsoft/promptflow,NLP,4049,2025-08-19,2025-08-21,1,"documentation,external"
microsoft/promptflow,NLP,4048,2025-08-12,2025-08-14,1,"documentation,external"
microsoft/promptflow,NLP,4047,2025-08-04,2025-09-11,37,"bug,no-recent-activity"
microsoft/promptflow,NLP,4046,2025-08-01,2025-09-07,37,"bug,no-recent-activity"
microsoft/promptflow,NLP,4044,2025-07-24,2025-08-31,38,"enhancement,no-recent-activity"
microsoft/promptflow,NLP,4043,2025-07-22,2025-11-29,130,"no-recent-activity,external,promptflow-core"
microsoft/promptflow,NLP,4042,2025-07-22,2025-08-29,38,"bug,no-recent-activity"
microsoft/promptflow,NLP,4041,2025-07-21,2025-08-22,31,"promptflow-tools,promptflow,no-recent-activity,external,promptflow-core,promptflow-devkit,promptflow-azure"
microsoft/promptflow,NLP,4040,2025-07-19,2025-08-10,22,"examples,no-recent-activity,external"
microsoft/promptflow,NLP,4039,2025-07-17,2025-08-24,38,"bug,no-recent-activity"
microsoft/promptflow,NLP,4038,2025-07-17,2025-07-17,0,bug
microsoft/promptflow,NLP,4037,2025-07-15,2025-08-05,21,"dependencies,no-recent-activity,python"
microsoft/promptflow,NLP,4036,2025-07-15,2025-08-05,21,"examples,no-recent-activity"
microsoft/promptflow,NLP,4035,2025-07-13,2025-08-03,21,"promptflow-tools,no-recent-activity"
microsoft/promptflow,NLP,4034,2025-07-10,2025-07-31,21,"examples,dependencies,no-recent-activity,python"
microsoft/promptflow,NLP,4033,2025-07-10,2025-09-24,76,"enhancement,no-recent-activity"
microsoft/promptflow,NLP,4032,2025-07-07,2025-07-29,22,"no-recent-activity,external"
microsoft/promptflow,NLP,4031,2025-07-07,2025-07-29,22,"promptflow,no-recent-activity"
microsoft/promptflow,NLP,4030,2025-07-03,2025-08-10,38,"bug,no-recent-activity"
microsoft/promptflow,NLP,4029,2025-07-03,2025-07-21,18,"promptflow,fundamental,external,promptflow-devkit"
microsoft/promptflow,NLP,4028,2025-06-25,2025-06-25,0,external
microsoft/promptflow,NLP,4027,2025-06-18,2025-07-25,37,no-recent-activity
microsoft/promptflow,NLP,4026,2025-06-16,2025-07-08,21,"examples,no-recent-activity"
microsoft/promptflow,NLP,4025,2025-06-15,2025-07-06,21,"promptflow-tools,no-recent-activity"
microsoft/promptflow,NLP,4024,2025-06-12,2025-07-04,22,"examples,no-recent-activity"
microsoft/promptflow,NLP,4023,2025-06-11,2025-06-11,0,"promptflow-tools,promptflow"
microsoft/promptflow,NLP,4022,2025-06-11,2025-06-11,0,"promptflow-tools,external"
microsoft/promptflow,NLP,4021,2025-06-11,2025-06-11,0,"promptflow,external"
microsoft/promptflow,NLP,4020,2025-06-06,2025-06-27,21,"examples,dependencies,no-recent-activity,python"
microsoft/promptflow,NLP,4019,2025-06-06,2025-06-06,0,promptflow-devkit
microsoft/promptflow,NLP,4018,2025-06-06,2025-06-06,0,bug
microsoft/promptflow,NLP,4017,2025-06-06,2025-06-11,4,"promptflow-tools,promptflow,external,promptflow-core,promptflow-devkit,promptflow-evals"
microsoft/promptflow,NLP,4016,2025-06-04,2025-06-25,21,"fundamental,no-recent-activity"
guidance-ai/guidance,NLP,1462,2026-05-04,2026-05-06,2,
guidance-ai/guidance,NLP,1453,2026-04-08,2026-04-10,1,
guidance-ai/guidance,NLP,1435,2026-03-18,2026-03-18,0,
guidance-ai/guidance,NLP,1434,2026-03-18,2026-03-18,0,
guidance-ai/guidance,NLP,1431,2026-03-17,2026-03-17,0,
guidance-ai/guidance,NLP,1429,2026-03-16,2026-03-16,0,
guidance-ai/guidance,NLP,1428,2026-03-16,2026-03-17,0,
guidance-ai/guidance,NLP,1427,2026-03-16,2026-03-16,0,
guidance-ai/guidance,NLP,1426,2026-03-14,2026-03-18,3,
guidance-ai/guidance,NLP,1425,2026-03-13,2026-03-16,3,
guidance-ai/guidance,NLP,1423,2026-03-08,2026-03-16,8,
guidance-ai/guidance,NLP,1421,2026-02-28,2026-03-07,7,
guidance-ai/guidance,NLP,1420,2026-02-25,2026-02-27,1,
guidance-ai/guidance,NLP,1419,2026-02-06,2026-02-06,0,
guidance-ai/guidance,NLP,1418,2026-02-06,2026-02-06,0,
guidance-ai/guidance,NLP,1417,2026-02-05,2026-02-26,20,
guidance-ai/guidance,NLP,1415,2026-02-03,2026-02-03,0,
guidance-ai/guidance,NLP,1414,2026-02-03,2026-02-03,0,
guidance-ai/guidance,NLP,1413,2026-02-02,2026-02-03,0,
guidance-ai/guidance,NLP,1412,2026-02-02,2026-02-06,3,
guidance-ai/guidance,NLP,1411,2026-01-28,2026-01-28,0,
guidance-ai/guidance,NLP,1410,2026-01-27,2026-01-28,0,
guidance-ai/guidance,NLP,1409,2026-01-27,2026-01-28,0,
guidance-ai/guidance,NLP,1408,2026-01-27,2026-01-27,0,
guidance-ai/guidance,NLP,1407,2026-01-27,2026-01-27,0,
guidance-ai/guidance,NLP,1406,2026-01-27,2026-01-27,0,
guidance-ai/guidance,NLP,1405,2026-01-22,2026-02-02,10,
guidance-ai/guidance,NLP,1404,2026-01-20,2026-01-20,0,
guidance-ai/guidance,NLP,1403,2026-01-19,2026-01-20,0,
guidance-ai/guidance,NLP,1400,2026-01-05,2026-01-06,0,
guidance-ai/guidance,NLP,1398,2025-12-30,2026-02-05,37,
guidance-ai/guidance,NLP,1395,2025-11-20,2025-11-20,0,
guidance-ai/guidance,NLP,1394,2025-11-20,2025-11-20,0,
guidance-ai/guidance,NLP,1393,2025-11-20,2025-11-20,0,
guidance-ai/guidance,NLP,1392,2025-11-19,2025-11-20,0,
guidance-ai/guidance,NLP,1391,2025-11-19,2025-12-09,20,
guidance-ai/guidance,NLP,1390,2025-11-18,2025-11-18,0,
guidance-ai/guidance,NLP,1389,2025-11-06,2025-11-10,3,
guidance-ai/guidance,NLP,1387,2025-10-14,2025-10-14,0,
guidance-ai/guidance,NLP,1385,2025-10-08,2025-12-17,69,
guidance-ai/guidance,NLP,1382,2025-09-29,2025-10-01,1,
guidance-ai/guidance,NLP,1381,2025-09-26,2025-09-27,0,
guidance-ai/guidance,NLP,1380,2025-09-22,2025-09-23,0,
guidance-ai/guidance,NLP,1379,2025-09-22,2025-09-23,0,
guidance-ai/guidance,NLP,1378,2025-09-22,2025-09-23,1,
guidance-ai/guidance,NLP,1377,2025-09-22,2025-09-22,0,
guidance-ai/guidance,NLP,1376,2025-09-18,2026-01-27,131,
guidance-ai/guidance,NLP,1375,2025-09-18,2025-09-18,0,
guidance-ai/guidance,NLP,1374,2025-09-18,2025-09-18,0,
guidance-ai/guidance,NLP,1373,2025-09-18,2025-09-18,0,
guidance-ai/guidance,NLP,1372,2025-09-17,2025-09-18,0,
guidance-ai/guidance,NLP,1371,2025-09-17,2025-09-17,0,
guidance-ai/guidance,NLP,1370,2025-09-17,2025-09-17,0,
guidance-ai/guidance,NLP,1369,2025-09-16,2025-09-16,0,
guidance-ai/guidance,NLP,1368,2025-09-16,2025-09-17,0,
guidance-ai/guidance,NLP,1367,2025-09-16,2025-09-16,0,
guidance-ai/guidance,NLP,1366,2025-09-16,2025-09-17,1,
guidance-ai/guidance,NLP,1365,2025-09-12,2025-09-16,3,
guidance-ai/guidance,NLP,1364,2025-09-12,2025-09-12,0,
guidance-ai/guidance,NLP,1363,2025-09-09,2025-09-09,0,
guidance-ai/guidance,NLP,1362,2025-09-04,2025-09-04,0,
guidance-ai/guidance,NLP,1361,2025-09-03,2025-09-03,0,
guidance-ai/guidance,NLP,1360,2025-08-25,2025-08-29,3,
guidance-ai/guidance,NLP,1359,2025-08-25,2025-08-25,0,
guidance-ai/guidance,NLP,1357,2025-08-21,2025-08-22,0,
guidance-ai/guidance,NLP,1356,2025-08-19,2025-08-19,0,
guidance-ai/guidance,NLP,1355,2025-08-18,2025-08-18,0,
guidance-ai/guidance,NLP,1354,2025-08-18,2025-08-21,2,
guidance-ai/guidance,NLP,1353,2025-08-16,2025-08-17,0,
guidance-ai/guidance,NLP,1352,2025-08-14,2025-08-19,5,
guidance-ai/guidance,NLP,1351,2025-08-14,2025-08-21,6,
guidance-ai/guidance,NLP,1350,2025-08-13,2025-08-13,0,
guidance-ai/guidance,NLP,1349,2025-08-13,2025-08-13,0,
guidance-ai/guidance,NLP,1348,2025-08-12,2025-08-13,0,
guidance-ai/guidance,NLP,1347,2025-08-12,2025-08-12,0,
guidance-ai/guidance,NLP,1346,2025-08-11,2025-08-11,0,
guidance-ai/guidance,NLP,1345,2025-08-11,2025-08-14,3,
guidance-ai/guidance,NLP,1342,2025-08-08,2025-08-08,0,
guidance-ai/guidance,NLP,1341,2025-08-07,2025-08-07,0,
guidance-ai/guidance,NLP,1340,2025-08-06,2025-08-06,0,
guidance-ai/guidance,NLP,1339,2025-08-04,2025-08-04,0,
guidance-ai/guidance,NLP,1338,2025-07-31,2025-08-01,1,
guidance-ai/guidance,NLP,1337,2025-07-30,2025-07-30,0,
guidance-ai/guidance,NLP,1335,2025-07-29,2025-07-29,0,
guidance-ai/guidance,NLP,1334,2025-07-29,2025-07-29,0,
guidance-ai/guidance,NLP,1333,2025-07-29,2025-07-29,0,
guidance-ai/guidance,NLP,1332,2025-07-29,2025-07-29,0,
guidance-ai/guidance,NLP,1331,2025-07-27,2025-08-10,14,
guidance-ai/guidance,NLP,1330,2025-07-24,2025-07-29,5,
guidance-ai/guidance,NLP,1329,2025-07-21,2025-07-23,1,
guidance-ai/guidance,NLP,1327,2025-07-17,2025-07-17,0,
guidance-ai/guidance,NLP,1326,2025-07-17,2025-07-18,1,
guidance-ai/guidance,NLP,1325,2025-07-17,2025-07-18,0,
guidance-ai/guidance,NLP,1324,2025-07-17,2025-07-17,0,
guidance-ai/guidance,NLP,1323,2025-07-15,2025-07-16,0,
guidance-ai/guidance,NLP,1322,2025-07-14,2025-07-18,4,
guidance-ai/guidance,NLP,1321,2025-07-14,2025-07-14,0,
guidance-ai/guidance,NLP,1320,2025-07-12,2025-07-23,10,
guidance-ai/guidance,NLP,1319,2025-07-11,2025-07-18,7,
guidance-ai/guidance,NLP,1318,2025-07-09,2025-07-18,8,
run-llama/llama_index,NLP,21578,2026-05-06,2026-05-06,0,size:L
run-llama/llama_index,NLP,21576,2026-05-06,2026-05-06,0,"dependencies,size:XS,python:uv"
run-llama/llama_index,NLP,21575,2026-05-06,2026-05-06,0,"dependencies,size:XS,python:uv"
run-llama/llama_index,NLP,21574,2026-05-06,2026-05-06,0,"dependencies,size:XS,python:uv"
run-llama/llama_index,NLP,21573,2026-05-06,2026-05-06,0,"dependencies,size:XS,python:uv"
run-llama/llama_index,NLP,21572,2026-05-06,2026-05-06,0,"dependencies,size:XS,python:uv"
run-llama/llama_index,NLP,21571,2026-05-06,2026-05-06,0,"dependencies,size:XS,python:uv"
run-llama/llama_index,NLP,21570,2026-05-06,2026-05-06,0,"dependencies,size:XS,python:uv"
run-llama/llama_index,NLP,21569,2026-05-06,2026-05-06,0,"dependencies,size:XS,python:uv"
run-llama/llama_index,NLP,21568,2026-05-06,2026-05-06,0,"dependencies,size:XS,python:uv"
run-llama/llama_index,NLP,21567,2026-05-06,2026-05-06,0,"dependencies,size:XS,python:uv"
run-llama/llama_index,NLP,21566,2026-05-06,2026-05-06,0,"dependencies,size:XS,python:uv"
run-llama/llama_index,NLP,21565,2026-05-06,2026-05-06,0,"dependencies,size:XS,python:uv"
run-llama/llama_index,NLP,21564,2026-05-06,2026-05-06,0,"dependencies,size:XS,python:uv"
run-llama/llama_index,NLP,21563,2026-05-06,2026-05-06,0,"dependencies,size:XS,python:uv"
run-llama/llama_index,NLP,21550,2026-05-04,2026-05-06,1,"dependencies,size:XS,python:uv"
run-llama/llama_index,NLP,21547,2026-05-04,2026-05-04,0,"lgtm,size:XS"
run-llama/llama_index,NLP,21546,2026-05-04,2026-05-04,0,size:XL
run-llama/llama_index,NLP,21540,2026-05-03,2026-05-03,0,size:L
run-llama/llama_index,NLP,21539,2026-05-02,2026-05-02,0,size:L
run-llama/llama_index,NLP,21538,2026-05-02,2026-05-02,0,
run-llama/llama_index,NLP,21533,2026-05-01,2026-05-01,0,"lgtm,size:M"
run-llama/llama_index,NLP,21510,2026-04-29,2026-04-29,0,size:L
run-llama/llama_index,NLP,21509,2026-04-29,2026-04-29,0,
run-llama/llama_index,NLP,21504,2026-04-28,2026-04-28,0,size:XS
run-llama/llama_index,NLP,21502,2026-04-28,2026-04-28,0,size:S
run-llama/llama_index,NLP,21501,2026-04-28,2026-04-28,0,size:L
run-llama/llama_index,NLP,21500,2026-04-27,2026-04-27,0,size:XS
run-llama/llama_index,NLP,21499,2026-04-27,2026-04-27,0,"lgtm,size:XS"
run-llama/llama_index,NLP,21497,2026-04-27,2026-04-27,0,size:L
run-llama/llama_index,NLP,21494,2026-04-27,2026-04-28,0,size:XS
run-llama/llama_index,NLP,21493,2026-04-27,2026-04-28,0,size:XS
run-llama/llama_index,NLP,21491,2026-04-27,2026-04-30,3,size:XS
run-llama/llama_index,NLP,21487,2026-04-26,2026-04-26,0,size:M
run-llama/llama_index,NLP,21479,2026-04-25,2026-04-28,2,size:XS
run-llama/llama_index,NLP,21478,2026-04-25,2026-04-27,1,size:M
run-llama/llama_index,NLP,21477,2026-04-25,2026-04-27,1,size:M
run-llama/llama_index,NLP,21472,2026-04-25,2026-04-27,2,
run-llama/llama_index,NLP,21471,2026-04-25,2026-04-25,0,size:L
run-llama/llama_index,NLP,21469,2026-04-24,2026-04-27,2,size:S
run-llama/llama_index,NLP,21468,2026-04-24,2026-04-27,2,size:M
run-llama/llama_index,NLP,21467,2026-04-24,2026-04-27,2,size:XS
run-llama/llama_index,NLP,21460,2026-04-23,2026-04-27,4,
run-llama/llama_index,NLP,21455,2026-04-22,2026-04-28,5,size:XS
run-llama/llama_index,NLP,21453,2026-04-22,2026-04-27,4,size:XS
run-llama/llama_index,NLP,21452,2026-04-22,2026-04-27,4,size:S
run-llama/llama_index,NLP,21450,2026-04-22,2026-04-24,1,size:XS
run-llama/llama_index,NLP,21446,2026-04-22,2026-04-22,0,"lgtm,size:L"
run-llama/llama_index,NLP,21439,2026-04-21,2026-04-21,0,size:M
run-llama/llama_index,NLP,21438,2026-04-21,2026-04-21,0,size:S
run-llama/llama_index,NLP,21436,2026-04-21,2026-04-21,0,"dependencies,size:XS,python"
run-llama/llama_index,NLP,21435,2026-04-21,2026-04-21,0,"dependencies,size:M,python"
run-llama/llama_index,NLP,21432,2026-04-21,2026-04-21,0,size:XL
run-llama/llama_index,NLP,21431,2026-04-21,2026-04-24,3,"lgtm,size:XS"
run-llama/llama_index,NLP,21427,2026-04-21,2026-04-21,0,size:XXL
run-llama/llama_index,NLP,21426,2026-04-20,2026-04-21,0,
run-llama/llama_index,NLP,21424,2026-04-20,2026-04-24,4,"lgtm,size:M"
run-llama/llama_index,NLP,21423,2026-04-20,2026-05-04,13,"lgtm,size:S"
run-llama/llama_index,NLP,21422,2026-04-20,2026-04-24,4,"bug,triage"
run-llama/llama_index,NLP,21420,2026-04-20,2026-04-20,0,"bug,triage"
run-llama/llama_index,NLP,21419,2026-04-20,2026-05-04,14,size:XS
run-llama/llama_index,NLP,21413,2026-04-19,2026-04-21,1,
run-llama/llama_index,NLP,21408,2026-04-17,2026-05-04,16,"bug,triage"
run-llama/llama_index,NLP,21407,2026-04-17,2026-04-21,3,
run-llama/llama_index,NLP,21405,2026-04-17,2026-04-21,4,"lgtm,size:XS"
run-llama/llama_index,NLP,21404,2026-04-17,2026-04-28,11,size:XS
run-llama/llama_index,NLP,21403,2026-04-16,2026-04-21,4,"dependencies,size:M,python"
run-llama/llama_index,NLP,21402,2026-04-16,2026-04-16,0,size:XL
run-llama/llama_index,NLP,21401,2026-04-16,2026-04-21,4,
run-llama/llama_index,NLP,21399,2026-04-16,2026-04-21,4,"enhancement,triage"
run-llama/llama_index,NLP,21396,2026-04-16,2026-04-21,4,question
run-llama/llama_index,NLP,21394,2026-04-15,2026-04-16,0,"dependencies,size:M,python"
run-llama/llama_index,NLP,21393,2026-04-15,2026-04-27,12,
run-llama/llama_index,NLP,21389,2026-04-14,2026-04-28,13,size:XS
run-llama/llama_index,NLP,21384,2026-04-14,2026-04-28,14,size:L
run-llama/llama_index,NLP,21382,2026-04-14,2026-04-16,2,"dependencies,size:M,python"
run-llama/llama_index,NLP,21381,2026-04-13,2026-04-16,2,"dependencies,size:M,python"
run-llama/llama_index,NLP,21380,2026-04-13,2026-04-16,2,"lgtm,size:XS"
run-llama/llama_index,NLP,21379,2026-04-13,2026-04-13,0,
run-llama/llama_index,NLP,21378,2026-04-13,2026-04-28,15,"bug,triage"
run-llama/llama_index,NLP,21374,2026-04-13,2026-05-04,20,size:XXL
run-llama/llama_index,NLP,21368,2026-04-12,2026-04-13,0,size:L
run-llama/llama_index,NLP,21366,2026-04-12,2026-04-12,0,"enhancement,triage"
run-llama/llama_index,NLP,21365,2026-04-12,2026-04-12,0,
run-llama/llama_index,NLP,21360,2026-04-11,2026-04-24,12,size:XS
run-llama/llama_index,NLP,21355,2026-04-09,2026-04-12,2,
run-llama/llama_index,NLP,21350,2026-04-09,2026-04-12,3,size:L
run-llama/llama_index,NLP,21349,2026-04-09,2026-04-10,1,size:XXL
run-llama/llama_index,NLP,21348,2026-04-09,2026-04-09,0,size:XL
run-llama/llama_index,NLP,21347,2026-04-09,2026-04-09,0,size:XL
run-llama/llama_index,NLP,21339,2026-04-08,2026-04-08,0,size:S
run-llama/llama_index,NLP,21338,2026-04-08,2026-04-08,0,"bug,triage"
run-llama/llama_index,NLP,21334,2026-04-08,2026-04-12,4,size:M
run-llama/llama_index,NLP,21333,2026-04-07,2026-04-20,12,size:M
run-llama/llama_index,NLP,21329,2026-04-07,2026-04-20,13,size:M
run-llama/llama_index,NLP,21328,2026-04-07,2026-04-14,6,
run-llama/llama_index,NLP,21324,2026-04-07,2026-04-07,0,
run-llama/llama_index,NLP,21320,2026-04-07,2026-04-30,23,size:M
run-llama/llama_index,NLP,21319,2026-04-06,2026-04-06,0,"lgtm,size:XS"
run-llama/llama_index,NLP,21318,2026-04-06,2026-04-06,0,"bug,triage"
openai/tiktoken,NLP,533,2026-04-25,2026-04-25,0,
openai/tiktoken,NLP,532,2026-04-25,2026-04-25,0,
openai/tiktoken,NLP,528,2026-04-18,2026-04-20,1,
openai/tiktoken,NLP,524,2026-04-14,2026-04-25,11,
openai/tiktoken,NLP,523,2026-04-14,2026-04-25,11,
openai/tiktoken,NLP,515,2026-03-27,2026-03-27,0,
openai/tiktoken,NLP,509,2026-03-17,2026-04-13,27,
openai/tiktoken,NLP,499,2026-03-01,2026-03-02,1,
openai/tiktoken,NLP,495,2026-02-08,2026-02-08,0,
openai/tiktoken,NLP,494,2026-02-07,2026-02-08,0,
openai/tiktoken,NLP,493,2026-02-07,2026-02-08,0,
openai/tiktoken,NLP,492,2026-02-07,2026-02-08,0,
openai/tiktoken,NLP,491,2026-02-07,2026-02-08,0,
openai/tiktoken,NLP,490,2026-02-07,2026-02-08,0,
openai/tiktoken,NLP,489,2026-02-07,2026-02-08,0,
openai/tiktoken,NLP,488,2026-02-07,2026-02-08,0,
openai/tiktoken,NLP,487,2026-02-07,2026-02-08,0,
openai/tiktoken,NLP,486,2026-02-07,2026-02-08,0,
openai/tiktoken,NLP,485,2026-02-07,2026-02-08,0,
openai/tiktoken,NLP,484,2026-02-07,2026-02-08,0,
openai/tiktoken,NLP,483,2026-02-07,2026-02-08,0,
openai/tiktoken,NLP,482,2026-02-07,2026-02-08,0,
openai/tiktoken,NLP,481,2026-02-07,2026-02-08,0,
openai/tiktoken,NLP,480,2026-02-07,2026-02-08,0,
openai/tiktoken,NLP,479,2026-02-07,2026-02-08,0,
openai/tiktoken,NLP,478,2026-01-23,2026-01-23,0,
openai/tiktoken,NLP,477,2026-01-23,2026-01-23,0,
openai/tiktoken,NLP,472,2025-12-16,2026-02-08,53,
openai/tiktoken,NLP,467,2025-11-20,2025-11-20,0,
openai/tiktoken,NLP,466,2025-11-18,2025-11-24,5,
openai/tiktoken,NLP,465,2025-11-14,2025-11-14,0,
openai/tiktoken,NLP,463,2025-11-13,2025-11-24,10,
openai/tiktoken,NLP,461,2025-11-11,2025-11-11,0,
openai/tiktoken,NLP,459,2025-10-20,2025-10-20,0,
openai/tiktoken,NLP,454,2025-10-08,2025-10-08,0,
openai/tiktoken,NLP,451,2025-09-30,2025-09-30,0,
openai/tiktoken,NLP,450,2025-09-25,2025-10-06,10,
openai/tiktoken,NLP,449,2025-09-15,2025-09-30,14,
openai/tiktoken,NLP,448,2025-09-02,2025-09-30,27,
openai/tiktoken,NLP,447,2025-09-02,2025-09-30,27,
openai/tiktoken,NLP,446,2025-08-30,2025-10-03,34,
openai/tiktoken,NLP,445,2025-08-29,2025-08-30,0,
openai/tiktoken,NLP,444,2025-08-28,2025-08-28,0,
openai/tiktoken,NLP,443,2025-08-28,2025-09-01,3,
openai/tiktoken,NLP,440,2025-08-23,2025-09-30,37,
openai/tiktoken,NLP,439,2025-08-22,2025-09-30,38,
openai/tiktoken,NLP,438,2025-08-22,2025-08-22,0,
openai/tiktoken,NLP,437,2025-08-20,2025-09-30,40,
openai/tiktoken,NLP,432,2025-08-17,2025-09-30,43,
openai/tiktoken,NLP,430,2025-08-14,2025-08-14,0,
openai/tiktoken,NLP,428,2025-08-12,2025-10-06,55,
openai/tiktoken,NLP,425,2025-08-11,2025-08-11,0,
openai/tiktoken,NLP,424,2025-08-10,2025-08-11,0,
openai/tiktoken,NLP,423,2025-08-09,2025-08-09,0,
openai/tiktoken,NLP,422,2025-08-07,2025-08-08,1,
openai/tiktoken,NLP,421,2025-08-06,2025-08-06,0,
openai/tiktoken,NLP,420,2025-08-01,2025-11-23,114,
openai/tiktoken,NLP,419,2025-08-01,2025-08-08,7,
openai/tiktoken,NLP,418,2025-07-29,2025-07-29,0,
openai/tiktoken,NLP,416,2025-07-23,2025-08-08,16,
openai/tiktoken,NLP,415,2025-07-18,2025-10-06,80,
openai/tiktoken,NLP,412,2025-07-04,2026-03-09,248,
openai/tiktoken,NLP,411,2025-06-20,2025-08-09,49,
openai/tiktoken,NLP,410,2025-06-15,2025-08-09,54,
openai/tiktoken,NLP,408,2025-06-06,2025-08-09,63,
openai/tiktoken,NLP,407,2025-06-05,2025-08-09,64,
openai/tiktoken,NLP,406,2025-06-03,2025-10-06,125,
openai/tiktoken,NLP,404,2025-05-31,2025-05-31,0,
openai/tiktoken,NLP,402,2025-05-19,2025-10-06,140,
openai/tiktoken,NLP,401,2025-05-13,2025-09-04,113,
openai/tiktoken,NLP,398,2025-04-17,2025-08-08,113,
openai/tiktoken,NLP,397,2025-04-17,2025-08-09,113,
openai/tiktoken,NLP,396,2025-04-14,2025-08-08,115,
openai/tiktoken,NLP,395,2025-04-14,2025-08-08,116,
openai/tiktoken,NLP,394,2025-04-10,2025-05-13,32,
openai/tiktoken,NLP,391,2025-03-20,2025-03-20,0,
openai/tiktoken,NLP,390,2025-03-14,2025-08-09,147,
openai/tiktoken,NLP,389,2025-03-09,2025-03-09,0,
openai/tiktoken,NLP,388,2025-03-08,2025-03-08,0,
openai/tiktoken,NLP,386,2025-02-27,2025-03-01,1,
openai/tiktoken,NLP,385,2025-02-27,2025-08-08,162,
openai/tiktoken,NLP,382,2025-02-14,2025-02-14,0,
openai/tiktoken,NLP,381,2025-02-14,2025-02-14,0,
openai/tiktoken,NLP,380,2025-02-14,2025-02-14,0,
openai/tiktoken,NLP,379,2025-02-14,2025-02-14,0,
openai/tiktoken,NLP,378,2025-02-14,2025-02-14,0,
openai/tiktoken,NLP,377,2025-02-10,2025-02-21,10,
openai/tiktoken,NLP,376,2025-02-03,2025-02-14,10,
openai/tiktoken,NLP,374,2025-01-31,2025-02-14,13,
openai/tiktoken,NLP,369,2025-01-15,2025-01-15,0,
openai/tiktoken,NLP,368,2025-01-14,2025-02-14,30,
openai/tiktoken,NLP,367,2025-01-11,2025-01-28,17,
openai/tiktoken,NLP,363,2024-12-23,2025-02-14,53,
openai/tiktoken,NLP,361,2024-11-24,2024-11-25,0,
openai/tiktoken,NLP,359,2024-11-16,2024-11-16,0,
openai/tiktoken,NLP,356,2024-11-03,2024-11-03,0,
openai/tiktoken,NLP,355,2024-10-27,2024-10-27,0,
openai/tiktoken,NLP,353,2024-10-17,2025-02-14,119,
openai/tiktoken,NLP,350,2024-10-07,2025-10-06,364,
openai/tiktoken,NLP,349,2024-10-05,2024-10-06,0,
BerriAI/litellm,NLP,27350,2026-05-07,2026-05-07,0,
BerriAI/litellm,NLP,27348,2026-05-07,2026-05-07,0,
BerriAI/litellm,NLP,27342,2026-05-06,2026-05-06,0,
BerriAI/litellm,NLP,27341,2026-05-06,2026-05-06,0,
BerriAI/litellm,NLP,27340,2026-05-06,2026-05-06,0,
BerriAI/litellm,NLP,27319,2026-05-06,2026-05-06,0,
BerriAI/litellm,NLP,27318,2026-05-06,2026-05-06,0,
BerriAI/litellm,NLP,27317,2026-05-06,2026-05-06,0,
BerriAI/litellm,NLP,27314,2026-05-06,2026-05-06,0,
BerriAI/litellm,NLP,27313,2026-05-06,2026-05-06,0,
BerriAI/litellm,NLP,27311,2026-05-06,2026-05-06,0,
BerriAI/litellm,NLP,27310,2026-05-06,2026-05-06,0,
BerriAI/litellm,NLP,27308,2026-05-06,2026-05-06,0,
BerriAI/litellm,NLP,27305,2026-05-06,2026-05-06,0,
BerriAI/litellm,NLP,27303,2026-05-06,2026-05-06,0,
BerriAI/litellm,NLP,27302,2026-05-06,2026-05-06,0,"bug,proxy"
BerriAI/litellm,NLP,27282,2026-05-06,2026-05-06,0,
BerriAI/litellm,NLP,27280,2026-05-06,2026-05-06,0,
BerriAI/litellm,NLP,27277,2026-05-06,2026-05-06,0,
BerriAI/litellm,NLP,27274,2026-05-06,2026-05-06,0,
BerriAI/litellm,NLP,27273,2026-05-06,2026-05-06,0,
BerriAI/litellm,NLP,27272,2026-05-06,2026-05-06,0,
BerriAI/litellm,NLP,27271,2026-05-06,2026-05-06,0,
BerriAI/litellm,NLP,27268,2026-05-06,2026-05-06,0,
BerriAI/litellm,NLP,27267,2026-05-06,2026-05-06,0,
BerriAI/litellm,NLP,27264,2026-05-06,2026-05-06,0,
BerriAI/litellm,NLP,27261,2026-05-06,2026-05-06,0,
BerriAI/litellm,NLP,27257,2026-05-06,2026-05-07,0,
BerriAI/litellm,NLP,27255,2026-05-06,2026-05-06,0,
BerriAI/litellm,NLP,27254,2026-05-06,2026-05-06,0,
BerriAI/litellm,NLP,27253,2026-05-06,2026-05-06,0,
BerriAI/litellm,NLP,27251,2026-05-06,2026-05-06,0,
BerriAI/litellm,NLP,27250,2026-05-06,2026-05-06,0,
BerriAI/litellm,NLP,27249,2026-05-06,2026-05-06,0,
BerriAI/litellm,NLP,27247,2026-05-05,2026-05-06,0,
BerriAI/litellm,NLP,27245,2026-05-05,2026-05-05,0,
BerriAI/litellm,NLP,27244,2026-05-05,2026-05-06,0,
BerriAI/litellm,NLP,27243,2026-05-05,2026-05-05,0,
BerriAI/litellm,NLP,27240,2026-05-05,2026-05-05,0,
BerriAI/litellm,NLP,27237,2026-05-05,2026-05-05,0,
BerriAI/litellm,NLP,27227,2026-05-05,2026-05-05,0,
BerriAI/litellm,NLP,27224,2026-05-05,2026-05-05,0,
BerriAI/litellm,NLP,27221,2026-05-05,2026-05-06,0,
BerriAI/litellm,NLP,27216,2026-05-05,2026-05-06,0,
BerriAI/litellm,NLP,27215,2026-05-05,2026-05-05,0,
BerriAI/litellm,NLP,27214,2026-05-05,2026-05-05,0,
BerriAI/litellm,NLP,27200,2026-05-05,2026-05-05,0,
BerriAI/litellm,NLP,27194,2026-05-05,2026-05-05,0,
BerriAI/litellm,NLP,27192,2026-05-05,2026-05-05,0,
BerriAI/litellm,NLP,27190,2026-05-05,2026-05-06,0,
BerriAI/litellm,NLP,27185,2026-05-05,2026-05-06,0,
BerriAI/litellm,NLP,27181,2026-05-05,2026-05-05,0,
BerriAI/litellm,NLP,27179,2026-05-05,2026-05-05,0,
BerriAI/litellm,NLP,27178,2026-05-05,2026-05-05,0,
BerriAI/litellm,NLP,27172,2026-05-05,2026-05-05,0,
BerriAI/litellm,NLP,27170,2026-05-05,2026-05-05,0,
BerriAI/litellm,NLP,27169,2026-05-05,2026-05-05,0,
BerriAI/litellm,NLP,27167,2026-05-05,2026-05-05,0,
BerriAI/litellm,NLP,27166,2026-05-05,2026-05-05,0,
BerriAI/litellm,NLP,27165,2026-05-05,2026-05-05,0,
BerriAI/litellm,NLP,27164,2026-05-05,2026-05-05,0,
BerriAI/litellm,NLP,27163,2026-05-05,2026-05-05,0,
BerriAI/litellm,NLP,27162,2026-05-05,2026-05-06,0,
BerriAI/litellm,NLP,27160,2026-05-05,2026-05-05,0,
BerriAI/litellm,NLP,27159,2026-05-05,2026-05-05,0,
BerriAI/litellm,NLP,27157,2026-05-05,2026-05-05,0,
BerriAI/litellm,NLP,27156,2026-05-05,2026-05-05,0,
BerriAI/litellm,NLP,27155,2026-05-05,2026-05-06,0,
BerriAI/litellm,NLP,27153,2026-05-05,2026-05-05,0,
BerriAI/litellm,NLP,27151,2026-05-05,2026-05-05,0,
BerriAI/litellm,NLP,27149,2026-05-05,2026-05-05,0,
BerriAI/litellm,NLP,27143,2026-05-05,2026-05-05,0,
BerriAI/litellm,NLP,27133,2026-05-04,2026-05-04,0,
BerriAI/litellm,NLP,27132,2026-05-04,2026-05-04,0,
BerriAI/litellm,NLP,27131,2026-05-04,2026-05-05,0,
BerriAI/litellm,NLP,27127,2026-05-04,2026-05-04,0,
BerriAI/litellm,NLP,27126,2026-05-04,2026-05-04,0,
BerriAI/litellm,NLP,27125,2026-05-04,2026-05-05,1,
BerriAI/litellm,NLP,27123,2026-05-04,2026-05-04,0,
BerriAI/litellm,NLP,27118,2026-05-04,2026-05-05,0,"bug,proxy,llm translation"
BerriAI/litellm,NLP,27116,2026-05-04,2026-05-04,0,
BerriAI/litellm,NLP,27115,2026-05-04,2026-05-05,0,
BerriAI/litellm,NLP,27110,2026-05-04,2026-05-05,1,
BerriAI/litellm,NLP,27103,2026-05-04,2026-05-05,0,
BerriAI/litellm,NLP,27100,2026-05-04,2026-05-04,0,
BerriAI/litellm,NLP,27095,2026-05-04,2026-05-04,0,"bug,ui-dashboard"
BerriAI/litellm,NLP,27087,2026-05-03,2026-05-03,0,
BerriAI/litellm,NLP,27084,2026-05-03,2026-05-04,1,
BerriAI/litellm,NLP,27082,2026-05-03,2026-05-04,1,
BerriAI/litellm,NLP,27081,2026-05-03,2026-05-04,1,
BerriAI/litellm,NLP,27077,2026-05-03,2026-05-04,1,
BerriAI/litellm,NLP,27075,2026-05-03,2026-05-03,0,
BerriAI/litellm,NLP,27074,2026-05-03,2026-05-04,1,
BerriAI/litellm,NLP,27071,2026-05-03,2026-05-05,1,
BerriAI/litellm,NLP,27068,2026-05-02,2026-05-02,0,
BerriAI/litellm,NLP,27067,2026-05-02,2026-05-02,0,
BerriAI/litellm,NLP,27062,2026-05-02,2026-05-02,0,
BerriAI/litellm,NLP,27055,2026-05-02,2026-05-02,0,
BerriAI/litellm,NLP,27053,2026-05-02,2026-05-03,0,
BerriAI/litellm,NLP,27051,2026-05-02,2026-05-04,2,
openai/openai-python,NLP,3202,2026-05-06,2026-05-06,0,autorelease: tagged
openai/openai-python,NLP,3199,2026-05-05,2026-05-06,1,autorelease: tagged
openai/openai-python,NLP,3139,2026-04-29,2026-04-29,0,
openai/openai-python,NLP,3138,2026-04-29,2026-04-29,0,
openai/openai-python,NLP,3136,2026-04-28,2026-05-04,5,autorelease: tagged
openai/openai-python,NLP,3121,2026-04-24,2026-04-25,0,
openai/openai-python,NLP,3119,2026-04-24,2026-04-28,3,autorelease: tagged
openai/openai-python,NLP,3115,2026-04-23,2026-04-23,0,
openai/openai-python,NLP,3109,2026-04-21,2026-04-22,1,
openai/openai-python,NLP,3107,2026-04-21,2026-04-22,1,
openai/openai-python,NLP,3103,2026-04-19,2026-04-20,0,
openai/openai-python,NLP,3100,2026-04-19,2026-04-19,0,
openai/openai-python,NLP,3095,2026-04-15,2026-04-15,0,
openai/openai-python,NLP,3083,2026-04-13,2026-04-14,0,
openai/openai-python,NLP,3082,2026-04-13,2026-04-13,0,
openai/openai-python,NLP,3074,2026-04-10,2026-04-15,5,autorelease: tagged
openai/openai-python,NLP,3058,2026-04-03,2026-04-05,1,
openai/openai-python,NLP,3057,2026-04-03,2026-04-05,1,
openai/openai-python,NLP,3046,2026-04-01,2026-04-01,0,
openai/openai-python,NLP,3037,2026-03-28,2026-03-28,0,
openai/openai-python,NLP,3034,2026-03-28,2026-03-28,0,
openai/openai-python,NLP,3033,2026-03-28,2026-03-28,0,
openai/openai-python,NLP,3032,2026-03-28,2026-03-28,0,
openai/openai-python,NLP,3031,2026-03-28,2026-03-28,0,
openai/openai-python,NLP,3029,2026-03-28,2026-03-28,0,
openai/openai-python,NLP,3028,2026-03-28,2026-03-28,0,
openai/openai-python,NLP,3021,2026-03-26,2026-03-28,1,
openai/openai-python,NLP,3020,2026-03-26,2026-04-08,13,autorelease: tagged
openai/openai-python,NLP,3001,2026-03-22,2026-03-30,8,
openai/openai-python,NLP,2999,2026-03-21,2026-03-30,9,
openai/openai-python,NLP,2997,2026-03-20,2026-03-24,4,
openai/openai-python,NLP,2996,2026-03-20,2026-04-08,18,
openai/openai-python,NLP,2995,2026-03-20,2026-03-25,5,autorelease: tagged
openai/openai-python,NLP,2994,2026-03-20,2026-04-08,18,
openai/openai-python,NLP,2992,2026-03-19,2026-04-08,19,
openai/openai-python,NLP,2991,2026-03-19,2026-03-24,5,
openai/openai-python,NLP,2990,2026-03-19,2026-04-08,19,
openai/openai-python,NLP,2985,2026-03-18,2026-03-24,6,
openai/openai-python,NLP,2982,2026-03-18,2026-03-18,0,
openai/openai-python,NLP,2980,2026-03-17,2026-03-24,7,
openai/openai-python,NLP,2976,2026-03-15,2026-03-24,9,
openai/openai-python,NLP,2970,2026-03-14,2026-03-17,3,autorelease: tagged
openai/openai-python,NLP,2969,2026-03-13,2026-03-13,0,autorelease: tagged
openai/openai-python,NLP,2968,2026-03-13,2026-03-13,0,
openai/openai-python,NLP,2965,2026-03-13,2026-04-24,42,
openai/openai-python,NLP,2962,2026-03-12,2026-03-15,3,
openai/openai-python,NLP,2961,2026-03-11,2026-03-17,5,
openai/openai-python,NLP,2958,2026-03-10,2026-03-10,0,bug
openai/openai-python,NLP,2947,2026-03-09,2026-03-25,16,
openai/openai-python,NLP,2946,2026-03-09,2026-03-25,16,
openai/openai-python,NLP,2940,2026-03-08,2026-03-25,17,
openai/openai-python,NLP,2939,2026-03-08,2026-03-25,17,
openai/openai-python,NLP,2938,2026-03-07,2026-03-13,6,autorelease: tagged
openai/openai-python,NLP,2932,2026-03-05,2026-03-05,0,autorelease: tagged
openai/openai-python,NLP,2929,2026-03-04,2026-03-04,0,
openai/openai-python,NLP,2918,2026-03-02,2026-03-25,23,
openai/openai-python,NLP,2917,2026-03-02,2026-03-25,23,
openai/openai-python,NLP,2916,2026-03-02,2026-03-25,23,
openai/openai-python,NLP,2914,2026-03-02,2026-03-25,23,
openai/openai-python,NLP,2912,2026-03-01,2026-03-02,1,
openai/openai-python,NLP,2910,2026-03-01,2026-03-07,6,
openai/openai-python,NLP,2908,2026-02-28,2026-03-07,7,
openai/openai-python,NLP,2907,2026-02-28,2026-03-07,7,
openai/openai-python,NLP,2906,2026-02-28,2026-02-28,0,
openai/openai-python,NLP,2905,2026-02-28,2026-02-28,0,
openai/openai-python,NLP,2904,2026-02-28,2026-04-10,41,
openai/openai-python,NLP,2899,2026-02-26,2026-02-26,0,bug
openai/openai-python,NLP,2897,2026-02-25,2026-02-25,0,
openai/openai-python,NLP,2896,2026-02-25,2026-02-25,0,
openai/openai-python,NLP,2895,2026-02-25,2026-02-25,0,
openai/openai-python,NLP,2894,2026-02-25,2026-02-25,0,bug
openai/openai-python,NLP,2891,2026-02-24,2026-03-05,8,autorelease: tagged
openai/openai-python,NLP,2890,2026-02-24,2026-02-24,0,autorelease: tagged
openai/openai-python,NLP,2888,2026-02-23,2026-02-24,0,autorelease: tagged
openai/openai-python,NLP,2879,2026-02-21,2026-04-03,40,bug
openai/openai-python,NLP,2877,2026-02-18,2026-02-18,0,
openai/openai-python,NLP,2874,2026-02-18,2026-02-23,5,autorelease: tagged
openai/openai-python,NLP,2867,2026-02-13,2026-02-13,0,bug
openai/openai-python,NLP,2860,2026-02-11,2026-02-13,1,
openai/openai-python,NLP,2857,2026-02-11,2026-02-14,2,autorelease: tagged
openai/openai-python,NLP,2856,2026-02-10,2026-02-10,0,autorelease: tagged
openai/openai-python,NLP,2855,2026-02-10,2026-02-10,0,autorelease: tagged
openai/openai-python,NLP,2849,2026-02-07,2026-02-10,2,
openai/openai-python,NLP,2846,2026-02-06,2026-02-09,3,autorelease: tagged
openai/openai-python,NLP,2844,2026-02-05,2026-02-10,4,
openai/openai-python,NLP,2843,2026-02-05,2026-02-05,0,
openai/openai-python,NLP,2842,2026-02-05,2026-02-05,0,
openai/openai-python,NLP,2839,2026-02-04,2026-02-24,20,
openai/openai-python,NLP,2835,2026-01-31,2026-01-31,0,
openai/openai-python,NLP,2833,2026-01-28,2026-02-05,7,autorelease: tagged
openai/openai-python,NLP,2832,2026-01-27,2026-01-27,0,
openai/openai-python,NLP,2831,2026-01-24,2026-01-25,0,
openai/openai-python,NLP,2829,2026-01-23,2026-01-27,4,
openai/openai-python,NLP,2827,2026-01-20,2026-01-21,0,
openai/openai-python,NLP,2826,2026-01-19,2026-01-19,0,bug
openai/openai-python,NLP,2825,2026-01-18,2026-01-18,0,
openai/openai-python,NLP,2824,2026-01-13,2026-01-27,14,autorelease: tagged
openai/openai-python,NLP,2823,2026-01-13,2026-01-13,0,
openai/openai-python,NLP,2822,2026-01-13,2026-01-13,0,bug
openai/openai-python,NLP,2820,2026-01-12,2026-02-10,28,
huggingface/trl,NLP,5712,2026-05-06,2026-05-06,0,
huggingface/trl,NLP,5711,2026-05-06,2026-05-06,0,
huggingface/trl,NLP,5710,2026-05-06,2026-05-06,0,
huggingface/trl,NLP,5709,2026-05-06,2026-05-06,0,
huggingface/trl,NLP,5705,2026-05-05,2026-05-05,0,
huggingface/trl,NLP,5704,2026-05-05,2026-05-05,0,
huggingface/trl,NLP,5703,2026-05-05,2026-05-05,0,
huggingface/trl,NLP,5702,2026-05-05,2026-05-05,0,
huggingface/trl,NLP,5701,2026-05-05,2026-05-05,0,
huggingface/trl,NLP,5699,2026-05-04,2026-05-06,1,
huggingface/trl,NLP,5696,2026-05-03,2026-05-05,1,
huggingface/trl,NLP,5695,2026-05-03,2026-05-06,2,
huggingface/trl,NLP,5694,2026-05-02,2026-05-04,1,
huggingface/trl,NLP,5693,2026-05-02,2026-05-02,0,
huggingface/trl,NLP,5690,2026-05-01,2026-05-04,3,
huggingface/trl,NLP,5689,2026-05-01,2026-05-04,3,
huggingface/trl,NLP,5688,2026-05-01,2026-05-01,0,
huggingface/trl,NLP,5687,2026-04-30,2026-04-30,0,
huggingface/trl,NLP,5686,2026-04-30,2026-04-30,0,
huggingface/trl,NLP,5685,2026-04-30,2026-05-04,4,
huggingface/trl,NLP,5683,2026-04-29,2026-04-29,0,
huggingface/trl,NLP,5682,2026-04-29,2026-04-29,0,
huggingface/trl,NLP,5681,2026-04-29,2026-04-30,1,
huggingface/trl,NLP,5680,2026-04-29,2026-04-30,1,
huggingface/trl,NLP,5679,2026-04-29,2026-04-29,0,
huggingface/trl,NLP,5678,2026-04-29,2026-05-05,6,
huggingface/trl,NLP,5677,2026-04-29,2026-04-29,0,
huggingface/trl,NLP,5676,2026-04-28,2026-05-05,6,
huggingface/trl,NLP,5675,2026-04-28,2026-05-04,6,
huggingface/trl,NLP,5674,2026-04-28,2026-04-29,0,
huggingface/trl,NLP,5673,2026-04-28,2026-04-29,0,
huggingface/trl,NLP,5671,2026-04-28,2026-04-28,0,
huggingface/trl,NLP,5670,2026-04-28,2026-04-28,0,🫠 AI slop
huggingface/trl,NLP,5669,2026-04-28,2026-04-28,0,🫠 AI slop
huggingface/trl,NLP,5668,2026-04-28,2026-04-28,0,🫠 AI slop
huggingface/trl,NLP,5667,2026-04-28,2026-04-28,0,🫠 AI slop
huggingface/trl,NLP,5666,2026-04-27,2026-04-28,0,
huggingface/trl,NLP,5665,2026-04-27,2026-04-28,0,
huggingface/trl,NLP,5664,2026-04-27,2026-04-28,0,
huggingface/trl,NLP,5661,2026-04-27,2026-04-28,0,
huggingface/trl,NLP,5660,2026-04-27,2026-04-27,0,
huggingface/trl,NLP,5659,2026-04-27,2026-04-27,0,
huggingface/trl,NLP,5658,2026-04-26,2026-04-27,0,🫠 AI slop
huggingface/trl,NLP,5657,2026-04-26,2026-04-26,0,
huggingface/trl,NLP,5656,2026-04-26,2026-04-27,0,🫠 AI slop
huggingface/trl,NLP,5655,2026-04-26,2026-04-27,0,🫠 AI slop
huggingface/trl,NLP,5654,2026-04-26,2026-04-26,0,
huggingface/trl,NLP,5653,2026-04-26,2026-04-26,0,
huggingface/trl,NLP,5652,2026-04-26,2026-04-26,0,
huggingface/trl,NLP,5651,2026-04-26,2026-04-26,0,
huggingface/trl,NLP,5650,2026-04-26,2026-04-26,0,
huggingface/trl,NLP,5649,2026-04-26,2026-04-26,0,
huggingface/trl,NLP,5648,2026-04-26,2026-04-26,0,
huggingface/trl,NLP,5647,2026-04-26,2026-04-26,0,
huggingface/trl,NLP,5645,2026-04-26,2026-04-29,2,
huggingface/trl,NLP,5644,2026-04-26,2026-05-04,8,🫠 AI slop
huggingface/trl,NLP,5643,2026-04-26,2026-04-26,0,
huggingface/trl,NLP,5642,2026-04-25,2026-04-26,0,
huggingface/trl,NLP,5640,2026-04-24,2026-05-04,9,🫠 AI slop
huggingface/trl,NLP,5639,2026-04-24,2026-04-25,0,
huggingface/trl,NLP,5637,2026-04-24,2026-05-05,10,
huggingface/trl,NLP,5636,2026-04-24,2026-04-25,0,
huggingface/trl,NLP,5635,2026-04-24,2026-04-24,0,
huggingface/trl,NLP,5634,2026-04-24,2026-04-24,0,
huggingface/trl,NLP,5633,2026-04-24,2026-04-27,3,
huggingface/trl,NLP,5632,2026-04-23,2026-04-24,1,
huggingface/trl,NLP,5631,2026-04-23,2026-04-24,0,
huggingface/trl,NLP,5630,2026-04-23,2026-04-24,0,
huggingface/trl,NLP,5629,2026-04-22,2026-04-23,0,
huggingface/trl,NLP,5628,2026-04-22,2026-04-22,0,
huggingface/trl,NLP,5627,2026-04-22,2026-04-28,6,
huggingface/trl,NLP,5626,2026-04-22,2026-04-23,0,
huggingface/trl,NLP,5624,2026-04-22,2026-04-22,0,
huggingface/trl,NLP,5623,2026-04-22,2026-04-22,0,
huggingface/trl,NLP,5622,2026-04-22,2026-04-22,0,
huggingface/trl,NLP,5621,2026-04-22,2026-04-22,0,
huggingface/trl,NLP,5620,2026-04-22,2026-04-24,2,
huggingface/trl,NLP,5618,2026-04-21,2026-04-22,0,
huggingface/trl,NLP,5617,2026-04-21,2026-04-22,0,
huggingface/trl,NLP,5616,2026-04-21,2026-04-24,2,
huggingface/trl,NLP,5615,2026-04-21,2026-04-30,8,
huggingface/trl,NLP,5614,2026-04-21,2026-04-21,0,
huggingface/trl,NLP,5612,2026-04-21,2026-04-22,1,
huggingface/trl,NLP,5607,2026-04-20,2026-04-20,0,
huggingface/trl,NLP,5606,2026-04-20,2026-04-21,0,
huggingface/trl,NLP,5605,2026-04-20,2026-04-22,2,
huggingface/trl,NLP,5604,2026-04-20,2026-04-22,2,
huggingface/trl,NLP,5603,2026-04-20,2026-04-20,0,
huggingface/trl,NLP,5601,2026-04-20,2026-04-20,0,
huggingface/trl,NLP,5600,2026-04-20,2026-04-20,0,
huggingface/trl,NLP,5599,2026-04-20,2026-04-20,0,
huggingface/trl,NLP,5598,2026-04-20,2026-04-20,0,🫠 AI slop
huggingface/trl,NLP,5597,2026-04-20,2026-04-20,0,🫠 AI slop
huggingface/trl,NLP,5596,2026-04-19,2026-04-19,0,🫠 AI slop
huggingface/trl,NLP,5595,2026-04-19,2026-04-19,0,🫠 AI slop
huggingface/trl,NLP,5594,2026-04-19,2026-04-29,10,
huggingface/trl,NLP,5593,2026-04-19,2026-04-20,1,
huggingface/trl,NLP,5590,2026-04-18,2026-04-18,0,
huggingface/trl,NLP,5589,2026-04-18,2026-04-18,0,🫠 AI slop
huggingface/trl,NLP,5587,2026-04-17,2026-04-18,0,
facebookresearch/detectron2,Computer Vision,5531,2026-04-27,2026-05-05,7,"invalid/unrelated,needs-more-info"
facebookresearch/detectron2,Computer Vision,5530,2026-04-20,2026-04-22,2,CLA Signed
facebookresearch/detectron2,Computer Vision,5529,2026-04-16,2026-04-16,0,CLA Signed
facebookresearch/detectron2,Computer Vision,5524,2026-03-16,2026-03-16,0,
facebookresearch/detectron2,Computer Vision,5522,2026-02-25,2026-02-27,1,
facebookresearch/detectron2,Computer Vision,5521,2026-02-21,2026-03-01,7,"invalid/unrelated,needs-more-info"
facebookresearch/detectron2,Computer Vision,5520,2026-02-21,2026-03-01,7,"invalid/unrelated,needs-more-info"
facebookresearch/detectron2,Computer Vision,5519,2026-02-21,2026-03-01,7,"invalid/unrelated,needs-more-info"
facebookresearch/detectron2,Computer Vision,5518,2026-02-17,2026-02-25,7,"invalid/unrelated,needs-more-info"
facebookresearch/detectron2,Computer Vision,5517,2026-02-17,2026-02-25,7,"invalid/unrelated,needs-more-info"
facebookresearch/detectron2,Computer Vision,5516,2026-02-17,2026-02-25,7,"invalid/unrelated,needs-more-info"
facebookresearch/detectron2,Computer Vision,5515,2026-02-17,2026-02-25,7,"invalid/unrelated,needs-more-info"
facebookresearch/detectron2,Computer Vision,5514,2026-02-17,2026-02-25,7,"invalid/unrelated,needs-more-info"
facebookresearch/detectron2,Computer Vision,5513,2026-02-12,2026-02-20,7,"invalid/unrelated,needs-more-info"
facebookresearch/detectron2,Computer Vision,5506,2026-01-12,2026-01-12,0,CLA Signed
facebookresearch/detectron2,Computer Vision,5501,2025-11-24,2025-12-05,10,"invalid/unrelated,needs-more-info"
facebookresearch/detectron2,Computer Vision,5500,2025-11-15,2025-11-17,2,"CLA Signed,Merged"
facebookresearch/detectron2,Computer Vision,5499,2025-11-14,2025-11-14,0,"CLA Signed,Merged,fb-exported,meta-exported"
facebookresearch/detectron2,Computer Vision,5498,2025-11-14,2025-11-14,0,"CLA Signed,Merged,fb-exported,meta-exported"
facebookresearch/detectron2,Computer Vision,5495,2025-10-27,2025-10-29,1,
facebookresearch/detectron2,Computer Vision,5488,2025-08-29,2025-09-02,3,"CLA Signed,fb-exported"
facebookresearch/detectron2,Computer Vision,5487,2025-08-29,2025-09-02,3,"CLA Signed,fb-exported"
facebookresearch/detectron2,Computer Vision,5486,2025-08-22,2025-10-27,66,CLA Signed
facebookresearch/detectron2,Computer Vision,5483,2025-08-12,2025-08-13,0,"CLA Signed,Merged,fb-exported"
facebookresearch/detectron2,Computer Vision,5482,2025-08-07,2025-08-07,0,enhancement
facebookresearch/detectron2,Computer Vision,5476,2025-07-07,2025-07-07,0,"CLA Signed,fb-exported"
facebookresearch/detectron2,Computer Vision,5468,2025-05-16,2025-05-22,5,"CLA Signed,Merged,fb-exported"
facebookresearch/detectron2,Computer Vision,5464,2025-04-24,2025-04-24,0,"CLA Signed,Merged,fb-exported"
facebookresearch/detectron2,Computer Vision,5463,2025-04-24,2025-04-24,0,"CLA Signed,Merged"
facebookresearch/detectron2,Computer Vision,5458,2025-04-09,2025-04-17,7,"invalid/unrelated,needs-more-info"
facebookresearch/detectron2,Computer Vision,5457,2025-04-04,2025-04-11,7,"invalid/unrelated,needs-more-info"
facebookresearch/detectron2,Computer Vision,5452,2025-03-24,2025-04-01,7,"invalid/unrelated,needs-more-info"
facebookresearch/detectron2,Computer Vision,5448,2025-03-09,2025-03-09,0,
facebookresearch/detectron2,Computer Vision,5443,2025-02-27,2025-04-24,55,
facebookresearch/detectron2,Computer Vision,5440,2025-02-26,2025-03-06,7,"invalid/unrelated,needs-more-info"
facebookresearch/detectron2,Computer Vision,5434,2025-02-14,2025-02-14,0,CLA Signed
facebookresearch/detectron2,Computer Vision,5425,2025-01-09,2025-01-17,7,"invalid/unrelated,needs-more-info"
facebookresearch/detectron2,Computer Vision,5417,2024-12-27,2025-01-04,7,"invalid/unrelated,needs-more-info"
facebookresearch/detectron2,Computer Vision,5413,2024-12-22,2024-12-30,7,"invalid/unrelated,needs-more-info"
facebookresearch/detectron2,Computer Vision,5411,2024-12-20,2024-12-28,7,"invalid/unrelated,needs-more-info"
facebookresearch/detectron2,Computer Vision,5405,2024-12-10,2024-12-18,7,"invalid/unrelated,needs-more-info"
facebookresearch/detectron2,Computer Vision,5396,2024-11-20,2024-11-21,0,
facebookresearch/detectron2,Computer Vision,5395,2024-11-20,2024-11-30,9,"invalid/unrelated,needs-more-info"
facebookresearch/detectron2,Computer Vision,5387,2024-11-04,2024-11-12,7,"invalid/unrelated,needs-more-info"
facebookresearch/detectron2,Computer Vision,5384,2024-10-24,2024-10-24,0,
facebookresearch/detectron2,Computer Vision,5383,2024-10-21,2024-10-21,0,
facebookresearch/detectron2,Computer Vision,5382,2024-10-17,2024-10-25,7,"invalid/unrelated,needs-more-info"
facebookresearch/detectron2,Computer Vision,5380,2024-10-12,2024-10-20,7,"invalid/unrelated,needs-more-info"
facebookresearch/detectron2,Computer Vision,5376,2024-10-10,2024-10-18,7,"invalid/unrelated,needs-more-info"
facebookresearch/detectron2,Computer Vision,5374,2024-10-07,2024-10-15,7,"invalid/unrelated,needs-more-info"
facebookresearch/detectron2,Computer Vision,5369,2024-09-25,2025-01-30,127,CLA Signed
facebookresearch/detectron2,Computer Vision,5364,2024-09-18,2024-09-19,1,needs-more-info
facebookresearch/detectron2,Computer Vision,5363,2024-09-12,2024-09-20,7,"invalid/unrelated,needs-more-info"
facebookresearch/detectron2,Computer Vision,5360,2024-09-04,2024-09-04,0,CLA Signed
facebookresearch/detectron2,Computer Vision,5358,2024-08-29,2024-09-06,7,"invalid/unrelated,needs-more-info"
facebookresearch/detectron2,Computer Vision,5357,2024-08-28,2024-08-28,0,
facebookresearch/detectron2,Computer Vision,5356,2024-08-28,2024-08-28,0,needs-more-info
facebookresearch/detectron2,Computer Vision,5353,2024-08-23,2024-08-31,7,"invalid/unrelated,needs-more-info"
facebookresearch/detectron2,Computer Vision,5348,2024-08-14,2024-08-22,7,"CLA Signed,Merged,fb-exported"
facebookresearch/detectron2,Computer Vision,5347,2024-08-13,2025-05-22,282,
facebookresearch/detectron2,Computer Vision,5339,2024-08-02,2024-08-10,7,"invalid/unrelated,needs-more-info"
facebookresearch/detectron2,Computer Vision,5338,2024-08-01,2024-08-01,0,needs-more-info
facebookresearch/detectron2,Computer Vision,5337,2024-08-01,2024-08-09,7,"invalid/unrelated,needs-more-info"
facebookresearch/detectron2,Computer Vision,5335,2024-07-29,2024-08-06,7,"invalid/unrelated,needs-more-info"
facebookresearch/detectron2,Computer Vision,5334,2024-07-27,2024-08-05,8,"CLA Signed,Merged,fb-exported"
facebookresearch/detectron2,Computer Vision,5333,2024-07-24,2024-07-24,0,
facebookresearch/detectron2,Computer Vision,5332,2024-07-24,2024-08-02,8,
facebookresearch/detectron2,Computer Vision,5329,2024-07-18,2024-07-28,9,"invalid/unrelated,needs-more-info"
facebookresearch/detectron2,Computer Vision,5312,2024-06-20,2024-06-21,1,"CLA Signed,Merged"
facebookresearch/detectron2,Computer Vision,5309,2024-06-15,2024-06-25,9,"invalid/unrelated,needs-more-info"
facebookresearch/detectron2,Computer Vision,5308,2024-06-13,2024-06-17,3,needs-more-info
facebookresearch/detectron2,Computer Vision,5299,2024-05-31,2024-06-06,5,"CLA Signed,Merged,fb-exported"
facebookresearch/detectron2,Computer Vision,5297,2024-05-29,2024-05-29,0,"CLA Signed,Merged,fb-exported"
facebookresearch/detectron2,Computer Vision,5296,2024-05-27,2025-10-04,495,CLA Signed
facebookresearch/detectron2,Computer Vision,5294,2024-05-21,2024-05-21,0,"CLA Signed,Merged,fb-exported"
facebookresearch/detectron2,Computer Vision,5293,2024-05-21,2024-05-29,8,"CLA Signed,Merged,fb-exported"
facebookresearch/detectron2,Computer Vision,5292,2024-05-20,2024-05-21,0,"CLA Signed,fb-exported"
facebookresearch/detectron2,Computer Vision,5287,2024-05-15,2024-05-17,1,documentation
facebookresearch/detectron2,Computer Vision,5282,2024-05-08,2024-05-12,3,enhancement
facebookresearch/detectron2,Computer Vision,5276,2024-05-03,2024-10-01,150,
facebookresearch/detectron2,Computer Vision,5275,2024-05-02,2024-05-03,0,"CLA Signed,Merged,fb-exported"
facebookresearch/detectron2,Computer Vision,5274,2024-05-02,2024-05-03,0,"CLA Signed,Merged,fb-exported"
facebookresearch/detectron2,Computer Vision,5273,2024-05-02,2024-05-02,0,"CLA Signed,Merged,fb-exported"
facebookresearch/detectron2,Computer Vision,5269,2024-04-26,2024-05-04,7,"invalid/unrelated,needs-more-info"
facebookresearch/detectron2,Computer Vision,5267,2024-04-23,2024-04-23,0,needs-more-info
facebookresearch/detectron2,Computer Vision,5260,2024-04-17,2024-04-25,7,"invalid/unrelated,needs-more-info"
facebookresearch/detectron2,Computer Vision,5255,2024-04-12,2024-06-10,58,
facebookresearch/detectron2,Computer Vision,5247,2024-03-29,2024-04-06,7,"invalid/unrelated,needs-more-info"
facebookresearch/detectron2,Computer Vision,5246,2024-03-29,2024-03-29,0,enhancement
facebookresearch/detectron2,Computer Vision,5245,2024-03-28,2024-03-28,0,"CLA Signed,Merged,fb-exported"
facebookresearch/detectron2,Computer Vision,5237,2024-03-12,2024-03-20,7,"invalid/unrelated,needs-more-info"
facebookresearch/detectron2,Computer Vision,5235,2024-03-11,2024-03-11,0,"CLA Signed,Merged,fb-exported"
facebookresearch/detectron2,Computer Vision,5230,2024-03-05,2024-03-05,0,"CLA Signed,Merged,fb-exported"
facebookresearch/detectron2,Computer Vision,5229,2024-03-05,2024-03-05,0,"CLA Signed,Merged,fb-exported"
facebookresearch/detectron2,Computer Vision,5227,2024-02-28,2024-03-08,8,"invalid/unrelated,needs-more-info"
facebookresearch/detectron2,Computer Vision,5225,2024-02-27,2024-03-09,10,"invalid/unrelated,needs-more-info"
facebookresearch/detectron2,Computer Vision,5219,2024-02-20,2024-02-28,7,"invalid/unrelated,needs-more-info"
facebookresearch/detectron2,Computer Vision,5208,2024-02-06,2024-02-06,0,
facebookresearch/detectron2,Computer Vision,5206,2024-02-02,2024-02-10,7,"invalid/unrelated,needs-more-info"
facebookresearch/detectron2,Computer Vision,5198,2024-01-18,2024-01-19,1,
ultralytics/yolov5,Computer Vision,13770,2026-05-06,2026-05-06,0,dependencies
ultralytics/yolov5,Computer Vision,13769,2026-05-06,2026-05-06,0,"dependencies,devops,priority: low"
ultralytics/yolov5,Computer Vision,13765,2026-05-04,2026-05-04,0,dependencies
ultralytics/yolov5,Computer Vision,13762,2026-05-02,2026-05-02,0,"bug,fixed,python"
ultralytics/yolov5,Computer Vision,13761,2026-05-02,2026-05-02,0,
ultralytics/yolov5,Computer Vision,13760,2026-04-30,2026-05-02,2,"bug,fixed,python"
ultralytics/yolov5,Computer Vision,13759,2026-04-27,2026-04-27,0,"dependencies,devops"
ultralytics/yolov5,Computer Vision,13758,2026-04-27,2026-04-27,0,dependencies
ultralytics/yolov5,Computer Vision,13757,2026-04-27,2026-04-27,0,dependencies
ultralytics/yolov5,Computer Vision,13756,2026-04-27,2026-04-27,0,dependencies
ultralytics/yolov5,Computer Vision,13755,2026-04-27,2026-04-27,0,dependencies
ultralytics/yolov5,Computer Vision,13754,2026-04-27,2026-04-27,0,dependencies
ultralytics/yolov5,Computer Vision,13753,2026-04-27,2026-04-27,0,dependencies
ultralytics/yolov5,Computer Vision,13752,2026-04-27,2026-04-27,0,dependencies
ultralytics/yolov5,Computer Vision,13751,2026-04-27,2026-04-27,0,dependencies
ultralytics/yolov5,Computer Vision,13750,2026-04-27,2026-04-27,0,dependencies
ultralytics/yolov5,Computer Vision,13749,2026-04-27,2026-04-27,0,dependencies
ultralytics/yolov5,Computer Vision,13747,2026-04-25,2026-04-25,0,"bug,fixed,devops"
ultralytics/yolov5,Computer Vision,13746,2026-04-23,2026-04-23,0,"enhancement,devops,priority: low"
ultralytics/yolov5,Computer Vision,13745,2026-04-23,2026-04-23,0,
ultralytics/yolov5,Computer Vision,13744,2026-04-20,2026-04-23,3,dependencies
ultralytics/yolov5,Computer Vision,13743,2026-04-20,2026-04-23,3,dependencies
ultralytics/yolov5,Computer Vision,13742,2026-04-20,2026-04-23,3,dependencies
ultralytics/yolov5,Computer Vision,13741,2026-04-16,2026-04-16,0,"documentation,fixed,exports"
ultralytics/yolov5,Computer Vision,13740,2026-04-13,2026-04-23,10,dependencies
ultralytics/yolov5,Computer Vision,13739,2026-04-13,2026-04-16,3,dependencies
ultralytics/yolov5,Computer Vision,13738,2026-04-13,2026-04-23,10,dependencies
ultralytics/yolov5,Computer Vision,13737,2026-04-13,2026-04-23,10,dependencies
ultralytics/yolov5,Computer Vision,13736,2026-04-13,2026-04-23,10,dependencies
ultralytics/yolov5,Computer Vision,13735,2026-04-13,2026-04-23,10,dependencies
ultralytics/yolov5,Computer Vision,13734,2026-04-13,2026-04-23,10,dependencies
ultralytics/yolov5,Computer Vision,13733,2026-04-13,2026-04-23,10,dependencies
ultralytics/yolov5,Computer Vision,13732,2026-04-13,2026-04-16,3,dependencies
ultralytics/yolov5,Computer Vision,13731,2026-04-13,2026-04-16,3,dependencies
ultralytics/yolov5,Computer Vision,13730,2026-04-12,2026-04-16,3,"bug,fixed,python"
ultralytics/yolov5,Computer Vision,13729,2026-04-10,2026-04-13,3,"question,detect"
ultralytics/yolov5,Computer Vision,13728,2026-04-10,2026-04-10,0,"enhancement,exports,python"
ultralytics/yolov5,Computer Vision,13726,2026-04-05,2026-04-17,11,bug
ultralytics/yolov5,Computer Vision,13724,2026-03-18,2026-03-18,0,"documentation,enhancement"
ultralytics/yolov5,Computer Vision,13721,2026-03-16,2026-03-16,0,dependencies
ultralytics/yolov5,Computer Vision,13720,2026-03-09,2026-04-23,45,"bug,detect,python"
ultralytics/yolov5,Computer Vision,13719,2026-03-09,2026-03-09,0,dependencies
ultralytics/yolov5,Computer Vision,13718,2026-03-09,2026-04-02,24,dependencies
ultralytics/yolov5,Computer Vision,13717,2026-03-09,2026-04-02,24,dependencies
ultralytics/yolov5,Computer Vision,13716,2026-03-09,2026-04-02,24,dependencies
ultralytics/yolov5,Computer Vision,13715,2026-03-02,2026-03-03,0,"dependencies,python"
ultralytics/yolov5,Computer Vision,13714,2026-03-02,2026-03-03,0,"dependencies,classify,python"
ultralytics/yolov5,Computer Vision,13713,2026-03-02,2026-03-03,0,"dependencies,python"
ultralytics/yolov5,Computer Vision,13712,2026-03-02,2026-03-02,0,dependencies
ultralytics/yolov5,Computer Vision,13711,2026-02-23,2026-02-23,0,Alert
ultralytics/yolov5,Computer Vision,13710,2026-02-20,2026-04-02,40,"dependencies,python"
ultralytics/yolov5,Computer Vision,13709,2026-02-10,2026-04-16,65,"bug,fixed,devops"
ultralytics/yolov5,Computer Vision,13708,2026-02-10,2026-03-23,40,"bug,enhancement,Stale"
ultralytics/yolov5,Computer Vision,13707,2026-02-09,2026-02-09,0,"dependencies,python"
ultralytics/yolov5,Computer Vision,13706,2026-02-03,2026-02-03,0,"documentation,devops"
ultralytics/yolov5,Computer Vision,13705,2026-02-03,2026-02-03,0,"dependencies,python"
ultralytics/yolov5,Computer Vision,13704,2026-01-30,2026-03-13,41,"bug,Stale,dependencies,detect"
ultralytics/yolov5,Computer Vision,13703,2026-01-27,2026-03-18,49,"documentation,HUB"
ultralytics/yolov5,Computer Vision,13702,2026-01-22,2026-03-05,41,"question,Stale,detect"
ultralytics/yolov5,Computer Vision,13701,2026-01-21,2026-04-05,73,"question,Stale,exports"
ultralytics/yolov5,Computer Vision,13700,2026-01-19,2026-01-19,0,"question,dependencies"
ultralytics/yolov5,Computer Vision,13699,2026-01-16,2026-01-16,0,documentation
ultralytics/yolov5,Computer Vision,13698,2026-01-15,2026-01-16,1,Alert
ultralytics/yolov5,Computer Vision,13697,2026-01-14,2026-01-14,0,"bug,dependencies,python"
ultralytics/yolov5,Computer Vision,13695,2025-12-31,2026-01-14,14,"dependencies,devops"
ultralytics/yolov5,Computer Vision,13694,2025-12-24,2026-01-14,20,"dependencies,devops"
ultralytics/yolov5,Computer Vision,13693,2025-12-24,2026-01-14,20,"dependencies,devops"
ultralytics/yolov5,Computer Vision,13692,2025-12-21,2025-12-21,0,"dependencies,fixed,python"
ultralytics/yolov5,Computer Vision,13691,2025-12-18,2025-12-18,0,"bug,dependencies,exports"
ultralytics/yolov5,Computer Vision,13690,2025-12-17,2025-12-18,1,dependencies
ultralytics/yolov5,Computer Vision,13689,2025-12-11,2025-12-11,0,Alert
ultralytics/yolov5,Computer Vision,13688,2025-12-08,2025-12-18,10,devops
ultralytics/yolov5,Computer Vision,13687,2025-12-02,2025-12-02,0,"enhancement,detect,python"
ultralytics/yolov5,Computer Vision,13686,2025-11-24,2025-11-25,1,"dependencies,python"
ultralytics/yolov5,Computer Vision,13685,2025-11-24,2025-11-24,0,dependencies
ultralytics/yolov5,Computer Vision,13684,2025-11-16,2025-11-16,0,"documentation,devops"
ultralytics/yolov5,Computer Vision,13683,2025-11-14,2025-11-14,0,"documentation,detect,devops"
ultralytics/yolov5,Computer Vision,13682,2025-11-14,2026-03-16,121,"bug,Stale,python"
ultralytics/yolov5,Computer Vision,13681,2025-11-13,2026-01-02,49,"Stale,dependencies"
ultralytics/yolov5,Computer Vision,13680,2025-11-12,2025-11-12,0,Alert
ultralytics/yolov5,Computer Vision,13679,2025-11-09,2025-11-09,0,"dependencies,devops"
ultralytics/yolov5,Computer Vision,13678,2025-11-03,2026-01-02,59,"question,Stale,dependencies"
ultralytics/yolov5,Computer Vision,13677,2025-11-02,2025-11-02,0,documentation
ultralytics/yolov5,Computer Vision,13676,2025-11-01,2025-11-01,0,documentation
ultralytics/yolov5,Computer Vision,13675,2025-10-31,2025-12-19,48,"bug,Stale,dependencies"
ultralytics/yolov5,Computer Vision,13674,2025-10-29,2025-10-29,0,"documentation,classify"
ultralytics/yolov5,Computer Vision,13673,2025-10-24,2025-10-24,0,"enhancement,python"
ultralytics/yolov5,Computer Vision,13672,2025-10-23,2025-10-23,0,"dependencies,devops"
ultralytics/yolov5,Computer Vision,13671,2025-10-15,2025-10-15,0,"dependencies,exports,python"
ultralytics/yolov5,Computer Vision,13670,2025-10-09,2025-10-09,0,"enhancement,devops"
ultralytics/yolov5,Computer Vision,13669,2025-10-09,2025-10-09,0,devops
ultralytics/yolov5,Computer Vision,13668,2025-10-09,2025-10-09,0,"enhancement,devops"
ultralytics/yolov5,Computer Vision,13667,2025-10-09,2025-10-09,0,devops
ultralytics/yolov5,Computer Vision,13666,2025-10-09,2025-10-09,0,dependencies
ultralytics/yolov5,Computer Vision,13665,2025-10-09,2025-10-09,0,"dependencies,devops"
ultralytics/yolov5,Computer Vision,13664,2025-10-08,2025-10-08,0,
ultralytics/yolov5,Computer Vision,13663,2025-09-24,2025-10-04,9,"dependencies,python"
ultralytics/yolov5,Computer Vision,13662,2025-09-08,2025-10-20,41,"enhancement,question,Stale"
ultralytics/yolov5,Computer Vision,13661,2025-09-08,2025-09-21,13,dependencies
ultralytics/yolov5,Computer Vision,13660,2025-09-08,2025-09-21,13,dependencies
open-mmlab/mmdetection,Computer Vision,12441,2026-04-15,2026-04-15,0,
open-mmlab/mmdetection,Computer Vision,12429,2026-02-10,2026-02-10,0,
open-mmlab/mmdetection,Computer Vision,12424,2026-01-08,2026-01-08,0,
open-mmlab/mmdetection,Computer Vision,12418,2025-12-13,2025-12-13,0,
open-mmlab/mmdetection,Computer Vision,12415,2025-11-25,2025-11-25,0,
open-mmlab/mmdetection,Computer Vision,12411,2025-11-11,2025-11-11,0,
open-mmlab/mmdetection,Computer Vision,12410,2025-11-08,2025-11-26,17,
open-mmlab/mmdetection,Computer Vision,12409,2025-11-05,2025-11-05,0,
open-mmlab/mmdetection,Computer Vision,12408,2025-11-05,2025-11-05,0,
open-mmlab/mmdetection,Computer Vision,12407,2025-10-29,2025-10-29,0,
open-mmlab/mmdetection,Computer Vision,12406,2025-10-24,2025-10-24,0,
open-mmlab/mmdetection,Computer Vision,12390,2025-07-31,2025-07-31,0,
open-mmlab/mmdetection,Computer Vision,12388,2025-07-29,2025-07-29,0,
open-mmlab/mmdetection,Computer Vision,12387,2025-07-29,2025-08-22,24,
open-mmlab/mmdetection,Computer Vision,12385,2025-07-23,2025-07-25,1,
open-mmlab/mmdetection,Computer Vision,12384,2025-07-21,2025-07-21,0,
open-mmlab/mmdetection,Computer Vision,12377,2025-07-05,2025-07-08,2,
open-mmlab/mmdetection,Computer Vision,12371,2025-06-10,2025-06-11,1,
open-mmlab/mmdetection,Computer Vision,12363,2025-05-19,2025-05-20,1,
open-mmlab/mmdetection,Computer Vision,12357,2025-05-11,2026-02-10,274,
open-mmlab/mmdetection,Computer Vision,12350,2025-04-28,2025-05-10,12,
open-mmlab/mmdetection,Computer Vision,12336,2025-03-26,2025-03-26,0,
open-mmlab/mmdetection,Computer Vision,12329,2025-03-19,2025-03-19,0,
open-mmlab/mmdetection,Computer Vision,12324,2025-03-10,2025-03-11,0,
open-mmlab/mmdetection,Computer Vision,12322,2025-03-10,2025-03-10,0,reimplementation
open-mmlab/mmdetection,Computer Vision,12318,2025-03-03,2025-03-04,0,
open-mmlab/mmdetection,Computer Vision,12313,2025-02-19,2025-12-29,313,
open-mmlab/mmdetection,Computer Vision,12305,2025-02-09,2025-02-12,3,
open-mmlab/mmdetection,Computer Vision,12304,2025-02-09,2025-02-09,0,
open-mmlab/mmdetection,Computer Vision,12302,2025-02-06,2025-02-07,0,
open-mmlab/mmdetection,Computer Vision,12300,2025-02-03,2025-02-03,0,
open-mmlab/mmdetection,Computer Vision,12294,2025-01-15,2025-01-15,0,
open-mmlab/mmdetection,Computer Vision,12293,2025-01-14,2025-01-15,0,
open-mmlab/mmdetection,Computer Vision,12292,2025-01-14,2025-01-14,0,
open-mmlab/mmdetection,Computer Vision,12278,2024-12-24,2025-02-27,65,
open-mmlab/mmdetection,Computer Vision,12275,2024-12-19,2024-12-19,0,
open-mmlab/mmdetection,Computer Vision,12273,2024-12-17,2024-12-17,0,
open-mmlab/mmdetection,Computer Vision,12060,2024-12-05,2025-01-30,56,
open-mmlab/mmdetection,Computer Vision,12049,2024-11-27,2024-11-27,0,
open-mmlab/mmdetection,Computer Vision,12030,2024-11-05,2024-11-05,0,
open-mmlab/mmdetection,Computer Vision,12025,2024-11-01,2024-11-01,0,
open-mmlab/mmdetection,Computer Vision,12021,2024-10-29,2024-10-30,0,
open-mmlab/mmdetection,Computer Vision,12016,2024-10-28,2024-10-28,0,
open-mmlab/mmdetection,Computer Vision,12011,2024-10-23,2024-10-31,8,
open-mmlab/mmdetection,Computer Vision,12009,2024-10-22,2024-11-13,22,
open-mmlab/mmdetection,Computer Vision,12008,2024-10-22,2024-10-23,0,
open-mmlab/mmdetection,Computer Vision,11996,2024-10-14,2024-10-14,0,
open-mmlab/mmdetection,Computer Vision,11990,2024-10-10,2024-10-11,0,
open-mmlab/mmdetection,Computer Vision,11975,2024-09-26,2024-09-30,3,
open-mmlab/mmdetection,Computer Vision,11972,2024-09-25,2024-09-25,0,
open-mmlab/mmdetection,Computer Vision,11971,2024-09-25,2024-09-25,0,
open-mmlab/mmdetection,Computer Vision,11970,2024-09-24,2024-09-24,0,
open-mmlab/mmdetection,Computer Vision,11960,2024-09-15,2024-09-15,0,
open-mmlab/mmdetection,Computer Vision,11950,2024-09-08,2024-09-08,0,
open-mmlab/mmdetection,Computer Vision,11949,2024-09-07,2024-09-08,1,
open-mmlab/mmdetection,Computer Vision,11947,2024-09-07,2024-09-08,1,
open-mmlab/mmdetection,Computer Vision,11946,2024-09-06,2024-09-08,1,
open-mmlab/mmdetection,Computer Vision,11944,2024-09-06,2024-09-07,1,
open-mmlab/mmdetection,Computer Vision,11942,2024-09-05,2024-09-07,1,
open-mmlab/mmdetection,Computer Vision,11939,2024-09-04,2024-09-05,0,
open-mmlab/mmdetection,Computer Vision,11938,2024-09-04,2024-09-04,0,
open-mmlab/mmdetection,Computer Vision,11937,2024-09-04,2024-09-06,1,
open-mmlab/mmdetection,Computer Vision,11935,2024-09-03,2024-09-04,0,
open-mmlab/mmdetection,Computer Vision,11928,2024-08-29,2024-08-29,0,
open-mmlab/mmdetection,Computer Vision,11917,2024-08-21,2024-08-22,0,
open-mmlab/mmdetection,Computer Vision,11905,2024-08-11,2024-08-13,1,
open-mmlab/mmdetection,Computer Vision,11899,2024-08-07,2024-08-08,0,reimplementation
open-mmlab/mmdetection,Computer Vision,11898,2024-08-07,2024-08-07,0,reimplementation
open-mmlab/mmdetection,Computer Vision,11897,2024-08-06,2024-08-14,7,reimplementation
open-mmlab/mmdetection,Computer Vision,11891,2024-08-02,2024-08-02,0,
open-mmlab/mmdetection,Computer Vision,11885,2024-07-28,2024-07-31,2,
open-mmlab/mmdetection,Computer Vision,11880,2024-07-26,2024-07-26,0,
open-mmlab/mmdetection,Computer Vision,11877,2024-07-25,2024-07-28,2,
open-mmlab/mmdetection,Computer Vision,11874,2024-07-24,2024-07-24,0,
open-mmlab/mmdetection,Computer Vision,11866,2024-07-21,2024-07-24,3,
open-mmlab/mmdetection,Computer Vision,11857,2024-07-17,2024-07-17,0,
open-mmlab/mmdetection,Computer Vision,11856,2024-07-16,2024-11-25,132,
open-mmlab/mmdetection,Computer Vision,11854,2024-07-16,2024-07-17,1,
open-mmlab/mmdetection,Computer Vision,11845,2024-07-10,2024-07-11,0,
open-mmlab/mmdetection,Computer Vision,11843,2024-07-09,2024-12-20,164,
open-mmlab/mmdetection,Computer Vision,11841,2024-07-08,2024-07-08,0,
open-mmlab/mmdetection,Computer Vision,11825,2024-07-03,2025-07-29,391,
open-mmlab/mmdetection,Computer Vision,11816,2024-06-28,2024-06-28,0,
open-mmlab/mmdetection,Computer Vision,11797,2024-06-18,2024-06-18,0,
open-mmlab/mmdetection,Computer Vision,11795,2024-06-15,2024-06-15,0,
open-mmlab/mmdetection,Computer Vision,11784,2024-06-11,2024-06-20,9,
open-mmlab/mmdetection,Computer Vision,11783,2024-06-11,2024-06-14,3,
open-mmlab/mmdetection,Computer Vision,11776,2024-06-07,2025-05-27,353,
open-mmlab/mmdetection,Computer Vision,11772,2024-06-06,2024-10-16,131,
open-mmlab/mmdetection,Computer Vision,11764,2024-06-03,2024-09-06,94,
open-mmlab/mmdetection,Computer Vision,11761,2024-06-03,2024-06-03,0,
open-mmlab/mmdetection,Computer Vision,11755,2024-05-30,2024-05-30,0,
open-mmlab/mmdetection,Computer Vision,11750,2024-05-29,2024-06-09,10,
open-mmlab/mmdetection,Computer Vision,11745,2024-05-27,2024-05-29,1,
open-mmlab/mmdetection,Computer Vision,11738,2024-05-24,2024-05-24,0,
open-mmlab/mmdetection,Computer Vision,11711,2024-05-14,2024-05-14,0,
open-mmlab/mmdetection,Computer Vision,11699,2024-05-09,2024-05-17,7,
open-mmlab/mmdetection,Computer Vision,11693,2024-05-08,2024-06-01,23,
open-mmlab/mmdetection,Computer Vision,11686,2024-05-07,2024-05-07,0,
open-mmlab/mmdetection,Computer Vision,11680,2024-05-06,2024-07-12,67,
rwightman/pytorch-image-models,Computer Vision,2699,2026-04-23,2026-04-24,0,
rwightman/pytorch-image-models,Computer Vision,2698,2026-04-23,2026-04-23,0,
rwightman/pytorch-image-models,Computer Vision,2697,2026-04-22,2026-04-23,0,
rwightman/pytorch-image-models,Computer Vision,2696,2026-04-16,2026-04-17,0,
rwightman/pytorch-image-models,Computer Vision,2695,2026-04-16,2026-04-23,6,
rwightman/pytorch-image-models,Computer Vision,2694,2026-04-15,2026-04-15,0,
rwightman/pytorch-image-models,Computer Vision,2693,2026-04-10,2026-04-24,14,
rwightman/pytorch-image-models,Computer Vision,2692,2026-04-09,2026-04-09,0,
rwightman/pytorch-image-models,Computer Vision,2691,2026-04-09,2026-04-22,12,bug
rwightman/pytorch-image-models,Computer Vision,2689,2026-04-02,2026-04-02,0,
rwightman/pytorch-image-models,Computer Vision,2688,2026-04-01,2026-04-03,1,
rwightman/pytorch-image-models,Computer Vision,2687,2026-03-30,2026-04-06,6,bug
rwightman/pytorch-image-models,Computer Vision,2686,2026-03-16,2026-03-16,0,
rwightman/pytorch-image-models,Computer Vision,2685,2026-03-13,2026-03-18,5,
rwightman/pytorch-image-models,Computer Vision,2684,2026-03-13,2026-03-13,0,
rwightman/pytorch-image-models,Computer Vision,2683,2026-03-13,2026-03-14,0,
rwightman/pytorch-image-models,Computer Vision,2682,2026-03-13,2026-03-13,0,bug
rwightman/pytorch-image-models,Computer Vision,2681,2026-03-10,2026-03-17,6,bug
rwightman/pytorch-image-models,Computer Vision,2680,2026-03-09,2026-03-09,0,
rwightman/pytorch-image-models,Computer Vision,2679,2026-03-09,2026-03-09,0,
rwightman/pytorch-image-models,Computer Vision,2678,2026-03-08,2026-03-17,9,
rwightman/pytorch-image-models,Computer Vision,2676,2026-03-05,2026-03-08,2,
rwightman/pytorch-image-models,Computer Vision,2675,2026-03-04,2026-03-05,1,
rwightman/pytorch-image-models,Computer Vision,2674,2026-03-03,2026-03-16,13,
rwightman/pytorch-image-models,Computer Vision,2673,2026-02-26,2026-02-26,0,
rwightman/pytorch-image-models,Computer Vision,2672,2026-02-25,2026-02-25,0,
rwightman/pytorch-image-models,Computer Vision,2671,2026-02-24,2026-02-26,1,enhancement
rwightman/pytorch-image-models,Computer Vision,2670,2026-02-19,2026-02-19,0,enhancement
rwightman/pytorch-image-models,Computer Vision,2669,2026-02-18,2026-02-18,0,
rwightman/pytorch-image-models,Computer Vision,2668,2026-02-15,2026-02-15,0,
rwightman/pytorch-image-models,Computer Vision,2666,2026-02-11,2026-02-11,0,
rwightman/pytorch-image-models,Computer Vision,2664,2026-02-06,2026-02-06,0,
rwightman/pytorch-image-models,Computer Vision,2663,2026-02-06,2026-02-06,0,bug
rwightman/pytorch-image-models,Computer Vision,2662,2026-02-05,2026-02-17,12,
rwightman/pytorch-image-models,Computer Vision,2661,2026-02-05,2026-02-06,1,
rwightman/pytorch-image-models,Computer Vision,2659,2026-02-01,2026-02-17,16,enhancement
rwightman/pytorch-image-models,Computer Vision,2658,2026-01-29,2026-01-29,0,
rwightman/pytorch-image-models,Computer Vision,2657,2026-01-28,2026-01-28,0,
rwightman/pytorch-image-models,Computer Vision,2655,2026-01-21,2026-01-21,0,
rwightman/pytorch-image-models,Computer Vision,2654,2026-01-20,2026-01-21,0,
rwightman/pytorch-image-models,Computer Vision,2653,2026-01-20,2026-01-21,1,bug
rwightman/pytorch-image-models,Computer Vision,2649,2026-01-18,2026-01-19,0,
rwightman/pytorch-image-models,Computer Vision,2648,2026-01-11,2026-01-21,10,
rwightman/pytorch-image-models,Computer Vision,2647,2026-01-09,2026-01-09,0,
rwightman/pytorch-image-models,Computer Vision,2645,2026-01-06,2026-01-07,0,
rwightman/pytorch-image-models,Computer Vision,2644,2026-01-06,2026-01-06,0,
rwightman/pytorch-image-models,Computer Vision,2643,2026-01-03,2026-01-03,0,
rwightman/pytorch-image-models,Computer Vision,2642,2026-01-01,2026-01-01,0,
rwightman/pytorch-image-models,Computer Vision,2641,2025-12-31,2025-12-31,0,
rwightman/pytorch-image-models,Computer Vision,2640,2025-12-30,2025-12-30,0,
rwightman/pytorch-image-models,Computer Vision,2639,2025-12-28,2025-12-30,2,
rwightman/pytorch-image-models,Computer Vision,2638,2025-12-27,2026-01-21,25,
rwightman/pytorch-image-models,Computer Vision,2637,2025-12-27,2026-01-21,25,
rwightman/pytorch-image-models,Computer Vision,2636,2025-12-27,2026-01-21,25,
rwightman/pytorch-image-models,Computer Vision,2635,2025-12-27,2025-12-28,0,
rwightman/pytorch-image-models,Computer Vision,2634,2025-12-25,2025-12-26,1,
rwightman/pytorch-image-models,Computer Vision,2633,2025-12-20,2025-12-22,1,
rwightman/pytorch-image-models,Computer Vision,2632,2025-12-19,2025-12-24,5,
rwightman/pytorch-image-models,Computer Vision,2631,2025-12-19,2025-12-23,4,
rwightman/pytorch-image-models,Computer Vision,2630,2025-12-16,2025-12-16,0,
rwightman/pytorch-image-models,Computer Vision,2629,2025-12-16,2025-12-16,0,
rwightman/pytorch-image-models,Computer Vision,2627,2025-12-09,2025-12-12,2,
rwightman/pytorch-image-models,Computer Vision,2626,2025-12-08,2025-12-10,1,
rwightman/pytorch-image-models,Computer Vision,2625,2025-12-08,2025-12-08,0,
rwightman/pytorch-image-models,Computer Vision,2624,2025-12-06,2025-12-12,6,
rwightman/pytorch-image-models,Computer Vision,2622,2025-12-04,2025-12-12,8,enhancement
rwightman/pytorch-image-models,Computer Vision,2621,2025-12-03,2025-12-04,0,
rwightman/pytorch-image-models,Computer Vision,2620,2025-12-03,2025-12-03,0,
rwightman/pytorch-image-models,Computer Vision,2618,2025-12-01,2025-12-01,0,enhancement
rwightman/pytorch-image-models,Computer Vision,2617,2025-11-26,2025-11-26,0,
rwightman/pytorch-image-models,Computer Vision,2616,2025-11-25,2025-11-25,0,bug
rwightman/pytorch-image-models,Computer Vision,2614,2025-11-25,2025-12-02,7,
rwightman/pytorch-image-models,Computer Vision,2613,2025-11-25,2025-12-02,7,bug
rwightman/pytorch-image-models,Computer Vision,2612,2025-11-18,2025-11-19,1,bug
rwightman/pytorch-image-models,Computer Vision,2611,2025-11-18,2025-11-19,1,bug
rwightman/pytorch-image-models,Computer Vision,2610,2025-11-14,2025-12-01,17,
rwightman/pytorch-image-models,Computer Vision,2609,2025-11-13,2026-02-22,101,bug
rwightman/pytorch-image-models,Computer Vision,2606,2025-11-04,2025-11-06,1,
rwightman/pytorch-image-models,Computer Vision,2605,2025-11-04,2025-11-04,0,
rwightman/pytorch-image-models,Computer Vision,2604,2025-11-03,2025-11-06,3,enhancement
rwightman/pytorch-image-models,Computer Vision,2603,2025-10-30,2025-10-30,0,
rwightman/pytorch-image-models,Computer Vision,2602,2025-10-30,2025-10-30,0,
rwightman/pytorch-image-models,Computer Vision,2600,2025-10-21,2025-10-21,0,bug
rwightman/pytorch-image-models,Computer Vision,2599,2025-10-20,2025-10-20,0,
rwightman/pytorch-image-models,Computer Vision,2598,2025-10-17,2025-12-01,45,
rwightman/pytorch-image-models,Computer Vision,2596,2025-10-15,2025-10-17,1,
rwightman/pytorch-image-models,Computer Vision,2595,2025-10-15,2025-12-01,47,
rwightman/pytorch-image-models,Computer Vision,2594,2025-10-14,2025-10-14,0,bug
rwightman/pytorch-image-models,Computer Vision,2593,2025-10-03,2025-10-03,0,bug
rwightman/pytorch-image-models,Computer Vision,2592,2025-09-30,2025-09-30,0,
rwightman/pytorch-image-models,Computer Vision,2591,2025-09-27,2025-10-03,6,
rwightman/pytorch-image-models,Computer Vision,2590,2025-09-24,2025-09-24,0,enhancement
rwightman/pytorch-image-models,Computer Vision,2589,2025-09-24,2025-09-24,0,
rwightman/pytorch-image-models,Computer Vision,2586,2025-09-20,2025-09-21,1,bug
rwightman/pytorch-image-models,Computer Vision,2585,2025-09-20,2025-10-12,22,
rwightman/pytorch-image-models,Computer Vision,2584,2025-09-19,2025-09-22,2,
rwightman/pytorch-image-models,Computer Vision,2581,2025-09-16,2025-10-14,27,"enhancement,help wanted"
rwightman/pytorch-image-models,Computer Vision,2580,2025-09-13,2025-10-17,33,enhancement
rwightman/pytorch-image-models,Computer Vision,2579,2025-09-11,2025-09-17,6,
rwightman/pytorch-image-models,Computer Vision,2578,2025-09-10,2025-09-11,0,
ultralytics/ultralytics,Computer Vision,24416,2026-05-06,2026-05-06,0,"bug,fixed,python"
ultralytics/ultralytics,Computer Vision,24414,2026-05-06,2026-05-06,0,"bug,fixed,pose"
ultralytics/ultralytics,Computer Vision,24411,2026-05-06,2026-05-06,0,"dependencies,devops"
ultralytics/ultralytics,Computer Vision,24406,2026-05-06,2026-05-06,0,"bug,fixed,python"
ultralytics/ultralytics,Computer Vision,24405,2026-05-05,2026-05-06,0,"bug,fixed,priority: medium"
ultralytics/ultralytics,Computer Vision,24403,2026-05-05,2026-05-06,0,"enhancement,detect,python"
ultralytics/ultralytics,Computer Vision,24401,2026-05-04,2026-05-06,1,"enhancement,python,priority: low"
ultralytics/ultralytics,Computer Vision,24400,2026-05-04,2026-05-04,0,"invalid,question"
ultralytics/ultralytics,Computer Vision,24398,2026-05-03,2026-05-03,0,OBB
ultralytics/ultralytics,Computer Vision,24397,2026-05-02,2026-05-02,0,"bug,fixed,python"
ultralytics/ultralytics,Computer Vision,24396,2026-05-02,2026-05-02,0,
ultralytics/ultralytics,Computer Vision,24395,2026-05-01,2026-05-02,1,"bug,fixed,python"
ultralytics/ultralytics,Computer Vision,24394,2026-05-01,2026-05-01,0,"bug,detect,python"
ultralytics/ultralytics,Computer Vision,24389,2026-04-30,2026-04-30,0,"documentation,fixed,priority: low"
ultralytics/ultralytics,Computer Vision,24387,2026-04-30,2026-04-30,0,"documentation,fixed,python"
ultralytics/ultralytics,Computer Vision,24386,2026-04-30,2026-04-30,0,
ultralytics/ultralytics,Computer Vision,24384,2026-04-29,2026-04-30,0,"documentation,embedded,exports"
ultralytics/ultralytics,Computer Vision,24383,2026-04-29,2026-05-02,2,"bug,fixed,exports"
ultralytics/ultralytics,Computer Vision,24382,2026-04-29,2026-04-30,0,"documentation,exports,python"
ultralytics/ultralytics,Computer Vision,24378,2026-04-29,2026-04-29,0,"bug,fixed,python"
ultralytics/ultralytics,Computer Vision,24377,2026-04-29,2026-05-04,4,question
ultralytics/ultralytics,Computer Vision,24376,2026-04-29,2026-04-29,0,"documentation,enhancement,Platform"
ultralytics/ultralytics,Computer Vision,24374,2026-04-29,2026-04-29,0,"bug,fixed,python"
ultralytics/ultralytics,Computer Vision,24373,2026-04-29,2026-05-03,4,"bug,exports,Platform"
ultralytics/ultralytics,Computer Vision,24372,2026-04-29,2026-04-29,0,"documentation,enhancement,priority: low"
ultralytics/ultralytics,Computer Vision,24370,2026-04-29,2026-04-30,1,"documentation,Platform"
ultralytics/ultralytics,Computer Vision,24368,2026-04-28,2026-04-29,0,"bug,embedded,exports"
ultralytics/ultralytics,Computer Vision,24367,2026-04-28,2026-04-29,0,
ultralytics/ultralytics,Computer Vision,24365,2026-04-28,2026-04-28,0,"bug,fixed,python"
ultralytics/ultralytics,Computer Vision,24362,2026-04-28,2026-04-29,1,"bug,exports,python"
ultralytics/ultralytics,Computer Vision,24360,2026-04-27,2026-04-27,0,"bug,fixed,python"
ultralytics/ultralytics,Computer Vision,24359,2026-04-27,2026-04-27,0,"bug,fixed,python"
ultralytics/ultralytics,Computer Vision,24356,2026-04-27,2026-04-27,0,"bug,fixed,exports"
ultralytics/ultralytics,Computer Vision,24353,2026-04-27,2026-04-27,0,"bug,fixed,python"
ultralytics/ultralytics,Computer Vision,24351,2026-04-26,2026-04-27,0,"enhancement,python,priority: low"
ultralytics/ultralytics,Computer Vision,24348,2026-04-25,2026-05-03,8,"documentation,detect,exports"
ultralytics/ultralytics,Computer Vision,24347,2026-04-25,2026-04-25,0,"dependencies,fixed,devops"
ultralytics/ultralytics,Computer Vision,24345,2026-04-24,2026-04-24,0,"bug,fixed,python"
ultralytics/ultralytics,Computer Vision,24344,2026-04-24,2026-04-24,0,"question,fixed"
ultralytics/ultralytics,Computer Vision,24342,2026-04-24,2026-04-24,0,"bug,fixed,python"
ultralytics/ultralytics,Computer Vision,24341,2026-04-24,2026-04-24,0,"documentation,python,priority: low"
ultralytics/ultralytics,Computer Vision,24340,2026-04-24,2026-04-24,0,"documentation,Platform"
ultralytics/ultralytics,Computer Vision,24339,2026-04-24,2026-04-24,0,"enhancement,good first issue,python"
ultralytics/ultralytics,Computer Vision,24319,2026-04-24,2026-04-24,0,dependencies
ultralytics/ultralytics,Computer Vision,24318,2026-04-24,2026-05-06,12,"question,detect"
ultralytics/ultralytics,Computer Vision,24317,2026-04-23,2026-04-24,0,"enhancement,devops"
ultralytics/ultralytics,Computer Vision,24316,2026-04-23,2026-04-30,6,"bug,exports,python"
ultralytics/ultralytics,Computer Vision,24312,2026-04-23,2026-04-23,0,"bug,exports,python"
ultralytics/ultralytics,Computer Vision,24311,2026-04-23,2026-04-24,0,"enhancement,python,priority: low"
ultralytics/ultralytics,Computer Vision,24309,2026-04-23,2026-04-23,0,
ultralytics/ultralytics,Computer Vision,24308,2026-04-23,2026-04-23,0,"documentation,embedded"
ultralytics/ultralytics,Computer Vision,24306,2026-04-22,2026-04-23,1,"question,exports"
ultralytics/ultralytics,Computer Vision,24303,2026-04-22,2026-04-23,1,"documentation,Platform"
ultralytics/ultralytics,Computer Vision,24301,2026-04-22,2026-04-22,0,"question,detect,exports"
ultralytics/ultralytics,Computer Vision,24299,2026-04-21,2026-04-23,1,"documentation,embedded,exports"
ultralytics/ultralytics,Computer Vision,24296,2026-04-21,2026-04-21,0,"documentation,segment,Platform"
ultralytics/ultralytics,Computer Vision,24295,2026-04-21,2026-04-23,2,"documentation,enterprise"
ultralytics/ultralytics,Computer Vision,24294,2026-04-21,2026-04-21,0,"documentation,solutions,Platform"
ultralytics/ultralytics,Computer Vision,24291,2026-04-21,2026-04-22,0,"question,classify"
ultralytics/ultralytics,Computer Vision,24290,2026-04-21,2026-04-21,0,"bug,detect,python"
ultralytics/ultralytics,Computer Vision,24289,2026-04-21,2026-04-23,2,"documentation,Platform"
ultralytics/ultralytics,Computer Vision,24288,2026-04-21,2026-04-23,2,"documentation,Platform"
ultralytics/ultralytics,Computer Vision,24286,2026-04-21,2026-04-21,0,"fixed,OBB,devops"
ultralytics/ultralytics,Computer Vision,24283,2026-04-20,2026-04-20,0,
ultralytics/ultralytics,Computer Vision,24282,2026-04-20,2026-04-20,0,documentation
ultralytics/ultralytics,Computer Vision,24281,2026-04-20,2026-04-20,0,"documentation,Platform"
ultralytics/ultralytics,Computer Vision,24278,2026-04-20,2026-04-22,2,"documentation,dependencies,fixed"
ultralytics/ultralytics,Computer Vision,24277,2026-04-20,2026-04-23,3,"documentation,enhancement,exports"
ultralytics/ultralytics,Computer Vision,24276,2026-04-20,2026-04-20,0,"question,detect"
ultralytics/ultralytics,Computer Vision,24268,2026-04-19,2026-04-19,0,"enhancement,classify"
ultralytics/ultralytics,Computer Vision,24266,2026-04-18,2026-04-19,0,"question,detect"
ultralytics/ultralytics,Computer Vision,24264,2026-04-17,2026-04-18,1,"documentation,Platform"
ultralytics/ultralytics,Computer Vision,24263,2026-04-17,2026-04-18,1,"documentation,Platform"
ultralytics/ultralytics,Computer Vision,24262,2026-04-17,2026-04-18,1,"documentation,Platform"
ultralytics/ultralytics,Computer Vision,24261,2026-04-17,2026-04-17,0,"enhancement,devops"
ultralytics/ultralytics,Computer Vision,24260,2026-04-17,2026-04-17,0,"bug,fixed,OBB"
ultralytics/ultralytics,Computer Vision,24259,2026-04-17,2026-04-18,1,documentation
ultralytics/ultralytics,Computer Vision,24257,2026-04-16,2026-04-27,10,bug
ultralytics/ultralytics,Computer Vision,24255,2026-04-16,2026-04-16,0,"documentation,fixed"
ultralytics/ultralytics,Computer Vision,24253,2026-04-16,2026-04-20,3,"question,detect"
ultralytics/ultralytics,Computer Vision,24251,2026-04-16,2026-04-17,0,"documentation,enhancement,solutions"
ultralytics/ultralytics,Computer Vision,24249,2026-04-16,2026-04-21,5,"bug,fixed,python"
ultralytics/ultralytics,Computer Vision,24248,2026-04-16,2026-04-17,0,"documentation,embedded,exports"
ultralytics/ultralytics,Computer Vision,24247,2026-04-15,2026-04-16,0,"bug,fixed,python"
ultralytics/ultralytics,Computer Vision,24246,2026-04-15,2026-04-16,0,"enhancement,python"
ultralytics/ultralytics,Computer Vision,24245,2026-04-15,2026-04-27,11,"dependencies,exports,python"
ultralytics/ultralytics,Computer Vision,24244,2026-04-15,2026-04-16,0,"bug,fixed,python"
ultralytics/ultralytics,Computer Vision,24240,2026-04-15,2026-04-18,3,"bug,Platform"
ultralytics/ultralytics,Computer Vision,24239,2026-04-15,2026-04-16,0,"bug,exports,python"
ultralytics/ultralytics,Computer Vision,24237,2026-04-15,2026-04-16,0,"enhancement,solutions,python"
ultralytics/ultralytics,Computer Vision,24234,2026-04-15,2026-04-15,0,"documentation,detect"
ultralytics/ultralytics,Computer Vision,24233,2026-04-15,2026-04-20,5,"documentation,detect"
ultralytics/ultralytics,Computer Vision,24232,2026-04-15,2026-04-15,0,"documentation,Platform"
ultralytics/ultralytics,Computer Vision,24230,2026-04-14,2026-04-15,0,"dependencies,embedded,python"
ultralytics/ultralytics,Computer Vision,24226,2026-04-14,2026-04-14,0,"documentation,detect,python"
ultralytics/ultralytics,Computer Vision,24224,2026-04-14,2026-04-15,0,"bug,dependencies,fixed"
ultralytics/ultralytics,Computer Vision,24223,2026-04-14,2026-04-21,7,"question,embedded,exports"
ultralytics/ultralytics,Computer Vision,24221,2026-04-14,2026-04-14,0,documentation
ultralytics/ultralytics,Computer Vision,24220,2026-04-14,2026-04-14,0,"bug,exports,python"
ultralytics/ultralytics,Computer Vision,24219,2026-04-14,2026-05-06,22,"bug,fixed,python"
facebookresearch/segment-anything,Computer Vision,855,2026-02-23,2026-02-23,0,
facebookresearch/segment-anything,Computer Vision,839,2025-09-02,2025-09-02,0,
facebookresearch/segment-anything,Computer Vision,830,2025-07-04,2025-07-16,11,
facebookresearch/segment-anything,Computer Vision,828,2025-06-13,2025-06-17,3,
facebookresearch/segment-anything,Computer Vision,826,2025-06-04,2025-06-05,0,
facebookresearch/segment-anything,Computer Vision,824,2025-05-20,2025-05-20,0,
facebookresearch/segment-anything,Computer Vision,823,2025-05-14,2025-05-21,7,
facebookresearch/segment-anything,Computer Vision,817,2025-03-25,2025-03-25,0,
facebookresearch/segment-anything,Computer Vision,803,2024-12-25,2025-01-12,17,
facebookresearch/segment-anything,Computer Vision,797,2024-11-28,2024-12-05,7,
facebookresearch/segment-anything,Computer Vision,790,2024-11-11,2024-11-11,0,
facebookresearch/segment-anything,Computer Vision,789,2024-11-02,2024-11-08,6,
facebookresearch/segment-anything,Computer Vision,773,2024-09-05,2024-09-05,0,
facebookresearch/segment-anything,Computer Vision,765,2024-06-24,2024-06-24,0,
facebookresearch/segment-anything,Computer Vision,756,2024-06-07,2024-06-07,0,
facebookresearch/segment-anything,Computer Vision,754,2024-05-27,2024-05-27,0,
facebookresearch/segment-anything,Computer Vision,743,2024-04-30,2024-06-12,42,
facebookresearch/segment-anything,Computer Vision,742,2024-04-30,2024-05-02,1,
facebookresearch/segment-anything,Computer Vision,734,2024-04-23,2024-04-24,1,
facebookresearch/segment-anything,Computer Vision,730,2024-04-17,2024-04-17,0,
facebookresearch/segment-anything,Computer Vision,727,2024-04-10,2024-06-19,69,
facebookresearch/segment-anything,Computer Vision,720,2024-03-27,2024-03-27,0,
facebookresearch/segment-anything,Computer Vision,718,2024-03-26,2024-03-26,0,
facebookresearch/segment-anything,Computer Vision,717,2024-03-22,2024-03-22,0,
facebookresearch/segment-anything,Computer Vision,712,2024-03-20,2024-03-27,6,
facebookresearch/segment-anything,Computer Vision,711,2024-03-16,2024-03-16,0,
facebookresearch/segment-anything,Computer Vision,708,2024-03-13,2024-04-26,43,
facebookresearch/segment-anything,Computer Vision,705,2024-03-11,2024-03-12,0,
facebookresearch/segment-anything,Computer Vision,697,2024-02-29,2024-03-01,0,
facebookresearch/segment-anything,Computer Vision,694,2024-02-22,2024-02-22,0,
facebookresearch/segment-anything,Computer Vision,693,2024-02-21,2024-02-21,0,
facebookresearch/segment-anything,Computer Vision,678,2024-02-01,2024-02-06,5,
facebookresearch/segment-anything,Computer Vision,677,2024-01-29,2024-01-30,1,
facebookresearch/segment-anything,Computer Vision,676,2024-01-29,2024-02-01,3,
facebookresearch/segment-anything,Computer Vision,674,2024-01-26,2024-03-09,42,
facebookresearch/segment-anything,Computer Vision,672,2024-01-23,2024-01-23,0,
facebookresearch/segment-anything,Computer Vision,666,2024-01-12,2024-01-13,0,
facebookresearch/segment-anything,Computer Vision,661,2024-01-10,2024-01-16,5,
facebookresearch/segment-anything,Computer Vision,659,2024-01-07,2024-01-16,8,
facebookresearch/segment-anything,Computer Vision,657,2024-01-03,2025-09-17,623,
facebookresearch/segment-anything,Computer Vision,655,2023-12-27,2024-01-06,10,
facebookresearch/segment-anything,Computer Vision,651,2023-12-20,2023-12-21,0,
facebookresearch/segment-anything,Computer Vision,650,2023-12-20,2024-01-09,19,
facebookresearch/segment-anything,Computer Vision,648,2023-12-19,2023-12-20,0,
facebookresearch/segment-anything,Computer Vision,647,2023-12-15,2023-12-16,1,
facebookresearch/segment-anything,Computer Vision,643,2023-12-12,2023-12-14,2,
facebookresearch/segment-anything,Computer Vision,639,2023-12-06,2023-12-09,3,
facebookresearch/segment-anything,Computer Vision,629,2023-11-23,2023-11-24,0,
facebookresearch/segment-anything,Computer Vision,626,2023-11-19,2023-11-19,0,
facebookresearch/segment-anything,Computer Vision,618,2023-11-13,2023-11-15,2,
facebookresearch/segment-anything,Computer Vision,611,2023-11-06,2023-11-07,0,
facebookresearch/segment-anything,Computer Vision,609,2023-11-02,2023-11-02,0,
facebookresearch/segment-anything,Computer Vision,607,2023-11-01,2023-11-04,2,
facebookresearch/segment-anything,Computer Vision,604,2023-10-31,2024-04-13,165,
facebookresearch/segment-anything,Computer Vision,600,2023-10-27,2023-10-27,0,
facebookresearch/segment-anything,Computer Vision,589,2023-10-12,2023-11-18,37,
facebookresearch/segment-anything,Computer Vision,588,2023-10-12,2023-11-26,45,
facebookresearch/segment-anything,Computer Vision,585,2023-10-11,2025-03-19,525,
facebookresearch/segment-anything,Computer Vision,583,2023-10-07,2023-10-10,3,
facebookresearch/segment-anything,Computer Vision,579,2023-09-28,2023-09-29,0,
facebookresearch/segment-anything,Computer Vision,572,2023-09-22,2023-09-22,0,
facebookresearch/segment-anything,Computer Vision,568,2023-09-20,2023-09-28,7,CLA Signed
facebookresearch/segment-anything,Computer Vision,567,2023-09-20,2023-11-01,42,CLA Signed
facebookresearch/segment-anything,Computer Vision,565,2023-09-19,2023-09-19,0,
facebookresearch/segment-anything,Computer Vision,564,2023-09-17,2023-09-18,0,
facebookresearch/segment-anything,Computer Vision,561,2023-09-16,2023-09-20,3,CLA Signed
facebookresearch/segment-anything,Computer Vision,547,2023-09-01,2023-09-02,1,
facebookresearch/segment-anything,Computer Vision,536,2023-08-22,2023-08-22,0,
facebookresearch/segment-anything,Computer Vision,521,2023-08-14,2023-08-14,0,
facebookresearch/segment-anything,Computer Vision,519,2023-08-09,2023-08-17,8,
facebookresearch/segment-anything,Computer Vision,517,2023-08-09,2023-08-14,4,
facebookresearch/segment-anything,Computer Vision,515,2023-08-08,2023-08-08,0,
facebookresearch/segment-anything,Computer Vision,512,2023-08-05,2023-08-07,2,
facebookresearch/segment-anything,Computer Vision,511,2023-08-05,2024-03-17,225,
facebookresearch/segment-anything,Computer Vision,496,2023-07-25,2023-07-27,1,
facebookresearch/segment-anything,Computer Vision,493,2023-07-18,2023-07-18,0,
facebookresearch/segment-anything,Computer Vision,488,2023-07-14,2023-07-23,8,
facebookresearch/segment-anything,Computer Vision,485,2023-07-12,2024-10-29,474,
facebookresearch/segment-anything,Computer Vision,484,2023-07-12,2023-09-07,57,
facebookresearch/segment-anything,Computer Vision,483,2023-07-12,2023-07-14,1,
facebookresearch/segment-anything,Computer Vision,481,2023-07-11,2023-07-11,0,
facebookresearch/segment-anything,Computer Vision,475,2023-07-08,2023-07-09,1,
facebookresearch/segment-anything,Computer Vision,466,2023-07-04,2023-07-04,0,
facebookresearch/segment-anything,Computer Vision,462,2023-06-30,2023-07-11,10,
facebookresearch/segment-anything,Computer Vision,461,2023-06-29,2023-08-18,49,
facebookresearch/segment-anything,Computer Vision,460,2023-06-29,2023-06-29,0,
facebookresearch/segment-anything,Computer Vision,455,2023-06-26,2023-08-01,36,
facebookresearch/segment-anything,Computer Vision,452,2023-06-24,2023-07-10,16,
facebookresearch/segment-anything,Computer Vision,451,2023-06-24,2023-09-18,85,CLA Signed
facebookresearch/segment-anything,Computer Vision,448,2023-06-20,2023-07-04,14,
facebookresearch/segment-anything,Computer Vision,446,2023-06-19,2025-02-02,593,
facebookresearch/segment-anything,Computer Vision,435,2023-06-12,2023-06-12,0,
facebookresearch/segment-anything,Computer Vision,430,2023-06-10,2023-06-13,3,
facebookresearch/segment-anything,Computer Vision,428,2023-06-09,2023-06-09,0,
facebookresearch/segment-anything,Computer Vision,424,2023-06-09,2023-06-12,2,
facebookresearch/segment-anything,Computer Vision,422,2023-06-07,2023-06-07,0,
facebookresearch/segment-anything,Computer Vision,419,2023-06-06,2023-06-06,0,CLA Signed
facebookresearch/segment-anything,Computer Vision,418,2023-06-06,2023-06-06,0,
facebookresearch/segment-anything,Computer Vision,406,2023-05-30,2023-05-30,0,
facebookresearch/segment-anything,Computer Vision,405,2023-05-30,2023-05-30,0,
openai/CLIP,Computer Vision,541,2026-04-19,2026-04-22,3,
openai/CLIP,Computer Vision,537,2026-03-25,2026-03-25,0,
openai/CLIP,Computer Vision,535,2026-03-22,2026-03-22,0,
openai/CLIP,Computer Vision,529,2026-02-11,2026-02-18,6,
openai/CLIP,Computer Vision,527,2026-02-09,2026-02-09,0,
openai/CLIP,Computer Vision,525,2025-12-24,2025-12-28,3,
openai/CLIP,Computer Vision,524,2025-12-24,2025-12-28,3,
openai/CLIP,Computer Vision,523,2025-12-24,2025-12-28,3,
openai/CLIP,Computer Vision,522,2025-12-15,2025-12-15,0,
openai/CLIP,Computer Vision,519,2025-11-14,2025-11-14,0,
openai/CLIP,Computer Vision,513,2025-08-13,2025-08-13,0,
openai/CLIP,Computer Vision,503,2025-06-13,2025-06-13,0,
openai/CLIP,Computer Vision,500,2025-06-07,2025-06-07,0,
openai/CLIP,Computer Vision,493,2025-05-07,2025-05-07,0,
openai/CLIP,Computer Vision,487,2025-03-07,2025-03-07,0,
openai/CLIP,Computer Vision,485,2025-03-01,2025-06-25,116,
openai/CLIP,Computer Vision,470,2024-10-24,2024-10-24,0,
openai/CLIP,Computer Vision,449,2024-06-03,2024-06-04,1,
openai/CLIP,Computer Vision,444,2024-05-17,2024-06-29,43,
openai/CLIP,Computer Vision,435,2024-04-12,2024-04-12,0,
openai/CLIP,Computer Vision,430,2024-03-09,2024-03-10,1,
openai/CLIP,Computer Vision,417,2024-01-07,2024-01-12,5,
openai/CLIP,Computer Vision,415,2024-01-02,2024-01-10,7,
openai/CLIP,Computer Vision,404,2023-11-21,2023-11-21,0,
openai/CLIP,Computer Vision,403,2023-11-17,2023-11-27,10,
openai/CLIP,Computer Vision,395,2023-10-13,2026-01-13,822,
openai/CLIP,Computer Vision,393,2023-10-03,2023-10-03,0,
openai/CLIP,Computer Vision,392,2023-10-03,2023-10-03,0,
openai/CLIP,Computer Vision,388,2023-09-16,2023-09-17,0,
openai/CLIP,Computer Vision,385,2023-08-28,2023-09-12,14,
openai/CLIP,Computer Vision,380,2023-07-22,2023-07-26,3,
openai/CLIP,Computer Vision,377,2023-07-17,2024-09-21,432,
openai/CLIP,Computer Vision,376,2023-07-14,2023-07-15,0,
openai/CLIP,Computer Vision,372,2023-07-06,2023-07-08,1,
openai/CLIP,Computer Vision,371,2023-06-29,2023-07-11,12,
openai/CLIP,Computer Vision,368,2023-06-13,2023-07-08,25,
openai/CLIP,Computer Vision,365,2023-06-01,2023-06-25,24,
openai/CLIP,Computer Vision,364,2023-05-29,2023-07-28,59,
openai/CLIP,Computer Vision,355,2023-04-30,2023-04-30,0,
openai/CLIP,Computer Vision,334,2023-03-10,2023-12-11,276,
openai/CLIP,Computer Vision,332,2023-03-03,2023-05-19,77,
openai/CLIP,Computer Vision,327,2023-02-21,2023-02-22,1,
openai/CLIP,Computer Vision,326,2023-02-20,2023-02-20,0,
openai/CLIP,Computer Vision,321,2023-02-06,2023-02-06,0,
openai/CLIP,Computer Vision,317,2023-01-27,2023-01-27,0,
openai/CLIP,Computer Vision,315,2023-01-20,2023-01-20,0,
openai/CLIP,Computer Vision,314,2023-01-19,2023-01-27,7,
openai/CLIP,Computer Vision,313,2023-01-19,2023-01-19,0,
openai/CLIP,Computer Vision,312,2023-01-18,2023-01-18,0,
openai/CLIP,Computer Vision,311,2023-01-13,2023-01-31,17,
openai/CLIP,Computer Vision,305,2022-12-15,2022-12-15,0,
openai/CLIP,Computer Vision,302,2022-11-11,2022-11-11,0,
openai/CLIP,Computer Vision,301,2022-11-10,2022-12-05,24,
openai/CLIP,Computer Vision,294,2022-10-10,2022-10-13,2,
openai/CLIP,Computer Vision,293,2022-10-04,2022-10-05,0,
openai/CLIP,Computer Vision,292,2022-09-28,2022-09-28,0,
openai/CLIP,Computer Vision,291,2022-09-24,2022-09-24,0,
openai/CLIP,Computer Vision,288,2022-09-10,2022-10-05,24,
openai/CLIP,Computer Vision,286,2022-09-02,2022-09-02,0,
openai/CLIP,Computer Vision,284,2022-08-31,2022-09-03,2,
openai/CLIP,Computer Vision,282,2022-08-22,2022-08-22,0,
openai/CLIP,Computer Vision,280,2022-08-12,2022-08-13,0,
openai/CLIP,Computer Vision,276,2022-07-27,2022-07-27,0,
openai/CLIP,Computer Vision,275,2022-07-27,2022-07-28,1,
openai/CLIP,Computer Vision,273,2022-07-25,2022-07-27,1,
openai/CLIP,Computer Vision,272,2022-07-25,2022-07-25,0,
openai/CLIP,Computer Vision,271,2022-07-21,2022-07-21,0,
openai/CLIP,Computer Vision,267,2022-07-17,2022-11-17,123,
openai/CLIP,Computer Vision,259,2022-06-28,2022-07-14,15,
openai/CLIP,Computer Vision,258,2022-06-24,2022-06-30,5,
openai/CLIP,Computer Vision,257,2022-06-24,2022-08-11,48,
openai/CLIP,Computer Vision,253,2022-06-15,2022-08-09,55,
openai/CLIP,Computer Vision,243,2022-05-05,2022-05-05,0,
openai/CLIP,Computer Vision,239,2022-05-01,2022-05-01,0,
openai/CLIP,Computer Vision,238,2022-04-27,2025-01-13,992,
openai/CLIP,Computer Vision,234,2022-04-21,2022-04-21,0,
openai/CLIP,Computer Vision,233,2022-04-20,2022-04-20,0,
openai/CLIP,Computer Vision,232,2022-04-19,2022-04-19,0,
openai/CLIP,Computer Vision,231,2022-04-14,2022-04-19,4,
openai/CLIP,Computer Vision,228,2022-04-05,2022-04-10,5,
openai/CLIP,Computer Vision,227,2022-04-04,2022-04-10,6,
openai/CLIP,Computer Vision,226,2022-03-30,2022-04-10,11,
openai/CLIP,Computer Vision,225,2022-03-29,2022-04-11,12,
openai/CLIP,Computer Vision,224,2022-03-25,2022-04-21,27,
openai/CLIP,Computer Vision,222,2022-03-07,2022-04-08,32,
openai/CLIP,Computer Vision,219,2022-02-18,2022-04-10,51,
openai/CLIP,Computer Vision,218,2022-02-18,2022-04-11,51,
openai/CLIP,Computer Vision,215,2022-02-13,2022-04-25,70,
openai/CLIP,Computer Vision,214,2022-02-09,2022-04-20,69,
openai/CLIP,Computer Vision,213,2022-02-05,2022-03-11,33,
openai/CLIP,Computer Vision,210,2022-02-02,2022-04-11,67,
openai/CLIP,Computer Vision,208,2022-01-14,2022-01-20,5,
openai/CLIP,Computer Vision,207,2022-01-06,2022-01-06,0,
openai/CLIP,Computer Vision,206,2022-01-06,2022-04-10,94,
openai/CLIP,Computer Vision,205,2022-01-04,2022-04-11,96,
openai/CLIP,Computer Vision,200,2021-12-21,2021-12-26,5,
openai/CLIP,Computer Vision,196,2021-12-15,2021-12-15,0,
openai/CLIP,Computer Vision,192,2021-12-03,2021-12-03,0,
openai/CLIP,Computer Vision,191,2021-12-01,2022-04-10,130,
openai/CLIP,Computer Vision,188,2021-11-28,2021-11-28,0,
facebookresearch/dinov2,Computer Vision,588,2026-03-05,2026-03-06,1,
facebookresearch/dinov2,Computer Vision,586,2026-03-03,2026-03-12,8,"CLA Signed,dependencies,python"
facebookresearch/dinov2,Computer Vision,584,2026-02-18,2026-02-24,5,CLA Signed
facebookresearch/dinov2,Computer Vision,580,2026-01-30,2026-01-30,0,
facebookresearch/dinov2,Computer Vision,578,2025-12-22,2025-12-22,0,CLA Signed
facebookresearch/dinov2,Computer Vision,577,2025-12-22,2025-12-22,0,
facebookresearch/dinov2,Computer Vision,576,2025-12-17,2025-12-17,0,CLA Signed
facebookresearch/dinov2,Computer Vision,575,2025-12-16,2025-12-17,0,CLA Signed
facebookresearch/dinov2,Computer Vision,572,2025-12-02,2026-01-14,42,CLA Signed
facebookresearch/dinov2,Computer Vision,570,2025-11-22,2025-11-22,0,
facebookresearch/dinov2,Computer Vision,569,2025-11-16,2025-11-16,0,
facebookresearch/dinov2,Computer Vision,564,2025-09-30,2025-09-30,0,
facebookresearch/dinov2,Computer Vision,563,2025-09-01,2025-09-01,0,
facebookresearch/dinov2,Computer Vision,562,2025-08-27,2025-08-27,0,
facebookresearch/dinov2,Computer Vision,561,2025-08-27,2025-08-27,0,
facebookresearch/dinov2,Computer Vision,558,2025-08-19,2025-08-19,0,
facebookresearch/dinov2,Computer Vision,557,2025-08-19,2025-08-19,0,
facebookresearch/dinov2,Computer Vision,556,2025-08-17,2025-08-17,0,CLA Signed
facebookresearch/dinov2,Computer Vision,555,2025-08-14,2025-08-14,0,
facebookresearch/dinov2,Computer Vision,554,2025-08-14,2025-08-14,0,CLA Signed
facebookresearch/dinov2,Computer Vision,549,2025-08-01,2025-08-02,1,
facebookresearch/dinov2,Computer Vision,548,2025-07-28,2025-08-05,7,
facebookresearch/dinov2,Computer Vision,547,2025-07-23,2025-07-23,0,CLA Signed
facebookresearch/dinov2,Computer Vision,546,2025-07-23,2025-07-23,0,
facebookresearch/dinov2,Computer Vision,542,2025-07-09,2025-07-10,0,
facebookresearch/dinov2,Computer Vision,534,2025-06-24,2025-06-24,0,CLA Signed
facebookresearch/dinov2,Computer Vision,533,2025-06-21,2025-08-15,55,
facebookresearch/dinov2,Computer Vision,532,2025-06-20,2025-08-15,56,
facebookresearch/dinov2,Computer Vision,529,2025-06-11,2025-06-11,0,CLA Signed
facebookresearch/dinov2,Computer Vision,528,2025-06-11,2025-06-11,0,CLA Signed
facebookresearch/dinov2,Computer Vision,527,2025-06-09,2025-06-09,0,
facebookresearch/dinov2,Computer Vision,525,2025-05-29,2025-05-29,0,
facebookresearch/dinov2,Computer Vision,524,2025-05-21,2025-05-21,0,
facebookresearch/dinov2,Computer Vision,521,2025-05-08,2025-05-08,0,
facebookresearch/dinov2,Computer Vision,517,2025-04-17,2025-04-18,1,
facebookresearch/dinov2,Computer Vision,515,2025-04-03,2025-04-03,0,
facebookresearch/dinov2,Computer Vision,511,2025-03-26,2025-03-26,0,
facebookresearch/dinov2,Computer Vision,510,2025-03-25,2025-03-27,1,
facebookresearch/dinov2,Computer Vision,509,2025-03-25,2025-03-25,0,
facebookresearch/dinov2,Computer Vision,505,2025-03-06,2025-03-07,0,
facebookresearch/dinov2,Computer Vision,504,2025-03-04,2025-03-12,8,
facebookresearch/dinov2,Computer Vision,503,2025-03-03,2025-10-07,218,
facebookresearch/dinov2,Computer Vision,501,2025-02-19,2025-02-19,0,
facebookresearch/dinov2,Computer Vision,499,2025-02-09,2025-02-10,0,
facebookresearch/dinov2,Computer Vision,498,2025-02-06,2025-02-07,0,
facebookresearch/dinov2,Computer Vision,493,2025-01-13,2025-01-13,0,
facebookresearch/dinov2,Computer Vision,490,2024-12-06,2024-12-13,6,
facebookresearch/dinov2,Computer Vision,489,2024-12-06,2025-05-25,169,
facebookresearch/dinov2,Computer Vision,488,2024-11-30,2024-11-30,0,
facebookresearch/dinov2,Computer Vision,487,2024-11-28,2024-12-03,4,
facebookresearch/dinov2,Computer Vision,486,2024-11-26,2024-11-26,0,
facebookresearch/dinov2,Computer Vision,485,2024-11-23,2024-11-23,0,
facebookresearch/dinov2,Computer Vision,483,2024-11-15,2025-07-19,246,
facebookresearch/dinov2,Computer Vision,482,2024-11-13,2024-11-13,0,
facebookresearch/dinov2,Computer Vision,478,2024-10-30,2024-10-30,0,
facebookresearch/dinov2,Computer Vision,477,2024-10-26,2025-05-19,205,CLA Signed
facebookresearch/dinov2,Computer Vision,476,2024-10-26,2025-05-19,205,CLA Signed
facebookresearch/dinov2,Computer Vision,472,2024-10-16,2024-10-16,0,
facebookresearch/dinov2,Computer Vision,471,2024-10-16,2024-10-16,0,
facebookresearch/dinov2,Computer Vision,465,2024-09-14,2025-06-11,270,
facebookresearch/dinov2,Computer Vision,461,2024-08-29,2024-08-29,0,
facebookresearch/dinov2,Computer Vision,460,2024-08-27,2024-08-29,2,
facebookresearch/dinov2,Computer Vision,456,2024-08-22,2024-08-22,0,
facebookresearch/dinov2,Computer Vision,444,2024-07-22,2024-07-29,7,
facebookresearch/dinov2,Computer Vision,442,2024-07-17,2024-07-28,10,
facebookresearch/dinov2,Computer Vision,433,2024-06-24,2024-06-24,0,
facebookresearch/dinov2,Computer Vision,422,2024-05-29,2024-05-29,0,
facebookresearch/dinov2,Computer Vision,420,2024-05-23,2024-05-29,6,
facebookresearch/dinov2,Computer Vision,419,2024-05-22,2024-07-04,42,
facebookresearch/dinov2,Computer Vision,418,2024-05-21,2025-06-11,386,
facebookresearch/dinov2,Computer Vision,415,2024-05-13,2024-05-13,0,
facebookresearch/dinov2,Computer Vision,414,2024-05-08,2024-05-13,4,
facebookresearch/dinov2,Computer Vision,413,2024-05-04,2024-05-13,8,
facebookresearch/dinov2,Computer Vision,412,2024-04-28,2024-05-13,15,
facebookresearch/dinov2,Computer Vision,410,2024-04-27,2024-05-13,16,
facebookresearch/dinov2,Computer Vision,409,2024-04-17,2024-04-17,0,
facebookresearch/dinov2,Computer Vision,408,2024-04-13,2024-05-13,30,
facebookresearch/dinov2,Computer Vision,407,2024-04-12,2024-05-08,26,
facebookresearch/dinov2,Computer Vision,406,2024-04-10,2024-05-13,33,
facebookresearch/dinov2,Computer Vision,405,2024-04-10,2024-05-13,33,
facebookresearch/dinov2,Computer Vision,404,2024-04-03,2024-04-09,5,
facebookresearch/dinov2,Computer Vision,403,2024-03-30,2024-05-13,44,
facebookresearch/dinov2,Computer Vision,401,2024-03-29,2024-05-13,45,
facebookresearch/dinov2,Computer Vision,400,2024-03-28,2024-04-01,3,
facebookresearch/dinov2,Computer Vision,398,2024-03-25,2024-05-13,49,
facebookresearch/dinov2,Computer Vision,396,2024-03-18,2024-05-13,55,
facebookresearch/dinov2,Computer Vision,393,2024-03-14,2024-03-14,0,
facebookresearch/dinov2,Computer Vision,392,2024-03-13,2024-05-13,61,
facebookresearch/dinov2,Computer Vision,390,2024-03-08,2024-03-08,0,
facebookresearch/dinov2,Computer Vision,386,2024-03-06,2024-05-08,63,
facebookresearch/dinov2,Computer Vision,385,2024-03-06,2024-03-19,12,
facebookresearch/dinov2,Computer Vision,384,2024-03-02,2024-04-14,42,
facebookresearch/dinov2,Computer Vision,382,2024-03-01,2024-03-05,3,
facebookresearch/dinov2,Computer Vision,379,2024-02-23,2024-02-23,0,
facebookresearch/dinov2,Computer Vision,378,2024-02-22,2024-02-22,0,CLA Signed
facebookresearch/dinov2,Computer Vision,376,2024-02-17,2024-02-23,5,
facebookresearch/dinov2,Computer Vision,368,2024-01-25,2024-05-13,108,
facebookresearch/dinov2,Computer Vision,365,2024-01-17,2024-04-03,77,
facebookresearch/dinov2,Computer Vision,363,2024-01-15,2024-01-15,0,CLA Signed
facebookresearch/dinov2,Computer Vision,355,2024-01-08,2024-01-08,0,
pytorch/vision,Computer Vision,9484,2026-04-22,2026-04-23,0,"fb-exported,cla signed,meta-exported"
pytorch/vision,Computer Vision,9483,2026-04-21,2026-04-21,0,"fb-exported,module: rocm,cla signed,meta-exported,ciflow/rocm-mi300"
pytorch/vision,Computer Vision,9482,2026-04-17,2026-04-21,3,"fb-exported,cla signed,meta-exported"
pytorch/vision,Computer Vision,9481,2026-04-16,2026-04-16,0,cla signed
pytorch/vision,Computer Vision,9480,2026-04-16,2026-04-16,0,cla signed
pytorch/vision,Computer Vision,9479,2026-04-16,2026-04-16,0,cla signed
pytorch/vision,Computer Vision,9476,2026-04-14,2026-04-14,0,"cla signed,ci-no-td"
pytorch/vision,Computer Vision,9475,2026-04-12,2026-04-15,2,cla signed
pytorch/vision,Computer Vision,9474,2026-04-12,2026-04-14,2,cla signed
pytorch/vision,Computer Vision,9472,2026-04-10,2026-04-13,2,cla signed
pytorch/vision,Computer Vision,9470,2026-04-09,2026-04-10,0,
pytorch/vision,Computer Vision,9467,2026-04-06,2026-04-07,0,
pytorch/vision,Computer Vision,9465,2026-04-02,2026-04-08,5,cla signed
pytorch/vision,Computer Vision,9464,2026-04-01,2026-04-01,0,cla signed
pytorch/vision,Computer Vision,9463,2026-03-31,2026-04-09,9,cla signed
pytorch/vision,Computer Vision,9460,2026-03-30,2026-03-30,0,cla signed
pytorch/vision,Computer Vision,9459,2026-03-30,2026-03-30,0,"enhancement,module: transforms,cla signed"
pytorch/vision,Computer Vision,9454,2026-03-24,2026-03-30,5,cla signed
pytorch/vision,Computer Vision,9453,2026-03-24,2026-03-24,0,cla signed
pytorch/vision,Computer Vision,9452,2026-03-24,2026-03-24,0,"module: ci,cla signed"
pytorch/vision,Computer Vision,9448,2026-03-18,2026-03-18,0,cla signed
pytorch/vision,Computer Vision,9445,2026-03-18,2026-03-19,0,
pytorch/vision,Computer Vision,9444,2026-03-18,2026-03-19,1,cla signed
pytorch/vision,Computer Vision,9443,2026-03-17,2026-03-17,0,cla signed
pytorch/vision,Computer Vision,9440,2026-03-12,2026-03-15,2,cla signed
pytorch/vision,Computer Vision,9439,2026-03-12,2026-03-16,4,"enhancement,module: transforms,cla signed"
pytorch/vision,Computer Vision,9438,2026-03-11,2026-03-12,0,cla signed
pytorch/vision,Computer Vision,9437,2026-03-11,2026-03-16,4,
pytorch/vision,Computer Vision,9436,2026-03-11,2026-03-16,5,cla signed
pytorch/vision,Computer Vision,9434,2026-03-10,2026-03-10,0,cla signed
pytorch/vision,Computer Vision,9433,2026-03-10,2026-03-24,13,"fb-exported,cla signed,meta-exported"
pytorch/vision,Computer Vision,9431,2026-03-10,2026-03-12,1,cla signed
pytorch/vision,Computer Vision,9430,2026-03-10,2026-03-19,8,cla signed
pytorch/vision,Computer Vision,9428,2026-03-08,2026-03-11,2,cla signed
pytorch/vision,Computer Vision,9427,2026-03-08,2026-03-23,14,"fb-exported,cla signed,meta-exported"
pytorch/vision,Computer Vision,9426,2026-03-06,2026-03-06,0,"cla signed,ci-no-td"
pytorch/vision,Computer Vision,9425,2026-03-06,2026-03-12,6,
pytorch/vision,Computer Vision,9424,2026-03-06,2026-03-06,0,cla signed
pytorch/vision,Computer Vision,9423,2026-03-06,2026-03-10,4,cla signed
pytorch/vision,Computer Vision,9422,2026-03-04,2026-03-06,1,
pytorch/vision,Computer Vision,9421,2026-03-04,2026-03-04,0,cla signed
pytorch/vision,Computer Vision,9419,2026-03-04,2026-03-06,2,cla signed
pytorch/vision,Computer Vision,9418,2026-03-04,2026-03-05,1,cla signed
pytorch/vision,Computer Vision,9416,2026-03-03,2026-03-04,0,cla signed
pytorch/vision,Computer Vision,9415,2026-03-03,2026-03-12,8,
pytorch/vision,Computer Vision,9413,2026-03-02,2026-03-11,9,
pytorch/vision,Computer Vision,9412,2026-02-28,2026-03-03,3,cla signed
pytorch/vision,Computer Vision,9411,2026-02-26,2026-03-03,4,cla signed
pytorch/vision,Computer Vision,9409,2026-02-26,2026-02-26,0,cla signed
pytorch/vision,Computer Vision,9408,2026-02-26,2026-02-26,0,cla signed
pytorch/vision,Computer Vision,9406,2026-02-25,2026-03-03,6,cla signed
pytorch/vision,Computer Vision,9405,2026-02-25,2026-02-25,0,cla signed
pytorch/vision,Computer Vision,9404,2026-02-25,2026-03-10,13,cla signed
pytorch/vision,Computer Vision,9402,2026-02-24,2026-02-25,0,cla signed
pytorch/vision,Computer Vision,9401,2026-02-24,2026-03-11,14,
pytorch/vision,Computer Vision,9400,2026-02-24,2026-02-25,0,cla signed
pytorch/vision,Computer Vision,9399,2026-02-21,2026-04-03,40,cla signed
pytorch/vision,Computer Vision,9397,2026-02-20,2026-02-20,0,cla signed
pytorch/vision,Computer Vision,9396,2026-02-20,2026-02-23,3,cla signed
pytorch/vision,Computer Vision,9394,2026-02-19,2026-03-16,25,
pytorch/vision,Computer Vision,9393,2026-02-18,2026-02-18,0,cla signed
pytorch/vision,Computer Vision,9392,2026-02-18,2026-02-18,0,cla signed
pytorch/vision,Computer Vision,9391,2026-02-17,2026-02-18,0,"cla signed,ciflow/binaries/all"
pytorch/vision,Computer Vision,9390,2026-02-17,2026-02-17,0,cla signed
pytorch/vision,Computer Vision,9389,2026-02-17,2026-02-17,0,cla signed
pytorch/vision,Computer Vision,9388,2026-02-17,2026-02-17,0,cla signed
pytorch/vision,Computer Vision,9386,2026-02-16,2026-02-18,1,cla signed
pytorch/vision,Computer Vision,9385,2026-02-16,2026-02-23,7,cla signed
pytorch/vision,Computer Vision,9382,2026-02-13,2026-02-13,0,cla signed
pytorch/vision,Computer Vision,9381,2026-02-09,2026-02-19,9,cla signed
pytorch/vision,Computer Vision,9380,2026-02-09,2026-03-20,38,
pytorch/vision,Computer Vision,9379,2026-02-07,2026-02-19,12,cla signed
pytorch/vision,Computer Vision,9378,2026-02-06,2026-03-11,32,
pytorch/vision,Computer Vision,9377,2026-02-06,2026-02-07,0,cla signed
pytorch/vision,Computer Vision,9376,2026-02-05,2026-02-06,0,cla signed
pytorch/vision,Computer Vision,9375,2026-02-03,2026-02-06,3,cla signed
pytorch/vision,Computer Vision,9374,2026-02-03,2026-02-04,1,"enhancement,module: documentation,cla signed"
pytorch/vision,Computer Vision,9373,2026-02-02,2026-02-02,0,"fb-exported,cla signed,deprecation,meta-exported"
pytorch/vision,Computer Vision,9372,2026-01-30,2026-03-03,31,
pytorch/vision,Computer Vision,9370,2026-01-29,2026-02-02,4,"fb-exported,cla signed,meta-exported"
pytorch/vision,Computer Vision,9369,2026-01-29,2026-01-29,0,"fb-exported,cla signed,meta-exported"
pytorch/vision,Computer Vision,9368,2026-01-29,2026-02-06,7,cla signed
pytorch/vision,Computer Vision,9366,2026-01-27,2026-01-28,0,"module: io,cla signed,code quality"
pytorch/vision,Computer Vision,9365,2026-01-27,2026-01-28,0,cla signed
pytorch/vision,Computer Vision,9364,2026-01-27,2026-01-27,0,"module: ops,cla signed,code quality"
pytorch/vision,Computer Vision,9363,2026-01-27,2026-01-27,0,cla signed
pytorch/vision,Computer Vision,9362,2026-01-27,2026-01-27,0,cla signed
pytorch/vision,Computer Vision,9361,2026-01-27,2026-01-27,0,cla signed
pytorch/vision,Computer Vision,9360,2026-01-27,2026-01-27,0,cla signed
pytorch/vision,Computer Vision,9359,2026-01-27,2026-01-27,0,"enhancement,cla signed,code quality"
pytorch/vision,Computer Vision,9358,2026-01-27,2026-02-13,16,"enhancement,module: ops,cla signed"
pytorch/vision,Computer Vision,9357,2026-01-27,2026-02-01,4,cla signed
pytorch/vision,Computer Vision,9356,2026-01-27,2026-03-02,34,cla signed
pytorch/vision,Computer Vision,9351,2026-01-23,2026-03-19,55,"enhancement,module: documentation,cla signed"
pytorch/vision,Computer Vision,9350,2026-01-23,2026-02-11,19,cla signed
pytorch/vision,Computer Vision,9349,2026-01-21,2026-01-22,0,cla signed
pytorch/vision,Computer Vision,9347,2026-01-21,2026-01-27,5,cla signed
pytorch/vision,Computer Vision,9346,2026-01-21,2026-02-01,10,
pytorch/vision,Computer Vision,9345,2026-01-21,2026-02-02,12,
pytorch/vision,Computer Vision,9344,2026-01-20,2026-02-06,16,
albumentations-team/albumentations,Computer Vision,2573,2025-07-08,2025-07-10,2,bug
albumentations-team/albumentations,Computer Vision,2572,2025-07-04,2025-07-05,0,
albumentations-team/albumentations,Computer Vision,2571,2025-06-27,2025-07-10,12,bug
albumentations-team/albumentations,Computer Vision,2570,2025-06-25,2025-06-25,0,
albumentations-team/albumentations,Computer Vision,2569,2025-06-23,2025-06-23,0,
albumentations-team/albumentations,Computer Vision,2568,2025-06-23,2025-06-23,0,
albumentations-team/albumentations,Computer Vision,2567,2025-06-23,2025-06-23,0,
albumentations-team/albumentations,Computer Vision,2566,2025-06-20,2025-07-10,19,bug
albumentations-team/albumentations,Computer Vision,2564,2025-06-18,2025-06-18,0,
albumentations-team/albumentations,Computer Vision,2563,2025-06-18,2025-06-18,0,
albumentations-team/albumentations,Computer Vision,2562,2025-06-17,2025-06-23,5,Tech debt
albumentations-team/albumentations,Computer Vision,2561,2025-06-17,2025-06-17,0,
albumentations-team/albumentations,Computer Vision,2560,2025-06-17,2025-06-17,0,
albumentations-team/albumentations,Computer Vision,2559,2025-06-13,2025-06-17,3,bug
albumentations-team/albumentations,Computer Vision,2558,2025-06-13,2025-06-13,0,
albumentations-team/albumentations,Computer Vision,2557,2025-06-12,2025-07-10,28,"good first issue,documentation"
albumentations-team/albumentations,Computer Vision,2556,2025-06-11,2025-07-10,28,
albumentations-team/albumentations,Computer Vision,2555,2025-06-11,2025-06-13,1,bug
albumentations-team/albumentations,Computer Vision,2554,2025-06-11,2025-06-12,0,bug
albumentations-team/albumentations,Computer Vision,2553,2025-06-08,2025-06-08,0,
albumentations-team/albumentations,Computer Vision,2552,2025-06-08,2025-06-08,0,
albumentations-team/albumentations,Computer Vision,2551,2025-06-07,2025-06-08,1,
albumentations-team/albumentations,Computer Vision,2550,2025-06-06,2025-06-06,0,
albumentations-team/albumentations,Computer Vision,2549,2025-06-04,2025-06-08,3,bug
albumentations-team/albumentations,Computer Vision,2548,2025-06-03,2025-06-03,0,
albumentations-team/albumentations,Computer Vision,2547,2025-06-03,2025-06-03,0,
albumentations-team/albumentations,Computer Vision,2546,2025-06-03,2025-06-03,0,
albumentations-team/albumentations,Computer Vision,2545,2025-06-01,2025-06-08,6,bug
albumentations-team/albumentations,Computer Vision,2543,2025-05-30,2025-05-31,1,
albumentations-team/albumentations,Computer Vision,2542,2025-05-30,2025-05-30,0,
albumentations-team/albumentations,Computer Vision,2541,2025-05-29,2025-05-29,0,
albumentations-team/albumentations,Computer Vision,2540,2025-05-29,2025-05-29,0,
albumentations-team/albumentations,Computer Vision,2539,2025-05-28,2025-05-29,0,
albumentations-team/albumentations,Computer Vision,2538,2025-05-27,2025-05-27,0,
albumentations-team/albumentations,Computer Vision,2537,2025-05-27,2025-05-27,0,
albumentations-team/albumentations,Computer Vision,2536,2025-05-26,2025-05-26,0,
albumentations-team/albumentations,Computer Vision,2535,2025-05-26,2025-05-26,0,
albumentations-team/albumentations,Computer Vision,2534,2025-05-25,2025-05-26,1,
albumentations-team/albumentations,Computer Vision,2533,2025-05-25,2025-07-10,46,enhancement
albumentations-team/albumentations,Computer Vision,2532,2025-05-25,2025-05-25,0,
albumentations-team/albumentations,Computer Vision,2531,2025-05-25,2025-05-25,0,⚡️ codeflash
albumentations-team/albumentations,Computer Vision,2530,2025-05-25,2025-05-25,0,⚡️ codeflash
albumentations-team/albumentations,Computer Vision,2529,2025-05-25,2025-05-25,0,
albumentations-team/albumentations,Computer Vision,2528,2025-05-25,2025-05-25,0,
albumentations-team/albumentations,Computer Vision,2527,2025-05-24,2025-05-25,0,bug
albumentations-team/albumentations,Computer Vision,2526,2025-05-21,2025-05-21,0,
albumentations-team/albumentations,Computer Vision,2525,2025-05-20,2025-05-21,1,bug
albumentations-team/albumentations,Computer Vision,2524,2025-05-17,2025-05-19,2,"bug,Need more info"
albumentations-team/albumentations,Computer Vision,2523,2025-05-16,2025-05-16,0,bug
albumentations-team/albumentations,Computer Vision,2522,2025-05-15,2025-05-15,0,
albumentations-team/albumentations,Computer Vision,2521,2025-05-14,2025-05-14,0,
albumentations-team/albumentations,Computer Vision,2520,2025-05-14,2025-05-14,0,
albumentations-team/albumentations,Computer Vision,2519,2025-05-14,2025-05-14,0,bug
albumentations-team/albumentations,Computer Vision,2518,2025-05-14,2025-05-14,0,
albumentations-team/albumentations,Computer Vision,2517,2025-05-13,2025-05-13,0,
albumentations-team/albumentations,Computer Vision,2516,2025-05-13,2025-05-13,0,
albumentations-team/albumentations,Computer Vision,2515,2025-05-13,2025-05-13,0,
albumentations-team/albumentations,Computer Vision,2514,2025-05-13,2025-05-13,0,bug
albumentations-team/albumentations,Computer Vision,2513,2025-05-09,2025-05-13,4,bug
albumentations-team/albumentations,Computer Vision,2512,2025-05-08,2025-05-14,6,enhancement
albumentations-team/albumentations,Computer Vision,2511,2025-05-08,2025-05-08,0,
albumentations-team/albumentations,Computer Vision,2510,2025-05-05,2025-05-05,0,
albumentations-team/albumentations,Computer Vision,2509,2025-04-30,2025-04-30,0,
albumentations-team/albumentations,Computer Vision,2508,2025-04-30,2025-04-30,0,
albumentations-team/albumentations,Computer Vision,2507,2025-04-29,2025-04-29,0,
albumentations-team/albumentations,Computer Vision,2506,2025-04-29,2025-04-29,0,
albumentations-team/albumentations,Computer Vision,2505,2025-04-29,2025-04-29,0,
albumentations-team/albumentations,Computer Vision,2504,2025-04-27,2025-05-15,18,question
albumentations-team/albumentations,Computer Vision,2503,2025-04-26,2025-04-26,0,
albumentations-team/albumentations,Computer Vision,2502,2025-04-25,2025-04-25,0,
albumentations-team/albumentations,Computer Vision,2501,2025-04-24,2025-04-24,0,
albumentations-team/albumentations,Computer Vision,2500,2025-04-23,2025-04-24,1,⚡️ codeflash
albumentations-team/albumentations,Computer Vision,2499,2025-04-22,2025-04-24,1,⚡️ codeflash
albumentations-team/albumentations,Computer Vision,2498,2025-04-21,2025-04-29,7,bug
albumentations-team/albumentations,Computer Vision,2497,2025-04-20,2025-04-24,3,⚡️ codeflash
albumentations-team/albumentations,Computer Vision,2496,2025-04-20,2025-04-24,3,⚡️ codeflash
albumentations-team/albumentations,Computer Vision,2495,2025-04-20,2025-04-24,4,
albumentations-team/albumentations,Computer Vision,2494,2025-04-17,2025-04-17,0,
albumentations-team/albumentations,Computer Vision,2493,2025-04-17,2025-04-17,0,
albumentations-team/albumentations,Computer Vision,2492,2025-04-16,2025-04-16,0,
albumentations-team/albumentations,Computer Vision,2491,2025-04-16,2025-04-16,0,
albumentations-team/albumentations,Computer Vision,2490,2025-04-11,2025-04-11,0,question
albumentations-team/albumentations,Computer Vision,2489,2025-04-08,2025-04-10,1,
albumentations-team/albumentations,Computer Vision,2488,2025-04-05,2025-04-05,0,
albumentations-team/albumentations,Computer Vision,2487,2025-03-29,2025-03-29,0,
albumentations-team/albumentations,Computer Vision,2486,2025-03-29,2025-03-29,0,
albumentations-team/albumentations,Computer Vision,2485,2025-03-29,2025-03-29,0,
albumentations-team/albumentations,Computer Vision,2484,2025-03-27,2025-07-10,104,bug
albumentations-team/albumentations,Computer Vision,2483,2025-03-21,2025-03-21,0,
albumentations-team/albumentations,Computer Vision,2482,2025-03-21,2025-03-21,0,
albumentations-team/albumentations,Computer Vision,2481,2025-03-20,2025-03-20,0,
albumentations-team/albumentations,Computer Vision,2480,2025-03-20,2025-03-20,0,
albumentations-team/albumentations,Computer Vision,2479,2025-03-18,2025-06-24,97,"enhancement,good first issue"
albumentations-team/albumentations,Computer Vision,2477,2025-03-17,2025-03-17,0,
albumentations-team/albumentations,Computer Vision,2476,2025-03-16,2025-03-17,0,
albumentations-team/albumentations,Computer Vision,2475,2025-03-16,2025-07-10,115,documentation
albumentations-team/albumentations,Computer Vision,2474,2025-03-16,2025-04-05,20,"bug,documentation"
albumentations-team/albumentations,Computer Vision,2473,2025-03-14,2025-06-17,94,bug
albumentations-team/albumentations,Computer Vision,2472,2025-03-14,2025-04-24,40,
albumentations-team/albumentations,Computer Vision,2471,2025-03-13,2025-04-29,46,Need more info
facebookresearch/detr,Computer Vision,624,2024-01-22,2024-01-22,0,
facebookresearch/detr,Computer Vision,621,2024-01-01,2024-01-01,0,
facebookresearch/detr,Computer Vision,620,2023-12-28,2024-01-12,15,
facebookresearch/detr,Computer Vision,618,2023-12-07,2023-12-07,0,
facebookresearch/detr,Computer Vision,603,2023-09-07,2023-09-07,0,
facebookresearch/detr,Computer Vision,593,2023-07-28,2023-07-28,0,question
facebookresearch/detr,Computer Vision,585,2023-06-01,2023-06-01,0,
facebookresearch/detr,Computer Vision,584,2023-06-01,2023-06-01,0,
facebookresearch/detr,Computer Vision,565,2023-02-07,2023-02-07,0,CLA Signed
facebookresearch/detr,Computer Vision,564,2023-01-28,2023-03-02,32,
facebookresearch/detr,Computer Vision,559,2022-12-17,2022-12-21,4,
facebookresearch/detr,Computer Vision,551,2022-11-18,2022-11-18,0,
facebookresearch/detr,Computer Vision,541,2022-10-24,2022-11-11,17,
facebookresearch/detr,Computer Vision,539,2022-10-11,2022-10-11,0,
facebookresearch/detr,Computer Vision,536,2022-09-21,2022-09-21,0,
facebookresearch/detr,Computer Vision,535,2022-09-20,2022-09-20,0,
facebookresearch/detr,Computer Vision,532,2022-09-05,2022-09-06,0,
facebookresearch/detr,Computer Vision,527,2022-08-01,2022-08-18,17,
facebookresearch/detr,Computer Vision,525,2022-07-22,2022-07-26,3,
facebookresearch/detr,Computer Vision,519,2022-06-22,2022-06-22,0,
facebookresearch/detr,Computer Vision,512,2022-06-12,2022-06-12,0,
facebookresearch/detr,Computer Vision,511,2022-06-08,2022-06-24,16,
facebookresearch/detr,Computer Vision,509,2022-05-31,2022-08-18,79,duplicate
facebookresearch/detr,Computer Vision,502,2022-05-02,2023-05-16,379,
facebookresearch/detr,Computer Vision,501,2022-05-02,2022-05-02,0,
facebookresearch/detr,Computer Vision,497,2022-04-01,2022-04-02,0,
facebookresearch/detr,Computer Vision,490,2022-03-03,2022-03-07,3,CLA Signed
facebookresearch/detr,Computer Vision,485,2022-02-11,2022-02-11,0,
facebookresearch/detr,Computer Vision,483,2022-01-24,2022-11-17,297,
facebookresearch/detr,Computer Vision,482,2022-01-16,2022-01-17,0,
facebookresearch/detr,Computer Vision,478,2022-01-05,2022-01-06,0,
facebookresearch/detr,Computer Vision,472,2021-11-23,2021-11-23,0,
facebookresearch/detr,Computer Vision,471,2021-11-23,2021-11-23,0,
facebookresearch/detr,Computer Vision,466,2021-11-15,2021-11-16,1,
facebookresearch/detr,Computer Vision,454,2021-10-17,2021-10-18,0,CLA Signed
facebookresearch/detr,Computer Vision,450,2021-10-07,2021-10-08,0,CLA Signed
facebookresearch/detr,Computer Vision,449,2021-10-05,2021-10-05,0,
facebookresearch/detr,Computer Vision,447,2021-10-04,2021-10-04,0,
facebookresearch/detr,Computer Vision,443,2021-09-21,2021-09-29,7,question
facebookresearch/detr,Computer Vision,440,2021-09-13,2021-09-21,7,
facebookresearch/detr,Computer Vision,439,2021-09-10,2021-09-15,4,
facebookresearch/detr,Computer Vision,433,2021-09-02,2021-09-02,0,
facebookresearch/detr,Computer Vision,432,2021-08-30,2024-08-18,1083,
facebookresearch/detr,Computer Vision,431,2021-08-30,2021-09-04,5,
facebookresearch/detr,Computer Vision,429,2021-08-25,2021-08-26,0,
facebookresearch/detr,Computer Vision,424,2021-08-17,2021-08-17,0,question
facebookresearch/detr,Computer Vision,418,2021-07-19,2021-07-21,2,
facebookresearch/detr,Computer Vision,417,2021-07-18,2021-07-26,7,
facebookresearch/detr,Computer Vision,415,2021-07-14,2021-07-14,0,
facebookresearch/detr,Computer Vision,414,2021-07-14,2021-07-14,0,
facebookresearch/detr,Computer Vision,410,2021-07-06,2021-07-06,0,
facebookresearch/detr,Computer Vision,408,2021-07-04,2021-07-04,0,
facebookresearch/detr,Computer Vision,407,2021-07-01,2021-09-07,67,
facebookresearch/detr,Computer Vision,404,2021-06-30,2021-06-30,0,CLA Signed
facebookresearch/detr,Computer Vision,403,2021-06-30,2021-06-30,0,
facebookresearch/detr,Computer Vision,401,2021-06-26,2021-07-09,12,
facebookresearch/detr,Computer Vision,398,2021-06-17,2021-06-17,0,
facebookresearch/detr,Computer Vision,396,2021-06-15,2021-06-15,0,
facebookresearch/detr,Computer Vision,393,2021-06-11,2021-06-14,2,
facebookresearch/detr,Computer Vision,391,2021-05-30,2021-05-31,0,
facebookresearch/detr,Computer Vision,390,2021-05-28,2021-05-28,0,
facebookresearch/detr,Computer Vision,389,2021-05-27,2021-05-28,1,
facebookresearch/detr,Computer Vision,388,2021-05-22,2021-05-25,3,question
facebookresearch/detr,Computer Vision,387,2021-05-21,2021-08-31,101,
facebookresearch/detr,Computer Vision,386,2021-05-20,2021-05-27,7,
facebookresearch/detr,Computer Vision,385,2021-05-18,2021-05-28,10,
facebookresearch/detr,Computer Vision,380,2021-05-12,2021-05-14,1,
facebookresearch/detr,Computer Vision,379,2021-05-12,2021-05-28,16,
facebookresearch/detr,Computer Vision,377,2021-05-07,2021-09-01,117,
facebookresearch/detr,Computer Vision,375,2021-04-30,2021-05-07,6,
facebookresearch/detr,Computer Vision,374,2021-04-29,2021-05-28,29,
facebookresearch/detr,Computer Vision,373,2021-04-27,2021-05-29,32,
facebookresearch/detr,Computer Vision,371,2021-04-26,2021-06-23,58,
facebookresearch/detr,Computer Vision,370,2021-04-23,2021-04-25,2,
facebookresearch/detr,Computer Vision,369,2021-04-22,2021-04-23,0,
facebookresearch/detr,Computer Vision,367,2021-04-20,2021-05-01,11,
facebookresearch/detr,Computer Vision,366,2021-04-19,2021-04-25,6,
facebookresearch/detr,Computer Vision,363,2021-04-17,2021-04-25,8,
facebookresearch/detr,Computer Vision,360,2021-04-10,2021-04-12,2,
facebookresearch/detr,Computer Vision,358,2021-04-08,2021-04-09,1,
facebookresearch/detr,Computer Vision,357,2021-04-08,2021-04-08,0,CLA Signed
facebookresearch/detr,Computer Vision,355,2021-04-02,2021-04-11,9,
facebookresearch/detr,Computer Vision,353,2021-03-25,2021-04-11,16,
facebookresearch/detr,Computer Vision,352,2021-03-24,2021-03-25,0,
facebookresearch/detr,Computer Vision,349,2021-03-13,2021-03-16,3,
facebookresearch/detr,Computer Vision,347,2021-03-12,2021-03-15,3,
facebookresearch/detr,Computer Vision,345,2021-03-08,2021-03-09,1,
facebookresearch/detr,Computer Vision,343,2021-03-03,2021-04-11,38,
facebookresearch/detr,Computer Vision,341,2021-02-26,2021-03-03,4,
facebookresearch/detr,Computer Vision,340,2021-02-26,2021-04-11,44,
facebookresearch/detr,Computer Vision,336,2021-02-16,2021-02-17,0,
facebookresearch/detr,Computer Vision,335,2021-02-09,2021-02-09,0,
facebookresearch/detr,Computer Vision,333,2021-02-05,2021-03-25,47,
facebookresearch/detr,Computer Vision,332,2021-02-05,2021-02-08,3,
facebookresearch/detr,Computer Vision,329,2021-01-28,2021-01-28,0,
facebookresearch/detr,Computer Vision,328,2021-01-27,2021-01-27,0,
facebookresearch/detr,Computer Vision,327,2021-01-27,2021-01-27,0,question
facebookresearch/detr,Computer Vision,325,2021-01-24,2021-01-27,2,
facebookresearch/detr,Computer Vision,323,2021-01-21,2021-01-27,5,question
facebookresearch/detr,Computer Vision,321,2021-01-21,2021-01-21,0,question
huggingface/diffusers,Computer Vision,13685,2026-05-06,2026-05-06,0,"size/S,CI"
huggingface/diffusers,Computer Vision,13678,2026-05-04,2026-05-05,0,"size/S,schedulers"
huggingface/diffusers,Computer Vision,13677,2026-05-03,2026-05-03,0,size/S
huggingface/diffusers,Computer Vision,13675,2026-05-02,2026-05-05,3,"tests,size/S"
huggingface/diffusers,Computer Vision,13674,2026-05-02,2026-05-05,3,"models,tests,size/M"
huggingface/diffusers,Computer Vision,13672,2026-05-01,2026-05-01,0,"size/M,CI"
huggingface/diffusers,Computer Vision,13670,2026-05-01,2026-05-06,4,"size/M,examples"
huggingface/diffusers,Computer Vision,13666,2026-05-01,2026-05-01,0,"size/S,pipelines"
huggingface/diffusers,Computer Vision,13665,2026-05-01,2026-05-01,0,size/M
huggingface/diffusers,Computer Vision,13663,2026-04-30,2026-05-06,6,"close-to-merge,size/M,modular-pipelines,pipelines"
huggingface/diffusers,Computer Vision,13661,2026-04-30,2026-04-30,0,"documentation,size/S"
huggingface/diffusers,Computer Vision,13645,2026-04-29,2026-04-29,0,"documentation,size/S,fixes-issue"
huggingface/diffusers,Computer Vision,13642,2026-04-29,2026-04-29,0,
huggingface/diffusers,Computer Vision,13577,2026-04-29,2026-05-06,7,
huggingface/diffusers,Computer Vision,13575,2026-04-28,2026-04-30,2,"documentation,lora,models,size/L,pipelines,fixes-issue,loaders"
huggingface/diffusers,Computer Vision,13573,2026-04-28,2026-04-30,2,"documentation,lora,quantization,models,tests,size/L,modular-pipelines,utils,pipelines,examples,CI,single-file,schedulers,hooks,loaders"
huggingface/diffusers,Computer Vision,13568,2026-04-27,2026-04-27,0,size/M
huggingface/diffusers,Computer Vision,13567,2026-04-27,2026-04-27,0,size/M
huggingface/diffusers,Computer Vision,13562,2026-04-25,2026-04-30,4,"size/M,CI"
huggingface/diffusers,Computer Vision,13555,2026-04-24,2026-04-24,0,"size/S,CI"
huggingface/diffusers,Computer Vision,13554,2026-04-24,2026-05-06,12,"size/S,CI"
huggingface/diffusers,Computer Vision,13553,2026-04-23,2026-04-23,0,"models,size/S,utils,pipelines"
huggingface/diffusers,Computer Vision,13550,2026-04-22,2026-04-25,2,"size/S,utils,experimental"
huggingface/diffusers,Computer Vision,13549,2026-04-22,2026-04-27,5,"size/S,utils"
huggingface/diffusers,Computer Vision,13548,2026-04-22,2026-04-22,0,"size/S,CI"
huggingface/diffusers,Computer Vision,13545,2026-04-22,2026-04-30,8,"documentation,performance,models,size/L,hooks"
huggingface/diffusers,Computer Vision,13544,2026-04-22,2026-04-27,5,"size/S,examples"
huggingface/diffusers,Computer Vision,13543,2026-04-22,2026-04-25,3,"models,size/S"
huggingface/diffusers,Computer Vision,13542,2026-04-22,2026-04-27,5,"size/S,single-file"
huggingface/diffusers,Computer Vision,13537,2026-04-22,2026-05-06,14,"tests,size/S"
huggingface/diffusers,Computer Vision,13535,2026-04-21,2026-04-22,0,"lora,size/S"
huggingface/diffusers,Computer Vision,13534,2026-04-21,2026-04-21,0,"tests,size/S"
huggingface/diffusers,Computer Vision,13533,2026-04-21,2026-04-21,0,"models,size/S"
huggingface/diffusers,Computer Vision,13532,2026-04-21,2026-04-30,8,"close-to-merge,size/S,pipelines"
huggingface/diffusers,Computer Vision,13527,2026-04-21,2026-05-06,14,"size/S,pipelines"
huggingface/diffusers,Computer Vision,13517,2026-04-21,2026-04-27,6,"models,size/S"
huggingface/diffusers,Computer Vision,13516,2026-04-21,2026-04-27,6,"models,size/S"
huggingface/diffusers,Computer Vision,13515,2026-04-21,2026-04-27,6,"size/S,schedulers"
huggingface/diffusers,Computer Vision,13514,2026-04-21,2026-04-27,6,"models,size/S"
huggingface/diffusers,Computer Vision,13513,2026-04-21,2026-04-27,6,"size/S,pipelines"
huggingface/diffusers,Computer Vision,13512,2026-04-21,2026-04-27,6,"size/S,schedulers"
huggingface/diffusers,Computer Vision,13510,2026-04-20,2026-04-27,7,"size/S,examples"
huggingface/diffusers,Computer Vision,13509,2026-04-20,2026-04-27,7,"size/S,examples"
huggingface/diffusers,Computer Vision,13503,2026-04-19,2026-04-21,2,"tests,size/S,utils"
huggingface/diffusers,Computer Vision,13501,2026-04-18,2026-04-30,11,"lora,pipelines,feature-request"
huggingface/diffusers,Computer Vision,13499,2026-04-17,2026-04-18,0,"documentation,size/S"
huggingface/diffusers,Computer Vision,13498,2026-04-17,2026-04-27,10,"tests,size/L,modular-pipelines,utils"
huggingface/diffusers,Computer Vision,13496,2026-04-17,2026-04-22,4,"models,size/S"
huggingface/diffusers,Computer Vision,13494,2026-04-16,2026-04-16,0,models
huggingface/diffusers,Computer Vision,13493,2026-04-16,2026-04-17,0,"size/S,CI"
huggingface/diffusers,Computer Vision,13491,2026-04-16,2026-04-22,6,"tests,size/S"
huggingface/diffusers,Computer Vision,13490,2026-04-16,2026-04-18,2,"close-to-merge,models,size/S"
huggingface/diffusers,Computer Vision,13489,2026-04-16,2026-04-30,14,"size/S,schedulers,fixes-issue"
huggingface/diffusers,Computer Vision,13488,2026-04-15,2026-04-30,14,"bug,group-offloading,pipelines"
huggingface/diffusers,Computer Vision,13486,2026-04-15,2026-04-18,2,"lora,size/S"
huggingface/diffusers,Computer Vision,13484,2026-04-15,2026-04-18,2,"bug,lora,modular-pipelines"
huggingface/diffusers,Computer Vision,13483,2026-04-15,2026-04-16,0,"documentation,size/M,pipelines"
huggingface/diffusers,Computer Vision,13481,2026-04-15,2026-04-22,6,"models,tests,size/M"
huggingface/diffusers,Computer Vision,13480,2026-04-15,2026-04-16,0,"models,size/S"
huggingface/diffusers,Computer Vision,13478,2026-04-15,2026-04-16,1,"size/S,pipelines"
huggingface/diffusers,Computer Vision,13477,2026-04-15,2026-04-16,1,bug
huggingface/diffusers,Computer Vision,13476,2026-04-15,2026-04-15,0,"size/S,CI"
huggingface/diffusers,Computer Vision,13475,2026-04-15,2026-04-16,0,
huggingface/diffusers,Computer Vision,13474,2026-04-15,2026-04-17,2,"size/L,examples"
huggingface/diffusers,Computer Vision,13472,2026-04-14,2026-04-16,2,size/S
huggingface/diffusers,Computer Vision,13471,2026-04-14,2026-04-15,0,"size/S,examples"
huggingface/diffusers,Computer Vision,13470,2026-04-14,2026-04-17,2,size/S
huggingface/diffusers,Computer Vision,13469,2026-04-14,2026-04-14,0,"tests,size/S"
huggingface/diffusers,Computer Vision,13468,2026-04-14,2026-04-26,12,"size/M,examples"
huggingface/diffusers,Computer Vision,13467,2026-04-14,2026-04-17,2,"size/S,hooks"
huggingface/diffusers,Computer Vision,13464,2026-04-14,2026-04-14,0,"models,size/S"
huggingface/diffusers,Computer Vision,13463,2026-04-14,2026-04-14,0,"size/S,pipelines"
huggingface/diffusers,Computer Vision,13462,2026-04-13,2026-04-15,1,"bug,needs-code-example,pipelines"
huggingface/diffusers,Computer Vision,13461,2026-04-13,2026-04-15,1,"performance,models,size/S,pipelines"
huggingface/diffusers,Computer Vision,13457,2026-04-13,2026-04-14,0,"size/S,examples"
huggingface/diffusers,Computer Vision,13454,2026-04-13,2026-04-14,1,"tests,size/S"
huggingface/diffusers,Computer Vision,13451,2026-04-13,2026-04-19,5,"models,size/S"
huggingface/diffusers,Computer Vision,13449,2026-04-12,2026-04-18,6,"size/S,pipelines"
huggingface/diffusers,Computer Vision,13448,2026-04-12,2026-04-23,10,"models,tests,size/L,modular-pipelines,utils,pipelines"
huggingface/diffusers,Computer Vision,13446,2026-04-12,2026-04-23,11,"bug,pipelines"
huggingface/diffusers,Computer Vision,13443,2026-04-10,2026-04-13,2,"models,size/S"
huggingface/diffusers,Computer Vision,13442,2026-04-10,2026-04-15,4,"size/M,examples"
huggingface/diffusers,Computer Vision,13441,2026-04-10,2026-04-14,4,"size/S,examples"
huggingface/diffusers,Computer Vision,13440,2026-04-10,2026-04-10,0,"size/S,pipelines"
huggingface/diffusers,Computer Vision,13439,2026-04-10,2026-04-10,0,"bug,pipelines"
huggingface/diffusers,Computer Vision,13438,2026-04-09,2026-04-16,6,"size/M,CI"
huggingface/diffusers,Computer Vision,13437,2026-04-09,2026-04-11,1,"documentation,models,tests,size/L,pipelines,schedulers"
huggingface/diffusers,Computer Vision,13436,2026-04-08,2026-04-08,0,size/S
huggingface/diffusers,Computer Vision,13435,2026-04-08,2026-04-27,18,size/L
huggingface/diffusers,Computer Vision,13434,2026-04-08,2026-04-27,19,"size/S,guiders"
huggingface/diffusers,Computer Vision,13433,2026-04-08,2026-04-08,0,"size/S,CI"
huggingface/diffusers,Computer Vision,13432,2026-04-08,2026-04-11,2,"documentation,models,tests,size/L,utils,pipelines"
huggingface/diffusers,Computer Vision,13429,2026-04-07,2026-04-07,0,
huggingface/diffusers,Computer Vision,13428,2026-04-06,2026-04-07,0,
huggingface/diffusers,Computer Vision,13427,2026-04-06,2026-04-06,0,
huggingface/diffusers,Computer Vision,13424,2026-04-06,2026-04-06,0,
huggingface/diffusers,Computer Vision,13423,2026-04-06,2026-04-10,4,"documentation,size/S"
huggingface/diffusers,Computer Vision,13422,2026-04-06,2026-04-06,0,
huggingface/diffusers,Computer Vision,13421,2026-04-06,2026-04-06,0,
huggingface/diffusers,Computer Vision,13420,2026-04-06,2026-04-06,0,
open-mmlab/mmsegmentation,Computer Vision,3872,2026-04-02,2026-04-15,13,
open-mmlab/mmsegmentation,Computer Vision,3870,2026-03-19,2026-04-01,13,
open-mmlab/mmsegmentation,Computer Vision,3865,2025-10-14,2025-12-06,52,
open-mmlab/mmsegmentation,Computer Vision,3862,2025-08-27,2025-09-04,7,
open-mmlab/mmsegmentation,Computer Vision,3861,2025-08-25,2025-08-25,0,
open-mmlab/mmsegmentation,Computer Vision,3859,2025-08-12,2025-08-14,1,
open-mmlab/mmsegmentation,Computer Vision,3858,2025-07-31,2025-07-31,0,
open-mmlab/mmsegmentation,Computer Vision,3853,2025-05-26,2025-08-25,90,
open-mmlab/mmsegmentation,Computer Vision,3846,2025-03-08,2025-03-26,18,
open-mmlab/mmsegmentation,Computer Vision,3841,2025-02-12,2025-12-29,319,
open-mmlab/mmsegmentation,Computer Vision,3840,2025-01-28,2025-01-28,0,
open-mmlab/mmsegmentation,Computer Vision,3820,2024-11-25,2024-12-26,31,
open-mmlab/mmsegmentation,Computer Vision,3811,2024-11-11,2024-12-26,44,
open-mmlab/mmsegmentation,Computer Vision,3809,2024-11-08,2024-11-10,1,
open-mmlab/mmsegmentation,Computer Vision,3805,2024-11-04,2024-11-16,12,
open-mmlab/mmsegmentation,Computer Vision,3803,2024-11-03,2024-11-03,0,
open-mmlab/mmsegmentation,Computer Vision,3790,2024-10-10,2024-10-12,1,
open-mmlab/mmsegmentation,Computer Vision,3789,2024-10-10,2024-10-12,1,
open-mmlab/mmsegmentation,Computer Vision,3780,2024-09-27,2024-10-06,9,
open-mmlab/mmsegmentation,Computer Vision,3779,2024-09-24,2024-09-24,0,
open-mmlab/mmsegmentation,Computer Vision,3778,2024-09-24,2024-12-26,92,
open-mmlab/mmsegmentation,Computer Vision,3755,2024-08-08,2025-12-04,482,
open-mmlab/mmsegmentation,Computer Vision,3749,2024-08-02,2024-08-06,3,
open-mmlab/mmsegmentation,Computer Vision,3739,2024-07-16,2024-07-16,0,
open-mmlab/mmsegmentation,Computer Vision,3724,2024-07-02,2024-07-02,0,
open-mmlab/mmsegmentation,Computer Vision,3719,2024-06-26,2024-06-30,3,
open-mmlab/mmsegmentation,Computer Vision,3716,2024-06-24,2024-06-24,0,
open-mmlab/mmsegmentation,Computer Vision,3711,2024-06-17,2024-06-19,1,
open-mmlab/mmsegmentation,Computer Vision,3710,2024-06-16,2024-07-08,21,
open-mmlab/mmsegmentation,Computer Vision,3704,2024-06-12,2024-06-12,0,
open-mmlab/mmsegmentation,Computer Vision,3702,2024-06-07,2024-06-07,0,
open-mmlab/mmsegmentation,Computer Vision,3700,2024-06-07,2024-06-10,3,
open-mmlab/mmsegmentation,Computer Vision,3686,2024-05-25,2024-05-25,0,
open-mmlab/mmsegmentation,Computer Vision,3683,2024-05-24,2024-05-24,0,
open-mmlab/mmsegmentation,Computer Vision,3674,2024-05-20,2024-05-20,0,
open-mmlab/mmsegmentation,Computer Vision,3672,2024-05-19,2024-05-19,0,
open-mmlab/mmsegmentation,Computer Vision,3671,2024-05-17,2024-12-11,208,
open-mmlab/mmsegmentation,Computer Vision,3670,2024-05-16,2024-05-23,6,
open-mmlab/mmsegmentation,Computer Vision,3661,2024-05-06,2024-05-06,0,
open-mmlab/mmsegmentation,Computer Vision,3648,2024-04-23,2024-04-23,0,
open-mmlab/mmsegmentation,Computer Vision,3637,2024-04-14,2024-06-13,59,
open-mmlab/mmsegmentation,Computer Vision,3635,2024-04-14,2024-05-26,42,
open-mmlab/mmsegmentation,Computer Vision,3630,2024-04-10,2024-04-13,2,
open-mmlab/mmsegmentation,Computer Vision,3626,2024-04-08,2024-04-10,1,
open-mmlab/mmsegmentation,Computer Vision,3623,2024-04-05,2024-04-08,3,
open-mmlab/mmsegmentation,Computer Vision,3621,2024-04-03,2024-04-04,0,
open-mmlab/mmsegmentation,Computer Vision,3617,2024-03-28,2024-04-05,8,
open-mmlab/mmsegmentation,Computer Vision,3606,2024-03-21,2024-03-21,0,
open-mmlab/mmsegmentation,Computer Vision,3605,2024-03-21,2024-03-21,0,
open-mmlab/mmsegmentation,Computer Vision,3599,2024-03-19,2024-05-27,69,
open-mmlab/mmsegmentation,Computer Vision,3598,2024-03-15,2024-03-18,2,
open-mmlab/mmsegmentation,Computer Vision,3597,2024-03-15,2024-03-15,0,
open-mmlab/mmsegmentation,Computer Vision,3596,2024-03-14,2024-03-22,7,
open-mmlab/mmsegmentation,Computer Vision,3588,2024-03-09,2024-03-11,1,
open-mmlab/mmsegmentation,Computer Vision,3587,2024-03-08,2024-03-08,0,
open-mmlab/mmsegmentation,Computer Vision,3586,2024-03-08,2024-03-08,0,
open-mmlab/mmsegmentation,Computer Vision,3585,2024-03-07,2024-03-07,0,
open-mmlab/mmsegmentation,Computer Vision,3584,2024-03-07,2024-03-07,0,
open-mmlab/mmsegmentation,Computer Vision,3576,2024-02-28,2024-02-29,0,
open-mmlab/mmsegmentation,Computer Vision,3573,2024-02-27,2024-02-27,0,
open-mmlab/mmsegmentation,Computer Vision,3570,2024-02-23,2024-02-24,0,
open-mmlab/mmsegmentation,Computer Vision,3569,2024-02-21,2024-06-12,111,
open-mmlab/mmsegmentation,Computer Vision,3560,2024-02-12,2024-02-12,0,
open-mmlab/mmsegmentation,Computer Vision,3557,2024-02-07,2024-02-07,0,
open-mmlab/mmsegmentation,Computer Vision,3551,2024-01-31,2024-01-31,0,
open-mmlab/mmsegmentation,Computer Vision,3546,2024-01-30,2024-01-31,1,
open-mmlab/mmsegmentation,Computer Vision,3545,2024-01-29,2024-01-29,0,
open-mmlab/mmsegmentation,Computer Vision,3542,2024-01-29,2024-01-29,0,
open-mmlab/mmsegmentation,Computer Vision,3530,2024-01-22,2024-01-25,2,
open-mmlab/mmsegmentation,Computer Vision,3527,2024-01-20,2024-01-26,5,
open-mmlab/mmsegmentation,Computer Vision,3523,2024-01-18,2024-01-18,0,
open-mmlab/mmsegmentation,Computer Vision,3521,2024-01-17,2024-01-18,0,
open-mmlab/mmsegmentation,Computer Vision,3517,2024-01-15,2024-01-15,0,
open-mmlab/mmsegmentation,Computer Vision,3515,2024-01-12,2024-01-15,2,
open-mmlab/mmsegmentation,Computer Vision,3508,2024-01-09,2024-01-10,0,
open-mmlab/mmsegmentation,Computer Vision,3505,2024-01-08,2024-01-17,8,
open-mmlab/mmsegmentation,Computer Vision,3504,2024-01-07,2024-01-08,0,
open-mmlab/mmsegmentation,Computer Vision,3502,2024-01-05,2024-01-08,2,
open-mmlab/mmsegmentation,Computer Vision,3501,2024-01-05,2024-01-09,4,
open-mmlab/mmsegmentation,Computer Vision,3498,2024-01-03,2024-01-03,0,
open-mmlab/mmsegmentation,Computer Vision,3496,2023-12-29,2024-01-05,6,
open-mmlab/mmsegmentation,Computer Vision,3495,2023-12-29,2024-02-19,52,
open-mmlab/mmsegmentation,Computer Vision,3492,2023-12-27,2023-12-29,1,
open-mmlab/mmsegmentation,Computer Vision,3487,2023-12-20,2024-01-05,15,dependencies
open-mmlab/mmsegmentation,Computer Vision,3483,2023-12-19,2024-01-05,16,
open-mmlab/mmsegmentation,Computer Vision,3477,2023-12-15,2024-01-03,18,
open-mmlab/mmsegmentation,Computer Vision,3475,2023-12-14,2023-12-14,0,
open-mmlab/mmsegmentation,Computer Vision,3473,2023-12-12,2024-01-05,23,
open-mmlab/mmsegmentation,Computer Vision,3470,2023-12-10,2025-03-04,449,
open-mmlab/mmsegmentation,Computer Vision,3467,2023-12-09,2023-12-09,0,
open-mmlab/mmsegmentation,Computer Vision,3466,2023-12-08,2023-12-14,5,
open-mmlab/mmsegmentation,Computer Vision,3465,2023-12-08,2023-12-09,1,
open-mmlab/mmsegmentation,Computer Vision,3459,2023-12-02,2023-12-03,0,
open-mmlab/mmsegmentation,Computer Vision,3458,2023-12-01,2023-12-11,9,
open-mmlab/mmsegmentation,Computer Vision,3457,2023-11-30,2023-12-04,3,
open-mmlab/mmsegmentation,Computer Vision,3455,2023-11-28,2023-12-04,5,
open-mmlab/mmsegmentation,Computer Vision,3454,2023-11-26,2023-11-27,0,
open-mmlab/mmsegmentation,Computer Vision,3453,2023-11-26,2025-05-01,522,
open-mmlab/mmsegmentation,Computer Vision,3451,2023-11-24,2023-11-29,4,
open-mmlab/mmsegmentation,Computer Vision,3447,2023-11-21,2023-11-26,5,
open-mmlab/mmpose,Computer Vision,3260,2026-04-03,2026-04-03,0,
open-mmlab/mmpose,Computer Vision,3250,2025-11-06,2025-12-03,27,
open-mmlab/mmpose,Computer Vision,3242,2025-09-27,2025-10-14,16,
open-mmlab/mmpose,Computer Vision,3236,2025-08-19,2025-09-25,36,
open-mmlab/mmpose,Computer Vision,3234,2025-08-15,2025-08-20,4,
open-mmlab/mmpose,Computer Vision,3233,2025-08-13,2025-08-13,0,
open-mmlab/mmpose,Computer Vision,3219,2025-06-08,2025-06-08,0,
open-mmlab/mmpose,Computer Vision,3212,2025-04-30,2025-04-30,0,
open-mmlab/mmpose,Computer Vision,3203,2025-03-24,2025-03-24,0,
open-mmlab/mmpose,Computer Vision,3201,2025-03-23,2025-08-04,134,
open-mmlab/mmpose,Computer Vision,3193,2025-02-21,2025-08-04,163,
open-mmlab/mmpose,Computer Vision,3185,2025-02-07,2025-04-19,70,
open-mmlab/mmpose,Computer Vision,3153,2024-11-18,2024-11-19,1,
open-mmlab/mmpose,Computer Vision,3152,2024-11-15,2024-11-16,1,
open-mmlab/mmpose,Computer Vision,3129,2024-09-24,2024-09-24,0,
open-mmlab/mmpose,Computer Vision,3112,2024-09-01,2025-08-04,336,
open-mmlab/mmpose,Computer Vision,3107,2024-08-29,2025-08-04,339,
open-mmlab/mmpose,Computer Vision,3105,2024-08-24,2024-08-29,4,
open-mmlab/mmpose,Computer Vision,3104,2024-08-24,2024-10-26,63,
open-mmlab/mmpose,Computer Vision,3100,2024-08-17,2025-03-25,219,
open-mmlab/mmpose,Computer Vision,3097,2024-08-12,2024-08-14,1,
open-mmlab/mmpose,Computer Vision,3096,2024-08-12,2024-08-23,10,
open-mmlab/mmpose,Computer Vision,3095,2024-08-07,2024-08-07,0,
open-mmlab/mmpose,Computer Vision,3090,2024-07-31,2024-08-02,1,
open-mmlab/mmpose,Computer Vision,3084,2024-07-17,2024-09-03,47,
open-mmlab/mmpose,Computer Vision,3083,2024-07-17,2024-07-17,0,
open-mmlab/mmpose,Computer Vision,3079,2024-07-14,2024-07-15,0,
open-mmlab/mmpose,Computer Vision,3078,2024-07-12,2024-07-12,0,
open-mmlab/mmpose,Computer Vision,3077,2024-07-12,2024-07-12,0,
open-mmlab/mmpose,Computer Vision,3072,2024-06-21,2024-06-22,1,
open-mmlab/mmpose,Computer Vision,3060,2024-05-26,2024-05-26,0,
open-mmlab/mmpose,Computer Vision,3059,2024-05-26,2024-05-26,0,
open-mmlab/mmpose,Computer Vision,3053,2024-05-22,2024-05-24,2,
open-mmlab/mmpose,Computer Vision,3046,2024-05-16,2024-05-24,8,
open-mmlab/mmpose,Computer Vision,3044,2024-05-14,2024-05-15,1,
open-mmlab/mmpose,Computer Vision,3038,2024-05-06,2024-07-12,67,
open-mmlab/mmpose,Computer Vision,3037,2024-05-06,2024-07-12,67,
open-mmlab/mmpose,Computer Vision,3027,2024-04-24,2024-04-24,0,
open-mmlab/mmpose,Computer Vision,3026,2024-04-24,2024-05-04,10,
open-mmlab/mmpose,Computer Vision,3025,2024-04-22,2024-04-22,0,
open-mmlab/mmpose,Computer Vision,3021,2024-04-19,2024-04-24,4,
open-mmlab/mmpose,Computer Vision,3013,2024-04-08,2024-04-24,16,
open-mmlab/mmpose,Computer Vision,3011,2024-04-05,2024-04-05,0,
open-mmlab/mmpose,Computer Vision,3008,2024-04-03,2024-04-04,0,
open-mmlab/mmpose,Computer Vision,3005,2024-04-01,2024-04-02,0,
open-mmlab/mmpose,Computer Vision,3004,2024-03-31,2024-04-23,22,
open-mmlab/mmpose,Computer Vision,2998,2024-03-26,2024-04-02,7,
open-mmlab/mmpose,Computer Vision,2994,2024-03-20,2024-04-04,15,
open-mmlab/mmpose,Computer Vision,2993,2024-03-20,2024-03-26,5,
open-mmlab/mmpose,Computer Vision,2992,2024-03-20,2024-03-20,0,
open-mmlab/mmpose,Computer Vision,2989,2024-03-18,2024-03-18,0,
open-mmlab/mmpose,Computer Vision,2988,2024-03-17,2024-03-19,1,
open-mmlab/mmpose,Computer Vision,2986,2024-03-15,2024-03-20,5,
open-mmlab/mmpose,Computer Vision,2985,2024-03-14,2024-03-20,5,
open-mmlab/mmpose,Computer Vision,2982,2024-03-13,2024-03-13,0,
open-mmlab/mmpose,Computer Vision,2981,2024-03-12,2024-03-13,1,
open-mmlab/mmpose,Computer Vision,2979,2024-03-11,2024-03-12,0,
open-mmlab/mmpose,Computer Vision,2977,2024-03-06,2024-03-14,7,
open-mmlab/mmpose,Computer Vision,2974,2024-03-04,2024-03-05,0,
open-mmlab/mmpose,Computer Vision,2968,2024-02-26,2024-03-20,22,
open-mmlab/mmpose,Computer Vision,2966,2024-02-26,2024-03-26,28,
open-mmlab/mmpose,Computer Vision,2963,2024-02-23,2024-04-23,59,
open-mmlab/mmpose,Computer Vision,2961,2024-02-21,2024-02-28,7,
open-mmlab/mmpose,Computer Vision,2958,2024-02-18,2024-02-19,0,
open-mmlab/mmpose,Computer Vision,2955,2024-02-14,2024-02-19,4,
open-mmlab/mmpose,Computer Vision,2948,2024-02-04,2024-02-04,0,
open-mmlab/mmpose,Computer Vision,2945,2024-01-26,2024-02-16,20,
open-mmlab/mmpose,Computer Vision,2944,2024-01-26,2024-01-26,0,
open-mmlab/mmpose,Computer Vision,2943,2024-01-24,2024-01-30,5,
open-mmlab/mmpose,Computer Vision,2942,2024-01-23,2024-01-31,7,
open-mmlab/mmpose,Computer Vision,2939,2024-01-22,2024-01-22,0,
open-mmlab/mmpose,Computer Vision,2937,2024-01-21,2024-01-21,0,
open-mmlab/mmpose,Computer Vision,2936,2024-01-20,2024-01-31,11,
open-mmlab/mmpose,Computer Vision,2935,2024-01-19,2024-01-22,2,
open-mmlab/mmpose,Computer Vision,2933,2024-01-19,2024-01-19,0,
open-mmlab/mmpose,Computer Vision,2932,2024-01-19,2024-01-31,11,
open-mmlab/mmpose,Computer Vision,2928,2024-01-18,2024-01-18,0,
open-mmlab/mmpose,Computer Vision,2925,2024-01-15,2024-01-16,1,
open-mmlab/mmpose,Computer Vision,2923,2024-01-12,2024-01-12,0,
open-mmlab/mmpose,Computer Vision,2922,2024-01-11,2024-01-11,0,
open-mmlab/mmpose,Computer Vision,2921,2024-01-11,2024-01-11,0,
open-mmlab/mmpose,Computer Vision,2919,2024-01-10,2024-01-19,8,
open-mmlab/mmpose,Computer Vision,2918,2024-01-08,2024-01-18,10,
open-mmlab/mmpose,Computer Vision,2917,2024-01-07,2024-01-18,10,
open-mmlab/mmpose,Computer Vision,2911,2024-01-04,2024-01-31,26,
open-mmlab/mmpose,Computer Vision,2909,2024-01-04,2024-01-19,15,
open-mmlab/mmpose,Computer Vision,2908,2024-01-04,2024-01-04,0,
open-mmlab/mmpose,Computer Vision,2907,2024-01-04,2024-01-04,0,
open-mmlab/mmpose,Computer Vision,2906,2024-01-04,2024-01-17,12,
open-mmlab/mmpose,Computer Vision,2902,2024-01-03,2024-01-03,0,
open-mmlab/mmpose,Computer Vision,2901,2024-01-02,2024-01-02,0,
open-mmlab/mmpose,Computer Vision,2900,2023-12-28,2024-01-03,6,
open-mmlab/mmpose,Computer Vision,2899,2023-12-28,2023-12-28,0,
open-mmlab/mmpose,Computer Vision,2898,2023-12-27,2024-01-09,12,
open-mmlab/mmpose,Computer Vision,2897,2023-12-27,2023-12-28,0,
open-mmlab/mmpose,Computer Vision,2894,2023-12-27,2024-01-31,34,
open-mmlab/mmpose,Computer Vision,2893,2023-12-26,2024-01-31,35,
open-mmlab/mmpose,Computer Vision,2892,2023-12-26,2024-01-09,13,
open-mmlab/mmpose,Computer Vision,2890,2023-12-25,2023-12-26,0,
open-mmlab/mmpose,Computer Vision,2889,2023-12-25,2023-12-26,0,
roboflow/supervision,Computer Vision,2241,2026-04-30,2026-04-30,0,
roboflow/supervision,Computer Vision,2240,2026-04-30,2026-04-30,0,enhancement
roboflow/supervision,Computer Vision,2238,2026-04-30,2026-04-30,0,"dependencies,python:uv"
roboflow/supervision,Computer Vision,2235,2026-04-27,2026-04-28,0,
roboflow/supervision,Computer Vision,2234,2026-04-27,2026-04-27,0,"dependencies,python"
roboflow/supervision,Computer Vision,2233,2026-04-24,2026-04-25,0,documentation
roboflow/supervision,Computer Vision,2232,2026-04-24,2026-04-24,0,documentation
roboflow/supervision,Computer Vision,2231,2026-04-22,2026-04-23,0,"documentation,enhancement"
roboflow/supervision,Computer Vision,2230,2026-04-22,2026-04-22,0,
roboflow/supervision,Computer Vision,2229,2026-04-22,2026-04-22,0,
roboflow/supervision,Computer Vision,2228,2026-04-21,2026-04-22,0,enhancement
roboflow/supervision,Computer Vision,2227,2026-04-21,2026-04-22,0,enhancement
roboflow/supervision,Computer Vision,2226,2026-04-21,2026-04-22,1,"dependencies,python:uv"
roboflow/supervision,Computer Vision,2225,2026-04-20,2026-04-22,2,
roboflow/supervision,Computer Vision,2224,2026-04-20,2026-04-21,0,"documentation,enhancement"
roboflow/supervision,Computer Vision,2223,2026-04-20,2026-04-20,0,"dependencies,github_actions"
roboflow/supervision,Computer Vision,2222,2026-04-17,2026-04-17,0,documentation
roboflow/supervision,Computer Vision,2221,2026-04-17,2026-04-17,0,documentation
roboflow/supervision,Computer Vision,2220,2026-04-17,2026-04-30,13,
roboflow/supervision,Computer Vision,2218,2026-04-17,2026-04-17,0,
roboflow/supervision,Computer Vision,2217,2026-04-17,2026-04-17,0,
roboflow/supervision,Computer Vision,2216,2026-04-17,2026-04-17,0,
roboflow/supervision,Computer Vision,2215,2026-04-16,2026-04-16,0,
roboflow/supervision,Computer Vision,2214,2026-04-14,2026-04-15,1,
roboflow/supervision,Computer Vision,2213,2026-04-14,2026-04-14,0,"dependencies,python:uv"
roboflow/supervision,Computer Vision,2212,2026-04-13,2026-04-13,0,
roboflow/supervision,Computer Vision,2211,2026-04-13,2026-04-13,0,"dependencies,github_actions"
roboflow/supervision,Computer Vision,2210,2026-04-10,2026-04-13,2,
roboflow/supervision,Computer Vision,2209,2026-04-10,2026-04-13,2,
roboflow/supervision,Computer Vision,2208,2026-04-08,2026-04-13,4,"dependencies,python:uv"
roboflow/supervision,Computer Vision,2207,2026-04-07,2026-04-15,8,"enhancement,waiting for author"
roboflow/supervision,Computer Vision,2206,2026-04-07,2026-04-16,9,"bug,waiting for author,has conflicts"
roboflow/supervision,Computer Vision,2203,2026-04-07,2026-04-13,6,"bug,waiting for author,has conflicts"
roboflow/supervision,Computer Vision,2202,2026-04-07,2026-04-16,9,bug
roboflow/supervision,Computer Vision,2201,2026-04-06,2026-04-08,1,
roboflow/supervision,Computer Vision,2199,2026-04-03,2026-04-13,10,"bug,waiting for author"
roboflow/supervision,Computer Vision,2195,2026-04-01,2026-04-13,12,bug
roboflow/supervision,Computer Vision,2193,2026-03-30,2026-04-16,16,
roboflow/supervision,Computer Vision,2192,2026-03-30,2026-03-30,0,
roboflow/supervision,Computer Vision,2190,2026-03-30,2026-03-30,0,
roboflow/supervision,Computer Vision,2189,2026-03-30,2026-03-30,0,
roboflow/supervision,Computer Vision,2188,2026-03-30,2026-03-30,0,
roboflow/supervision,Computer Vision,2187,2026-03-30,2026-03-31,1,
roboflow/supervision,Computer Vision,2186,2026-03-30,2026-03-30,0,
roboflow/supervision,Computer Vision,2185,2026-03-30,2026-03-30,0,
roboflow/supervision,Computer Vision,2184,2026-03-30,2026-03-30,0,"dependencies,github_actions"
roboflow/supervision,Computer Vision,2183,2026-03-29,2026-03-29,0,"dependencies,python:uv"
roboflow/supervision,Computer Vision,2182,2026-03-26,2026-03-29,3,"dependencies,python:uv"
roboflow/supervision,Computer Vision,2180,2026-03-23,2026-03-24,1,
roboflow/supervision,Computer Vision,2179,2026-03-23,2026-03-24,1,"dependencies,github_actions"
roboflow/supervision,Computer Vision,2178,2026-03-20,2026-04-15,25,enhancement
roboflow/supervision,Computer Vision,2177,2026-03-16,2026-03-19,2,
roboflow/supervision,Computer Vision,2176,2026-03-16,2026-03-19,3,"dependencies,github_actions"
roboflow/supervision,Computer Vision,2175,2026-03-13,2026-03-14,0,documentation
roboflow/supervision,Computer Vision,2174,2026-03-12,2026-03-13,1,"dependencies,python:uv"
roboflow/supervision,Computer Vision,2173,2026-03-11,2026-03-13,2,"documentation,enhancement"
roboflow/supervision,Computer Vision,2172,2026-03-11,2026-03-13,2,
roboflow/supervision,Computer Vision,2171,2026-03-11,2026-03-13,2,
roboflow/supervision,Computer Vision,2169,2026-03-10,2026-03-10,0,
roboflow/supervision,Computer Vision,2168,2026-03-10,2026-03-10,0,
roboflow/supervision,Computer Vision,2167,2026-03-09,2026-03-10,0,
roboflow/supervision,Computer Vision,2166,2026-03-06,2026-03-10,3,
roboflow/supervision,Computer Vision,2165,2026-03-06,2026-03-10,4,
roboflow/supervision,Computer Vision,2164,2026-03-06,2026-03-10,4,
roboflow/supervision,Computer Vision,2163,2026-03-06,2026-03-10,3,
roboflow/supervision,Computer Vision,2162,2026-03-06,2026-03-10,4,
roboflow/supervision,Computer Vision,2161,2026-03-06,2026-03-10,4,
roboflow/supervision,Computer Vision,2159,2026-03-02,2026-04-13,41,enhancement
roboflow/supervision,Computer Vision,2158,2026-03-02,2026-03-03,0,
roboflow/supervision,Computer Vision,2157,2026-03-02,2026-03-02,0,"dependencies,github_actions"
roboflow/supervision,Computer Vision,2156,2026-02-23,2026-02-25,2,
roboflow/supervision,Computer Vision,2155,2026-02-23,2026-02-25,2,
roboflow/supervision,Computer Vision,2154,2026-02-20,2026-02-20,0,
roboflow/supervision,Computer Vision,2153,2026-02-19,2026-02-19,0,
roboflow/supervision,Computer Vision,2152,2026-02-18,2026-02-19,1,enhancement
roboflow/supervision,Computer Vision,2151,2026-02-16,2026-02-19,2,
roboflow/supervision,Computer Vision,2150,2026-02-13,2026-02-13,0,enhancement
roboflow/supervision,Computer Vision,2149,2026-02-12,2026-02-12,0,enhancement
roboflow/supervision,Computer Vision,2148,2026-02-12,2026-02-12,0,"dependencies,python:uv"
roboflow/supervision,Computer Vision,2147,2026-02-11,2026-02-12,1,"dependencies,python:uv"
roboflow/supervision,Computer Vision,2146,2026-02-10,2026-02-10,0,"enhancement,python"
roboflow/supervision,Computer Vision,2145,2026-02-10,2026-02-10,0,"enhancement,tests"
roboflow/supervision,Computer Vision,2144,2026-02-09,2026-02-10,0,"dependencies,python:uv"
roboflow/supervision,Computer Vision,2143,2026-02-09,2026-02-10,0,
roboflow/supervision,Computer Vision,2142,2026-02-09,2026-02-10,0,enhancement
roboflow/supervision,Computer Vision,2141,2026-02-09,2026-02-10,1,"dependencies,github_actions"
roboflow/supervision,Computer Vision,2140,2026-02-07,2026-02-10,2,
roboflow/supervision,Computer Vision,2138,2026-02-04,2026-02-04,0,"bug,documentation,enhancement"
roboflow/supervision,Computer Vision,2137,2026-02-04,2026-02-04,0,bug
roboflow/supervision,Computer Vision,2136,2026-02-04,2026-02-12,7,bug
roboflow/supervision,Computer Vision,2135,2026-02-04,2026-02-10,6,enhancement
roboflow/supervision,Computer Vision,2134,2026-02-04,2026-02-04,0,enhancement
roboflow/supervision,Computer Vision,2133,2026-02-04,2026-02-04,0,
roboflow/supervision,Computer Vision,2132,2026-02-04,2026-02-04,0,
roboflow/supervision,Computer Vision,2131,2026-02-03,2026-02-10,6,"enhancement,python"
roboflow/supervision,Computer Vision,2130,2026-02-03,2026-02-03,0,"enhancement,tests"
roboflow/supervision,Computer Vision,2129,2026-02-03,2026-02-03,0,enhancement
roboflow/supervision,Computer Vision,2128,2026-02-03,2026-02-03,0,enhancement
roboflow/supervision,Computer Vision,2127,2026-02-03,2026-02-03,0,
roboflow/supervision,Computer Vision,2126,2026-02-02,2026-02-03,0,enhancement
CompVis/latent-diffusion,Computer Vision,402,2025-12-07,2025-12-07,0,
CompVis/latent-diffusion,Computer Vision,397,2025-04-15,2025-04-16,1,
CompVis/latent-diffusion,Computer Vision,395,2025-03-16,2025-11-07,236,
CompVis/latent-diffusion,Computer Vision,388,2025-01-06,2025-01-06,0,
CompVis/latent-diffusion,Computer Vision,387,2024-12-18,2024-12-23,4,
CompVis/latent-diffusion,Computer Vision,385,2024-11-09,2024-11-23,13,
CompVis/latent-diffusion,Computer Vision,384,2024-10-29,2024-11-01,2,
CompVis/latent-diffusion,Computer Vision,380,2024-09-10,2024-09-14,3,
CompVis/latent-diffusion,Computer Vision,374,2024-06-30,2024-07-01,1,
CompVis/latent-diffusion,Computer Vision,372,2024-06-27,2024-07-09,11,
CompVis/latent-diffusion,Computer Vision,366,2024-04-27,2024-07-12,76,
CompVis/latent-diffusion,Computer Vision,363,2024-04-21,2024-04-24,2,
CompVis/latent-diffusion,Computer Vision,362,2024-04-21,2024-04-24,2,
CompVis/latent-diffusion,Computer Vision,361,2024-04-21,2024-04-21,0,
CompVis/latent-diffusion,Computer Vision,360,2024-04-20,2024-04-21,0,
CompVis/latent-diffusion,Computer Vision,358,2024-04-03,2024-04-09,5,
CompVis/latent-diffusion,Computer Vision,356,2024-03-24,2024-03-25,1,
CompVis/latent-diffusion,Computer Vision,355,2024-03-17,2024-03-21,3,
CompVis/latent-diffusion,Computer Vision,344,2024-02-07,2024-02-07,0,
CompVis/latent-diffusion,Computer Vision,340,2024-01-16,2024-01-17,0,
CompVis/latent-diffusion,Computer Vision,338,2024-01-10,2024-01-10,0,
CompVis/latent-diffusion,Computer Vision,335,2024-01-01,2024-01-01,0,
CompVis/latent-diffusion,Computer Vision,332,2023-12-22,2024-01-01,9,
CompVis/latent-diffusion,Computer Vision,331,2023-12-18,2025-08-10,601,
CompVis/latent-diffusion,Computer Vision,329,2023-12-15,2024-03-07,83,
CompVis/latent-diffusion,Computer Vision,328,2023-11-21,2025-11-19,729,
CompVis/latent-diffusion,Computer Vision,327,2023-11-19,2023-11-25,6,
CompVis/latent-diffusion,Computer Vision,326,2023-11-18,2023-11-18,0,
CompVis/latent-diffusion,Computer Vision,319,2023-10-16,2023-10-17,0,
CompVis/latent-diffusion,Computer Vision,318,2023-10-16,2023-10-17,0,
CompVis/latent-diffusion,Computer Vision,313,2023-09-19,2023-09-23,4,
CompVis/latent-diffusion,Computer Vision,311,2023-09-13,2023-09-13,0,
CompVis/latent-diffusion,Computer Vision,301,2023-07-14,2023-07-14,0,
CompVis/latent-diffusion,Computer Vision,293,2023-06-28,2024-09-04,434,
CompVis/latent-diffusion,Computer Vision,289,2023-06-20,2023-06-21,0,
CompVis/latent-diffusion,Computer Vision,286,2023-06-17,2023-07-06,18,
CompVis/latent-diffusion,Computer Vision,283,2023-06-13,2023-06-13,0,
CompVis/latent-diffusion,Computer Vision,282,2023-06-11,2023-07-05,24,
CompVis/latent-diffusion,Computer Vision,278,2023-05-29,2023-05-29,0,
CompVis/latent-diffusion,Computer Vision,271,2023-05-08,2023-05-08,0,
CompVis/latent-diffusion,Computer Vision,270,2023-05-08,2023-05-09,0,
CompVis/latent-diffusion,Computer Vision,266,2023-04-27,2023-05-04,6,
CompVis/latent-diffusion,Computer Vision,257,2023-03-30,2023-03-30,0,
CompVis/latent-diffusion,Computer Vision,256,2023-03-28,2023-06-28,91,
CompVis/latent-diffusion,Computer Vision,253,2023-03-26,2023-03-26,0,
CompVis/latent-diffusion,Computer Vision,249,2023-03-10,2023-03-13,3,
CompVis/latent-diffusion,Computer Vision,248,2023-03-09,2023-05-08,59,
CompVis/latent-diffusion,Computer Vision,245,2023-03-07,2023-03-19,12,
CompVis/latent-diffusion,Computer Vision,243,2023-03-05,2023-03-25,19,
CompVis/latent-diffusion,Computer Vision,241,2023-02-24,2023-02-24,0,
CompVis/latent-diffusion,Computer Vision,239,2023-02-23,2024-02-20,361,
CompVis/latent-diffusion,Computer Vision,236,2023-02-14,2023-02-14,0,
CompVis/latent-diffusion,Computer Vision,235,2023-02-13,2023-02-13,0,
CompVis/latent-diffusion,Computer Vision,228,2023-01-30,2023-01-30,0,
CompVis/latent-diffusion,Computer Vision,227,2023-01-30,2023-02-01,2,
CompVis/latent-diffusion,Computer Vision,225,2023-01-28,2023-01-29,0,
CompVis/latent-diffusion,Computer Vision,224,2023-01-27,2023-01-27,0,
CompVis/latent-diffusion,Computer Vision,223,2023-01-26,2023-01-28,1,
CompVis/latent-diffusion,Computer Vision,222,2023-01-25,2023-01-25,0,
CompVis/latent-diffusion,Computer Vision,221,2023-01-21,2023-06-28,157,
CompVis/latent-diffusion,Computer Vision,215,2023-01-06,2023-01-13,7,
CompVis/latent-diffusion,Computer Vision,213,2023-01-02,2023-04-24,111,
CompVis/latent-diffusion,Computer Vision,210,2022-12-28,2023-01-02,4,
CompVis/latent-diffusion,Computer Vision,206,2022-12-14,2024-10-06,661,
CompVis/latent-diffusion,Computer Vision,201,2022-12-06,2022-12-06,0,
CompVis/latent-diffusion,Computer Vision,182,2022-11-05,2022-11-05,0,
CompVis/latent-diffusion,Computer Vision,178,2022-11-01,2023-09-15,317,
CompVis/latent-diffusion,Computer Vision,175,2022-10-28,2022-10-30,1,
CompVis/latent-diffusion,Computer Vision,174,2022-10-25,2022-10-25,0,
CompVis/latent-diffusion,Computer Vision,173,2022-10-25,2022-10-25,0,
CompVis/latent-diffusion,Computer Vision,168,2022-10-21,2025-08-21,1034,
CompVis/latent-diffusion,Computer Vision,167,2022-10-14,2022-10-18,3,
CompVis/latent-diffusion,Computer Vision,166,2022-10-13,2022-10-13,0,
CompVis/latent-diffusion,Computer Vision,165,2022-10-13,2022-10-18,4,
CompVis/latent-diffusion,Computer Vision,161,2022-10-06,2022-10-11,4,
CompVis/latent-diffusion,Computer Vision,159,2022-09-23,2023-01-13,112,
CompVis/latent-diffusion,Computer Vision,156,2022-09-20,2022-09-21,1,
CompVis/latent-diffusion,Computer Vision,146,2022-09-08,2022-09-22,14,
CompVis/latent-diffusion,Computer Vision,122,2022-08-16,2024-11-21,827,
CompVis/latent-diffusion,Computer Vision,116,2022-08-07,2022-08-12,4,
CompVis/latent-diffusion,Computer Vision,112,2022-07-27,2022-07-27,0,
CompVis/latent-diffusion,Computer Vision,111,2022-07-26,2022-07-26,0,
CompVis/latent-diffusion,Computer Vision,103,2022-07-18,2022-07-19,0,
CompVis/latent-diffusion,Computer Vision,101,2022-07-06,2022-07-10,4,
CompVis/latent-diffusion,Computer Vision,98,2022-06-29,2022-07-07,8,
CompVis/latent-diffusion,Computer Vision,94,2022-06-26,2022-06-26,0,
CompVis/latent-diffusion,Computer Vision,86,2022-06-10,2022-06-10,0,
CompVis/latent-diffusion,Computer Vision,79,2022-05-26,2022-06-28,33,
CompVis/latent-diffusion,Computer Vision,74,2022-05-16,2022-05-17,1,
CompVis/latent-diffusion,Computer Vision,73,2022-05-16,2026-03-28,1412,
CompVis/latent-diffusion,Computer Vision,63,2022-04-24,2022-06-07,44,
CompVis/latent-diffusion,Computer Vision,62,2022-04-22,2022-05-26,33,
CompVis/latent-diffusion,Computer Vision,60,2022-04-21,2022-04-21,0,
CompVis/latent-diffusion,Computer Vision,59,2022-04-21,2023-02-06,291,
CompVis/latent-diffusion,Computer Vision,57,2022-04-19,2022-07-24,95,
CompVis/latent-diffusion,Computer Vision,51,2022-04-15,2022-04-15,0,
CompVis/latent-diffusion,Computer Vision,48,2022-04-15,2022-04-15,0,
CompVis/latent-diffusion,Computer Vision,47,2022-04-14,2022-04-15,0,
CompVis/latent-diffusion,Computer Vision,44,2022-04-13,2022-04-15,2,
CompVis/latent-diffusion,Computer Vision,40,2022-04-10,2022-04-10,0,
IDEA-Research/GroundingDINO,Computer Vision,444,2026-02-27,2026-02-27,0,
IDEA-Research/GroundingDINO,Computer Vision,441,2025-12-04,2025-12-05,0,
IDEA-Research/GroundingDINO,Computer Vision,440,2025-11-21,2025-11-26,4,
IDEA-Research/GroundingDINO,Computer Vision,439,2025-11-21,2025-11-26,4,
IDEA-Research/GroundingDINO,Computer Vision,438,2025-11-17,2025-11-17,0,
IDEA-Research/GroundingDINO,Computer Vision,436,2025-10-28,2025-10-28,0,
IDEA-Research/GroundingDINO,Computer Vision,430,2025-09-25,2025-09-25,0,
IDEA-Research/GroundingDINO,Computer Vision,429,2025-09-23,2025-09-25,1,
IDEA-Research/GroundingDINO,Computer Vision,428,2025-09-03,2025-12-01,89,
IDEA-Research/GroundingDINO,Computer Vision,427,2025-09-01,2025-09-16,14,
IDEA-Research/GroundingDINO,Computer Vision,422,2025-07-29,2025-07-29,0,
IDEA-Research/GroundingDINO,Computer Vision,421,2025-07-23,2026-02-26,217,
IDEA-Research/GroundingDINO,Computer Vision,420,2025-07-22,2025-07-22,0,
IDEA-Research/GroundingDINO,Computer Vision,413,2025-06-11,2025-06-11,0,
IDEA-Research/GroundingDINO,Computer Vision,412,2025-05-22,2025-05-22,0,
IDEA-Research/GroundingDINO,Computer Vision,403,2025-03-19,2025-03-19,0,
IDEA-Research/GroundingDINO,Computer Vision,402,2025-03-17,2026-01-19,308,
IDEA-Research/GroundingDINO,Computer Vision,392,2025-03-03,2025-03-04,0,
IDEA-Research/GroundingDINO,Computer Vision,391,2025-03-02,2025-03-03,0,
IDEA-Research/GroundingDINO,Computer Vision,388,2025-02-20,2025-02-20,0,
IDEA-Research/GroundingDINO,Computer Vision,382,2025-02-02,2025-02-09,7,
IDEA-Research/GroundingDINO,Computer Vision,366,2024-10-17,2025-09-22,340,
IDEA-Research/GroundingDINO,Computer Vision,365,2024-10-16,2024-10-16,0,
IDEA-Research/GroundingDINO,Computer Vision,361,2024-10-08,2025-12-04,421,
IDEA-Research/GroundingDINO,Computer Vision,360,2024-09-27,2024-11-21,54,
IDEA-Research/GroundingDINO,Computer Vision,342,2024-06-28,2024-07-24,25,
IDEA-Research/GroundingDINO,Computer Vision,334,2024-06-11,2024-06-14,2,
IDEA-Research/GroundingDINO,Computer Vision,328,2024-05-02,2024-06-05,33,
IDEA-Research/GroundingDINO,Computer Vision,327,2024-04-30,2024-05-01,0,
IDEA-Research/GroundingDINO,Computer Vision,322,2024-04-12,2024-04-14,1,
IDEA-Research/GroundingDINO,Computer Vision,318,2024-04-07,2024-04-22,14,
IDEA-Research/GroundingDINO,Computer Vision,312,2024-03-21,2024-03-21,0,
IDEA-Research/GroundingDINO,Computer Vision,308,2024-03-15,2024-03-15,0,
IDEA-Research/GroundingDINO,Computer Vision,307,2024-03-08,2024-03-11,2,
IDEA-Research/GroundingDINO,Computer Vision,303,2024-03-06,2024-03-07,0,
IDEA-Research/GroundingDINO,Computer Vision,298,2024-02-23,2024-02-23,0,
IDEA-Research/GroundingDINO,Computer Vision,293,2024-02-15,2024-02-15,0,
IDEA-Research/GroundingDINO,Computer Vision,291,2024-02-13,2024-02-13,0,
IDEA-Research/GroundingDINO,Computer Vision,289,2024-02-07,2024-02-07,0,
IDEA-Research/GroundingDINO,Computer Vision,271,2024-01-04,2024-01-04,0,
IDEA-Research/GroundingDINO,Computer Vision,269,2023-12-30,2023-12-31,0,
IDEA-Research/GroundingDINO,Computer Vision,267,2023-12-21,2023-12-21,0,
IDEA-Research/GroundingDINO,Computer Vision,265,2023-12-19,2023-12-19,0,
IDEA-Research/GroundingDINO,Computer Vision,261,2023-12-14,2024-03-11,87,
IDEA-Research/GroundingDINO,Computer Vision,258,2023-12-04,2023-12-05,0,
IDEA-Research/GroundingDINO,Computer Vision,254,2023-11-25,2023-11-25,0,
IDEA-Research/GroundingDINO,Computer Vision,242,2023-10-22,2023-11-13,22,
IDEA-Research/GroundingDINO,Computer Vision,239,2023-10-15,2023-10-15,0,
IDEA-Research/GroundingDINO,Computer Vision,229,2023-09-27,2023-11-13,46,
IDEA-Research/GroundingDINO,Computer Vision,223,2023-09-17,2023-09-19,1,
IDEA-Research/GroundingDINO,Computer Vision,221,2023-09-15,2023-10-19,34,
IDEA-Research/GroundingDINO,Computer Vision,211,2023-08-31,2023-09-01,0,
IDEA-Research/GroundingDINO,Computer Vision,205,2023-08-21,2023-08-22,0,
IDEA-Research/GroundingDINO,Computer Vision,198,2023-08-16,2023-08-16,0,
IDEA-Research/GroundingDINO,Computer Vision,191,2023-08-09,2023-11-13,95,
IDEA-Research/GroundingDINO,Computer Vision,190,2023-08-08,2023-09-27,50,
IDEA-Research/GroundingDINO,Computer Vision,188,2023-08-05,2023-08-05,0,
IDEA-Research/GroundingDINO,Computer Vision,184,2023-08-02,2023-08-02,0,
IDEA-Research/GroundingDINO,Computer Vision,182,2023-07-27,2023-08-01,4,
IDEA-Research/GroundingDINO,Computer Vision,180,2023-07-25,2023-07-25,0,
IDEA-Research/GroundingDINO,Computer Vision,177,2023-07-23,2023-07-23,0,
IDEA-Research/GroundingDINO,Computer Vision,175,2023-07-21,2023-07-22,0,
IDEA-Research/GroundingDINO,Computer Vision,167,2023-07-12,2023-07-18,6,
IDEA-Research/GroundingDINO,Computer Vision,166,2023-07-12,2023-07-25,13,
IDEA-Research/GroundingDINO,Computer Vision,160,2023-07-04,2023-07-23,18,
IDEA-Research/GroundingDINO,Computer Vision,149,2023-06-17,2023-06-17,0,
IDEA-Research/GroundingDINO,Computer Vision,147,2023-06-15,2024-04-26,316,
IDEA-Research/GroundingDINO,Computer Vision,144,2023-06-14,2023-06-14,0,
IDEA-Research/GroundingDINO,Computer Vision,143,2023-06-12,2023-06-17,4,
IDEA-Research/GroundingDINO,Computer Vision,131,2023-06-04,2023-06-04,0,
IDEA-Research/GroundingDINO,Computer Vision,130,2023-06-03,2023-06-09,6,
IDEA-Research/GroundingDINO,Computer Vision,129,2023-06-02,2023-06-04,1,
IDEA-Research/GroundingDINO,Computer Vision,125,2023-05-30,2023-06-07,8,
IDEA-Research/GroundingDINO,Computer Vision,123,2023-05-30,2023-05-30,0,
IDEA-Research/GroundingDINO,Computer Vision,122,2023-05-29,2023-05-29,0,
IDEA-Research/GroundingDINO,Computer Vision,121,2023-05-27,2023-05-27,0,
IDEA-Research/GroundingDINO,Computer Vision,110,2023-05-22,2023-05-22,0,
IDEA-Research/GroundingDINO,Computer Vision,106,2023-05-17,2023-05-18,0,
IDEA-Research/GroundingDINO,Computer Vision,105,2023-05-16,2023-05-18,1,
IDEA-Research/GroundingDINO,Computer Vision,99,2023-05-12,2023-05-12,0,
IDEA-Research/GroundingDINO,Computer Vision,98,2023-05-11,2023-05-12,0,
IDEA-Research/GroundingDINO,Computer Vision,89,2023-05-06,2023-05-06,0,
IDEA-Research/GroundingDINO,Computer Vision,87,2023-05-03,2023-05-03,0,
IDEA-Research/GroundingDINO,Computer Vision,86,2023-05-03,2023-05-04,0,
IDEA-Research/GroundingDINO,Computer Vision,85,2023-05-03,2024-05-21,384,
IDEA-Research/GroundingDINO,Computer Vision,83,2023-05-02,2023-05-03,1,
IDEA-Research/GroundingDINO,Computer Vision,80,2023-04-27,2023-04-27,0,
IDEA-Research/GroundingDINO,Computer Vision,79,2023-04-27,2023-05-02,4,
IDEA-Research/GroundingDINO,Computer Vision,78,2023-04-27,2023-05-04,7,
IDEA-Research/GroundingDINO,Computer Vision,77,2023-04-27,2023-05-02,5,
IDEA-Research/GroundingDINO,Computer Vision,76,2023-04-26,2023-04-26,0,
IDEA-Research/GroundingDINO,Computer Vision,67,2023-04-24,2023-05-17,23,
IDEA-Research/GroundingDINO,Computer Vision,64,2023-04-20,2024-10-12,540,
IDEA-Research/GroundingDINO,Computer Vision,63,2023-04-19,2024-05-03,379,
IDEA-Research/GroundingDINO,Computer Vision,62,2023-04-19,2023-04-19,0,
IDEA-Research/GroundingDINO,Computer Vision,55,2023-04-17,2023-04-17,0,
IDEA-Research/GroundingDINO,Computer Vision,50,2023-04-14,2023-04-25,11,
IDEA-Research/GroundingDINO,Computer Vision,47,2023-04-13,2023-04-13,0,
IDEA-Research/GroundingDINO,Computer Vision,43,2023-04-12,2023-04-12,0,
IDEA-Research/GroundingDINO,Computer Vision,42,2023-04-12,2023-04-12,0,
google-research/vision_transformer,Computer Vision,319,2026-01-30,2026-03-03,31,
google-research/vision_transformer,Computer Vision,318,2026-01-09,2026-01-14,4,
google-research/vision_transformer,Computer Vision,305,2024-05-14,2024-05-21,6,
google-research/vision_transformer,Computer Vision,302,2024-03-18,2024-03-18,0,
google-research/vision_transformer,Computer Vision,301,2024-03-13,2024-03-13,0,
google-research/vision_transformer,Computer Vision,299,2024-03-10,2024-03-12,1,
google-research/vision_transformer,Computer Vision,298,2024-02-06,2024-02-06,0,
google-research/vision_transformer,Computer Vision,297,2024-02-06,2024-02-06,0,
google-research/vision_transformer,Computer Vision,296,2024-01-18,2024-01-22,4,
google-research/vision_transformer,Computer Vision,295,2023-12-26,2024-02-06,41,
google-research/vision_transformer,Computer Vision,292,2023-11-07,2023-11-09,1,
google-research/vision_transformer,Computer Vision,291,2023-11-07,2023-11-08,1,
google-research/vision_transformer,Computer Vision,290,2023-11-07,2023-11-09,1,
google-research/vision_transformer,Computer Vision,289,2023-10-28,2023-10-28,0,
google-research/vision_transformer,Computer Vision,288,2023-10-18,2023-10-19,0,
google-research/vision_transformer,Computer Vision,285,2023-08-17,2023-08-17,0,
google-research/vision_transformer,Computer Vision,275,2023-07-06,2023-07-06,0,pull ready
google-research/vision_transformer,Computer Vision,274,2023-07-05,2023-07-05,0,
google-research/vision_transformer,Computer Vision,272,2023-06-19,2023-06-20,0,
google-research/vision_transformer,Computer Vision,270,2023-05-30,2023-05-30,0,
google-research/vision_transformer,Computer Vision,269,2023-05-18,2023-05-31,12,
google-research/vision_transformer,Computer Vision,267,2023-05-12,2023-05-30,18,
google-research/vision_transformer,Computer Vision,266,2023-04-29,2023-05-10,11,pull ready
google-research/vision_transformer,Computer Vision,265,2023-04-28,2023-04-29,0,
google-research/vision_transformer,Computer Vision,263,2023-04-05,2023-04-05,0,
google-research/vision_transformer,Computer Vision,261,2023-03-19,2023-03-21,2,
google-research/vision_transformer,Computer Vision,259,2023-02-14,2023-02-14,0,
google-research/vision_transformer,Computer Vision,258,2023-02-14,2023-02-14,0,
google-research/vision_transformer,Computer Vision,257,2023-02-09,2023-02-09,0,
google-research/vision_transformer,Computer Vision,256,2023-02-09,2023-02-09,0,
google-research/vision_transformer,Computer Vision,255,2023-01-28,2023-02-07,10,
google-research/vision_transformer,Computer Vision,254,2023-01-25,2023-01-25,0,
google-research/vision_transformer,Computer Vision,253,2023-01-16,2023-01-17,0,
google-research/vision_transformer,Computer Vision,251,2022-12-15,2022-12-15,0,
google-research/vision_transformer,Computer Vision,250,2022-11-11,2022-11-11,0,
google-research/vision_transformer,Computer Vision,247,2022-10-29,2022-10-30,0,
google-research/vision_transformer,Computer Vision,245,2022-10-27,2022-10-29,2,
google-research/vision_transformer,Computer Vision,243,2022-10-27,2022-10-29,2,
google-research/vision_transformer,Computer Vision,242,2022-10-26,2022-10-26,0,
google-research/vision_transformer,Computer Vision,241,2022-10-26,2022-10-29,3,
google-research/vision_transformer,Computer Vision,240,2022-10-24,2022-10-24,0,
google-research/vision_transformer,Computer Vision,239,2022-10-20,2022-10-24,3,
google-research/vision_transformer,Computer Vision,238,2022-10-07,2022-10-10,2,
google-research/vision_transformer,Computer Vision,237,2022-09-20,2022-11-23,63,
google-research/vision_transformer,Computer Vision,236,2022-09-12,2022-09-12,0,
google-research/vision_transformer,Computer Vision,234,2022-09-06,2022-09-06,0,
google-research/vision_transformer,Computer Vision,233,2022-09-06,2022-09-06,0,
google-research/vision_transformer,Computer Vision,232,2022-09-02,2022-10-29,57,
google-research/vision_transformer,Computer Vision,231,2022-09-01,2022-09-01,0,
google-research/vision_transformer,Computer Vision,229,2022-08-22,2022-10-29,68,
google-research/vision_transformer,Computer Vision,228,2022-08-20,2022-08-22,1,
google-research/vision_transformer,Computer Vision,227,2022-08-17,2022-08-18,0,
google-research/vision_transformer,Computer Vision,226,2022-08-16,2022-08-18,2,
google-research/vision_transformer,Computer Vision,225,2022-08-16,2022-08-16,0,
google-research/vision_transformer,Computer Vision,224,2022-08-15,2022-08-16,0,
google-research/vision_transformer,Computer Vision,222,2022-08-08,2022-08-08,0,
google-research/vision_transformer,Computer Vision,221,2022-08-06,2022-10-29,84,
google-research/vision_transformer,Computer Vision,219,2022-07-28,2022-07-28,0,
google-research/vision_transformer,Computer Vision,218,2022-07-28,2023-05-10,286,
google-research/vision_transformer,Computer Vision,216,2022-07-26,2022-07-27,0,
google-research/vision_transformer,Computer Vision,215,2022-07-25,2022-08-04,10,pull ready
google-research/vision_transformer,Computer Vision,214,2022-07-14,2022-07-27,12,
google-research/vision_transformer,Computer Vision,212,2022-07-12,2022-07-27,14,
google-research/vision_transformer,Computer Vision,211,2022-07-11,2022-07-27,15,
google-research/vision_transformer,Computer Vision,210,2022-07-07,2022-07-11,3,
google-research/vision_transformer,Computer Vision,209,2022-07-07,2022-07-27,19,
google-research/vision_transformer,Computer Vision,208,2022-07-04,2022-07-28,23,
google-research/vision_transformer,Computer Vision,207,2022-07-04,2022-07-04,0,
google-research/vision_transformer,Computer Vision,206,2022-07-04,2022-07-04,0,
google-research/vision_transformer,Computer Vision,205,2022-07-04,2022-07-04,0,
google-research/vision_transformer,Computer Vision,204,2022-07-03,2022-07-14,10,
google-research/vision_transformer,Computer Vision,203,2022-07-03,2022-07-04,1,
google-research/vision_transformer,Computer Vision,202,2022-06-20,2022-06-20,0,
google-research/vision_transformer,Computer Vision,201,2022-06-19,2022-07-27,37,pull ready
google-research/vision_transformer,Computer Vision,200,2022-06-19,2022-06-21,2,
google-research/vision_transformer,Computer Vision,199,2022-06-19,2022-06-20,1,
google-research/vision_transformer,Computer Vision,198,2022-06-19,2022-06-19,0,
google-research/vision_transformer,Computer Vision,197,2022-06-18,2022-07-28,40,pull ready
google-research/vision_transformer,Computer Vision,196,2022-06-17,2022-06-17,0,
google-research/vision_transformer,Computer Vision,194,2022-06-09,2022-06-09,0,
google-research/vision_transformer,Computer Vision,191,2022-05-16,2022-05-17,0,
google-research/vision_transformer,Computer Vision,187,2022-04-21,2022-04-21,0,
google-research/vision_transformer,Computer Vision,186,2022-04-21,2022-04-23,2,
google-research/vision_transformer,Computer Vision,185,2022-04-20,2022-04-20,0,
google-research/vision_transformer,Computer Vision,184,2022-04-20,2024-05-03,743,
google-research/vision_transformer,Computer Vision,183,2022-04-20,2022-04-21,1,
google-research/vision_transformer,Computer Vision,182,2022-04-19,2022-04-20,0,
google-research/vision_transformer,Computer Vision,181,2022-04-19,2022-04-19,0,
google-research/vision_transformer,Computer Vision,180,2022-04-19,2022-04-19,0,
google-research/vision_transformer,Computer Vision,178,2022-04-18,2022-04-19,1,
google-research/vision_transformer,Computer Vision,175,2022-04-14,2022-04-14,0,
google-research/vision_transformer,Computer Vision,173,2022-04-14,2022-04-14,0,
google-research/vision_transformer,Computer Vision,172,2022-04-14,2022-04-14,0,
google-research/vision_transformer,Computer Vision,171,2022-04-14,2022-04-14,0,
google-research/vision_transformer,Computer Vision,170,2022-04-01,2022-04-01,0,
google-research/vision_transformer,Computer Vision,169,2022-03-28,2022-04-05,7,
google-research/vision_transformer,Computer Vision,166,2022-03-11,2022-03-15,4,
google-research/vision_transformer,Computer Vision,165,2022-02-11,2022-02-11,0,
google-research/vision_transformer,Computer Vision,163,2022-01-17,2022-01-18,0,
google-research/vision_transformer,Computer Vision,161,2021-12-24,2021-12-24,0,
aleju/imgaug,Computer Vision,866,2025-06-30,2025-06-30,0,
aleju/imgaug,Computer Vision,865,2025-03-24,2025-03-24,0,
aleju/imgaug,Computer Vision,854,2024-07-30,2024-07-30,0,
aleju/imgaug,Computer Vision,848,2024-04-06,2024-09-02,149,
aleju/imgaug,Computer Vision,845,2024-03-08,2024-03-08,0,
aleju/imgaug,Computer Vision,844,2024-03-04,2024-03-04,0,
aleju/imgaug,Computer Vision,839,2023-07-19,2023-09-06,48,
aleju/imgaug,Computer Vision,835,2023-06-14,2023-11-25,164,
aleju/imgaug,Computer Vision,831,2023-03-30,2025-09-11,896,
aleju/imgaug,Computer Vision,830,2023-02-21,2025-01-29,707,
aleju/imgaug,Computer Vision,825,2022-08-02,2022-08-02,0,
aleju/imgaug,Computer Vision,805,2022-01-17,2022-01-17,0,
aleju/imgaug,Computer Vision,797,2021-10-29,2021-10-31,1,
aleju/imgaug,Computer Vision,795,2021-10-22,2021-10-22,0,
aleju/imgaug,Computer Vision,793,2021-10-18,2021-10-18,0,
aleju/imgaug,Computer Vision,791,2021-10-06,2021-10-06,0,
aleju/imgaug,Computer Vision,785,2021-08-21,2021-08-23,1,
aleju/imgaug,Computer Vision,780,2021-07-19,2021-07-20,0,
aleju/imgaug,Computer Vision,778,2021-07-09,2023-01-03,542,
aleju/imgaug,Computer Vision,775,2021-06-08,2021-06-08,0,
aleju/imgaug,Computer Vision,773,2021-05-26,2021-05-28,1,
aleju/imgaug,Computer Vision,769,2021-05-15,2021-05-15,0,
aleju/imgaug,Computer Vision,761,2021-04-15,2021-06-23,69,
aleju/imgaug,Computer Vision,754,2021-03-18,2021-03-18,0,
aleju/imgaug,Computer Vision,752,2021-03-09,2021-03-09,0,
aleju/imgaug,Computer Vision,751,2021-03-02,2021-03-07,5,
aleju/imgaug,Computer Vision,745,2021-02-08,2021-02-12,4,
aleju/imgaug,Computer Vision,744,2021-02-03,2021-02-03,0,
aleju/imgaug,Computer Vision,736,2020-12-08,2026-01-16,1865,
aleju/imgaug,Computer Vision,733,2020-11-18,2020-11-19,0,
aleju/imgaug,Computer Vision,732,2020-11-09,2020-11-10,0,
aleju/imgaug,Computer Vision,731,2020-11-09,2020-11-09,0,
aleju/imgaug,Computer Vision,718,2020-09-25,2020-09-25,0,
aleju/imgaug,Computer Vision,713,2020-09-01,2020-09-01,0,
aleju/imgaug,Computer Vision,711,2020-08-21,2020-10-15,54,
aleju/imgaug,Computer Vision,708,2020-08-10,2020-08-12,1,
aleju/imgaug,Computer Vision,707,2020-07-31,2024-07-08,1438,
aleju/imgaug,Computer Vision,706,2020-07-30,2020-08-03,3,
aleju/imgaug,Computer Vision,703,2020-07-23,2020-07-30,6,
aleju/imgaug,Computer Vision,699,2020-07-12,2020-07-12,0,
aleju/imgaug,Computer Vision,698,2020-07-10,2020-08-01,22,
aleju/imgaug,Computer Vision,697,2020-07-07,2020-07-13,5,
aleju/imgaug,Computer Vision,692,2020-06-20,2020-06-21,0,
aleju/imgaug,Computer Vision,691,2020-06-18,2020-06-19,0,
aleju/imgaug,Computer Vision,690,2020-06-17,2020-07-16,29,
aleju/imgaug,Computer Vision,686,2020-06-02,2020-06-27,25,
aleju/imgaug,Computer Vision,685,2020-06-01,2020-06-01,0,
aleju/imgaug,Computer Vision,684,2020-05-31,2020-06-01,0,
aleju/imgaug,Computer Vision,683,2020-05-30,2020-05-31,0,
aleju/imgaug,Computer Vision,680,2020-05-25,2020-05-25,0,
aleju/imgaug,Computer Vision,679,2020-05-23,2020-05-23,0,
aleju/imgaug,Computer Vision,678,2020-05-22,2020-05-23,0,
aleju/imgaug,Computer Vision,677,2020-05-22,2020-05-22,0,
aleju/imgaug,Computer Vision,676,2020-05-22,2020-05-22,0,
aleju/imgaug,Computer Vision,675,2020-05-22,2020-05-25,2,
aleju/imgaug,Computer Vision,674,2020-05-22,2020-05-22,0,
aleju/imgaug,Computer Vision,673,2020-05-22,2020-05-22,0,
aleju/imgaug,Computer Vision,672,2020-05-21,2020-05-22,0,
aleju/imgaug,Computer Vision,671,2020-05-21,2020-05-21,0,
aleju/imgaug,Computer Vision,670,2020-05-21,2020-05-21,0,
aleju/imgaug,Computer Vision,669,2020-05-20,2020-05-25,5,bug
aleju/imgaug,Computer Vision,667,2020-05-18,2020-05-26,7,
aleju/imgaug,Computer Vision,666,2020-05-18,2020-05-23,4,
aleju/imgaug,Computer Vision,665,2020-05-17,2020-05-22,5,
aleju/imgaug,Computer Vision,664,2020-05-17,2020-05-17,0,
aleju/imgaug,Computer Vision,663,2020-05-17,2020-05-22,5,
aleju/imgaug,Computer Vision,660,2020-05-07,2020-05-07,0,
aleju/imgaug,Computer Vision,656,2020-04-22,2020-04-23,1,
aleju/imgaug,Computer Vision,654,2020-04-19,2020-04-19,0,
aleju/imgaug,Computer Vision,653,2020-04-16,2020-04-19,2,
aleju/imgaug,Computer Vision,652,2020-04-15,2020-09-10,147,
aleju/imgaug,Computer Vision,651,2020-04-13,2020-05-03,19,
aleju/imgaug,Computer Vision,650,2020-04-12,2020-04-13,0,
aleju/imgaug,Computer Vision,648,2020-04-05,2020-04-18,12,
aleju/imgaug,Computer Vision,647,2020-03-31,2020-03-31,0,
aleju/imgaug,Computer Vision,646,2020-03-26,2020-04-13,18,bug
aleju/imgaug,Computer Vision,644,2020-03-24,2020-03-25,0,
aleju/imgaug,Computer Vision,642,2020-03-18,2020-03-19,1,
aleju/imgaug,Computer Vision,640,2020-03-15,2020-05-03,48,
aleju/imgaug,Computer Vision,639,2020-03-14,2020-05-02,49,
aleju/imgaug,Computer Vision,637,2020-03-11,2020-03-25,14,
aleju/imgaug,Computer Vision,636,2020-03-09,2020-05-17,69,
aleju/imgaug,Computer Vision,634,2020-03-08,2020-05-16,68,
aleju/imgaug,Computer Vision,633,2020-03-04,2020-03-05,0,
aleju/imgaug,Computer Vision,632,2020-02-29,2020-04-22,52,
aleju/imgaug,Computer Vision,631,2020-02-29,2020-05-02,63,
aleju/imgaug,Computer Vision,629,2020-02-28,2020-03-14,15,
aleju/imgaug,Computer Vision,628,2020-02-25,2020-02-25,0,
aleju/imgaug,Computer Vision,627,2020-02-25,2020-02-25,0,
aleju/imgaug,Computer Vision,626,2020-02-23,2020-04-28,64,
aleju/imgaug,Computer Vision,625,2020-02-23,2020-04-22,59,
aleju/imgaug,Computer Vision,624,2020-02-23,2020-05-03,69,
aleju/imgaug,Computer Vision,623,2020-02-22,2020-02-29,7,
aleju/imgaug,Computer Vision,622,2020-02-22,2020-04-21,59,
aleju/imgaug,Computer Vision,621,2020-02-22,2020-02-22,0,
aleju/imgaug,Computer Vision,619,2020-02-18,2020-04-21,62,
aleju/imgaug,Computer Vision,618,2020-02-17,2020-02-17,0,
aleju/imgaug,Computer Vision,617,2020-02-16,2020-02-17,0,
aleju/imgaug,Computer Vision,616,2020-02-16,2020-02-29,12,TODO
aleju/imgaug,Computer Vision,615,2020-02-16,2020-05-02,76,
keras-team/keras-cv,Computer Vision,2532,2026-03-01,2026-03-05,4,"dependencies,github_actions"
keras-team/keras-cv,Computer Vision,2531,2026-01-01,2026-02-20,49,"dependencies,github_actions"
keras-team/keras-cv,Computer Vision,2529,2025-10-01,2026-01-01,91,"dependencies,github_actions"
keras-team/keras-cv,Computer Vision,2527,2025-09-01,2025-10-01,29,"dependencies,github_actions"
keras-team/keras-cv,Computer Vision,2526,2025-08-07,2025-09-06,29,"stat:awaiting response from contributor,stale"
keras-team/keras-cv,Computer Vision,2525,2025-05-30,2026-03-05,279,"dependencies,python"
keras-team/keras-cv,Computer Vision,2524,2025-04-18,2025-05-30,42,"dependencies,python"
keras-team/keras-cv,Computer Vision,2522,2025-03-15,2025-03-23,8,
keras-team/keras-cv,Computer Vision,2521,2025-03-12,2025-03-13,0,stat:awaiting response from contributor
keras-team/keras-cv,Computer Vision,2520,2025-03-01,2026-03-05,369,"dependencies,python"
keras-team/keras-cv,Computer Vision,2519,2025-02-13,2025-02-14,1,"type:Bug,stat:awaiting response from contributor"
keras-team/keras-cv,Computer Vision,2517,2025-02-01,2025-09-01,212,"dependencies,github_actions"
keras-team/keras-cv,Computer Vision,2516,2025-02-01,2025-03-01,28,"dependencies,python"
keras-team/keras-cv,Computer Vision,2514,2025-01-21,2026-03-05,407,
keras-team/keras-cv,Computer Vision,2512,2025-01-01,2025-02-01,31,"dependencies,github_actions"
keras-team/keras-cv,Computer Vision,2510,2024-12-09,2024-12-14,5,
keras-team/keras-cv,Computer Vision,2507,2024-12-01,2025-01-01,31,"dependencies,github_actions"
keras-team/keras-cv,Computer Vision,2505,2024-11-24,2024-11-25,0,
keras-team/keras-cv,Computer Vision,2502,2024-11-01,2024-12-01,29,"dependencies,github_actions"
keras-team/keras-cv,Computer Vision,2501,2024-11-01,2025-02-01,91,"dependencies,python"
keras-team/keras-cv,Computer Vision,2498,2024-10-18,2024-10-18,0,
keras-team/keras-cv,Computer Vision,2496,2024-10-08,2026-03-05,512,
keras-team/keras-cv,Computer Vision,2495,2024-10-01,2024-11-01,30,"dependencies,github_actions"
keras-team/keras-cv,Computer Vision,2494,2024-10-01,2024-11-01,31,"dependencies,python"
keras-team/keras-cv,Computer Vision,2488,2024-09-06,2024-12-27,111,"type:Bug,stat:awaiting response from contributor,stale"
keras-team/keras-cv,Computer Vision,2487,2024-09-04,2025-05-07,245,
keras-team/keras-cv,Computer Vision,2486,2024-09-01,2024-10-01,30,"dependencies,github_actions"
keras-team/keras-cv,Computer Vision,2485,2024-08-30,2024-12-02,94,type:Bug
keras-team/keras-cv,Computer Vision,2483,2024-08-22,2024-09-26,34,
keras-team/keras-cv,Computer Vision,2482,2024-08-22,2025-01-10,140,"type:feature,stat:awaiting response from contributor,stale"
keras-team/keras-cv,Computer Vision,2481,2024-08-19,2024-08-20,1,
keras-team/keras-cv,Computer Vision,2480,2024-08-19,2024-12-27,129,"type:Bug,stat:awaiting response from contributor,stale"
keras-team/keras-cv,Computer Vision,2479,2024-08-19,2024-08-20,1,
keras-team/keras-cv,Computer Vision,2478,2024-08-16,2024-08-19,2,
keras-team/keras-cv,Computer Vision,2477,2024-08-16,2024-08-20,3,
keras-team/keras-cv,Computer Vision,2476,2024-08-16,2025-01-10,146,"enhancement,stat:awaiting response from contributor,stale"
keras-team/keras-cv,Computer Vision,2475,2024-08-16,2024-09-26,41,
keras-team/keras-cv,Computer Vision,2474,2024-08-14,2024-09-17,34,
keras-team/keras-cv,Computer Vision,2473,2024-08-12,2024-08-13,0,
keras-team/keras-cv,Computer Vision,2472,2024-08-06,2024-10-20,74,"stat:awaiting response from contributor,stale,type:support"
keras-team/keras-cv,Computer Vision,2471,2024-08-01,2024-09-01,30,"dependencies,github_actions"
keras-team/keras-cv,Computer Vision,2470,2024-08-01,2024-08-16,15,"dependencies,python"
keras-team/keras-cv,Computer Vision,2469,2024-07-13,2024-08-20,38,
keras-team/keras-cv,Computer Vision,2468,2024-07-09,2024-09-16,69,
keras-team/keras-cv,Computer Vision,2467,2024-07-02,2025-01-11,192,"type:Bug,stat:awaiting response from contributor,stale"
keras-team/keras-cv,Computer Vision,2466,2024-07-02,2025-02-13,226,"type:feature,stat:awaiting response from contributor,stale"
keras-team/keras-cv,Computer Vision,2465,2024-07-01,2024-07-09,8,"dependencies,python"
keras-team/keras-cv,Computer Vision,2464,2024-07-01,2024-07-09,8,"dependencies,github_actions"
keras-team/keras-cv,Computer Vision,2459,2024-06-25,2025-01-10,198,"type:Bug,stat:awaiting response from contributor,stale"
keras-team/keras-cv,Computer Vision,2458,2024-06-25,2024-08-20,56,
keras-team/keras-cv,Computer Vision,2455,2024-06-10,2024-07-25,44,"type:Bug,stat:awaiting response from contributor,stale"
keras-team/keras-cv,Computer Vision,2454,2024-06-01,2024-07-01,29,"dependencies,github_actions"
keras-team/keras-cv,Computer Vision,2453,2024-05-31,2024-05-31,0,
keras-team/keras-cv,Computer Vision,2452,2024-05-31,2024-06-01,0,
keras-team/keras-cv,Computer Vision,2451,2024-05-30,2025-05-19,354,"type:Bug,stat:awaiting response from contributor"
keras-team/keras-cv,Computer Vision,2448,2024-05-23,2024-08-22,90,"stat:awaiting response from contributor,stale"
keras-team/keras-cv,Computer Vision,2447,2024-05-22,2025-02-13,266,"type:feature,stat:awaiting response from contributor,stale"
keras-team/keras-cv,Computer Vision,2445,2024-05-15,2025-02-13,273,"type:feature,stat:awaiting response from contributor,stale"
keras-team/keras-cv,Computer Vision,2441,2024-05-07,2024-05-07,0,
keras-team/keras-cv,Computer Vision,2440,2024-05-05,2024-07-03,58,"type:Bug,stat:awaiting response from contributor,stale"
keras-team/keras-cv,Computer Vision,2438,2024-05-02,2024-05-30,27,type:Bug
keras-team/keras-cv,Computer Vision,2437,2024-05-01,2024-05-01,0,
keras-team/keras-cv,Computer Vision,2436,2024-05-01,2024-05-01,0,
keras-team/keras-cv,Computer Vision,2434,2024-05-01,2024-06-01,31,"dependencies,github_actions"
keras-team/keras-cv,Computer Vision,2433,2024-05-01,2024-07-01,61,"dependencies,python"
keras-team/keras-cv,Computer Vision,2432,2024-04-30,2024-11-02,185,
keras-team/keras-cv,Computer Vision,2431,2024-04-30,2024-04-30,0,
keras-team/keras-cv,Computer Vision,2430,2024-04-30,2024-04-30,0,
keras-team/keras-cv,Computer Vision,2429,2024-04-30,2024-04-30,0,
keras-team/keras-cv,Computer Vision,2428,2024-04-29,2024-04-29,0,
keras-team/keras-cv,Computer Vision,2427,2024-04-29,2024-04-29,0,
keras-team/keras-cv,Computer Vision,2426,2024-04-27,2024-04-29,2,
keras-team/keras-cv,Computer Vision,2425,2024-04-27,2024-04-29,2,
keras-team/keras-cv,Computer Vision,2424,2024-04-26,2024-04-29,2,
keras-team/keras-cv,Computer Vision,2423,2024-04-25,2025-02-13,293,"type:feature,stat:awaiting response from contributor,stale"
keras-team/keras-cv,Computer Vision,2422,2024-04-24,2024-05-22,27,"stat:awaiting response from contributor,type:support"
keras-team/keras-cv,Computer Vision,2421,2024-04-23,2024-05-30,36,"type:Bug,stat:awaiting response from contributor,stale"
keras-team/keras-cv,Computer Vision,2420,2024-04-23,2024-04-23,0,
keras-team/keras-cv,Computer Vision,2419,2024-04-22,2024-04-29,6,
keras-team/keras-cv,Computer Vision,2417,2024-04-15,2024-05-30,44,"keras-team-review-pending,type:feature"
keras-team/keras-cv,Computer Vision,2414,2024-04-11,2024-11-02,204,
keras-team/keras-cv,Computer Vision,2413,2024-04-10,2025-10-25,563,"type:Bug,stat:awaiting response from contributor"
keras-team/keras-cv,Computer Vision,2412,2024-04-10,2024-04-11,0,"stat:awaiting response from contributor,type:support"
keras-team/keras-cv,Computer Vision,2411,2024-04-08,2024-04-29,20,keras-team-review-pending
keras-team/keras-cv,Computer Vision,2410,2024-04-08,2024-07-06,89,"type:Bug,stat:awaiting response from contributor,stale"
keras-team/keras-cv,Computer Vision,2409,2024-04-02,2024-05-30,57,"keras-team-review-pending,type:feature"
keras-team/keras-cv,Computer Vision,2408,2024-04-01,2024-05-01,29,"dependencies,github_actions"
keras-team/keras-cv,Computer Vision,2407,2024-04-01,2024-05-01,29,"dependencies,python"
keras-team/keras-cv,Computer Vision,2406,2024-03-31,2024-05-30,59,keras-team-review-pending
keras-team/keras-cv,Computer Vision,2405,2024-03-29,2024-03-29,0,
keras-team/keras-cv,Computer Vision,2404,2024-03-26,2025-02-14,324,"type:feature,stat:awaiting response from contributor,stale"
keras-team/keras-cv,Computer Vision,2403,2024-03-22,2024-04-20,28,"type:feature,stat:awaiting response from contributor,stale"
keras-team/keras-cv,Computer Vision,2400,2024-03-21,2024-05-21,61,type:Bug
keras-team/keras-cv,Computer Vision,2399,2024-03-20,2024-03-25,4,
keras-team/keras-cv,Computer Vision,2397,2024-03-20,2024-04-01,11,"dependencies,python"
keras-team/keras-cv,Computer Vision,2396,2024-03-19,2024-03-19,0,
keras-team/keras-cv,Computer Vision,2395,2024-03-19,2024-03-19,0,
keras-team/keras-cv,Computer Vision,2393,2024-03-18,2024-04-10,23,
keras-team/keras-cv,Computer Vision,2392,2024-03-14,2024-03-15,0,
keras-team/keras-cv,Computer Vision,2391,2024-03-14,2024-03-18,4,
mlflow/mlflow,MLOps,23096,2026-05-06,2026-05-06,0,bug
mlflow/mlflow,MLOps,23093,2026-05-06,2026-05-06,0,"rn/none,area/build,size/S"
mlflow/mlflow,MLOps,23090,2026-05-06,2026-05-06,0,"area/docs,rn/none,area/build,size/XS"
mlflow/mlflow,MLOps,23088,2026-05-06,2026-05-06,0,"rn/none,area/build,size/XS"
mlflow/mlflow,MLOps,23078,2026-05-05,2026-05-06,0,
mlflow/mlflow,MLOps,23077,2026-05-05,2026-05-06,0,
mlflow/mlflow,MLOps,23076,2026-05-05,2026-05-06,0,
mlflow/mlflow,MLOps,23075,2026-05-05,2026-05-06,0,
mlflow/mlflow,MLOps,23074,2026-05-05,2026-05-06,0,
mlflow/mlflow,MLOps,23072,2026-05-05,2026-05-05,0,"size/S,community"
mlflow/mlflow,MLOps,23071,2026-05-04,2026-05-04,0,"size/S,community"
mlflow/mlflow,MLOps,23070,2026-05-04,2026-05-04,0,"rn/feature,area/tracing,size/M,community"
mlflow/mlflow,MLOps,23069,2026-05-04,2026-05-05,0,"area/evaluation,size/XS,community,duplicate"
mlflow/mlflow,MLOps,23068,2026-05-04,2026-05-04,0,"size/XS,community"
mlflow/mlflow,MLOps,23066,2026-05-04,2026-05-05,0,size/M
mlflow/mlflow,MLOps,23065,2026-05-04,2026-05-04,0,size/S
mlflow/mlflow,MLOps,23064,2026-05-04,2026-05-04,0,"rn/none,area/build,size/XL"
mlflow/mlflow,MLOps,23062,2026-05-04,2026-05-04,0,"size/S,community"
mlflow/mlflow,MLOps,23060,2026-05-04,2026-05-04,0,"rn/bug-fix,area/build,size/S,community"
mlflow/mlflow,MLOps,23059,2026-05-04,2026-05-04,0,"rn/bug-fix,area/build,size/S,community"
mlflow/mlflow,MLOps,23056,2026-05-04,2026-05-06,2,"team-review,size/XS"
mlflow/mlflow,MLOps,23055,2026-05-04,2026-05-04,0,size/XS
mlflow/mlflow,MLOps,23054,2026-05-04,2026-05-04,0,size/XL
mlflow/mlflow,MLOps,23048,2026-05-03,2026-05-03,0,"area/docs,rn/feature,area/tracking,area/tracing,size/XL,community"
mlflow/mlflow,MLOps,23047,2026-05-02,2026-05-05,2,"rn/bug-fix,area/evaluation,size/M,community"
mlflow/mlflow,MLOps,23046,2026-05-02,2026-05-02,0,"size/L,community"
mlflow/mlflow,MLOps,23045,2026-05-02,2026-05-02,0,"size/L,community"
mlflow/mlflow,MLOps,23044,2026-05-02,2026-05-02,0,"size/L,community"
mlflow/mlflow,MLOps,23043,2026-05-02,2026-05-02,0,"size/L,community"
mlflow/mlflow,MLOps,23042,2026-05-02,2026-05-02,0,"size/L,community"
mlflow/mlflow,MLOps,23041,2026-05-02,2026-05-02,0,"size/L,community"
mlflow/mlflow,MLOps,23038,2026-05-01,2026-05-06,4,"rn/none,rn/feature,area/tracking,area/tracing,size/M,v3.12.1"
mlflow/mlflow,MLOps,23035,2026-05-01,2026-05-01,0,"rn/bug-fix,area/tracing,size/M,community"
mlflow/mlflow,MLOps,23027,2026-05-01,2026-05-01,0,"area/docs,rn/feature,area/uiux,area/prompts,size/XL,community"
mlflow/mlflow,MLOps,23025,2026-05-01,2026-05-01,0,"area/docs,rn/feature,area/uiux,area/prompts,size/XL,community"
mlflow/mlflow,MLOps,23024,2026-05-01,2026-05-01,0,"rn/none,area/build,size/S"
mlflow/mlflow,MLOps,23021,2026-04-30,2026-04-30,0,"size/S,community"
mlflow/mlflow,MLOps,23018,2026-04-30,2026-04-30,0,"area/docs,rn/feature,area/uiux,area/prompts,size/XL,community"
mlflow/mlflow,MLOps,23017,2026-04-30,2026-05-06,6,"area/docs,rn/feature,area/uiux,area/tracing,size/XL,community"
mlflow/mlflow,MLOps,23015,2026-04-30,2026-04-30,0,size/M
mlflow/mlflow,MLOps,23011,2026-04-30,2026-05-06,6,"rn/bug-fix,area/tracing,size/M,community"
mlflow/mlflow,MLOps,23010,2026-04-30,2026-05-06,6,"rn/none,area/build,size/M"
mlflow/mlflow,MLOps,23007,2026-04-30,2026-04-30,0,"team-review,size/S"
mlflow/mlflow,MLOps,23006,2026-04-30,2026-04-30,0,"rn/feature,area/uiux,size/M,v3.12.0"
mlflow/mlflow,MLOps,23005,2026-04-29,2026-05-05,5,"rn/none,area/tracking,area/tracing,size/XL,community"
mlflow/mlflow,MLOps,23001,2026-04-29,2026-05-05,5,"has-closing-pr,ready"
mlflow/mlflow,MLOps,22999,2026-04-29,2026-04-29,0,"rn/none,area/build,size/M"
mlflow/mlflow,MLOps,22998,2026-04-29,2026-04-29,0,"rn/none,area/build,size/S"
mlflow/mlflow,MLOps,22995,2026-04-29,2026-04-30,0,"rn/bug-fix,area/tracking,team-review,area/tracing,size/M,v3.12.0"
mlflow/mlflow,MLOps,22994,2026-04-29,2026-04-30,0,"rn/breaking-change,area/scoring,team-review,size/M,v3.12.0"
mlflow/mlflow,MLOps,22993,2026-04-29,2026-04-30,0,"rn/none,area/uiux,team-review,size/XS,v3.12.0"
mlflow/mlflow,MLOps,22992,2026-04-29,2026-04-29,0,"area/docs,rn/none,area/tracing,size/L"
mlflow/mlflow,MLOps,22989,2026-04-29,2026-04-29,0,"rn/none,area/build,size/XS"
mlflow/mlflow,MLOps,22988,2026-04-29,2026-04-29,0,"rn/none,area/build,size/M"
mlflow/mlflow,MLOps,22987,2026-04-29,2026-04-29,0,"rn/none,area/build,size/S"
mlflow/mlflow,MLOps,22986,2026-04-29,2026-04-29,0,"rn/none,area/build,size/S"
mlflow/mlflow,MLOps,22982,2026-04-29,2026-04-29,0,"rn/none,area/uiux,size/M"
mlflow/mlflow,MLOps,22981,2026-04-29,2026-04-29,0,"rn/none,area/build,size/XS"
mlflow/mlflow,MLOps,22980,2026-04-29,2026-04-29,0,suspicious
mlflow/mlflow,MLOps,22979,2026-04-29,2026-04-29,0,"rn/feature,area/tracing,size/M,community"
mlflow/mlflow,MLOps,22978,2026-04-28,2026-04-29,0,"rn/none,area/uiux,size/S,ui-preview,v3.12.0"
mlflow/mlflow,MLOps,22977,2026-04-28,2026-04-29,0,"rn/none,area/evaluation,size/S,community"
mlflow/mlflow,MLOps,22976,2026-04-28,2026-04-28,0,"size/XS,community"
mlflow/mlflow,MLOps,22975,2026-04-28,2026-04-28,0,"rn/none,area/build,size/M"
mlflow/mlflow,MLOps,22974,2026-04-28,2026-05-05,7,"rn/none,area/tracking,size/XL,community"
mlflow/mlflow,MLOps,22973,2026-04-28,2026-05-04,5,"rn/feature,area/uiux,size/XL"
mlflow/mlflow,MLOps,22969,2026-04-28,2026-04-28,0,"rn/bug-fix,area/scoring,size/XS"
mlflow/mlflow,MLOps,22965,2026-04-28,2026-04-30,1,"enhancement,area/evaluation,domain/genai,ready"
mlflow/mlflow,MLOps,22964,2026-04-28,2026-04-28,0,"size/S,community"
mlflow/mlflow,MLOps,22963,2026-04-28,2026-04-30,1,"rn/bug-fix,team-review,area/tracing,size/M,v3.12.0"
mlflow/mlflow,MLOps,22961,2026-04-28,2026-04-28,0,"rn/none,size/S,v3.11.2"
mlflow/mlflow,MLOps,22960,2026-04-28,2026-04-28,0,"rn/none,area/build,size/S"
mlflow/mlflow,MLOps,22959,2026-04-28,2026-04-28,0,"rn/none,area/build,size/XS"
mlflow/mlflow,MLOps,22958,2026-04-28,2026-04-28,0,"rn/none,area/build,size/XS"
mlflow/mlflow,MLOps,22957,2026-04-28,2026-04-28,0,"rn/feature,area/tracing,size/S,community"
mlflow/mlflow,MLOps,22955,2026-04-28,2026-04-28,0,"rn/none,size/XS,v3.11.2"
mlflow/mlflow,MLOps,22954,2026-04-28,2026-04-28,0,"rn/bug-fix,area/tracking,size/M"
mlflow/mlflow,MLOps,22952,2026-04-27,2026-05-06,8,
mlflow/mlflow,MLOps,22951,2026-04-27,2026-04-28,0,
mlflow/mlflow,MLOps,22950,2026-04-27,2026-04-28,0,
mlflow/mlflow,MLOps,22949,2026-04-27,2026-04-28,0,
mlflow/mlflow,MLOps,22946,2026-04-27,2026-04-28,0,"area/docs,area/evaluation,domain/genai"
mlflow/mlflow,MLOps,22944,2026-04-27,2026-04-29,1,"bug,area/tracing,area/evaluation"
mlflow/mlflow,MLOps,22943,2026-04-27,2026-05-03,5,"bug,area/uiux"
mlflow/mlflow,MLOps,22942,2026-04-27,2026-04-29,1,"rn/bug-fix,area/uiux,size/S"
mlflow/mlflow,MLOps,22941,2026-04-27,2026-04-29,1,"rn/breaking-change,rn/feature,area/uiux,size/L"
mlflow/mlflow,MLOps,22938,2026-04-27,2026-04-30,2,"bug,has-closing-pr,area/tracing"
mlflow/mlflow,MLOps,22937,2026-04-27,2026-04-27,0,"rn/none,area/build,size/S"
mlflow/mlflow,MLOps,22935,2026-04-27,2026-04-27,0,"rn/bug-fix,area/models,size/M,community"
mlflow/mlflow,MLOps,22934,2026-04-27,2026-04-29,1,"rn/none,area/tracking,area/tracing,size/L,community"
mlflow/mlflow,MLOps,22933,2026-04-27,2026-05-06,8,"rn/none,area/uiux,size/XL"
mlflow/mlflow,MLOps,22932,2026-04-27,2026-04-29,2,"rn/feature,area/uiux,size/S"
mlflow/mlflow,MLOps,22931,2026-04-27,2026-04-29,2,"rn/feature,area/uiux,size/XL"
mlflow/mlflow,MLOps,22930,2026-04-27,2026-04-29,2,"rn/feature,area/uiux,size/M"
mlflow/mlflow,MLOps,22929,2026-04-27,2026-05-05,7,"rn/feature,area/uiux,area/server-infra,size/XL"
mlflow/mlflow,MLOps,22928,2026-04-27,2026-04-29,1,"rn/feature,area/tracking,size/L"
mlflow/mlflow,MLOps,22926,2026-04-27,2026-04-27,0,"rn/feature,area/tracing,size/M,v3.12.0"
mlflow/mlflow,MLOps,22925,2026-04-27,2026-04-28,0,"rn/none,team-review,size/M,v3.12.0"
mlflow/mlflow,MLOps,22924,2026-04-27,2026-04-27,0,"rn/none,area/build,size/XS"
mlflow/mlflow,MLOps,22923,2026-04-27,2026-04-27,0,"rn/none,area/build,size/S"
iterative/dvc,MLOps,11031,2026-04-27,2026-04-28,0,
iterative/dvc,MLOps,11028,2026-04-20,2026-04-26,5,
iterative/dvc,MLOps,11026,2026-04-15,2026-04-15,0,
iterative/dvc,MLOps,11025,2026-04-14,2026-04-20,5,
iterative/dvc,MLOps,11024,2026-04-13,2026-04-14,0,
iterative/dvc,MLOps,11023,2026-04-06,2026-04-07,0,
iterative/dvc,MLOps,11021,2026-03-31,2026-03-31,0,
iterative/dvc,MLOps,11020,2026-03-27,2026-03-31,4,maintenance
iterative/dvc,MLOps,11018,2026-03-19,2026-03-20,1,
iterative/dvc,MLOps,11017,2026-03-18,2026-03-26,7,
iterative/dvc,MLOps,11016,2026-03-18,2026-03-18,0,
iterative/dvc,MLOps,11015,2026-03-18,2026-03-18,0,
iterative/dvc,MLOps,11014,2026-03-16,2026-03-16,0,
iterative/dvc,MLOps,11013,2026-03-10,2026-03-18,7,
iterative/dvc,MLOps,11011,2026-03-04,2026-03-05,0,
iterative/dvc,MLOps,11008,2026-02-27,2026-03-26,26,
iterative/dvc,MLOps,11007,2026-02-27,2026-02-27,0,maintenance
iterative/dvc,MLOps,11006,2026-02-27,2026-02-27,0,maintenance
iterative/dvc,MLOps,11003,2026-02-24,2026-03-25,28,
iterative/dvc,MLOps,11002,2026-02-24,2026-02-24,0,
iterative/dvc,MLOps,11001,2026-02-24,2026-02-24,0,
iterative/dvc,MLOps,10998,2026-02-22,2026-03-26,31,
iterative/dvc,MLOps,10997,2026-02-21,2026-03-25,31,
iterative/dvc,MLOps,10995,2026-02-20,2026-02-20,0,
iterative/dvc,MLOps,10990,2026-02-11,2026-02-11,0,
iterative/dvc,MLOps,10989,2026-02-11,2026-02-11,0,claude-code-assisted
iterative/dvc,MLOps,10988,2026-02-11,2026-03-04,21,
iterative/dvc,MLOps,10986,2026-02-01,2026-02-01,0,
iterative/dvc,MLOps,10984,2026-01-30,2026-01-30,0,
iterative/dvc,MLOps,10983,2026-01-28,2026-01-28,0,
iterative/dvc,MLOps,10982,2026-01-27,2026-01-29,1,
iterative/dvc,MLOps,10981,2026-01-26,2026-03-31,63,
iterative/dvc,MLOps,10979,2026-01-23,2026-01-23,0,
iterative/dvc,MLOps,10978,2026-01-23,2026-01-23,0,
iterative/dvc,MLOps,10976,2026-01-21,2026-03-25,63,
iterative/dvc,MLOps,10975,2026-01-19,2026-01-21,1,
iterative/dvc,MLOps,10974,2026-01-19,2026-01-28,9,
iterative/dvc,MLOps,10972,2026-01-16,2026-02-17,32,"p3-nice-to-have,discussion"
iterative/dvc,MLOps,10971,2026-01-15,2026-01-16,0,
iterative/dvc,MLOps,10970,2026-01-15,2026-02-16,31,upstream
iterative/dvc,MLOps,10968,2026-01-13,2026-01-16,2,"help wanted,good first issue"
iterative/dvc,MLOps,10967,2026-01-12,2026-01-13,0,
iterative/dvc,MLOps,10966,2026-01-09,2026-01-16,6,"help wanted,good first issue"
iterative/dvc,MLOps,10963,2026-01-08,2026-01-08,0,skip-changelog
iterative/dvc,MLOps,10962,2026-01-08,2026-01-08,0,
iterative/dvc,MLOps,10961,2026-01-08,2026-01-08,0,
iterative/dvc,MLOps,10960,2026-01-08,2026-01-08,0,
iterative/dvc,MLOps,10959,2026-01-08,2026-01-08,0,"bug,regression,A: status"
iterative/dvc,MLOps,10958,2026-01-07,2026-01-08,0,
iterative/dvc,MLOps,10955,2026-01-07,2026-01-08,0,
iterative/dvc,MLOps,10954,2026-01-07,2026-01-31,24,maintenance
iterative/dvc,MLOps,10953,2026-01-06,2026-01-07,0,
iterative/dvc,MLOps,10952,2026-01-06,2026-01-07,0,
iterative/dvc,MLOps,10951,2026-01-06,2026-01-31,24,
iterative/dvc,MLOps,10950,2026-01-06,2026-01-06,0,
iterative/dvc,MLOps,10949,2026-01-06,2026-01-06,0,
iterative/dvc,MLOps,10948,2026-01-06,2026-01-06,0,
iterative/dvc,MLOps,10947,2026-01-06,2026-01-06,0,maintenance
iterative/dvc,MLOps,10946,2026-01-06,2026-01-06,0,maintenance
iterative/dvc,MLOps,10945,2026-01-05,2026-01-06,0,
iterative/dvc,MLOps,10944,2026-01-04,2026-02-08,35,
iterative/dvc,MLOps,10943,2026-01-03,2026-02-08,36,
iterative/dvc,MLOps,10942,2026-01-02,2026-01-18,15,
iterative/dvc,MLOps,10941,2025-12-30,2026-01-06,6,
iterative/dvc,MLOps,10940,2025-12-29,2025-12-30,0,
iterative/dvc,MLOps,10939,2025-12-29,2025-12-29,0,
iterative/dvc,MLOps,10938,2025-12-28,2025-12-28,0,
iterative/dvc,MLOps,10937,2025-12-25,2026-01-07,13,
iterative/dvc,MLOps,10936,2025-12-24,2025-12-24,0,
iterative/dvc,MLOps,10935,2025-12-22,2025-12-23,0,
iterative/dvc,MLOps,10934,2025-12-20,2025-12-20,0,
iterative/dvc,MLOps,10932,2025-12-16,2025-12-16,0,maintenance
iterative/dvc,MLOps,10931,2025-12-15,2025-12-16,0,
iterative/dvc,MLOps,10930,2025-12-15,2025-12-15,0,maintenance
iterative/dvc,MLOps,10929,2025-12-15,2025-12-15,0,maintenance
iterative/dvc,MLOps,10928,2025-12-12,2025-12-12,0,maintenance
iterative/dvc,MLOps,10927,2025-12-11,2025-12-13,1,
iterative/dvc,MLOps,10926,2025-12-11,2025-12-11,0,
iterative/dvc,MLOps,10925,2025-12-10,2025-12-22,11,
iterative/dvc,MLOps,10924,2025-12-08,2025-12-09,0,
iterative/dvc,MLOps,10923,2025-12-07,2025-12-22,14,
iterative/dvc,MLOps,10922,2025-12-07,2026-02-08,63,
iterative/dvc,MLOps,10921,2025-12-01,2025-12-03,1,
iterative/dvc,MLOps,10920,2025-12-01,2025-12-01,0,
iterative/dvc,MLOps,10919,2025-12-01,2025-12-01,0,maintenance
iterative/dvc,MLOps,10918,2025-11-24,2025-11-26,1,
iterative/dvc,MLOps,10917,2025-11-22,2025-12-05,12,
iterative/dvc,MLOps,10916,2025-11-21,2025-11-21,0,maintenance
iterative/dvc,MLOps,10914,2025-11-17,2025-11-18,0,
iterative/dvc,MLOps,10912,2025-11-14,2025-12-20,35,
iterative/dvc,MLOps,10910,2025-11-14,2025-11-18,4,awaiting response
iterative/dvc,MLOps,10908,2025-11-10,2025-11-11,0,
iterative/dvc,MLOps,10907,2025-11-08,2025-11-10,1,
iterative/dvc,MLOps,10906,2025-11-03,2025-11-04,0,
iterative/dvc,MLOps,10905,2025-11-02,2025-11-14,11,awaiting response
iterative/dvc,MLOps,10904,2025-10-31,2026-03-25,145,"feature request,discussion"
iterative/dvc,MLOps,10903,2025-10-30,2026-03-25,145,
iterative/dvc,MLOps,10902,2025-10-30,2025-10-31,0,
iterative/dvc,MLOps,10901,2025-10-27,2025-10-28,0,
iterative/dvc,MLOps,10900,2025-10-27,2025-10-27,0,"bugfix,regression,A: data-management"
PrefectHQ/prefect,MLOps,21843,2026-05-06,2026-05-06,0,
PrefectHQ/prefect,MLOps,21842,2026-05-06,2026-05-06,0,ui-replatform
PrefectHQ/prefect,MLOps,21840,2026-05-06,2026-05-06,0,"javascript,dependencies"
PrefectHQ/prefect,MLOps,21839,2026-05-06,2026-05-06,0,docs
PrefectHQ/prefect,MLOps,21838,2026-05-06,2026-05-06,0,
PrefectHQ/prefect,MLOps,21837,2026-05-06,2026-05-06,0,
PrefectHQ/prefect,MLOps,21836,2026-05-06,2026-05-06,0,
PrefectHQ/prefect,MLOps,21834,2026-05-06,2026-05-06,0,
PrefectHQ/prefect,MLOps,21833,2026-05-06,2026-05-06,0,
PrefectHQ/prefect,MLOps,21832,2026-05-06,2026-05-06,0,
PrefectHQ/prefect,MLOps,21831,2026-05-06,2026-05-06,0,bug
PrefectHQ/prefect,MLOps,21830,2026-05-05,2026-05-06,0,
PrefectHQ/prefect,MLOps,21829,2026-05-05,2026-05-06,0,migration
PrefectHQ/prefect,MLOps,21828,2026-05-05,2026-05-05,0,"bug,ui-replatform"
PrefectHQ/prefect,MLOps,21827,2026-05-05,2026-05-06,0,docs
PrefectHQ/prefect,MLOps,21824,2026-05-05,2026-05-05,0,
PrefectHQ/prefect,MLOps,21823,2026-05-05,2026-05-05,0,
PrefectHQ/prefect,MLOps,21822,2026-05-05,2026-05-05,0,
PrefectHQ/prefect,MLOps,21821,2026-05-05,2026-05-05,0,
PrefectHQ/prefect,MLOps,21820,2026-05-05,2026-05-05,0,
PrefectHQ/prefect,MLOps,21819,2026-05-05,2026-05-05,0,development
PrefectHQ/prefect,MLOps,21818,2026-05-05,2026-05-05,0,
PrefectHQ/prefect,MLOps,21817,2026-05-05,2026-05-05,0,
PrefectHQ/prefect,MLOps,21815,2026-05-05,2026-05-05,0,
PrefectHQ/prefect,MLOps,21814,2026-05-05,2026-05-05,0,development
PrefectHQ/prefect,MLOps,21813,2026-05-05,2026-05-05,0,bug
PrefectHQ/prefect,MLOps,21812,2026-05-05,2026-05-05,0,
PrefectHQ/prefect,MLOps,21811,2026-05-05,2026-05-05,0,"bug,ui,ui-replatform"
PrefectHQ/prefect,MLOps,21809,2026-05-05,2026-05-05,0,bug
PrefectHQ/prefect,MLOps,21807,2026-05-05,2026-05-05,0,bug
PrefectHQ/prefect,MLOps,21803,2026-05-05,2026-05-05,0,bug
PrefectHQ/prefect,MLOps,21802,2026-05-05,2026-05-05,0,bug
PrefectHQ/prefect,MLOps,21801,2026-05-05,2026-05-05,0,
PrefectHQ/prefect,MLOps,21800,2026-05-05,2026-05-05,0,bug
PrefectHQ/prefect,MLOps,21799,2026-05-05,2026-05-05,0,
PrefectHQ/prefect,MLOps,21798,2026-05-05,2026-05-05,0,
PrefectHQ/prefect,MLOps,21797,2026-05-05,2026-05-05,0,
PrefectHQ/prefect,MLOps,21796,2026-05-04,2026-05-05,0,
PrefectHQ/prefect,MLOps,21795,2026-05-04,2026-05-04,0,
PrefectHQ/prefect,MLOps,21794,2026-05-04,2026-05-05,0,
PrefectHQ/prefect,MLOps,21793,2026-05-04,2026-05-04,0,"enhancement,ui-v2,UI/UX"
PrefectHQ/prefect,MLOps,21792,2026-05-04,2026-05-06,1,bug
PrefectHQ/prefect,MLOps,21791,2026-05-04,2026-05-06,1,bug
PrefectHQ/prefect,MLOps,21790,2026-05-04,2026-05-04,0,
PrefectHQ/prefect,MLOps,21789,2026-05-04,2026-05-05,0,
PrefectHQ/prefect,MLOps,21788,2026-05-04,2026-05-04,0,development
PrefectHQ/prefect,MLOps,21787,2026-05-04,2026-05-06,1,docs
PrefectHQ/prefect,MLOps,21786,2026-05-04,2026-05-05,0,docs
PrefectHQ/prefect,MLOps,21785,2026-05-04,2026-05-04,0,
PrefectHQ/prefect,MLOps,21784,2026-05-04,2026-05-06,1,"enhancement,docs"
PrefectHQ/prefect,MLOps,21781,2026-05-04,2026-05-04,0,"development,testing"
PrefectHQ/prefect,MLOps,21779,2026-05-04,2026-05-04,0,
PrefectHQ/prefect,MLOps,21778,2026-05-04,2026-05-04,0,
PrefectHQ/prefect,MLOps,21777,2026-05-04,2026-05-04,0,enhancement
PrefectHQ/prefect,MLOps,21773,2026-05-02,2026-05-04,1,
PrefectHQ/prefect,MLOps,21770,2026-05-02,2026-05-02,0,
PrefectHQ/prefect,MLOps,21769,2026-05-01,2026-05-02,0,bug
PrefectHQ/prefect,MLOps,21768,2026-05-01,2026-05-02,0,bug
PrefectHQ/prefect,MLOps,21766,2026-05-01,2026-05-04,2,development
PrefectHQ/prefect,MLOps,21765,2026-05-01,2026-05-01,0,docs
PrefectHQ/prefect,MLOps,21764,2026-05-01,2026-05-01,0,
PrefectHQ/prefect,MLOps,21763,2026-05-01,2026-05-04,2,"enhancement,docs,integrations"
PrefectHQ/prefect,MLOps,21762,2026-05-01,2026-05-01,0,
PrefectHQ/prefect,MLOps,21761,2026-05-01,2026-05-01,0,
PrefectHQ/prefect,MLOps,21760,2026-05-01,2026-05-01,0,
PrefectHQ/prefect,MLOps,21759,2026-05-01,2026-05-05,4,
PrefectHQ/prefect,MLOps,21758,2026-05-01,2026-05-01,0,development
PrefectHQ/prefect,MLOps,21757,2026-05-01,2026-05-01,0,development
PrefectHQ/prefect,MLOps,21756,2026-05-01,2026-05-01,0,
PrefectHQ/prefect,MLOps,21755,2026-05-01,2026-05-01,0,
PrefectHQ/prefect,MLOps,21754,2026-05-01,2026-05-04,3,bug
PrefectHQ/prefect,MLOps,21753,2026-05-01,2026-05-01,0,development
PrefectHQ/prefect,MLOps,21752,2026-05-01,2026-05-01,0,"ui-replatform,ui-v2-dependency"
PrefectHQ/prefect,MLOps,21751,2026-05-01,2026-05-01,0,development
PrefectHQ/prefect,MLOps,21750,2026-05-01,2026-05-01,0,2.x
PrefectHQ/prefect,MLOps,21748,2026-05-01,2026-05-01,0,docs
PrefectHQ/prefect,MLOps,21747,2026-04-30,2026-05-01,0,bug
PrefectHQ/prefect,MLOps,21746,2026-04-30,2026-05-04,3,bug
PrefectHQ/prefect,MLOps,21745,2026-04-30,2026-04-30,0,docs
PrefectHQ/prefect,MLOps,21744,2026-04-30,2026-04-30,0,
PrefectHQ/prefect,MLOps,21743,2026-04-30,2026-05-01,0,
PrefectHQ/prefect,MLOps,21742,2026-04-30,2026-04-30,0,
PrefectHQ/prefect,MLOps,21741,2026-04-30,2026-04-30,0,"enhancement,docs,integrations"
PrefectHQ/prefect,MLOps,21740,2026-04-30,2026-04-30,0,
PrefectHQ/prefect,MLOps,21739,2026-04-30,2026-04-30,0,"enhancement,docs,integrations"
PrefectHQ/prefect,MLOps,21738,2026-04-30,2026-04-30,0,
PrefectHQ/prefect,MLOps,21737,2026-04-30,2026-04-30,0,
PrefectHQ/prefect,MLOps,21736,2026-04-30,2026-05-01,0,"bug,docs"
PrefectHQ/prefect,MLOps,21735,2026-04-30,2026-04-30,0,bug
PrefectHQ/prefect,MLOps,21734,2026-04-30,2026-05-01,1,bug
PrefectHQ/prefect,MLOps,21733,2026-04-30,2026-05-01,1,development
PrefectHQ/prefect,MLOps,21732,2026-04-30,2026-05-01,1,"development,upstream dependency,2.x"
PrefectHQ/prefect,MLOps,21731,2026-04-30,2026-04-30,0,"ui-replatform,ui-v2-dependency"
PrefectHQ/prefect,MLOps,21730,2026-04-30,2026-05-01,1,development
PrefectHQ/prefect,MLOps,21729,2026-04-30,2026-04-30,0,"ui-replatform,ui-v2-dependency"
PrefectHQ/prefect,MLOps,21728,2026-04-30,2026-04-30,0,development
PrefectHQ/prefect,MLOps,21726,2026-04-29,2026-05-01,2,bug
PrefectHQ/prefect,MLOps,21725,2026-04-29,2026-04-29,0,bug
PrefectHQ/prefect,MLOps,21724,2026-04-29,2026-05-01,2,bug
PrefectHQ/prefect,MLOps,21723,2026-04-29,2026-04-30,1,
bentoml/BentoML,MLOps,5605,2026-05-04,2026-05-06,1,
bentoml/BentoML,MLOps,5603,2026-04-29,2026-04-30,0,
bentoml/BentoML,MLOps,5602,2026-04-28,2026-04-30,1,
bentoml/BentoML,MLOps,5598,2026-04-13,2026-04-13,0,
bentoml/BentoML,MLOps,5597,2026-04-12,2026-04-16,3,
bentoml/BentoML,MLOps,5594,2026-04-06,2026-04-21,14,enhancement
bentoml/BentoML,MLOps,5593,2026-04-06,2026-04-08,1,
bentoml/BentoML,MLOps,5591,2026-04-01,2026-04-02,0,
bentoml/BentoML,MLOps,5590,2026-03-31,2026-04-02,1,
bentoml/BentoML,MLOps,5589,2026-03-31,2026-04-02,1,bug
bentoml/BentoML,MLOps,5588,2026-03-27,2026-03-27,0,
bentoml/BentoML,MLOps,5587,2026-03-27,2026-03-27,0,
bentoml/BentoML,MLOps,5583,2026-03-24,2026-03-24,0,
bentoml/BentoML,MLOps,5582,2026-03-23,2026-03-24,0,
bentoml/BentoML,MLOps,5581,2026-03-23,2026-03-24,0,bug
bentoml/BentoML,MLOps,5580,2026-03-23,2026-03-24,0,
bentoml/BentoML,MLOps,5579,2026-03-23,2026-03-25,2,
bentoml/BentoML,MLOps,5578,2026-03-23,2026-03-25,2,
bentoml/BentoML,MLOps,5577,2026-03-22,2026-03-22,0,
bentoml/BentoML,MLOps,5576,2026-03-22,2026-03-22,0,
bentoml/BentoML,MLOps,5573,2026-03-17,2026-03-18,0,
bentoml/BentoML,MLOps,5571,2026-03-16,2026-03-24,7,"dependencies,github_actions"
bentoml/BentoML,MLOps,5570,2026-03-14,2026-03-25,10,
bentoml/BentoML,MLOps,5569,2026-03-13,2026-03-16,2,
bentoml/BentoML,MLOps,5567,2026-03-11,2026-03-13,1,documentation
bentoml/BentoML,MLOps,5565,2026-03-09,2026-03-24,14,"dependencies,github_actions"
bentoml/BentoML,MLOps,5564,2026-03-09,2026-03-24,14,"dependencies,github_actions"
bentoml/BentoML,MLOps,5563,2026-03-05,2026-03-06,0,
bentoml/BentoML,MLOps,5562,2026-03-02,2026-03-03,0,
bentoml/BentoML,MLOps,5561,2026-03-02,2026-03-03,0,"dependencies,github_actions"
bentoml/BentoML,MLOps,5560,2026-03-02,2026-03-03,0,"dependencies,github_actions"
bentoml/BentoML,MLOps,5559,2026-02-25,2026-02-26,0,
bentoml/BentoML,MLOps,5558,2026-02-25,2026-03-24,26,
bentoml/BentoML,MLOps,5557,2026-02-25,2026-03-25,28,
bentoml/BentoML,MLOps,5556,2026-02-25,2026-02-26,0,
bentoml/BentoML,MLOps,5555,2026-02-25,2026-04-01,34,
bentoml/BentoML,MLOps,5554,2026-02-25,2026-02-25,0,
bentoml/BentoML,MLOps,5553,2026-02-24,2026-02-25,0,
bentoml/BentoML,MLOps,5552,2026-02-24,2026-02-25,0,bug
bentoml/BentoML,MLOps,5551,2026-02-23,2026-02-25,1,
bentoml/BentoML,MLOps,5550,2026-02-22,2026-02-23,0,
bentoml/BentoML,MLOps,5548,2026-02-12,2026-02-25,12,
bentoml/BentoML,MLOps,5547,2026-02-09,2026-02-23,14,bug
bentoml/BentoML,MLOps,5546,2026-02-07,2026-02-08,0,
bentoml/BentoML,MLOps,5544,2026-02-04,2026-02-04,0,bug
bentoml/BentoML,MLOps,5543,2026-02-03,2026-02-03,0,
bentoml/BentoML,MLOps,5542,2026-02-02,2026-02-03,0,
bentoml/BentoML,MLOps,5541,2026-01-28,2026-01-30,1,
bentoml/BentoML,MLOps,5540,2026-01-28,2026-02-03,5,bug
bentoml/BentoML,MLOps,5539,2026-01-22,2026-02-11,20,
bentoml/BentoML,MLOps,5538,2026-01-15,2026-02-03,18,enhancement
bentoml/BentoML,MLOps,5537,2026-01-12,2026-04-01,78,enhancement
bentoml/BentoML,MLOps,5536,2026-01-12,2026-01-12,0,
bentoml/BentoML,MLOps,5535,2026-01-12,2026-01-12,0,bug
bentoml/BentoML,MLOps,5534,2026-01-12,2026-01-12,0,
bentoml/BentoML,MLOps,5533,2026-01-08,2026-01-09,0,
bentoml/BentoML,MLOps,5532,2026-01-06,2026-01-09,2,
bentoml/BentoML,MLOps,5531,2026-01-06,2026-01-06,0,
bentoml/BentoML,MLOps,5530,2026-01-05,2026-01-07,1,
bentoml/BentoML,MLOps,5529,2026-01-05,2026-01-06,0,
bentoml/BentoML,MLOps,5528,2026-01-05,2026-01-05,0,
bentoml/BentoML,MLOps,5527,2025-12-25,2026-01-06,11,bug
bentoml/BentoML,MLOps,5526,2025-12-23,2025-12-23,0,
bentoml/BentoML,MLOps,5525,2025-12-22,2026-02-25,64,bug
bentoml/BentoML,MLOps,5523,2025-12-18,2025-12-18,0,
bentoml/BentoML,MLOps,5522,2025-12-18,2025-12-18,0,
bentoml/BentoML,MLOps,5521,2025-12-18,2025-12-18,0,
bentoml/BentoML,MLOps,5520,2025-12-15,2025-12-18,2,"dependencies,github_actions"
bentoml/BentoML,MLOps,5519,2025-12-15,2025-12-18,2,"dependencies,github_actions"
bentoml/BentoML,MLOps,5518,2025-12-12,2025-12-18,5,
bentoml/BentoML,MLOps,5517,2025-12-11,2025-12-12,0,
bentoml/BentoML,MLOps,5516,2025-12-10,2025-12-11,1,
bentoml/BentoML,MLOps,5515,2025-12-04,2025-12-04,0,
bentoml/BentoML,MLOps,5514,2025-12-03,2025-12-05,1,
bentoml/BentoML,MLOps,5513,2025-12-03,2025-12-04,0,
bentoml/BentoML,MLOps,5512,2025-12-01,2025-12-02,0,
bentoml/BentoML,MLOps,5511,2025-11-28,2025-11-28,0,
bentoml/BentoML,MLOps,5510,2025-11-26,2025-11-26,0,
bentoml/BentoML,MLOps,5509,2025-11-26,2025-11-26,0,
bentoml/BentoML,MLOps,5508,2025-11-26,2025-11-26,0,
bentoml/BentoML,MLOps,5507,2025-11-25,2025-11-26,0,
bentoml/BentoML,MLOps,5506,2025-11-24,2025-11-25,0,
bentoml/BentoML,MLOps,5505,2025-11-24,2025-11-24,0,"dependencies,github_actions"
bentoml/BentoML,MLOps,5504,2025-11-24,2025-12-18,23,enhancement
bentoml/BentoML,MLOps,5503,2025-11-17,2025-11-17,0,
bentoml/BentoML,MLOps,5502,2025-11-17,2025-11-24,7,
bentoml/BentoML,MLOps,5501,2025-11-15,2025-11-17,2,
bentoml/BentoML,MLOps,5500,2025-11-03,2025-11-04,0,
bentoml/BentoML,MLOps,5499,2025-10-29,2025-11-04,5,
bentoml/BentoML,MLOps,5498,2025-10-29,2025-10-29,0,documentation
bentoml/BentoML,MLOps,5497,2025-10-29,2025-10-29,0,
bentoml/BentoML,MLOps,5496,2025-10-28,2025-10-28,0,
bentoml/BentoML,MLOps,5495,2025-10-28,2025-10-28,0,
bentoml/BentoML,MLOps,5494,2025-10-27,2025-10-28,0,"dependencies,github_actions"
bentoml/BentoML,MLOps,5493,2025-10-27,2025-10-28,0,"dependencies,github_actions"
bentoml/BentoML,MLOps,5492,2025-10-22,2025-10-23,1,
bentoml/BentoML,MLOps,5491,2025-10-20,2025-10-20,0,
bentoml/BentoML,MLOps,5490,2025-10-17,2025-10-17,0,
bentoml/BentoML,MLOps,5489,2025-10-16,2025-10-17,0,
bentoml/BentoML,MLOps,5488,2025-10-14,2025-10-15,0,documentation
wandb/wandb,MLOps,11827,2026-05-05,2026-05-05,0,"dependencies,rust"
wandb/wandb,MLOps,11826,2026-05-05,2026-05-05,0,"dependencies,rust"
wandb/wandb,MLOps,11825,2026-05-05,2026-05-05,0,"dependencies,rust"
wandb/wandb,MLOps,11824,2026-05-05,2026-05-05,0,"dependencies,go"
wandb/wandb,MLOps,11823,2026-05-05,2026-05-05,0,"dependencies,go"
wandb/wandb,MLOps,11822,2026-05-05,2026-05-05,0,"dependencies,go"
wandb/wandb,MLOps,11821,2026-05-04,2026-05-06,1,
wandb/wandb,MLOps,11819,2026-05-04,2026-05-04,0,"dependencies,github_actions"
wandb/wandb,MLOps,11817,2026-05-02,2026-05-06,3,
wandb/wandb,MLOps,11816,2026-05-01,2026-05-06,4,
wandb/wandb,MLOps,11814,2026-05-01,2026-05-05,3,
wandb/wandb,MLOps,11811,2026-04-30,2026-04-30,0,
wandb/wandb,MLOps,11810,2026-04-30,2026-04-30,0,
wandb/wandb,MLOps,11808,2026-04-30,2026-05-04,4,"dependencies,go"
wandb/wandb,MLOps,11807,2026-04-30,2026-05-04,4,"dependencies,go"
wandb/wandb,MLOps,11804,2026-04-29,2026-05-05,6,"dependencies,go"
wandb/wandb,MLOps,11801,2026-04-28,2026-04-28,0,
wandb/wandb,MLOps,11800,2026-04-28,2026-04-29,0,"dependencies,go"
wandb/wandb,MLOps,11799,2026-04-27,2026-05-04,6,
wandb/wandb,MLOps,11798,2026-04-27,2026-04-27,0,"dependencies,rust"
wandb/wandb,MLOps,11796,2026-04-27,2026-04-30,3,
wandb/wandb,MLOps,11795,2026-04-27,2026-04-28,0,
wandb/wandb,MLOps,11794,2026-04-27,2026-04-27,0,"dependencies,go"
wandb/wandb,MLOps,11791,2026-04-24,2026-04-27,2,
wandb/wandb,MLOps,11790,2026-04-24,2026-04-30,6,
wandb/wandb,MLOps,11789,2026-04-24,2026-04-25,0,
wandb/wandb,MLOps,11787,2026-04-24,2026-04-27,3,
wandb/wandb,MLOps,11786,2026-04-24,2026-04-24,0,
wandb/wandb,MLOps,11785,2026-04-24,2026-04-24,0,
wandb/wandb,MLOps,11784,2026-04-24,2026-04-24,0,"dependencies,github_actions"
wandb/wandb,MLOps,11783,2026-04-24,2026-04-24,0,
wandb/wandb,MLOps,11781,2026-04-23,2026-04-23,0,
wandb/wandb,MLOps,11780,2026-04-23,2026-04-23,0,
wandb/wandb,MLOps,11779,2026-04-23,2026-04-23,0,
wandb/wandb,MLOps,11778,2026-04-23,2026-04-23,0,
wandb/wandb,MLOps,11777,2026-04-23,2026-04-24,1,
wandb/wandb,MLOps,11776,2026-04-23,2026-04-23,0,"dependencies,go"
wandb/wandb,MLOps,11775,2026-04-23,2026-04-23,0,
wandb/wandb,MLOps,11774,2026-04-22,2026-04-23,0,
wandb/wandb,MLOps,11773,2026-04-22,2026-04-23,0,
wandb/wandb,MLOps,11772,2026-04-22,2026-04-23,0,
wandb/wandb,MLOps,11771,2026-04-22,2026-04-23,0,
wandb/wandb,MLOps,11770,2026-04-22,2026-04-22,0,
wandb/wandb,MLOps,11769,2026-04-22,2026-04-22,0,
wandb/wandb,MLOps,11768,2026-04-22,2026-04-23,0,"dependencies,rust"
wandb/wandb,MLOps,11766,2026-04-22,2026-04-22,0,"dependencies,go"
wandb/wandb,MLOps,11765,2026-04-22,2026-04-22,0,"dependencies,rust"
wandb/wandb,MLOps,11764,2026-04-22,2026-04-22,0,"dependencies,go"
wandb/wandb,MLOps,11763,2026-04-21,2026-04-22,0,
wandb/wandb,MLOps,11762,2026-04-21,2026-04-22,0,
wandb/wandb,MLOps,11760,2026-04-20,2026-04-21,0,
wandb/wandb,MLOps,11759,2026-04-20,2026-04-20,0,
wandb/wandb,MLOps,11758,2026-04-20,2026-04-22,2,"ty:bug,a:app"
wandb/wandb,MLOps,11757,2026-04-20,2026-04-20,0,
wandb/wandb,MLOps,11756,2026-04-20,2026-04-23,2,
wandb/wandb,MLOps,11755,2026-04-20,2026-04-20,0,
wandb/wandb,MLOps,11753,2026-04-20,2026-04-20,0,"dependencies,go"
wandb/wandb,MLOps,11752,2026-04-20,2026-04-20,0,"dependencies,go"
wandb/wandb,MLOps,11751,2026-04-20,2026-04-20,0,"dependencies,go"
wandb/wandb,MLOps,11750,2026-04-18,2026-04-20,2,"ty:bug,a:app"
wandb/wandb,MLOps,11749,2026-04-17,2026-04-18,0,
wandb/wandb,MLOps,11748,2026-04-17,2026-04-17,0,
wandb/wandb,MLOps,11747,2026-04-17,2026-04-18,0,
wandb/wandb,MLOps,11745,2026-04-17,2026-04-17,0,
wandb/wandb,MLOps,11742,2026-04-17,2026-04-20,3,"ty:bug,a:app"
wandb/wandb,MLOps,11741,2026-04-17,2026-04-17,0,"dependencies,go"
wandb/wandb,MLOps,11740,2026-04-17,2026-04-17,0,"dependencies,go"
wandb/wandb,MLOps,11739,2026-04-17,2026-04-17,0,"dependencies,go"
wandb/wandb,MLOps,11738,2026-04-17,2026-04-17,0,"dependencies,go"
wandb/wandb,MLOps,11737,2026-04-16,2026-04-23,7,
wandb/wandb,MLOps,11736,2026-04-15,2026-04-16,0,
wandb/wandb,MLOps,11734,2026-04-15,2026-04-16,0,
wandb/wandb,MLOps,11733,2026-04-15,2026-04-15,0,
wandb/wandb,MLOps,11732,2026-04-15,2026-04-16,0,
wandb/wandb,MLOps,11731,2026-04-15,2026-04-15,0,
wandb/wandb,MLOps,11730,2026-04-15,2026-04-16,0,
wandb/wandb,MLOps,11728,2026-04-15,2026-04-15,0,"ty:bug,a:app"
wandb/wandb,MLOps,11727,2026-04-15,2026-04-15,0,
wandb/wandb,MLOps,11726,2026-04-15,2026-04-15,0,"dependencies,go"
wandb/wandb,MLOps,11725,2026-04-15,2026-04-15,0,"dependencies,go"
wandb/wandb,MLOps,11724,2026-04-15,2026-04-17,2,
wandb/wandb,MLOps,11723,2026-04-14,2026-04-14,0,
wandb/wandb,MLOps,11721,2026-04-14,2026-04-15,1,
wandb/wandb,MLOps,11720,2026-04-14,2026-04-14,0,
wandb/wandb,MLOps,11719,2026-04-14,2026-04-14,0,
wandb/wandb,MLOps,11718,2026-04-14,2026-04-14,0,
wandb/wandb,MLOps,11717,2026-04-14,2026-04-14,0,
wandb/wandb,MLOps,11716,2026-04-14,2026-04-14,0,
wandb/wandb,MLOps,11715,2026-04-14,2026-04-14,0,"dependencies,go"
wandb/wandb,MLOps,11714,2026-04-14,2026-04-14,0,"dependencies,go"
wandb/wandb,MLOps,11713,2026-04-14,2026-04-16,2,
wandb/wandb,MLOps,11712,2026-04-14,2026-04-14,0,
wandb/wandb,MLOps,11711,2026-04-14,2026-04-15,1,
wandb/wandb,MLOps,11710,2026-04-13,2026-04-13,0,
wandb/wandb,MLOps,11709,2026-04-13,2026-04-13,0,
wandb/wandb,MLOps,11708,2026-04-13,2026-04-13,0,"ty:bug,a:app"
wandb/wandb,MLOps,11707,2026-04-13,2026-04-13,0,
wandb/wandb,MLOps,11706,2026-04-13,2026-04-13,0,
wandb/wandb,MLOps,11705,2026-04-13,2026-04-13,0,
wandb/wandb,MLOps,11703,2026-04-13,2026-04-28,15,ty:feature
allegroai/clearml,MLOps,1616,2026-05-06,2026-05-06,0,
allegroai/clearml,MLOps,1615,2026-05-05,2026-05-05,0,
allegroai/clearml,MLOps,1614,2026-05-05,2026-05-05,0,
allegroai/clearml,MLOps,1613,2026-05-01,2026-05-01,0,
allegroai/clearml,MLOps,1612,2026-05-01,2026-05-01,0,
allegroai/clearml,MLOps,1611,2026-04-30,2026-04-30,0,
allegroai/clearml,MLOps,1610,2026-04-30,2026-04-30,0,
allegroai/clearml,MLOps,1607,2026-04-27,2026-04-27,0,
allegroai/clearml,MLOps,1606,2026-04-26,2026-04-26,0,
allegroai/clearml,MLOps,1605,2026-04-25,2026-04-25,0,
allegroai/clearml,MLOps,1604,2026-04-24,2026-04-24,0,
allegroai/clearml,MLOps,1603,2026-04-23,2026-04-23,0,
allegroai/clearml,MLOps,1602,2026-04-23,2026-04-23,0,
allegroai/clearml,MLOps,1600,2026-04-17,2026-04-24,7,bug
allegroai/clearml,MLOps,1599,2026-04-16,2026-04-16,0,
allegroai/clearml,MLOps,1598,2026-04-16,2026-04-19,2,
allegroai/clearml,MLOps,1597,2026-04-16,2026-04-24,8,bug
allegroai/clearml,MLOps,1595,2026-04-10,2026-04-10,0,
allegroai/clearml,MLOps,1594,2026-04-10,2026-04-13,2,bug
allegroai/clearml,MLOps,1593,2026-04-08,2026-04-08,0,
allegroai/clearml,MLOps,1592,2026-04-08,2026-04-08,0,
allegroai/clearml,MLOps,1591,2026-04-08,2026-04-21,13,"dependencies,python"
allegroai/clearml,MLOps,1590,2026-04-05,2026-04-30,25,
allegroai/clearml,MLOps,1589,2026-04-05,2026-04-05,0,
allegroai/clearml,MLOps,1588,2026-04-02,2026-04-02,0,
allegroai/clearml,MLOps,1587,2026-03-31,2026-03-31,0,
allegroai/clearml,MLOps,1586,2026-03-31,2026-03-31,0,
allegroai/clearml,MLOps,1585,2026-03-25,2026-04-10,15,
allegroai/clearml,MLOps,1584,2026-03-25,2026-03-25,0,
allegroai/clearml,MLOps,1583,2026-03-25,2026-03-26,1,
allegroai/clearml,MLOps,1582,2026-03-25,2026-04-03,9,
allegroai/clearml,MLOps,1581,2026-03-24,2026-03-24,0,
allegroai/clearml,MLOps,1580,2026-03-24,2026-03-24,0,
allegroai/clearml,MLOps,1579,2026-03-24,2026-03-24,0,bug
allegroai/clearml,MLOps,1578,2026-03-24,2026-03-24,0,
allegroai/clearml,MLOps,1576,2026-03-23,2026-03-23,0,
allegroai/clearml,MLOps,1575,2026-03-23,2026-03-23,0,bug
allegroai/clearml,MLOps,1574,2026-03-22,2026-04-12,21,bug
allegroai/clearml,MLOps,1573,2026-03-20,2026-03-20,0,
allegroai/clearml,MLOps,1572,2026-03-20,2026-03-20,0,
allegroai/clearml,MLOps,1571,2026-03-20,2026-03-20,0,
allegroai/clearml,MLOps,1570,2026-03-18,2026-03-23,4,
allegroai/clearml,MLOps,1567,2026-03-17,2026-03-20,2,
allegroai/clearml,MLOps,1566,2026-03-17,2026-03-19,2,
allegroai/clearml,MLOps,1564,2026-03-17,2026-03-17,0,
allegroai/clearml,MLOps,1563,2026-03-17,2026-03-17,0,
allegroai/clearml,MLOps,1561,2026-03-16,2026-03-23,6,
allegroai/clearml,MLOps,1560,2026-03-16,2026-04-03,17,
allegroai/clearml,MLOps,1559,2026-03-16,2026-04-23,38,
allegroai/clearml,MLOps,1558,2026-03-14,2026-04-03,19,
allegroai/clearml,MLOps,1557,2026-03-14,2026-03-24,10,
allegroai/clearml,MLOps,1556,2026-03-13,2026-03-23,9,bug
allegroai/clearml,MLOps,1555,2026-03-13,2026-03-13,0,
allegroai/clearml,MLOps,1550,2026-03-11,2026-04-02,21,
allegroai/clearml,MLOps,1549,2026-03-04,2026-03-13,8,
allegroai/clearml,MLOps,1548,2026-03-04,2026-03-12,7,
allegroai/clearml,MLOps,1546,2026-03-04,2026-03-11,6,
allegroai/clearml,MLOps,1545,2026-03-04,2026-03-15,10,
allegroai/clearml,MLOps,1544,2026-03-04,2026-03-09,4,
allegroai/clearml,MLOps,1543,2026-03-04,2026-03-15,10,
allegroai/clearml,MLOps,1542,2026-03-04,2026-03-05,0,
allegroai/clearml,MLOps,1541,2026-03-04,2026-03-15,10,
allegroai/clearml,MLOps,1538,2026-02-25,2026-02-25,0,
allegroai/clearml,MLOps,1537,2026-02-25,2026-03-03,5,
allegroai/clearml,MLOps,1535,2026-02-23,2026-02-23,0,
allegroai/clearml,MLOps,1534,2026-02-22,2026-03-02,8,
allegroai/clearml,MLOps,1533,2026-02-22,2026-03-03,9,
allegroai/clearml,MLOps,1532,2026-02-22,2026-02-28,6,
allegroai/clearml,MLOps,1531,2026-02-22,2026-03-03,9,
allegroai/clearml,MLOps,1530,2026-02-22,2026-02-27,5,
allegroai/clearml,MLOps,1529,2026-02-22,2026-03-03,9,
allegroai/clearml,MLOps,1528,2026-02-22,2026-02-23,0,
allegroai/clearml,MLOps,1527,2026-02-22,2026-02-24,2,
allegroai/clearml,MLOps,1526,2026-02-22,2026-03-03,9,
allegroai/clearml,MLOps,1525,2026-02-22,2026-03-03,9,
allegroai/clearml,MLOps,1524,2026-02-22,2026-02-22,0,
allegroai/clearml,MLOps,1523,2026-02-22,2026-02-22,0,
allegroai/clearml,MLOps,1521,2026-02-16,2026-02-16,0,
allegroai/clearml,MLOps,1520,2026-02-08,2026-02-10,1,
allegroai/clearml,MLOps,1518,2026-02-07,2026-02-14,7,
allegroai/clearml,MLOps,1517,2026-02-04,2026-04-10,64,bug
allegroai/clearml,MLOps,1516,2026-02-03,2026-02-19,16,
allegroai/clearml,MLOps,1515,2026-01-26,2026-04-23,86,
allegroai/clearml,MLOps,1514,2026-01-26,2026-04-23,86,bug
allegroai/clearml,MLOps,1513,2026-01-21,2026-02-26,35,
allegroai/clearml,MLOps,1512,2026-01-21,2026-05-04,102,
allegroai/clearml,MLOps,1510,2026-01-19,2026-01-19,0,
allegroai/clearml,MLOps,1509,2026-01-17,2026-01-21,4,
allegroai/clearml,MLOps,1495,2025-11-26,2025-11-26,0,"dependencies,python"
allegroai/clearml,MLOps,1494,2025-11-26,2025-11-26,0,"dependencies,python"
allegroai/clearml,MLOps,1493,2025-11-24,2025-11-24,0,
allegroai/clearml,MLOps,1492,2025-11-24,2025-11-24,0,
allegroai/clearml,MLOps,1491,2025-11-24,2025-11-26,1,
allegroai/clearml,MLOps,1490,2025-11-20,2026-03-16,116,bug
allegroai/clearml,MLOps,1487,2025-11-06,2025-11-09,2,bug
allegroai/clearml,MLOps,1483,2025-10-23,2025-11-26,33,
allegroai/clearml,MLOps,1479,2025-10-18,2025-11-29,41,
allegroai/clearml,MLOps,1477,2025-10-17,2025-11-18,32,bug
allegroai/clearml,MLOps,1473,2025-10-07,2025-10-12,4,bug
allegroai/clearml,MLOps,1468,2025-09-22,2025-09-23,0,
zenml-io/zenml,MLOps,4799,2026-05-06,2026-05-06,0,"enhancement,internal,no-release-notes"
zenml-io/zenml,MLOps,4798,2026-05-06,2026-05-06,0,"bug,internal,release-notes"
zenml-io/zenml,MLOps,4797,2026-05-05,2026-05-05,0,"bug,internal,release-notes"
zenml-io/zenml,MLOps,4795,2026-05-05,2026-05-05,0,"internal,dependencies,no-release-notes"
zenml-io/zenml,MLOps,4785,2026-04-29,2026-04-30,0,"bug,no-release-notes"
zenml-io/zenml,MLOps,4784,2026-04-29,2026-04-30,0,"enhancement,internal,release-notes"
zenml-io/zenml,MLOps,4779,2026-04-28,2026-05-05,7,"internal,dependencies,no-release-notes"
zenml-io/zenml,MLOps,4776,2026-04-27,2026-04-27,0,"documentation,internal,no-release-notes"
zenml-io/zenml,MLOps,4772,2026-04-27,2026-04-27,0,"documentation,internal,no-release-notes"
zenml-io/zenml,MLOps,4771,2026-04-27,2026-04-27,0,"bug,no-release-notes"
zenml-io/zenml,MLOps,4770,2026-04-27,2026-04-27,0,"bug,internal,no-release-notes"
zenml-io/zenml,MLOps,4769,2026-04-24,2026-04-28,3,"bug,internal,run-slow-ci,release-notes"
zenml-io/zenml,MLOps,4768,2026-04-24,2026-04-24,0,"internal,no-release-notes"
zenml-io/zenml,MLOps,4767,2026-04-24,2026-04-24,0,"documentation,internal,backport"
zenml-io/zenml,MLOps,4766,2026-04-24,2026-04-24,0,no-release-notes
zenml-io/zenml,MLOps,4765,2026-04-24,2026-04-24,0,"internal,run-slow-ci,release,no-release-notes"
zenml-io/zenml,MLOps,4763,2026-04-23,2026-04-23,0,"bug,no-release-notes"
zenml-io/zenml,MLOps,4762,2026-04-23,2026-04-23,0,"bug,internal,no-release-notes"
zenml-io/zenml,MLOps,4760,2026-04-23,2026-04-24,0,"bug,internal,no-release-notes"
zenml-io/zenml,MLOps,4758,2026-04-23,2026-04-23,0,"bug,no-release-notes"
zenml-io/zenml,MLOps,4757,2026-04-23,2026-04-23,0,"planned,core-team"
zenml-io/zenml,MLOps,4756,2026-04-22,2026-05-06,13,"enhancement,internal,run-slow-ci,release-notes"
zenml-io/zenml,MLOps,4755,2026-04-22,2026-04-22,0,"bug,internal,release-notes"
zenml-io/zenml,MLOps,4754,2026-04-21,2026-04-22,0,"bug,no-release-notes"
zenml-io/zenml,MLOps,4752,2026-04-21,2026-04-22,1,"enhancement,run-slow-ci,release-notes"
zenml-io/zenml,MLOps,4751,2026-04-21,2026-04-21,0,"documentation,internal,no-release-notes"
zenml-io/zenml,MLOps,4749,2026-04-21,2026-04-28,7,"internal,dependencies,no-release-notes"
zenml-io/zenml,MLOps,4747,2026-04-20,2026-04-23,2,"bug,internal,release-notes"
zenml-io/zenml,MLOps,4746,2026-04-20,2026-04-21,1,"documentation,internal,no-release-notes"
zenml-io/zenml,MLOps,4745,2026-04-20,2026-04-20,0,"enhancement,no-release-notes"
zenml-io/zenml,MLOps,4744,2026-04-20,2026-04-20,0,release-notes
zenml-io/zenml,MLOps,4743,2026-04-20,2026-04-22,2,"enhancement,run-slow-ci,release-notes"
zenml-io/zenml,MLOps,4741,2026-04-17,2026-05-05,18,no-release-notes
zenml-io/zenml,MLOps,4736,2026-04-17,2026-05-06,19,"stale,no-release-notes"
zenml-io/zenml,MLOps,4735,2026-04-16,2026-04-16,0,"bug,internal"
zenml-io/zenml,MLOps,4732,2026-04-15,2026-04-16,0,"enhancement,kitaru_deploy"
zenml-io/zenml,MLOps,4731,2026-04-15,2026-04-16,0,"enhancement,kitaru_deploy"
zenml-io/zenml,MLOps,4730,2026-04-15,2026-04-15,0,enhancement
zenml-io/zenml,MLOps,4729,2026-04-15,2026-04-22,6,"bug,internal,run-slow-ci,release-notes"
zenml-io/zenml,MLOps,4726,2026-04-14,2026-04-23,8,"planned,backend,core-team,release-notes"
zenml-io/zenml,MLOps,4725,2026-04-14,2026-04-14,0,"internal,dependencies,no-release-notes"
zenml-io/zenml,MLOps,4724,2026-04-13,2026-04-22,8,"internal,run-slow-ci,no-release-notes"
zenml-io/zenml,MLOps,4722,2026-04-11,2026-04-13,1,"internal,no-release-notes"
zenml-io/zenml,MLOps,4721,2026-04-11,2026-04-13,1,"internal,no-release-notes"
zenml-io/zenml,MLOps,4720,2026-04-10,2026-05-06,26,"internal,core-team,no-release-notes"
zenml-io/zenml,MLOps,4717,2026-04-10,2026-04-10,0,"enhancement,internal,no-release-notes"
zenml-io/zenml,MLOps,4716,2026-04-09,2026-04-24,14,"enhancement,internal,release-notes"
zenml-io/zenml,MLOps,4715,2026-04-09,2026-04-09,0,"enhancement,internal,no-release-notes"
zenml-io/zenml,MLOps,4714,2026-04-09,2026-04-10,0,core-team
zenml-io/zenml,MLOps,4710,2026-04-09,2026-04-10,0,core-team
zenml-io/zenml,MLOps,4708,2026-04-08,2026-05-04,25,"enhancement,internal,no-release-notes"
zenml-io/zenml,MLOps,4707,2026-04-08,2026-04-08,0,"bug,no-release-notes"
zenml-io/zenml,MLOps,4706,2026-04-08,2026-04-08,0,
zenml-io/zenml,MLOps,4705,2026-04-08,2026-04-08,0,"internal,dependencies,no-release-notes"
zenml-io/zenml,MLOps,4703,2026-04-08,2026-04-08,0,"internal,gtm-team,no-release-notes"
zenml-io/zenml,MLOps,4702,2026-04-08,2026-04-08,0,"documentation,internal,backport"
zenml-io/zenml,MLOps,4701,2026-04-08,2026-04-08,0,no-release-notes
zenml-io/zenml,MLOps,4699,2026-04-08,2026-04-23,15,"enhancement,internal,planned,core-team,release-notes"
zenml-io/zenml,MLOps,4696,2026-04-08,2026-04-08,0,"internal,run-slow-ci,release,no-release-notes"
zenml-io/zenml,MLOps,4695,2026-04-07,2026-05-06,28,
zenml-io/zenml,MLOps,4694,2026-04-07,2026-04-09,1,"planned,core-team"
zenml-io/zenml,MLOps,4693,2026-04-07,2026-04-07,0,"bug,no-release-notes"
zenml-io/zenml,MLOps,4692,2026-04-07,2026-04-17,10,"enhancement,run-slow-ci,release-notes"
zenml-io/zenml,MLOps,4691,2026-04-07,2026-04-08,1,"internal,dependencies,no-release-notes"
zenml-io/zenml,MLOps,4690,2026-04-06,2026-04-07,0,
zenml-io/zenml,MLOps,4689,2026-04-06,2026-04-07,0,"internal,backport,no-release-notes"
zenml-io/zenml,MLOps,4688,2026-04-06,2026-04-06,0,"documentation,internal,no-release-notes"
zenml-io/zenml,MLOps,4686,2026-04-04,2026-05-05,31,no-release-notes
zenml-io/zenml,MLOps,4685,2026-04-04,2026-05-06,32,
zenml-io/zenml,MLOps,4681,2026-04-02,2026-04-07,4,"internal,no-release-notes"
zenml-io/zenml,MLOps,4680,2026-04-02,2026-04-08,5,"enhancement,internal,release-notes"
zenml-io/zenml,MLOps,4679,2026-04-02,2026-04-07,4,"bug,internal,release-notes"
zenml-io/zenml,MLOps,4678,2026-04-02,2026-04-02,0,"documentation,internal,backport,no-release-notes"
zenml-io/zenml,MLOps,4677,2026-04-02,2026-04-02,0,"documentation,internal,gtm-team,no-release-notes"
zenml-io/zenml,MLOps,4676,2026-04-02,2026-04-29,26,"internal,backend,core-team"
zenml-io/zenml,MLOps,4674,2026-04-02,2026-04-27,25,"planned,backend,core-team"
zenml-io/zenml,MLOps,4671,2026-04-01,2026-04-24,22,"enhancement,internal,run-slow-ci,release-notes"
zenml-io/zenml,MLOps,4669,2026-04-01,2026-04-27,25,"enhancement,internal,planned,stale"
zenml-io/zenml,MLOps,4668,2026-04-01,2026-04-07,5,"bug,internal,release-notes"
zenml-io/zenml,MLOps,4667,2026-04-01,2026-04-01,0,"bug,internal,no-release-notes"
zenml-io/zenml,MLOps,4666,2026-04-01,2026-04-01,0,"internal,dependencies,no-release-notes"
zenml-io/zenml,MLOps,4665,2026-04-01,2026-04-01,0,"internal,dependencies,no-release-notes"
zenml-io/zenml,MLOps,4663,2026-04-01,2026-04-01,0,"internal,dependencies,no-release-notes"
zenml-io/zenml,MLOps,4662,2026-04-01,2026-05-06,35,"enhancement,internal,no-release-notes"
zenml-io/zenml,MLOps,4661,2026-04-01,2026-04-01,0,"internal,dependencies,no-release-notes"
zenml-io/zenml,MLOps,4660,2026-04-01,2026-04-02,1,"enhancement,internal,no-release-notes"
zenml-io/zenml,MLOps,4659,2026-03-31,2026-04-08,8,"internal,security,run-slow-ci,no-release-notes"
zenml-io/zenml,MLOps,4657,2026-03-31,2026-04-01,1,"internal,dependencies,no-release-notes"
zenml-io/zenml,MLOps,4656,2026-03-31,2026-04-01,1,"internal,dependencies,no-release-notes"
zenml-io/zenml,MLOps,4655,2026-03-31,2026-04-01,1,"internal,dependencies,no-release-notes"
zenml-io/zenml,MLOps,4654,2026-03-31,2026-04-01,1,"internal,dependencies,no-release-notes"
zenml-io/zenml,MLOps,4653,2026-03-31,2026-04-01,1,"internal,no-release-notes"
zenml-io/zenml,MLOps,4651,2026-03-29,2026-04-10,11,"enhancement,internal,run-slow-ci,release-notes"
zenml-io/zenml,MLOps,4650,2026-03-29,2026-03-30,0,
zenml-io/zenml,MLOps,4649,2026-03-27,2026-04-08,11,"bug,internal,release-notes"
zenml-io/zenml,MLOps,4647,2026-03-26,2026-04-09,14,"planned,core-team"
zenml-io/zenml,MLOps,4646,2026-03-26,2026-04-09,14,"planned,core-team"
zenml-io/zenml,MLOps,4645,2026-03-25,2026-04-23,28,"internal,stale"
zenml-io/zenml,MLOps,4643,2026-03-24,2026-04-01,8,"internal,dependencies,no-release-notes"
zenml-io/zenml,MLOps,4642,2026-03-23,2026-04-10,17,"enhancement,internal,planned"
feast-dev/feast,MLOps,6371,2026-05-06,2026-05-06,0,ok-to-test
feast-dev/feast,MLOps,6369,2026-05-05,2026-05-06,0,ok-to-test
feast-dev/feast,MLOps,6368,2026-05-05,2026-05-06,0,
feast-dev/feast,MLOps,6364,2026-05-03,2026-05-03,0,ok-to-test
feast-dev/feast,MLOps,6363,2026-05-03,2026-05-03,0,
feast-dev/feast,MLOps,6361,2026-05-03,2026-05-06,3,ok-to-test
feast-dev/feast,MLOps,6360,2026-05-02,2026-05-03,0,ok-to-test
feast-dev/feast,MLOps,6357,2026-05-01,2026-05-03,1,ok-to-test
feast-dev/feast,MLOps,6356,2026-05-01,2026-05-01,0,ok-to-test
feast-dev/feast,MLOps,6355,2026-05-01,2026-05-01,0,ok-to-test
feast-dev/feast,MLOps,6353,2026-04-30,2026-05-01,0,"dependencies,python"
feast-dev/feast,MLOps,6352,2026-04-30,2026-05-01,0,"dependencies,python"
feast-dev/feast,MLOps,6351,2026-04-30,2026-05-01,1,
feast-dev/feast,MLOps,6348,2026-04-30,2026-04-30,0,ok-to-test
feast-dev/feast,MLOps,6347,2026-04-29,2026-05-03,3,ok-to-test
feast-dev/feast,MLOps,6346,2026-04-29,2026-04-30,0,
feast-dev/feast,MLOps,6345,2026-04-29,2026-05-03,3,kind/feature
feast-dev/feast,MLOps,6344,2026-04-28,2026-05-01,2,ok-to-test
feast-dev/feast,MLOps,6343,2026-04-28,2026-04-30,2,ok-to-test
feast-dev/feast,MLOps,6339,2026-04-27,2026-05-01,3,ok-to-test
feast-dev/feast,MLOps,6338,2026-04-27,2026-04-27,0,
feast-dev/feast,MLOps,6337,2026-04-26,2026-04-30,4,ok-to-test
feast-dev/feast,MLOps,6336,2026-04-26,2026-04-30,4,ok-to-test
feast-dev/feast,MLOps,6335,2026-04-26,2026-04-30,4,ok-to-test
feast-dev/feast,MLOps,6333,2026-04-26,2026-04-30,4,"dependencies,python"
feast-dev/feast,MLOps,6332,2026-04-25,2026-04-30,5,ok-to-test
feast-dev/feast,MLOps,6330,2026-04-25,2026-04-28,3,ok-to-test
feast-dev/feast,MLOps,6328,2026-04-24,2026-04-25,0,ok-to-test
feast-dev/feast,MLOps,6323,2026-04-23,2026-04-28,4,ok-to-test
feast-dev/feast,MLOps,6322,2026-04-23,2026-05-01,7,ok-to-test
feast-dev/feast,MLOps,6321,2026-04-23,2026-04-30,7,
feast-dev/feast,MLOps,6319,2026-04-22,2026-04-23,0,
feast-dev/feast,MLOps,6318,2026-04-22,2026-05-06,13,ok-to-test
feast-dev/feast,MLOps,6317,2026-04-22,2026-04-27,4,ok-to-test
feast-dev/feast,MLOps,6316,2026-04-22,2026-04-22,0,ok-to-test
feast-dev/feast,MLOps,6315,2026-04-22,2026-05-01,9,ok-to-test
feast-dev/feast,MLOps,6312,2026-04-21,2026-04-23,1,ok-to-test
feast-dev/feast,MLOps,6311,2026-04-21,2026-04-22,0,ok-to-test
feast-dev/feast,MLOps,6310,2026-04-21,2026-04-22,0,ok-to-test
feast-dev/feast,MLOps,6309,2026-04-21,2026-04-30,8,"dependencies,python"
feast-dev/feast,MLOps,6305,2026-04-21,2026-04-21,0,
feast-dev/feast,MLOps,6303,2026-04-21,2026-04-21,0,
feast-dev/feast,MLOps,6302,2026-04-20,2026-04-22,1,
feast-dev/feast,MLOps,6301,2026-04-20,2026-04-28,7,
feast-dev/feast,MLOps,6299,2026-04-20,2026-04-22,1,ok-to-test
feast-dev/feast,MLOps,6298,2026-04-20,2026-04-22,2,
feast-dev/feast,MLOps,6295,2026-04-18,2026-04-21,2,"kind/bug,priority/p2"
feast-dev/feast,MLOps,6293,2026-04-17,2026-04-28,10,ok-to-test
feast-dev/feast,MLOps,6289,2026-04-16,2026-04-23,6,"dependencies,go"
feast-dev/feast,MLOps,6287,2026-04-16,2026-04-16,0,ok-to-test
feast-dev/feast,MLOps,6286,2026-04-16,2026-04-16,0,ok-to-test
feast-dev/feast,MLOps,6285,2026-04-15,2026-04-30,14,"dependencies,python"
feast-dev/feast,MLOps,6282,2026-04-15,2026-04-15,0,ok-to-test
feast-dev/feast,MLOps,6280,2026-04-14,2026-04-16,1,ok-to-test
feast-dev/feast,MLOps,6279,2026-04-14,2026-04-17,2,ok-to-test
feast-dev/feast,MLOps,6275,2026-04-14,2026-04-15,1,ok-to-test
feast-dev/feast,MLOps,6271,2026-04-13,2026-04-14,0,ok-to-test
feast-dev/feast,MLOps,6270,2026-04-13,2026-04-26,12,kind/feature
feast-dev/feast,MLOps,6269,2026-04-13,2026-04-13,0,ok-to-test
feast-dev/feast,MLOps,6268,2026-04-13,2026-04-14,1,ok-to-test
feast-dev/feast,MLOps,6267,2026-04-12,2026-04-12,0,
feast-dev/feast,MLOps,6266,2026-04-11,2026-04-13,1,
feast-dev/feast,MLOps,6265,2026-04-11,2026-04-16,4,ok-to-test
feast-dev/feast,MLOps,6264,2026-04-11,2026-04-11,0,
feast-dev/feast,MLOps,6263,2026-04-11,2026-04-11,0,
feast-dev/feast,MLOps,6260,2026-04-11,2026-04-14,3,ok-to-test
feast-dev/feast,MLOps,6259,2026-04-10,2026-04-14,3,ok-to-test
feast-dev/feast,MLOps,6257,2026-04-10,2026-04-13,2,ok-to-test
feast-dev/feast,MLOps,6256,2026-04-10,2026-04-11,1,ok-to-test
feast-dev/feast,MLOps,6255,2026-04-10,2026-04-14,3,"kind/bug,priority/p2"
feast-dev/feast,MLOps,6253,2026-04-09,2026-04-11,1,
feast-dev/feast,MLOps,6251,2026-04-09,2026-04-10,0,ok-to-test
feast-dev/feast,MLOps,6250,2026-04-09,2026-04-09,0,
feast-dev/feast,MLOps,6249,2026-04-09,2026-04-21,12,ok-to-test
feast-dev/feast,MLOps,6248,2026-04-08,2026-04-10,1,ok-to-test
feast-dev/feast,MLOps,6247,2026-04-08,2026-04-10,1,"dependencies,go"
feast-dev/feast,MLOps,6243,2026-04-08,2026-04-11,2,ok-to-test
feast-dev/feast,MLOps,6242,2026-04-08,2026-04-13,4,ok-to-test
feast-dev/feast,MLOps,6241,2026-04-08,2026-04-09,0,
feast-dev/feast,MLOps,6240,2026-04-08,2026-05-01,22,ok-to-test
feast-dev/feast,MLOps,6239,2026-04-08,2026-04-08,0,
feast-dev/feast,MLOps,6238,2026-04-08,2026-04-08,0,
feast-dev/feast,MLOps,6236,2026-04-08,2026-04-16,8,"kind/bug,priority/p2"
feast-dev/feast,MLOps,6231,2026-04-07,2026-04-08,0,
feast-dev/feast,MLOps,6229,2026-04-05,2026-04-14,8,ok-to-test
feast-dev/feast,MLOps,6227,2026-04-05,2026-04-07,2,ok-to-test
feast-dev/feast,MLOps,6226,2026-04-05,2026-04-06,1,ok-to-test
feast-dev/feast,MLOps,6225,2026-04-04,2026-04-07,3,ok-to-test
feast-dev/feast,MLOps,6223,2026-04-04,2026-04-15,11,ok-to-test
feast-dev/feast,MLOps,6220,2026-04-02,2026-04-06,3,ok-to-test
feast-dev/feast,MLOps,6219,2026-04-02,2026-04-09,7,ok-to-test
feast-dev/feast,MLOps,6217,2026-04-02,2026-04-07,5,ok-to-test
feast-dev/feast,MLOps,6216,2026-04-02,2026-04-03,1,ok-to-test
feast-dev/feast,MLOps,6215,2026-04-01,2026-04-03,1,"dependencies,python"
feast-dev/feast,MLOps,6213,2026-04-01,2026-04-01,0,
feast-dev/feast,MLOps,6212,2026-04-01,2026-05-06,34,
feast-dev/feast,MLOps,6210,2026-04-01,2026-04-22,21,
feast-dev/feast,MLOps,6209,2026-04-01,2026-05-06,34,priority/p2
feast-dev/feast,MLOps,6208,2026-04-01,2026-04-11,10,kind/bug
feast-dev/feast,MLOps,6207,2026-04-01,2026-05-01,29,
netflix/metaflow,MLOps,3180,2026-05-06,2026-05-06,0,
netflix/metaflow,MLOps,3178,2026-05-06,2026-05-06,0,
netflix/metaflow,MLOps,3177,2026-05-06,2026-05-06,0,
netflix/metaflow,MLOps,3176,2026-05-05,2026-05-05,0,
netflix/metaflow,MLOps,3175,2026-05-05,2026-05-05,0,
netflix/metaflow,MLOps,3173,2026-05-05,2026-05-05,0,
netflix/metaflow,MLOps,3171,2026-05-04,2026-05-05,0,
netflix/metaflow,MLOps,3168,2026-04-30,2026-04-30,0,
netflix/metaflow,MLOps,3160,2026-04-29,2026-05-03,3,
netflix/metaflow,MLOps,3158,2026-04-28,2026-04-28,0,
netflix/metaflow,MLOps,3157,2026-04-27,2026-04-28,0,ok-to-test
netflix/metaflow,MLOps,3156,2026-04-27,2026-05-06,8,
netflix/metaflow,MLOps,3154,2026-04-27,2026-04-27,0,"testable,ok-to-test"
netflix/metaflow,MLOps,3150,2026-04-26,2026-04-27,1,
netflix/metaflow,MLOps,3149,2026-04-26,2026-04-27,1,ok-to-test
netflix/metaflow,MLOps,3147,2026-04-24,2026-04-27,3,
netflix/metaflow,MLOps,3146,2026-04-24,2026-04-26,2,
netflix/metaflow,MLOps,3145,2026-04-23,2026-04-23,0,
netflix/metaflow,MLOps,3143,2026-04-22,2026-04-22,0,
netflix/metaflow,MLOps,3142,2026-04-22,2026-04-22,0,
netflix/metaflow,MLOps,3141,2026-04-22,2026-04-22,0,
netflix/metaflow,MLOps,3140,2026-04-22,2026-04-22,0,
netflix/metaflow,MLOps,3139,2026-04-22,2026-04-22,0,
netflix/metaflow,MLOps,3138,2026-04-22,2026-04-22,0,
netflix/metaflow,MLOps,3137,2026-04-22,2026-04-22,0,
netflix/metaflow,MLOps,3136,2026-04-22,2026-04-22,0,
netflix/metaflow,MLOps,3135,2026-04-22,2026-04-22,0,
netflix/metaflow,MLOps,3133,2026-04-22,2026-04-22,0,
netflix/metaflow,MLOps,3132,2026-04-22,2026-04-22,0,
netflix/metaflow,MLOps,3131,2026-04-21,2026-04-21,0,
netflix/metaflow,MLOps,3129,2026-04-20,2026-04-27,7,"dependencies,javascript"
netflix/metaflow,MLOps,3127,2026-04-18,2026-04-20,2,
netflix/metaflow,MLOps,3126,2026-04-17,2026-04-20,2,
netflix/metaflow,MLOps,3125,2026-04-17,2026-05-06,18,
netflix/metaflow,MLOps,3123,2026-04-16,2026-05-01,15,
netflix/metaflow,MLOps,3122,2026-04-16,2026-04-26,10,
netflix/metaflow,MLOps,3121,2026-04-16,2026-04-26,10,
netflix/metaflow,MLOps,3120,2026-04-16,2026-04-28,11,
netflix/metaflow,MLOps,3117,2026-04-15,2026-05-05,19,
netflix/metaflow,MLOps,3116,2026-04-15,2026-04-15,0,
netflix/metaflow,MLOps,3115,2026-04-15,2026-04-22,7,
netflix/metaflow,MLOps,3114,2026-04-14,2026-04-22,7,
netflix/metaflow,MLOps,3113,2026-04-14,2026-04-14,0,
netflix/metaflow,MLOps,3089,2026-04-10,2026-04-20,10,"dependencies,javascript"
netflix/metaflow,MLOps,3088,2026-04-08,2026-04-08,0,
netflix/metaflow,MLOps,3082,2026-04-03,2026-05-01,27,
netflix/metaflow,MLOps,3079,2026-03-31,2026-04-24,23,
netflix/metaflow,MLOps,3077,2026-03-31,2026-03-31,0,
netflix/metaflow,MLOps,3070,2026-03-31,2026-04-27,26,
netflix/metaflow,MLOps,3069,2026-03-30,2026-04-09,9,
netflix/metaflow,MLOps,3068,2026-03-30,2026-04-27,27,
netflix/metaflow,MLOps,3065,2026-03-30,2026-04-27,27,
netflix/metaflow,MLOps,3064,2026-03-30,2026-04-27,27,
netflix/metaflow,MLOps,3060,2026-03-30,2026-04-27,27,
netflix/metaflow,MLOps,3059,2026-03-30,2026-04-27,28,
netflix/metaflow,MLOps,3058,2026-03-30,2026-04-27,28,
netflix/metaflow,MLOps,3057,2026-03-30,2026-04-27,28,
netflix/metaflow,MLOps,3056,2026-03-30,2026-04-27,28,
netflix/metaflow,MLOps,3054,2026-03-29,2026-04-27,28,
netflix/metaflow,MLOps,3050,2026-03-29,2026-04-27,28,
netflix/metaflow,MLOps,3049,2026-03-29,2026-04-27,28,
netflix/metaflow,MLOps,3046,2026-03-28,2026-03-29,0,
netflix/metaflow,MLOps,3045,2026-03-28,2026-04-27,29,
netflix/metaflow,MLOps,3041,2026-03-25,2026-04-11,16,
netflix/metaflow,MLOps,3039,2026-03-20,2026-04-27,37,
netflix/metaflow,MLOps,3036,2026-03-18,2026-03-19,1,
netflix/metaflow,MLOps,3030,2026-03-13,2026-03-13,0,
netflix/metaflow,MLOps,3028,2026-03-13,2026-03-13,0,
netflix/metaflow,MLOps,3026,2026-03-13,2026-04-27,44,
netflix/metaflow,MLOps,3023,2026-03-12,2026-04-16,35,
netflix/metaflow,MLOps,3016,2026-03-12,2026-03-13,1,
netflix/metaflow,MLOps,3009,2026-03-12,2026-03-12,0,
netflix/metaflow,MLOps,3008,2026-03-11,2026-03-11,0,
netflix/metaflow,MLOps,3005,2026-03-11,2026-03-17,6,
netflix/metaflow,MLOps,3002,2026-03-11,2026-03-11,0,
netflix/metaflow,MLOps,3000,2026-03-09,2026-03-12,2,
netflix/metaflow,MLOps,2999,2026-03-09,2026-03-12,2,
netflix/metaflow,MLOps,2998,2026-03-08,2026-03-12,3,
netflix/metaflow,MLOps,2997,2026-03-08,2026-03-12,3,
netflix/metaflow,MLOps,2996,2026-03-08,2026-03-12,3,
netflix/metaflow,MLOps,2995,2026-03-08,2026-03-12,3,
netflix/metaflow,MLOps,2994,2026-03-08,2026-03-12,3,
netflix/metaflow,MLOps,2993,2026-03-08,2026-03-12,3,
netflix/metaflow,MLOps,2992,2026-03-08,2026-03-12,3,
netflix/metaflow,MLOps,2991,2026-03-08,2026-03-12,3,
netflix/metaflow,MLOps,2990,2026-03-08,2026-03-08,0,
netflix/metaflow,MLOps,2989,2026-03-07,2026-03-08,0,
netflix/metaflow,MLOps,2987,2026-03-07,2026-03-07,0,
netflix/metaflow,MLOps,2986,2026-03-07,2026-03-07,0,
netflix/metaflow,MLOps,2985,2026-03-07,2026-03-07,0,
netflix/metaflow,MLOps,2984,2026-03-07,2026-03-07,0,
netflix/metaflow,MLOps,2983,2026-03-07,2026-03-07,0,
netflix/metaflow,MLOps,2980,2026-03-07,2026-03-07,0,
netflix/metaflow,MLOps,2979,2026-03-07,2026-03-07,0,
netflix/metaflow,MLOps,2978,2026-03-07,2026-03-07,0,
netflix/metaflow,MLOps,2976,2026-03-07,2026-03-07,0,
netflix/metaflow,MLOps,2972,2026-03-06,2026-03-07,1,
netflix/metaflow,MLOps,2971,2026-03-06,2026-03-07,1,
netflix/metaflow,MLOps,2969,2026-03-05,2026-04-10,35,
netflix/metaflow,MLOps,2968,2026-03-05,2026-03-07,2,gsoc
apache/airflow,MLOps,66495,2026-05-06,2026-05-06,0,area:dev-tools
apache/airflow,MLOps,66493,2026-05-06,2026-05-06,0,
apache/airflow,MLOps,66473,2026-05-06,2026-05-06,0,"provider:amazon,area:providers,full tests needed"
apache/airflow,MLOps,66471,2026-05-06,2026-05-06,0,"area:providers,provider:cncf-kubernetes"
apache/airflow,MLOps,66470,2026-05-06,2026-05-06,0,"kind:bug,area:providers,priority:medium,provider:cncf-kubernetes"
apache/airflow,MLOps,66458,2026-05-06,2026-05-06,0,kind:documentation
apache/airflow,MLOps,66457,2026-05-06,2026-05-06,0,"area:providers,kind:documentation,provider:standard"
apache/airflow,MLOps,66456,2026-05-06,2026-05-06,0,"area:dev-tools,backport-to-v3-2-test"
apache/airflow,MLOps,66455,2026-05-06,2026-05-06,0,"provider:microsoft-azure,area:providers,kind:documentation"
apache/airflow,MLOps,66452,2026-05-06,2026-05-06,0,"provider:microsoft-azure,area:providers,kind:documentation"
apache/airflow,MLOps,66448,2026-05-05,2026-05-06,0,"area:providers,provider:cncf-kubernetes"
apache/airflow,MLOps,66446,2026-05-05,2026-05-06,0,"area:Triggerer,area:task-sdk,area:ConfigTemplates"
apache/airflow,MLOps,66444,2026-05-05,2026-05-05,0,"area:dev-tools,backport-to-v3-2-test"
apache/airflow,MLOps,66442,2026-05-05,2026-05-06,0,"area:providers,provider:databricks"
apache/airflow,MLOps,66441,2026-05-05,2026-05-06,0,"kind:documentation,backport-to-v3-2-test"
apache/airflow,MLOps,66440,2026-05-05,2026-05-05,0,"area:logging,area:ConfigTemplates"
apache/airflow,MLOps,66438,2026-05-05,2026-05-05,0,"area:dev-tools,backport-to-v3-2-test"
apache/airflow,MLOps,66437,2026-05-05,2026-05-06,0,"kind:bug,area:providers,provider:cncf-kubernetes,needs-triage"
apache/airflow,MLOps,66436,2026-05-05,2026-05-05,0,"kind:bug,area:CI"
apache/airflow,MLOps,66433,2026-05-05,2026-05-06,0,"area:UI,backport-to-v3-2-test"
apache/airflow,MLOps,66430,2026-05-05,2026-05-06,0,
apache/airflow,MLOps,66429,2026-05-05,2026-05-05,0,"javascript,dependencies"
apache/airflow,MLOps,66428,2026-05-05,2026-05-06,0,"kind:bug,area:UI"
apache/airflow,MLOps,66427,2026-05-05,2026-05-05,0,"area:providers,provider:edge"
apache/airflow,MLOps,66424,2026-05-05,2026-05-05,0,"provider:google,provider:microsoft-azure,provider:amazon,area:providers,kind:documentation,provider:cncf-kubernetes,provider:common-sql,provider:databricks,provider:openlineage,provider:celery,provider:discord,provider:airbyte,provider:dbt-cloud,provider:apache-druid,provider:mysql,provider:yandex,provider:fab,provider:standard,provider:edge,provider:git,allow provider dependency bump,skip common compat check,provider:common-ai,provider:akeyless"
apache/airflow,MLOps,66422,2026-05-05,2026-05-05,0,area:UI
apache/airflow,MLOps,66421,2026-05-05,2026-05-05,0,area:UI
apache/airflow,MLOps,66415,2026-05-05,2026-05-05,0,"provider:google,area:providers,kind:documentation"
apache/airflow,MLOps,66412,2026-05-05,2026-05-05,0,"area:Triggerer,backport-to-v3-2-test"
apache/airflow,MLOps,66409,2026-05-05,2026-05-06,0,
apache/airflow,MLOps,66407,2026-05-05,2026-05-06,0,"area:providers,area:dev-tools"
apache/airflow,MLOps,66404,2026-05-05,2026-05-06,0,"provider:google,area:providers,kind:documentation"
apache/airflow,MLOps,66403,2026-05-05,2026-05-05,0,"area:dev-tools,area:db-migrations"
apache/airflow,MLOps,66401,2026-05-05,2026-05-05,0,"area:UI,area:translations,translation:zh-TW"
apache/airflow,MLOps,66400,2026-05-05,2026-05-05,0,"area:providers,provider:cncf-kubernetes"
apache/airflow,MLOps,66398,2026-05-05,2026-05-05,0,"area:UI,javascript,dependencies"
apache/airflow,MLOps,66396,2026-05-05,2026-05-05,0,"kind:bug,area:Scheduler,priority:high,provider:cncf-kubernetes"
apache/airflow,MLOps,66393,2026-05-05,2026-05-05,0,"area:providers,area:dev-tools,backport-to-v3-2-test"
apache/airflow,MLOps,66390,2026-05-05,2026-05-05,0,"area:UI,area:translations,translation:zh-TW"
apache/airflow,MLOps,66389,2026-05-05,2026-05-05,0,"area:providers,area:dev-tools,area:logging,area:API,area:helm-chart,kind:documentation,area:production-image,provider:fab,area:task-sdk,provider:edge,area:airflow-ctl,area:kubernetes-tests,area:docker-tests,provider:common-ai,area:registry"
apache/airflow,MLOps,66388,2026-05-05,2026-05-06,1,"kind:feature,AIP-108: java-sdk"
apache/airflow,MLOps,66382,2026-05-04,2026-05-05,0,"provider:amazon,area:providers,kind:documentation"
apache/airflow,MLOps,66381,2026-05-04,2026-05-05,0,area:Scheduler
apache/airflow,MLOps,66380,2026-05-04,2026-05-05,0,"provider:amazon,area:providers,kind:documentation"
apache/airflow,MLOps,66377,2026-05-04,2026-05-05,0,area:dev-tools
apache/airflow,MLOps,66376,2026-05-04,2026-05-04,0,"area:dev-tools,backport-to-v3-2-test"
apache/airflow,MLOps,66375,2026-05-04,2026-05-05,0,"provider:amazon,area:providers,kind:documentation"
apache/airflow,MLOps,66372,2026-05-04,2026-05-04,0,"provider:amazon,area:providers,kind:documentation"
apache/airflow,MLOps,66369,2026-05-04,2026-05-04,0,area:CLI
apache/airflow,MLOps,66367,2026-05-04,2026-05-05,1,area:API
apache/airflow,MLOps,66366,2026-05-04,2026-05-05,0,area:UI
apache/airflow,MLOps,66365,2026-05-04,2026-05-04,0,area:UI
apache/airflow,MLOps,66364,2026-05-04,2026-05-04,0,area:UI
apache/airflow,MLOps,66363,2026-05-04,2026-05-04,0,"provider:amazon,area:providers,area:dev-tools,kind:documentation"
apache/airflow,MLOps,66362,2026-05-04,2026-05-04,0,"provider:amazon,area:providers,area:dev-tools,kind:documentation"
apache/airflow,MLOps,66361,2026-05-04,2026-05-04,0,"provider:amazon,area:providers,area:dev-tools,kind:documentation"
apache/airflow,MLOps,66360,2026-05-04,2026-05-04,0,"provider:amazon,area:providers,area:dev-tools,kind:documentation,backport-to-v3-2-test"
apache/airflow,MLOps,66359,2026-05-04,2026-05-04,0,area:UI
apache/airflow,MLOps,66358,2026-05-04,2026-05-05,1,"kind:bug,priority:high,area:core,area:Triggerer"
apache/airflow,MLOps,66356,2026-05-04,2026-05-05,1,"area:dev-tools,area:UI,area:task-sdk,backport-to-v3-2-test"
apache/airflow,MLOps,66355,2026-05-04,2026-05-05,1,"provider:google,area:providers"
apache/airflow,MLOps,66352,2026-05-04,2026-05-05,1,"kind:bug,provider:google,area:providers"
apache/airflow,MLOps,66351,2026-05-04,2026-05-04,0,"area:providers,provider:openlineage"
apache/airflow,MLOps,66349,2026-05-04,2026-05-04,0,area:UI
apache/airflow,MLOps,66346,2026-05-04,2026-05-04,0,"area:UI,area:translations,translation:ko"
apache/airflow,MLOps,66341,2026-05-04,2026-05-05,1,"provider:google,area:providers,kind:documentation"
apache/airflow,MLOps,66340,2026-05-04,2026-05-04,0,"area:UI,backport-to-v3-2-test"
apache/airflow,MLOps,66339,2026-05-04,2026-05-04,0,"area:CLI,area:task-sdk,backport-to-v3-2-test"
apache/airflow,MLOps,66338,2026-05-04,2026-05-04,0,area:Scheduler
apache/airflow,MLOps,66336,2026-05-04,2026-05-04,0,"area:API,area:task-sdk"
apache/airflow,MLOps,66324,2026-05-04,2026-05-04,0,"area:UI,backport-to-v3-2-test"
apache/airflow,MLOps,66323,2026-05-04,2026-05-04,0,"kind:bug,area:UI"
apache/airflow,MLOps,66322,2026-05-03,2026-05-05,1,kind:documentation
apache/airflow,MLOps,66321,2026-05-03,2026-05-03,0,"area:UI,area:translations,translation:ko"
apache/airflow,MLOps,66320,2026-05-03,2026-05-04,0,"provider:google,area:providers,area:dev-tools"
apache/airflow,MLOps,66319,2026-05-03,2026-05-06,3,"area:dev-tools,backport-to-v3-2-test"
apache/airflow,MLOps,66316,2026-05-03,2026-05-04,0,"area:API,javascript,dependencies"
apache/airflow,MLOps,66315,2026-05-03,2026-05-03,0,
apache/airflow,MLOps,66311,2026-05-03,2026-05-03,0,"area:dev-tools,area:registry,backport-to-v3-2-test"
apache/airflow,MLOps,66310,2026-05-03,2026-05-04,1,"area:providers,provider:edge"
apache/airflow,MLOps,66309,2026-05-03,2026-05-03,0,
apache/airflow,MLOps,66308,2026-05-03,2026-05-03,0,area:dev-tools
apache/airflow,MLOps,66304,2026-05-03,2026-05-04,0,"area:API,area:UI"
apache/airflow,MLOps,66299,2026-05-03,2026-05-03,0,
apache/airflow,MLOps,66297,2026-05-03,2026-05-03,0,area:dev-tools
apache/airflow,MLOps,66295,2026-05-03,2026-05-03,0,"area:dev-tools,backport-to-v3-2-test"
apache/airflow,MLOps,66293,2026-05-03,2026-05-05,2,"provider:google,area:providers"
apache/airflow,MLOps,66292,2026-05-02,2026-05-04,1,"area:providers,kind:documentation,provider:edge"
apache/airflow,MLOps,66291,2026-05-02,2026-05-03,1,"provider:google,area:providers,area:dev-tools,full tests needed,backport-to-v3-2-test"
apache/airflow,MLOps,66288,2026-05-02,2026-05-03,0,"area:API,javascript,dependencies"
apache/airflow,MLOps,66287,2026-05-02,2026-05-04,1,"area:providers,provider:openlineage,provider:informatica"
apache/airflow,MLOps,66284,2026-05-02,2026-05-04,1,"area:UI,backport-to-v3-2-test"
apache/airflow,MLOps,66283,2026-05-02,2026-05-03,0,
apache/airflow,MLOps,66282,2026-05-02,2026-05-02,0,area:dev-tools
apache/airflow,MLOps,66281,2026-05-02,2026-05-02,0,"area:dev-tools,backport-to-v3-2-test"
apache/airflow,MLOps,66280,2026-05-02,2026-05-02,0,"provider:amazon,area:providers,provider:cncf-kubernetes,provider:celery,provider:apache-spark"
apache/airflow,MLOps,66275,2026-05-02,2026-05-02,0,area:dev-tools
apache/airflow,MLOps,66274,2026-05-02,2026-05-06,3,"area:UI,area:translations,translation:ko"
apache/airflow,MLOps,66273,2026-05-02,2026-05-06,3,"area:UI,area:translations,translation:ko,ready for maintainer review"
apache/airflow,MLOps,66272,2026-05-02,2026-05-06,3,"area:UI,area:translations,translation:ko"
ray-project/ray,MLOps,63166,2026-05-06,2026-05-06,0,go
ray-project/ray,MLOps,63164,2026-05-06,2026-05-06,0,go
ray-project/ray,MLOps,63162,2026-05-06,2026-05-07,0,"data,go"
ray-project/ray,MLOps,63157,2026-05-06,2026-05-06,0,
ray-project/ray,MLOps,63145,2026-05-05,2026-05-06,0,"serve,go"
ray-project/ray,MLOps,63143,2026-05-05,2026-05-06,0,"train,go"
ray-project/ray,MLOps,63141,2026-05-05,2026-05-05,0,"data,go"
ray-project/ray,MLOps,63140,2026-05-05,2026-05-06,0,"data,go,community-contribution"
ray-project/ray,MLOps,63139,2026-05-05,2026-05-06,0,"serve,go"
ray-project/ray,MLOps,63137,2026-05-05,2026-05-06,0,"data,go,community-contribution"
ray-project/ray,MLOps,63135,2026-05-05,2026-05-05,0,"docs,core"
ray-project/ray,MLOps,63134,2026-05-05,2026-05-05,0,go
ray-project/ray,MLOps,63132,2026-05-05,2026-05-05,0,go
ray-project/ray,MLOps,63130,2026-05-05,2026-05-05,0,"docs,core,go"
ray-project/ray,MLOps,63125,2026-05-05,2026-05-05,0,
ray-project/ray,MLOps,63122,2026-05-05,2026-05-05,0,"core,community-contribution"
ray-project/ray,MLOps,63119,2026-05-05,2026-05-05,0,"serve,go"
ray-project/ray,MLOps,63115,2026-05-04,2026-05-05,0,"docs,core,go"
ray-project/ray,MLOps,63113,2026-05-04,2026-05-06,1,"data,go"
ray-project/ray,MLOps,63112,2026-05-04,2026-05-04,0,
ray-project/ray,MLOps,63108,2026-05-04,2026-05-05,0,"data,go,community-contribution"
ray-project/ray,MLOps,63107,2026-05-04,2026-05-04,0,"data,go,community-contribution"
ray-project/ray,MLOps,63102,2026-05-04,2026-05-04,0,
ray-project/ray,MLOps,63099,2026-05-04,2026-05-04,0,"data,go"
ray-project/ray,MLOps,63097,2026-05-04,2026-05-04,0,"data,go"
ray-project/ray,MLOps,63096,2026-05-04,2026-05-05,1,"serve,go"
ray-project/ray,MLOps,63094,2026-05-04,2026-05-04,0,
ray-project/ray,MLOps,63090,2026-05-03,2026-05-04,1,"data,go,community-contribution"
ray-project/ray,MLOps,63089,2026-05-03,2026-05-03,0,go
ray-project/ray,MLOps,63086,2026-05-02,2026-05-03,0,"data,go,community-contribution"
ray-project/ray,MLOps,63085,2026-05-02,2026-05-05,2,"bug,triage,performance,core,stability,community-backlog"
ray-project/ray,MLOps,63084,2026-05-02,2026-05-03,0,"data,go,community-contribution"
ray-project/ray,MLOps,63083,2026-05-02,2026-05-05,3,"data,go"
ray-project/ray,MLOps,63081,2026-05-02,2026-05-04,2,"core,observability,go"
ray-project/ray,MLOps,63078,2026-05-01,2026-05-05,4,
ray-project/ray,MLOps,63077,2026-05-01,2026-05-04,2,
ray-project/ray,MLOps,63066,2026-05-01,2026-05-01,0,"data,go"
ray-project/ray,MLOps,63065,2026-05-01,2026-05-05,4,"serve,go"
ray-project/ray,MLOps,63064,2026-05-01,2026-05-06,5,"rllib,go,community-contribution"
ray-project/ray,MLOps,63060,2026-05-01,2026-05-01,0,
ray-project/ray,MLOps,63056,2026-04-30,2026-05-06,5,"serve,go"
ray-project/ray,MLOps,63055,2026-04-30,2026-05-06,5,"serve,go"
ray-project/ray,MLOps,63054,2026-04-30,2026-05-01,0,"core,go"
ray-project/ray,MLOps,63050,2026-04-30,2026-05-05,5,
ray-project/ray,MLOps,63047,2026-04-30,2026-05-06,5,"serve,release-test,go"
ray-project/ray,MLOps,63045,2026-04-30,2026-05-01,0,"train,go"
ray-project/ray,MLOps,63044,2026-04-30,2026-05-01,0,"core,go"
ray-project/ray,MLOps,63042,2026-04-30,2026-05-06,6,"core,go"
ray-project/ray,MLOps,63039,2026-04-30,2026-04-30,0,"train,go"
ray-project/ray,MLOps,63038,2026-04-30,2026-04-30,0,
ray-project/ray,MLOps,63033,2026-04-30,2026-04-30,0,
ray-project/ray,MLOps,63031,2026-04-30,2026-04-30,0,"core,go,community-contribution"
ray-project/ray,MLOps,63029,2026-04-29,2026-04-29,0,go
ray-project/ray,MLOps,63028,2026-04-29,2026-05-01,1,"serve,go"
ray-project/ray,MLOps,63027,2026-04-29,2026-05-04,5,"data,go,data:datasources"
ray-project/ray,MLOps,63026,2026-04-29,2026-05-05,6,
ray-project/ray,MLOps,63019,2026-04-29,2026-04-29,0,"serve,docs,core,go,community-contribution"
ray-project/ray,MLOps,63017,2026-04-29,2026-05-04,5,"data,go"
ray-project/ray,MLOps,63010,2026-04-29,2026-04-29,0,"core,devprod,go"
ray-project/ray,MLOps,63004,2026-04-28,2026-04-30,1,"core,go"
ray-project/ray,MLOps,63002,2026-04-28,2026-05-02,3,"core,devprod,go"
ray-project/ray,MLOps,63001,2026-04-28,2026-04-29,0,"serve,docs,go"
ray-project/ray,MLOps,63000,2026-04-28,2026-04-28,0,
ray-project/ray,MLOps,62999,2026-04-28,2026-04-30,1,"core,go"
ray-project/ray,MLOps,62992,2026-04-28,2026-04-30,1,"core,go"
ray-project/ray,MLOps,62991,2026-04-28,2026-05-05,7,
ray-project/ray,MLOps,62987,2026-04-28,2026-04-28,0,"serve,go"
ray-project/ray,MLOps,62986,2026-04-28,2026-04-28,0,"serve,go"
ray-project/ray,MLOps,62982,2026-04-28,2026-04-29,0,"bug,triage,serve,stability,community-backlog"
ray-project/ray,MLOps,62981,2026-04-28,2026-04-29,1,"core,go"
ray-project/ray,MLOps,62979,2026-04-27,2026-04-28,1,"serve,go"
ray-project/ray,MLOps,62978,2026-04-27,2026-04-28,0,"train,go,community-contribution"
ray-project/ray,MLOps,62977,2026-04-27,2026-04-28,0,"core-autoscaler,core,go"
ray-project/ray,MLOps,62976,2026-04-27,2026-04-28,1,"serve,usability,stability,community-backlog"
ray-project/ray,MLOps,62975,2026-04-27,2026-04-29,1,"data,go"
ray-project/ray,MLOps,62974,2026-04-27,2026-04-28,0,"serve,go"
ray-project/ray,MLOps,62973,2026-04-27,2026-05-01,3,
ray-project/ray,MLOps,62972,2026-04-27,2026-04-27,0,
ray-project/ray,MLOps,62971,2026-04-27,2026-04-30,2,"bug,P2,usability,core,community-backlog"
ray-project/ray,MLOps,62970,2026-04-27,2026-05-06,8,"serve,release-test,go"
ray-project/ray,MLOps,62968,2026-04-27,2026-04-27,0,"bug,needs-repro-script,triage,core,stability,community-backlog,needs-more-info"
ray-project/ray,MLOps,62963,2026-04-27,2026-04-28,1,devprod
ray-project/ray,MLOps,62957,2026-04-26,2026-04-28,1,"core,release-test,go"
ray-project/ray,MLOps,62955,2026-04-26,2026-04-28,1,"core,go"
ray-project/ray,MLOps,62952,2026-04-26,2026-04-28,2,"bug,regression,P2,core,observability,stability,community-backlog"
ray-project/ray,MLOps,62950,2026-04-26,2026-04-27,1,"serve,go,community-contribution"
ray-project/ray,MLOps,62945,2026-04-25,2026-04-29,4,
ray-project/ray,MLOps,62942,2026-04-25,2026-04-27,1,"core,go,community-contribution"
ray-project/ray,MLOps,62941,2026-04-25,2026-04-28,3,"serve,go,community-contribution"
ray-project/ray,MLOps,62938,2026-04-25,2026-04-25,0,go
ray-project/ray,MLOps,62937,2026-04-25,2026-04-28,2,"core,go"
ray-project/ray,MLOps,62930,2026-04-24,2026-04-29,4,"serve,go"
ray-project/ray,MLOps,62929,2026-04-24,2026-04-25,0,"serve,go"
ray-project/ray,MLOps,62926,2026-04-24,2026-04-28,3,"train,go"
ray-project/ray,MLOps,62925,2026-04-24,2026-04-28,3,core
ray-project/ray,MLOps,62924,2026-04-24,2026-04-28,3,"docs,core"
ray-project/ray,MLOps,62923,2026-04-24,2026-04-28,3,"devprod,go"
ray-project/ray,MLOps,62921,2026-04-24,2026-04-27,3,"devprod,go"
ray-project/ray,MLOps,62920,2026-04-24,2026-04-28,3,"core,go"
ray-project/ray,MLOps,62919,2026-04-24,2026-05-06,11,"data,go,community-contribution"
kubeflow/pipelines,MLOps,13352,2026-05-05,2026-05-05,0,"lgtm,approved,size/XS"
kubeflow/pipelines,MLOps,13351,2026-05-05,2026-05-05,0,size/XS
kubeflow/pipelines,MLOps,13348,2026-05-05,2026-05-05,0,"lgtm,approved,size/L"
kubeflow/pipelines,MLOps,13344,2026-05-03,2026-05-04,1,"lgtm,approved,size/L"
kubeflow/pipelines,MLOps,13343,2026-05-03,2026-05-05,1,"lgtm,approved,size/L,ok-to-test,ci-passed"
kubeflow/pipelines,MLOps,13340,2026-04-30,2026-05-01,1,size/L
kubeflow/pipelines,MLOps,13339,2026-04-30,2026-05-05,5,"do-not-merge/work-in-progress,size/M"
kubeflow/pipelines,MLOps,13336,2026-04-30,2026-04-30,0,"size/XXL,do-not-merge/invalid-owners-file"
kubeflow/pipelines,MLOps,13334,2026-04-30,2026-04-30,0,"lgtm,approved,size/L"
kubeflow/pipelines,MLOps,13330,2026-04-29,2026-05-01,2,"lgtm,approved,size/L"
kubeflow/pipelines,MLOps,13329,2026-04-28,2026-04-28,0,"lgtm,size/XS"
kubeflow/pipelines,MLOps,13328,2026-04-28,2026-04-28,0,"lgtm,approved,size/M"
kubeflow/pipelines,MLOps,13326,2026-04-28,2026-04-29,0,"lgtm,approved,size/XXL"
kubeflow/pipelines,MLOps,13324,2026-04-27,2026-04-28,1,"lgtm,approved,size/L,ok-to-test,ci-passed"
kubeflow/pipelines,MLOps,13320,2026-04-27,2026-05-05,8,"lgtm,approved,size/XL,ok-to-test,ci-passed"
kubeflow/pipelines,MLOps,13319,2026-04-26,2026-04-27,0,"lgtm,approved,size/S"
kubeflow/pipelines,MLOps,13318,2026-04-26,2026-04-28,1,"lgtm,approved,size/XS,ok-to-test,dependencies,javascript,ci-passed"
kubeflow/pipelines,MLOps,13315,2026-04-24,2026-04-24,0,"lgtm,approved,size/S"
kubeflow/pipelines,MLOps,13314,2026-04-24,2026-04-24,0,"kind/bug,area/backend"
kubeflow/pipelines,MLOps,13312,2026-04-24,2026-04-30,6,"lgtm,approved,size/L"
kubeflow/pipelines,MLOps,13309,2026-04-23,2026-04-26,2,"lgtm,approved,size/L,ok-to-test,dependencies,javascript,ci-passed"
kubeflow/pipelines,MLOps,13306,2026-04-23,2026-04-23,0,"lgtm,approved,size/M"
kubeflow/pipelines,MLOps,13302,2026-04-22,2026-04-23,0,"lgtm,approved,size/L,ok-to-test"
kubeflow/pipelines,MLOps,13300,2026-04-22,2026-04-22,0,"lgtm,approved,size/XS,ok-to-test"
kubeflow/pipelines,MLOps,13299,2026-04-22,2026-04-22,0,"lgtm,approved,size/XXL"
kubeflow/pipelines,MLOps,13295,2026-04-21,2026-04-21,0,"lgtm,approved,size/XS"
kubeflow/pipelines,MLOps,13294,2026-04-21,2026-04-21,0,area/testing
kubeflow/pipelines,MLOps,13291,2026-04-21,2026-04-23,2,"lgtm,approved,size/L"
kubeflow/pipelines,MLOps,13290,2026-04-20,2026-04-21,0,"kind/bug,area/backend"
kubeflow/pipelines,MLOps,13289,2026-04-20,2026-04-21,1,"lgtm,approved,size/L,ok-to-test,ci-passed"
kubeflow/pipelines,MLOps,13288,2026-04-20,2026-04-20,0,"lgtm,approved,size/L"
kubeflow/pipelines,MLOps,13287,2026-04-17,2026-04-21,4,"lgtm,approved,size/L,ok-to-test,dependencies,javascript,ci-passed"
kubeflow/pipelines,MLOps,13286,2026-04-16,2026-04-23,6,"size/XS,needs-ok-to-test,dependencies,go"
kubeflow/pipelines,MLOps,13282,2026-04-16,2026-04-21,5,"lgtm,approved,size/L"
kubeflow/pipelines,MLOps,13281,2026-04-16,2026-04-23,7,"lgtm,approved,size/L"
kubeflow/pipelines,MLOps,13280,2026-04-15,2026-04-15,0,"lgtm,approved,size/XXL,needs-ok-to-test"
kubeflow/pipelines,MLOps,13279,2026-04-15,2026-04-28,12,"lgtm,size/XS,ok-to-test,ci-passed"
kubeflow/pipelines,MLOps,13278,2026-04-15,2026-04-15,0,"lgtm,approved,size/M"
kubeflow/pipelines,MLOps,13276,2026-04-14,2026-04-28,14,"lgtm,approved,size/XL"
kubeflow/pipelines,MLOps,13275,2026-04-14,2026-04-14,0,"do-not-merge/work-in-progress,size/XS"
kubeflow/pipelines,MLOps,13274,2026-04-14,2026-04-14,0,size/XXL
kubeflow/pipelines,MLOps,13269,2026-04-14,2026-04-14,0,"lgtm,approved,size/XS,ok-to-test,dependencies,javascript,ci-passed"
kubeflow/pipelines,MLOps,13268,2026-04-14,2026-04-14,0,"lgtm,approved,size/XS,ok-to-test,dependencies,javascript,ci-passed"
kubeflow/pipelines,MLOps,13266,2026-04-13,2026-04-15,1,"lgtm,approved,size/L"
kubeflow/pipelines,MLOps,13265,2026-04-13,2026-04-18,4,"lgtm,approved,size/L"
kubeflow/pipelines,MLOps,13264,2026-04-13,2026-04-16,2,"lgtm,approved,size/XL"
kubeflow/pipelines,MLOps,13261,2026-04-13,2026-04-24,11,size/M
kubeflow/pipelines,MLOps,13260,2026-04-12,2026-04-13,0,"lgtm,approved,size/XXL,ok-to-test,ci-passed"
kubeflow/pipelines,MLOps,13259,2026-04-11,2026-04-23,12,"needs-ok-to-test,size/S"
kubeflow/pipelines,MLOps,13257,2026-04-10,2026-04-13,2,"lgtm,approved,size/XS,ok-to-test,dependencies,javascript,ci-passed"
kubeflow/pipelines,MLOps,13256,2026-04-10,2026-04-15,4,"lgtm,approved,size/L"
kubeflow/pipelines,MLOps,13255,2026-04-10,2026-04-11,0,"lgtm,approved,size/XXL,needs-ok-to-test"
kubeflow/pipelines,MLOps,13253,2026-04-10,2026-04-10,0,"lgtm,approved,size/L"
kubeflow/pipelines,MLOps,13252,2026-04-10,2026-04-10,0,kind/bug
kubeflow/pipelines,MLOps,13251,2026-04-10,2026-04-10,0,"do-not-merge/work-in-progress,size/XXL"
kubeflow/pipelines,MLOps,13250,2026-04-10,2026-04-10,0,"do-not-merge/work-in-progress,size/XXL"
kubeflow/pipelines,MLOps,13249,2026-04-10,2026-04-10,0,"lgtm,approved,size/S,ok-to-test,dependencies,javascript,ci-passed"
kubeflow/pipelines,MLOps,13248,2026-04-10,2026-04-10,0,"lgtm,approved,size/S,ok-to-test,dependencies,javascript,ci-passed"
kubeflow/pipelines,MLOps,13247,2026-04-09,2026-04-10,0,"lgtm,approved,size/XS"
kubeflow/pipelines,MLOps,13246,2026-04-09,2026-04-10,1,"lgtm,approved,size/M"
kubeflow/pipelines,MLOps,13245,2026-04-09,2026-04-15,6,"lgtm,approved,size/L"
kubeflow/pipelines,MLOps,13244,2026-04-09,2026-04-10,0,"lgtm,approved,size/L,ok-to-test,ci-passed"
kubeflow/pipelines,MLOps,13243,2026-04-09,2026-04-09,0,"lgtm,approved,size/M,ok-to-test,dependencies,javascript,ci-passed"
kubeflow/pipelines,MLOps,13242,2026-04-08,2026-04-10,1,"lgtm,approved,size/XS,ok-to-test,dependencies,javascript,ci-passed"
kubeflow/pipelines,MLOps,13238,2026-04-08,2026-04-22,14,"size/M,ok-to-test,ci-passed"
kubeflow/pipelines,MLOps,13236,2026-04-08,2026-04-10,2,"kind/bug,area/backend"
kubeflow/pipelines,MLOps,13232,2026-04-07,2026-04-07,0,"lgtm,approved,size/XS"
kubeflow/pipelines,MLOps,13231,2026-04-07,2026-04-10,3,"lgtm,approved,size/XL"
kubeflow/pipelines,MLOps,13230,2026-04-07,2026-04-07,0,"lgtm,approved,size/S"
kubeflow/pipelines,MLOps,13229,2026-04-07,2026-04-07,0,"lgtm,approved,size/XL"
kubeflow/pipelines,MLOps,13227,2026-04-07,2026-04-17,10,"lgtm,approved,size/L"
kubeflow/pipelines,MLOps,13226,2026-04-07,2026-04-07,0,
kubeflow/pipelines,MLOps,13225,2026-04-06,2026-04-28,21,"lgtm,approved,size/XS,ok-to-test,dependencies,javascript,ci-passed"
kubeflow/pipelines,MLOps,13224,2026-04-06,2026-04-07,0,"lgtm,approved,size/XS,ok-to-test,dependencies,javascript,ci-passed"
kubeflow/pipelines,MLOps,13223,2026-04-06,2026-04-06,0,"lgtm,approved,size/XS"
kubeflow/pipelines,MLOps,13221,2026-04-06,2026-04-06,0,"lgtm,approved,size/XXL"
kubeflow/pipelines,MLOps,13218,2026-04-06,2026-04-07,0,"lgtm,approved,size/S"
kubeflow/pipelines,MLOps,13217,2026-04-06,2026-04-07,1,"lgtm,approved,size/L"
kubeflow/pipelines,MLOps,13215,2026-04-05,2026-04-06,1,size/XXL
kubeflow/pipelines,MLOps,13214,2026-04-05,2026-04-05,0,size/S
kubeflow/pipelines,MLOps,13213,2026-04-05,2026-04-07,1,"lgtm,size/M"
kubeflow/pipelines,MLOps,13212,2026-04-05,2026-04-07,2,"lgtm,approved,size/L"
kubeflow/pipelines,MLOps,13210,2026-04-04,2026-04-07,3,"lgtm,approved,size/S"
kubeflow/pipelines,MLOps,13209,2026-04-04,2026-04-09,5,"do-not-merge/work-in-progress,size/XXL"
kubeflow/pipelines,MLOps,13208,2026-04-04,2026-04-07,3,"lgtm,approved,size/M"
kubeflow/pipelines,MLOps,13207,2026-04-03,2026-04-07,3,"lgtm,approved,size/L"
kubeflow/pipelines,MLOps,13204,2026-04-03,2026-04-15,12,"lgtm,approved,size/M,ok-to-test"
kubeflow/pipelines,MLOps,13203,2026-04-03,2026-04-07,4,"lgtm,approved,size/XL,ok-to-test,ci-passed"
kubeflow/pipelines,MLOps,13201,2026-04-03,2026-04-07,4,"lgtm,approved,size/L,ok-to-test,ci-passed"
kubeflow/pipelines,MLOps,13199,2026-04-03,2026-04-07,4,"size/S,ok-to-test,ci-passed"
kubeflow/pipelines,MLOps,13198,2026-04-03,2026-04-04,1,"lgtm,approved,size/XS,needs-ok-to-test,dependencies,javascript"
kubeflow/pipelines,MLOps,13196,2026-04-02,2026-04-06,3,"lgtm,approved,size/XL"
kubeflow/pipelines,MLOps,13190,2026-04-01,2026-04-03,2,"lgtm,approved,size/L"
kubeflow/pipelines,MLOps,13187,2026-04-01,2026-04-01,0,"lgtm,approved,size/L,ok-to-test,ci-passed"
kubeflow/pipelines,MLOps,13186,2026-04-01,2026-04-02,1,"lgtm,approved,size/L,ok-to-test,ci-passed"
kubeflow/pipelines,MLOps,13185,2026-03-31,2026-04-02,1,"help wanted,area/frontend,kind/feature,good first issue"
kubeflow/pipelines,MLOps,13184,2026-03-31,2026-03-31,0,size/XL
kubeflow/pipelines,MLOps,13183,2026-03-31,2026-04-01,0,"lgtm,size/XS"
kubeflow/pipelines,MLOps,13180,2026-03-31,2026-03-31,0,kind/bug
kubeflow/pipelines,MLOps,13179,2026-03-31,2026-03-31,0,size/S
tensorflow/serving,MLOps,4135,2026-04-14,2026-04-23,8,
tensorflow/serving,MLOps,4133,2026-03-28,2026-04-09,12,
tensorflow/serving,MLOps,4127,2026-01-20,2026-03-23,62,
tensorflow/serving,MLOps,4125,2025-12-18,2025-12-18,0,
tensorflow/serving,MLOps,4122,2025-09-18,2025-09-26,7,"stat:awaiting response,custom-ops"
tensorflow/serving,MLOps,4121,2025-08-18,2025-08-19,0,
tensorflow/serving,MLOps,4118,2025-08-01,2025-09-17,46,"bug,stat:awaiting response,stale"
tensorflow/serving,MLOps,4111,2025-06-09,2025-06-27,17,"stat:awaiting response,type:support,stale"
tensorflow/serving,MLOps,4110,2025-05-30,2025-06-23,23,
tensorflow/serving,MLOps,4107,2025-05-03,2025-05-05,2,
tensorflow/serving,MLOps,4106,2025-05-02,2025-05-02,0,
tensorflow/serving,MLOps,4105,2025-05-01,2025-05-02,0,
tensorflow/serving,MLOps,4104,2025-05-01,2025-05-01,0,
tensorflow/serving,MLOps,4103,2025-04-30,2025-05-01,0,
tensorflow/serving,MLOps,4079,2025-04-09,2025-04-10,0,
tensorflow/serving,MLOps,4078,2025-04-09,2025-04-09,0,
tensorflow/serving,MLOps,4077,2025-04-02,2025-04-03,0,
tensorflow/serving,MLOps,4073,2025-03-18,2025-03-18,0,
tensorflow/serving,MLOps,4056,2025-02-06,2025-02-26,19,"stat:awaiting response,stale"
tensorflow/serving,MLOps,4018,2025-01-18,2025-04-10,82,"stat:awaiting response,stale"
tensorflow/serving,MLOps,2275,2024-11-21,2024-11-21,0,
tensorflow/serving,MLOps,2274,2024-11-21,2024-11-21,0,
tensorflow/serving,MLOps,2266,2024-10-29,2024-10-30,0,
tensorflow/serving,MLOps,2265,2024-10-28,2024-10-29,0,
tensorflow/serving,MLOps,2264,2024-10-28,2024-10-28,0,
tensorflow/serving,MLOps,2262,2024-10-16,2024-10-16,0,
tensorflow/serving,MLOps,2261,2024-10-16,2024-10-16,0,
tensorflow/serving,MLOps,2259,2024-10-10,2024-12-18,68,"stat:awaiting response,type:support,stale"
tensorflow/serving,MLOps,2258,2024-10-08,2024-10-08,0,
tensorflow/serving,MLOps,2257,2024-09-30,2024-09-30,0,
tensorflow/serving,MLOps,2256,2024-09-26,2026-05-02,582,"stat:awaiting response,type:support,stale"
tensorflow/serving,MLOps,2252,2024-09-18,2025-08-09,324,
tensorflow/serving,MLOps,2250,2024-09-02,2024-09-06,4,
tensorflow/serving,MLOps,2247,2024-07-31,2024-08-08,8,type:bug
tensorflow/serving,MLOps,2246,2024-07-23,2024-12-29,158,"stat:awaiting response,stale"
tensorflow/serving,MLOps,2244,2024-07-19,2024-07-19,0,
tensorflow/serving,MLOps,2238,2024-07-15,2024-07-20,5,"type:feature,type:bug,type:support"
tensorflow/serving,MLOps,2228,2024-07-05,2025-01-10,188,"stat:awaiting response,type:support,stale"
tensorflow/serving,MLOps,2226,2024-06-20,2024-07-01,10,
tensorflow/serving,MLOps,2225,2024-06-18,2024-07-15,26,
tensorflow/serving,MLOps,2224,2024-06-06,2024-06-06,0,
tensorflow/serving,MLOps,2223,2024-05-29,2024-12-05,189,"stat:awaiting response,type:bug,stale"
tensorflow/serving,MLOps,2221,2024-05-06,2024-05-24,17,"stat:awaiting response,type:support,stale"
tensorflow/serving,MLOps,2220,2024-04-29,2026-04-02,703,"type:feature,stat:contributions welcome"
tensorflow/serving,MLOps,2218,2024-04-12,2024-04-12,0,
tensorflow/serving,MLOps,2215,2024-04-08,2024-05-20,41,"stat:awaiting response,type:bug,stale"
tensorflow/serving,MLOps,2213,2024-04-05,2024-04-05,0,
tensorflow/serving,MLOps,2212,2024-04-05,2024-04-05,0,
tensorflow/serving,MLOps,2211,2024-04-04,2024-04-04,0,
tensorflow/serving,MLOps,2210,2024-03-21,2024-03-21,0,
tensorflow/serving,MLOps,2209,2024-03-19,2024-03-19,0,
tensorflow/serving,MLOps,2208,2024-03-04,2024-03-23,18,"stat:awaiting response,type:support,stale"
tensorflow/serving,MLOps,2207,2024-02-26,2024-03-15,18,"stat:awaiting response,stale"
tensorflow/serving,MLOps,2205,2024-02-22,2026-04-16,783,"stat:awaiting response,type:bug,stale"
tensorflow/serving,MLOps,2204,2024-02-14,2024-05-05,80,"type:feature,stat:awaiting response,stale"
tensorflow/serving,MLOps,2203,2024-02-08,2024-03-02,23,"stat:awaiting response,type:support,stale"
tensorflow/serving,MLOps,2201,2024-02-01,2024-02-22,20,"stat:awaiting response,type:bug,stale"
tensorflow/serving,MLOps,2199,2023-12-31,2024-01-12,11,
tensorflow/serving,MLOps,2198,2023-12-28,2024-01-19,22,
tensorflow/serving,MLOps,2197,2023-12-20,2023-12-28,8,
tensorflow/serving,MLOps,2196,2023-12-19,2023-12-19,0,
tensorflow/serving,MLOps,2195,2023-11-20,2023-11-20,0,
tensorflow/serving,MLOps,2194,2023-11-15,2024-12-25,405,"stat:awaiting response,type:bug,stale"
tensorflow/serving,MLOps,2193,2023-10-27,2024-01-27,92,
tensorflow/serving,MLOps,2191,2023-10-26,2023-10-26,0,
tensorflow/serving,MLOps,2190,2023-10-20,2023-10-21,0,
tensorflow/serving,MLOps,2189,2023-10-18,2023-10-19,0,"stat:awaiting response,type:bug"
tensorflow/serving,MLOps,2188,2023-10-18,2023-11-04,16,"type:feature,stat:awaiting response,stale"
tensorflow/serving,MLOps,2187,2023-09-28,2023-09-29,0,
tensorflow/serving,MLOps,2186,2023-09-26,2026-04-24,940,"stat:awaiting response,type:bug,stale"
tensorflow/serving,MLOps,2184,2023-09-21,2023-09-21,0,
tensorflow/serving,MLOps,2182,2023-09-18,2023-09-19,0,
tensorflow/serving,MLOps,2180,2023-09-07,2023-09-28,20,"stat:awaiting response,type:support,stale"
tensorflow/serving,MLOps,2179,2023-08-30,2023-09-15,15,"stat:awaiting response,type:performance,stale"
tensorflow/serving,MLOps,2178,2023-08-25,2023-08-25,0,
tensorflow/serving,MLOps,2177,2023-08-22,2023-08-23,0,
tensorflow/serving,MLOps,2176,2023-08-22,2023-09-09,17,"type:feature,stat:awaiting response,stale"
tensorflow/serving,MLOps,2175,2023-08-18,2023-08-23,4,
tensorflow/serving,MLOps,2174,2023-08-17,2023-08-23,5,
tensorflow/serving,MLOps,2171,2023-08-10,2023-09-02,23,"stat:awaiting response,type:bug,stale"
tensorflow/serving,MLOps,2170,2023-08-09,2023-08-15,6,type:bug
tensorflow/serving,MLOps,2169,2023-08-02,2023-08-24,21,"type:feature,stat:awaiting response,stale"
tensorflow/serving,MLOps,2168,2023-08-02,2023-08-18,16,"stat:awaiting response,type:support,stale"
tensorflow/serving,MLOps,2167,2023-08-01,2023-08-18,16,"stat:awaiting response,type:bug,stale"
tensorflow/serving,MLOps,2166,2023-07-28,2023-07-31,2,"stat:awaiting response,type:bug"
tensorflow/serving,MLOps,2165,2023-07-28,2023-08-02,5,"stat:awaiting response,type:bug"
tensorflow/serving,MLOps,2163,2023-07-21,2023-07-21,0,
tensorflow/serving,MLOps,2162,2023-07-19,2023-07-20,0,
tensorflow/serving,MLOps,2161,2023-07-17,2023-07-17,0,
tensorflow/serving,MLOps,2160,2023-07-17,2023-07-17,0,
tensorflow/serving,MLOps,2159,2023-07-14,2023-08-02,18,"stat:awaiting response,type:support,stale"
tensorflow/serving,MLOps,2156,2023-06-21,2023-07-09,18,"type:feature,stat:awaiting response,stale"
tensorflow/serving,MLOps,2153,2023-06-16,2023-06-27,10,"stat:awaiting response,type:support,stale"
tensorflow/serving,MLOps,2151,2023-06-01,2023-06-02,0,
tensorflow/serving,MLOps,2150,2023-05-30,2023-06-01,2,
tensorflow/serving,MLOps,2149,2023-05-28,2023-07-09,41,"type:feature,stat:awaiting response,stale"
tensorflow/serving,MLOps,2148,2023-05-25,2024-03-07,286,"type:feature,stat:awaiting response,stale"
tensorflow/serving,MLOps,2147,2023-05-24,2023-05-30,5,
tensorflow/serving,MLOps,2146,2023-05-24,2023-06-09,15,"stat:awaiting response,type:bug,stale"
tensorflow/serving,MLOps,2145,2023-05-17,2023-05-24,7,
evidentlyai/evidently,MLOps,1870,2026-05-03,2026-05-03,0,
evidentlyai/evidently,MLOps,1869,2026-05-02,2026-05-02,0,
evidentlyai/evidently,MLOps,1865,2026-04-21,2026-05-02,10,
evidentlyai/evidently,MLOps,1864,2026-04-21,2026-05-02,10,
evidentlyai/evidently,MLOps,1861,2026-04-20,2026-05-02,12,
evidentlyai/evidently,MLOps,1859,2026-04-16,2026-04-16,0,
evidentlyai/evidently,MLOps,1858,2026-04-09,2026-05-02,23,
evidentlyai/evidently,MLOps,1853,2026-03-27,2026-03-30,2,
evidentlyai/evidently,MLOps,1852,2026-03-27,2026-05-02,36,
evidentlyai/evidently,MLOps,1849,2026-03-26,2026-05-02,36,
evidentlyai/evidently,MLOps,1848,2026-03-26,2026-05-02,36,
evidentlyai/evidently,MLOps,1842,2026-03-18,2026-03-19,1,
evidentlyai/evidently,MLOps,1838,2026-02-26,2026-02-26,0,
evidentlyai/evidently,MLOps,1837,2026-02-25,2026-02-25,0,
evidentlyai/evidently,MLOps,1836,2026-02-25,2026-02-25,0,
evidentlyai/evidently,MLOps,1835,2026-02-24,2026-02-24,0,
evidentlyai/evidently,MLOps,1833,2026-02-22,2026-03-05,11,
evidentlyai/evidently,MLOps,1828,2026-02-12,2026-02-12,0,
evidentlyai/evidently,MLOps,1826,2026-02-11,2026-02-12,1,
evidentlyai/evidently,MLOps,1825,2026-02-10,2026-02-10,0,
evidentlyai/evidently,MLOps,1823,2026-02-09,2026-02-10,0,
evidentlyai/evidently,MLOps,1822,2026-02-08,2026-02-08,0,
evidentlyai/evidently,MLOps,1821,2026-02-07,2026-02-09,1,
evidentlyai/evidently,MLOps,1820,2026-02-07,2026-02-15,7,
evidentlyai/evidently,MLOps,1819,2026-02-06,2026-02-09,3,
evidentlyai/evidently,MLOps,1818,2026-02-06,2026-02-06,0,
evidentlyai/evidently,MLOps,1817,2026-02-06,2026-02-06,0,
evidentlyai/evidently,MLOps,1816,2026-02-06,2026-02-06,0,
evidentlyai/evidently,MLOps,1815,2026-02-06,2026-02-06,0,
evidentlyai/evidently,MLOps,1814,2026-02-06,2026-02-06,0,
evidentlyai/evidently,MLOps,1813,2026-02-06,2026-02-06,0,
evidentlyai/evidently,MLOps,1812,2026-02-05,2026-02-06,0,
evidentlyai/evidently,MLOps,1811,2026-02-04,2026-02-09,4,
evidentlyai/evidently,MLOps,1810,2026-02-04,2026-02-05,1,
evidentlyai/evidently,MLOps,1807,2026-01-29,2026-01-30,0,
evidentlyai/evidently,MLOps,1804,2026-01-22,2026-01-22,0,
evidentlyai/evidently,MLOps,1798,2026-01-13,2026-01-13,0,
evidentlyai/evidently,MLOps,1797,2026-01-13,2026-01-22,8,
evidentlyai/evidently,MLOps,1796,2026-01-13,2026-01-13,0,
evidentlyai/evidently,MLOps,1795,2026-01-13,2026-01-22,8,
evidentlyai/evidently,MLOps,1793,2026-01-12,2026-01-12,0,
evidentlyai/evidently,MLOps,1792,2026-01-09,2026-01-29,20,
evidentlyai/evidently,MLOps,1791,2026-01-08,2026-01-08,0,
evidentlyai/evidently,MLOps,1790,2026-01-07,2026-01-08,0,
evidentlyai/evidently,MLOps,1789,2026-01-05,2026-01-05,0,
evidentlyai/evidently,MLOps,1788,2025-12-30,2025-12-30,0,
evidentlyai/evidently,MLOps,1787,2025-12-30,2025-12-30,0,
evidentlyai/evidently,MLOps,1786,2025-12-29,2026-01-08,10,
evidentlyai/evidently,MLOps,1784,2025-12-24,2025-12-31,6,
evidentlyai/evidently,MLOps,1783,2025-12-24,2025-12-30,6,
evidentlyai/evidently,MLOps,1782,2025-12-23,2025-12-23,0,
evidentlyai/evidently,MLOps,1780,2025-12-22,2025-12-23,0,
evidentlyai/evidently,MLOps,1779,2025-12-22,2025-12-22,0,
evidentlyai/evidently,MLOps,1778,2025-12-22,2025-12-22,0,
evidentlyai/evidently,MLOps,1777,2025-12-22,2025-12-22,0,
evidentlyai/evidently,MLOps,1776,2025-12-22,2025-12-22,0,
evidentlyai/evidently,MLOps,1775,2025-12-19,2025-12-19,0,
evidentlyai/evidently,MLOps,1774,2025-12-19,2025-12-19,0,
evidentlyai/evidently,MLOps,1773,2025-12-19,2025-12-19,0,
evidentlyai/evidently,MLOps,1772,2025-12-19,2025-12-19,0,
evidentlyai/evidently,MLOps,1771,2025-12-17,2025-12-17,0,
evidentlyai/evidently,MLOps,1770,2025-12-17,2025-12-17,0,
evidentlyai/evidently,MLOps,1769,2025-12-17,2025-12-19,1,
evidentlyai/evidently,MLOps,1768,2025-12-17,2025-12-19,2,
evidentlyai/evidently,MLOps,1767,2025-12-17,2025-12-18,1,
evidentlyai/evidently,MLOps,1766,2025-12-16,2025-12-18,2,
evidentlyai/evidently,MLOps,1763,2025-12-15,2025-12-22,6,
evidentlyai/evidently,MLOps,1762,2025-12-12,2025-12-12,0,
evidentlyai/evidently,MLOps,1761,2025-12-10,2025-12-10,0,
evidentlyai/evidently,MLOps,1760,2025-12-09,2025-12-10,0,
evidentlyai/evidently,MLOps,1759,2025-12-08,2025-12-23,14,
evidentlyai/evidently,MLOps,1758,2025-12-06,2025-12-07,0,
evidentlyai/evidently,MLOps,1757,2025-12-04,2025-12-06,1,
evidentlyai/evidently,MLOps,1756,2025-12-03,2025-12-09,5,
evidentlyai/evidently,MLOps,1755,2025-12-02,2025-12-04,1,
evidentlyai/evidently,MLOps,1754,2025-12-02,2025-12-02,0,
evidentlyai/evidently,MLOps,1753,2025-12-01,2025-12-01,0,
evidentlyai/evidently,MLOps,1752,2025-12-01,2025-12-02,0,
evidentlyai/evidently,MLOps,1751,2025-11-26,2025-11-28,1,
evidentlyai/evidently,MLOps,1750,2025-11-26,2025-12-01,4,
evidentlyai/evidently,MLOps,1749,2025-11-24,2025-11-24,0,
evidentlyai/evidently,MLOps,1748,2025-11-24,2025-11-25,0,
evidentlyai/evidently,MLOps,1746,2025-11-21,2025-11-21,0,
evidentlyai/evidently,MLOps,1743,2025-11-17,2025-11-20,3,
evidentlyai/evidently,MLOps,1742,2025-11-17,2025-11-19,1,
evidentlyai/evidently,MLOps,1741,2025-11-12,2025-11-13,1,
evidentlyai/evidently,MLOps,1740,2025-11-11,2025-11-17,5,
evidentlyai/evidently,MLOps,1739,2025-11-11,2025-11-11,0,
evidentlyai/evidently,MLOps,1738,2025-11-11,2025-11-11,0,
evidentlyai/evidently,MLOps,1737,2025-11-07,2025-11-07,0,
evidentlyai/evidently,MLOps,1736,2025-11-05,2025-11-10,5,
evidentlyai/evidently,MLOps,1735,2025-10-30,2025-12-22,53,
evidentlyai/evidently,MLOps,1734,2025-10-29,2025-11-04,5,
evidentlyai/evidently,MLOps,1729,2025-10-21,2025-10-23,2,
evidentlyai/evidently,MLOps,1728,2025-10-20,2025-10-22,1,
evidentlyai/evidently,MLOps,1727,2025-10-15,2025-10-16,0,
evidentlyai/evidently,MLOps,1726,2025-10-15,2025-10-20,4,
evidentlyai/evidently,MLOps,1725,2025-10-14,2025-10-14,0,
evidentlyai/evidently,MLOps,1723,2025-10-08,2025-10-13,4,
evidentlyai/evidently,MLOps,1722,2025-10-08,2025-10-10,2,
whylabs/whylogs,MLOps,1600,2025-05-01,2025-08-18,109,stale :zzz:
whylabs/whylogs,MLOps,1599,2025-04-04,2025-07-14,101,stale :zzz:
whylabs/whylogs,MLOps,1598,2025-03-29,2025-07-07,100,stale :zzz:
whylabs/whylogs,MLOps,1597,2025-01-13,2025-04-28,105,stale :zzz:
whylabs/whylogs,MLOps,1596,2025-01-10,2025-01-10,0,
whylabs/whylogs,MLOps,1595,2024-12-21,2025-01-10,19,
whylabs/whylogs,MLOps,1594,2024-12-03,2024-12-04,0,automated pr
whylabs/whylogs,MLOps,1593,2024-11-27,2024-12-03,5,
whylabs/whylogs,MLOps,1592,2024-11-22,2024-11-22,0,
whylabs/whylogs,MLOps,1591,2024-11-22,2024-12-05,12,
whylabs/whylogs,MLOps,1590,2024-11-15,2024-11-18,2,
whylabs/whylogs,MLOps,1589,2024-11-14,2024-11-27,13,
whylabs/whylogs,MLOps,1588,2024-11-13,2024-12-04,20,
whylabs/whylogs,MLOps,1587,2024-11-08,2024-11-08,0,
whylabs/whylogs,MLOps,1586,2024-11-06,2024-11-06,0,
whylabs/whylogs,MLOps,1585,2024-11-05,2024-11-05,0,automated pr
whylabs/whylogs,MLOps,1584,2024-11-05,2024-11-05,0,
whylabs/whylogs,MLOps,1583,2024-11-05,2024-11-08,3,
whylabs/whylogs,MLOps,1582,2024-11-01,2024-11-01,0,
whylabs/whylogs,MLOps,1581,2024-10-31,2024-10-31,0,
whylabs/whylogs,MLOps,1580,2024-10-30,2024-10-31,1,
whylabs/whylogs,MLOps,1579,2024-10-28,2024-10-28,0,
whylabs/whylogs,MLOps,1578,2024-10-23,2024-10-23,0,
whylabs/whylogs,MLOps,1577,2024-10-22,2024-10-22,0,
whylabs/whylogs,MLOps,1576,2024-10-18,2025-03-24,157,stale :zzz:
whylabs/whylogs,MLOps,1575,2024-10-18,2024-10-22,4,
whylabs/whylogs,MLOps,1574,2024-10-03,2024-10-08,5,
whylabs/whylogs,MLOps,1573,2024-10-02,2024-10-02,0,
whylabs/whylogs,MLOps,1572,2024-10-02,2024-10-02,0,
whylabs/whylogs,MLOps,1571,2024-09-26,2024-10-01,4,
whylabs/whylogs,MLOps,1570,2024-09-26,2024-10-01,5,
whylabs/whylogs,MLOps,1569,2024-09-26,2024-10-01,5,
whylabs/whylogs,MLOps,1568,2024-09-25,2024-09-26,0,
whylabs/whylogs,MLOps,1567,2024-09-24,2024-09-24,0,automated pr
whylabs/whylogs,MLOps,1566,2024-09-24,2024-09-25,1,
whylabs/whylogs,MLOps,1565,2024-09-20,2024-09-20,0,
whylabs/whylogs,MLOps,1564,2024-09-18,2024-09-20,1,
whylabs/whylogs,MLOps,1563,2024-09-12,2024-09-12,0,automated pr
whylabs/whylogs,MLOps,1562,2024-09-11,2024-09-11,0,
whylabs/whylogs,MLOps,1561,2024-09-11,2024-09-26,14,
whylabs/whylogs,MLOps,1560,2024-09-10,2024-09-11,1,automated pr
whylabs/whylogs,MLOps,1559,2024-09-03,2024-09-06,2,
whylabs/whylogs,MLOps,1558,2024-09-03,2024-09-06,2,
whylabs/whylogs,MLOps,1557,2024-08-28,2024-08-28,0,automated pr
whylabs/whylogs,MLOps,1556,2024-08-28,2024-09-03,6,
whylabs/whylogs,MLOps,1555,2024-08-27,2024-08-27,0,
whylabs/whylogs,MLOps,1554,2024-08-16,2024-08-24,7,
whylabs/whylogs,MLOps,1553,2024-07-31,2024-08-01,1,automated pr
whylabs/whylogs,MLOps,1552,2024-07-23,2024-07-25,1,
whylabs/whylogs,MLOps,1551,2024-07-19,2024-07-25,5,
whylabs/whylogs,MLOps,1550,2024-07-18,2024-07-18,0,automated pr
whylabs/whylogs,MLOps,1549,2024-07-18,2024-07-18,0,
whylabs/whylogs,MLOps,1548,2024-07-17,2024-07-18,0,
whylabs/whylogs,MLOps,1547,2024-07-17,2024-07-17,0,
whylabs/whylogs,MLOps,1546,2024-07-16,2024-07-17,0,
whylabs/whylogs,MLOps,1545,2024-07-16,2024-07-18,2,
whylabs/whylogs,MLOps,1544,2024-07-01,2024-07-02,0,
whylabs/whylogs,MLOps,1543,2024-07-01,2024-07-17,16,
whylabs/whylogs,MLOps,1542,2024-07-01,2025-01-20,203,stale :zzz:
whylabs/whylogs,MLOps,1541,2024-06-28,2024-07-02,4,
whylabs/whylogs,MLOps,1540,2024-06-27,2024-07-17,19,
whylabs/whylogs,MLOps,1539,2024-06-25,2024-06-26,0,automated pr
whylabs/whylogs,MLOps,1538,2024-06-25,2024-06-25,0,
whylabs/whylogs,MLOps,1537,2024-06-24,2024-06-25,1,
whylabs/whylogs,MLOps,1536,2024-06-21,2024-06-25,4,
whylabs/whylogs,MLOps,1535,2024-06-19,2024-06-27,8,
whylabs/whylogs,MLOps,1534,2024-06-13,2024-06-19,5,automated pr
whylabs/whylogs,MLOps,1533,2024-06-12,2024-09-30,109,stale :zzz:
whylabs/whylogs,MLOps,1532,2024-06-12,2024-12-04,174,
whylabs/whylogs,MLOps,1531,2024-06-12,2024-06-13,1,
whylabs/whylogs,MLOps,1530,2024-05-29,2024-06-27,28,
whylabs/whylogs,MLOps,1529,2024-05-24,2024-05-24,0,
whylabs/whylogs,MLOps,1528,2024-05-24,2024-05-24,0,
whylabs/whylogs,MLOps,1527,2024-05-22,2024-05-23,1,
whylabs/whylogs,MLOps,1526,2024-05-20,2024-05-21,0,
whylabs/whylogs,MLOps,1525,2024-05-20,2024-05-21,1,
whylabs/whylogs,MLOps,1524,2024-05-17,2024-05-29,11,
whylabs/whylogs,MLOps,1523,2024-05-16,2024-05-16,0,
whylabs/whylogs,MLOps,1522,2024-05-16,2024-05-16,0,
whylabs/whylogs,MLOps,1521,2024-05-14,2024-05-14,0,
whylabs/whylogs,MLOps,1520,2024-05-14,2024-05-14,0,
whylabs/whylogs,MLOps,1519,2024-05-13,2024-05-22,8,
whylabs/whylogs,MLOps,1518,2024-05-10,2024-05-14,3,
whylabs/whylogs,MLOps,1517,2024-05-08,2024-05-10,1,
whylabs/whylogs,MLOps,1516,2024-05-08,2024-05-08,0,automated pr
whylabs/whylogs,MLOps,1515,2024-05-07,2024-05-07,0,
whylabs/whylogs,MLOps,1514,2024-05-03,2024-05-07,4,
whylabs/whylogs,MLOps,1513,2024-05-01,2024-08-12,102,stale :zzz:
whylabs/whylogs,MLOps,1512,2024-04-29,2024-05-07,8,
whylabs/whylogs,MLOps,1511,2024-04-28,2024-05-01,2,
whylabs/whylogs,MLOps,1510,2024-04-28,2024-10-08,162,
whylabs/whylogs,MLOps,1509,2024-04-28,2024-08-12,106,stale :zzz:
whylabs/whylogs,MLOps,1508,2024-04-26,2024-04-30,3,automated pr
whylabs/whylogs,MLOps,1507,2024-04-23,2024-04-25,1,
whylabs/whylogs,MLOps,1506,2024-04-22,2024-05-07,15,
whylabs/whylogs,MLOps,1505,2024-04-22,2024-04-25,3,
whylabs/whylogs,MLOps,1504,2024-04-22,2024-04-25,3,
whylabs/whylogs,MLOps,1503,2024-04-20,2024-04-25,5,
whylabs/whylogs,MLOps,1502,2024-04-17,2024-04-22,4,automated pr
whylabs/whylogs,MLOps,1501,2024-04-16,2024-04-17,1,
kedro-org/kedro,MLOps,5541,2026-05-06,2026-05-06,0,
kedro-org/kedro,MLOps,5531,2026-05-02,2026-05-02,0,
kedro-org/kedro,MLOps,5530,2026-05-02,2026-05-06,4,Community
kedro-org/kedro,MLOps,5524,2026-04-29,2026-05-01,1,
kedro-org/kedro,MLOps,5523,2026-04-29,2026-05-01,1,
kedro-org/kedro,MLOps,5520,2026-04-28,2026-05-05,6,
kedro-org/kedro,MLOps,5519,2026-04-28,2026-04-28,0,
kedro-org/kedro,MLOps,5518,2026-04-27,2026-04-27,0,
kedro-org/kedro,MLOps,5517,2026-04-23,2026-04-29,6,
kedro-org/kedro,MLOps,5516,2026-04-23,2026-04-29,6,
kedro-org/kedro,MLOps,5511,2026-04-20,2026-04-27,6,
kedro-org/kedro,MLOps,5508,2026-04-20,2026-04-30,10,Issue: Feature Request
kedro-org/kedro,MLOps,5507,2026-04-19,2026-04-20,0,
kedro-org/kedro,MLOps,5506,2026-04-17,2026-04-21,4,
kedro-org/kedro,MLOps,5505,2026-04-17,2026-04-17,0,
kedro-org/kedro,MLOps,5503,2026-04-16,2026-04-23,6,
kedro-org/kedro,MLOps,5502,2026-04-16,2026-04-27,10,
kedro-org/kedro,MLOps,5500,2026-04-14,2026-04-21,6,
kedro-org/kedro,MLOps,5498,2026-04-14,2026-05-06,22,
kedro-org/kedro,MLOps,5497,2026-04-13,2026-04-16,2,
kedro-org/kedro,MLOps,5496,2026-04-13,2026-04-28,14,dependencies
kedro-org/kedro,MLOps,5495,2026-04-13,2026-04-28,14,dependencies
kedro-org/kedro,MLOps,5491,2026-04-07,2026-04-07,0,
kedro-org/kedro,MLOps,5490,2026-04-07,2026-04-07,0,
kedro-org/kedro,MLOps,5489,2026-04-06,2026-04-13,7,
kedro-org/kedro,MLOps,5487,2026-04-05,2026-04-13,7,Community
kedro-org/kedro,MLOps,5486,2026-04-04,2026-04-07,2,
kedro-org/kedro,MLOps,5483,2026-04-02,2026-05-04,31,
kedro-org/kedro,MLOps,5482,2026-04-02,2026-04-27,24,
kedro-org/kedro,MLOps,5481,2026-04-02,2026-04-27,24,Issue: Feature Request
kedro-org/kedro,MLOps,5480,2026-04-01,2026-04-14,12,
kedro-org/kedro,MLOps,5479,2026-04-01,2026-04-07,5,
kedro-org/kedro,MLOps,5478,2026-03-31,2026-04-28,27,
kedro-org/kedro,MLOps,5477,2026-03-31,2026-03-31,0,
kedro-org/kedro,MLOps,5476,2026-03-31,2026-05-06,36,Issue: Feature Request
kedro-org/kedro,MLOps,5475,2026-03-30,2026-04-28,28,dependencies
kedro-org/kedro,MLOps,5474,2026-03-30,2026-03-31,0,
kedro-org/kedro,MLOps,5473,2026-03-30,2026-03-31,0,Issue: Feature Request
kedro-org/kedro,MLOps,5472,2026-03-30,2026-04-27,28,Issue: Feature Request
kedro-org/kedro,MLOps,5471,2026-03-27,2026-03-30,2,
kedro-org/kedro,MLOps,5470,2026-03-27,2026-03-27,0,
kedro-org/kedro,MLOps,5469,2026-03-26,2026-03-30,3,
kedro-org/kedro,MLOps,5468,2026-03-26,2026-03-30,3,Community
kedro-org/kedro,MLOps,5467,2026-03-26,2026-03-31,4,
kedro-org/kedro,MLOps,5466,2026-03-26,2026-04-29,34,"Issue: Feature Request,Community"
kedro-org/kedro,MLOps,5465,2026-03-25,2026-03-27,1,
kedro-org/kedro,MLOps,5464,2026-03-25,2026-03-31,5,
kedro-org/kedro,MLOps,5463,2026-03-23,2026-03-27,4,
kedro-org/kedro,MLOps,5462,2026-03-23,2026-03-31,8,Issue: Feature Request
kedro-org/kedro,MLOps,5460,2026-03-21,2026-04-01,11,
kedro-org/kedro,MLOps,5459,2026-03-19,2026-04-02,13,
kedro-org/kedro,MLOps,5458,2026-03-19,2026-03-31,12,
kedro-org/kedro,MLOps,5457,2026-03-18,2026-03-19,0,
kedro-org/kedro,MLOps,5456,2026-03-18,2026-03-19,0,
kedro-org/kedro,MLOps,5455,2026-03-18,2026-04-13,25,Issue: Feature Request
kedro-org/kedro,MLOps,5454,2026-03-16,2026-04-07,21,dependencies
kedro-org/kedro,MLOps,5453,2026-03-16,2026-03-30,14,
kedro-org/kedro,MLOps,5452,2026-03-16,2026-03-30,14,Community
kedro-org/kedro,MLOps,5451,2026-03-13,2026-03-23,10,
kedro-org/kedro,MLOps,5449,2026-03-12,2026-03-24,12,
kedro-org/kedro,MLOps,5448,2026-03-12,2026-03-16,4,
kedro-org/kedro,MLOps,5447,2026-03-12,2026-04-14,33,
kedro-org/kedro,MLOps,5445,2026-03-11,2026-04-20,39,Issue: Feature Request
kedro-org/kedro,MLOps,5444,2026-03-11,2026-04-27,47,"Community,support: needs more info"
kedro-org/kedro,MLOps,5442,2026-03-10,2026-03-10,0,
kedro-org/kedro,MLOps,5441,2026-03-10,2026-04-10,30,
kedro-org/kedro,MLOps,5440,2026-03-10,2026-04-28,49,"Issue: Feature Request,Community"
kedro-org/kedro,MLOps,5439,2026-03-09,2026-03-16,6,dependencies
kedro-org/kedro,MLOps,5438,2026-03-09,2026-05-01,53,
kedro-org/kedro,MLOps,5435,2026-03-08,2026-03-08,0,
kedro-org/kedro,MLOps,5434,2026-03-07,2026-03-10,3,Community
kedro-org/kedro,MLOps,5433,2026-03-06,2026-04-16,41,Component: Documentation 📄
kedro-org/kedro,MLOps,5432,2026-03-06,2026-04-02,27,Issue: Feature Request
kedro-org/kedro,MLOps,5431,2026-03-06,2026-03-31,25,Issue: Feature Request
kedro-org/kedro,MLOps,5430,2026-03-06,2026-03-23,17,Issue: Feature Request
kedro-org/kedro,MLOps,5429,2026-03-06,2026-03-25,19,Issue: Feature Request
kedro-org/kedro,MLOps,5428,2026-03-06,2026-03-23,17,Issue: Feature Request
kedro-org/kedro,MLOps,5427,2026-03-05,2026-04-10,35,Issue: Feature Request
kedro-org/kedro,MLOps,5426,2026-03-05,2026-05-05,60,Issue: Feature Request
kedro-org/kedro,MLOps,5425,2026-03-05,2026-05-05,60,Issue: Feature Request
kedro-org/kedro,MLOps,5424,2026-03-05,2026-03-11,6,
kedro-org/kedro,MLOps,5423,2026-03-04,2026-03-18,14,
kedro-org/kedro,MLOps,5422,2026-03-04,2026-03-16,12,
kedro-org/kedro,MLOps,5421,2026-03-04,2026-03-16,11,
kedro-org/kedro,MLOps,5419,2026-03-04,2026-03-10,6,
kedro-org/kedro,MLOps,5415,2026-03-03,2026-03-09,6,
kedro-org/kedro,MLOps,5414,2026-03-03,2026-04-28,56,develop nightly build
kedro-org/kedro,MLOps,5413,2026-03-02,2026-03-09,6,dependencies
kedro-org/kedro,MLOps,5411,2026-02-28,2026-03-10,9,
kedro-org/kedro,MLOps,5410,2026-02-27,2026-03-04,4,
kedro-org/kedro,MLOps,5409,2026-02-27,2026-03-04,4,
kedro-org/kedro,MLOps,5407,2026-02-26,2026-03-30,32,
kedro-org/kedro,MLOps,5404,2026-02-25,2026-03-09,11,
kedro-org/kedro,MLOps,5403,2026-02-25,2026-03-09,11,
kedro-org/kedro,MLOps,5402,2026-02-25,2026-03-10,13,
kedro-org/kedro,MLOps,5401,2026-02-24,2026-03-05,9,
kedro-org/kedro,MLOps,5400,2026-02-23,2026-02-24,0,
kedro-org/kedro,MLOps,5399,2026-02-23,2026-02-24,0,
kedro-org/kedro,MLOps,5398,2026-02-23,2026-02-26,3,main nightly build
kedro-org/kedro,MLOps,5397,2026-02-23,2026-02-26,3,develop nightly build
great-expectations/great_expectations,MLOps,11867,2026-05-05,2026-05-06,0,
great-expectations/great_expectations,MLOps,11866,2026-05-05,2026-05-05,0,
great-expectations/great_expectations,MLOps,11865,2026-05-05,2026-05-05,0,
great-expectations/great_expectations,MLOps,11862,2026-05-04,2026-05-04,0,
great-expectations/great_expectations,MLOps,11861,2026-04-30,2026-04-30,0,
great-expectations/great_expectations,MLOps,11860,2026-04-30,2026-04-30,0,
great-expectations/great_expectations,MLOps,11859,2026-04-30,2026-05-04,3,"dependencies,javascript"
great-expectations/great_expectations,MLOps,11858,2026-04-30,2026-04-30,0,
great-expectations/great_expectations,MLOps,11857,2026-04-30,2026-04-30,0,
great-expectations/great_expectations,MLOps,11856,2026-04-30,2026-05-04,4,
great-expectations/great_expectations,MLOps,11854,2026-04-29,2026-04-30,0,
great-expectations/great_expectations,MLOps,11853,2026-04-29,2026-04-29,0,
great-expectations/great_expectations,MLOps,11852,2026-04-23,2026-05-04,10,
great-expectations/great_expectations,MLOps,11851,2026-04-22,2026-04-30,7,
great-expectations/great_expectations,MLOps,11850,2026-04-22,2026-04-30,8,
great-expectations/great_expectations,MLOps,11848,2026-04-22,2026-04-22,0,
great-expectations/great_expectations,MLOps,11847,2026-04-22,2026-04-22,0,
great-expectations/great_expectations,MLOps,11846,2026-04-22,2026-04-22,0,
great-expectations/great_expectations,MLOps,11845,2026-04-21,2026-04-21,0,
great-expectations/great_expectations,MLOps,11844,2026-04-21,2026-04-21,0,
great-expectations/great_expectations,MLOps,11843,2026-04-21,2026-04-21,0,
great-expectations/great_expectations,MLOps,11842,2026-04-21,2026-04-21,0,
great-expectations/great_expectations,MLOps,11841,2026-04-21,2026-04-21,0,
great-expectations/great_expectations,MLOps,11840,2026-04-21,2026-04-21,0,
great-expectations/great_expectations,MLOps,11839,2026-04-21,2026-04-21,0,
great-expectations/great_expectations,MLOps,11838,2026-04-21,2026-04-21,0,
great-expectations/great_expectations,MLOps,11837,2026-04-21,2026-04-21,0,
great-expectations/great_expectations,MLOps,11836,2026-04-21,2026-04-21,0,
great-expectations/great_expectations,MLOps,11835,2026-04-21,2026-04-22,1,
great-expectations/great_expectations,MLOps,11834,2026-04-21,2026-04-21,0,
great-expectations/great_expectations,MLOps,11832,2026-04-21,2026-04-21,0,
great-expectations/great_expectations,MLOps,11831,2026-04-20,2026-04-21,0,
great-expectations/great_expectations,MLOps,11829,2026-04-20,2026-04-20,0,
great-expectations/great_expectations,MLOps,11828,2026-04-17,2026-04-20,3,
great-expectations/great_expectations,MLOps,11827,2026-04-17,2026-04-17,0,
great-expectations/great_expectations,MLOps,11826,2026-04-17,2026-04-20,3,
great-expectations/great_expectations,MLOps,11825,2026-04-16,2026-04-17,0,"dependencies,javascript"
great-expectations/great_expectations,MLOps,11824,2026-04-16,2026-04-17,0,
great-expectations/great_expectations,MLOps,11823,2026-04-16,2026-04-16,0,
great-expectations/great_expectations,MLOps,11822,2026-04-16,2026-04-20,3,
great-expectations/great_expectations,MLOps,11821,2026-04-16,2026-04-16,0,
great-expectations/great_expectations,MLOps,11820,2026-04-16,2026-04-16,0,"dependencies,javascript"
great-expectations/great_expectations,MLOps,11819,2026-04-15,2026-04-15,0,
great-expectations/great_expectations,MLOps,11818,2026-04-15,2026-04-15,0,
great-expectations/great_expectations,MLOps,11817,2026-04-15,2026-04-21,5,
great-expectations/great_expectations,MLOps,11816,2026-04-14,2026-04-15,0,
great-expectations/great_expectations,MLOps,11815,2026-04-14,2026-04-15,0,"dependencies,javascript"
great-expectations/great_expectations,MLOps,11813,2026-04-14,2026-04-14,0,
great-expectations/great_expectations,MLOps,11812,2026-04-14,2026-04-15,1,community
great-expectations/great_expectations,MLOps,11811,2026-04-13,2026-04-14,1,
great-expectations/great_expectations,MLOps,11810,2026-04-13,2026-04-13,0,
great-expectations/great_expectations,MLOps,11809,2026-04-13,2026-04-13,0,
great-expectations/great_expectations,MLOps,11808,2026-04-13,2026-04-13,0,
great-expectations/great_expectations,MLOps,11807,2026-04-13,2026-04-13,0,
great-expectations/great_expectations,MLOps,11805,2026-04-10,2026-05-04,23,
great-expectations/great_expectations,MLOps,11804,2026-04-10,2026-04-14,4,
great-expectations/great_expectations,MLOps,11803,2026-04-10,2026-04-14,3,
great-expectations/great_expectations,MLOps,11802,2026-04-10,2026-04-14,3,
great-expectations/great_expectations,MLOps,11801,2026-04-10,2026-04-16,6,
great-expectations/great_expectations,MLOps,11800,2026-04-09,2026-04-09,0,
great-expectations/great_expectations,MLOps,11799,2026-04-09,2026-04-09,0,
great-expectations/great_expectations,MLOps,11797,2026-04-09,2026-04-10,0,
great-expectations/great_expectations,MLOps,11796,2026-04-09,2026-04-09,0,
great-expectations/great_expectations,MLOps,11795,2026-04-09,2026-04-13,4,
great-expectations/great_expectations,MLOps,11794,2026-04-08,2026-04-08,0,
great-expectations/great_expectations,MLOps,11793,2026-04-08,2026-04-08,0,
great-expectations/great_expectations,MLOps,11792,2026-04-08,2026-04-08,0,
great-expectations/great_expectations,MLOps,11791,2026-04-08,2026-04-09,0,
great-expectations/great_expectations,MLOps,11790,2026-04-08,2026-04-08,0,
great-expectations/great_expectations,MLOps,11789,2026-04-08,2026-04-08,0,
great-expectations/great_expectations,MLOps,11787,2026-04-08,2026-04-08,0,
great-expectations/great_expectations,MLOps,11786,2026-04-07,2026-04-08,0,
great-expectations/great_expectations,MLOps,11785,2026-04-07,2026-04-08,0,
great-expectations/great_expectations,MLOps,11784,2026-04-07,2026-04-14,7,community
great-expectations/great_expectations,MLOps,11783,2026-04-07,2026-04-08,0,
great-expectations/great_expectations,MLOps,11782,2026-04-07,2026-04-30,23,community
great-expectations/great_expectations,MLOps,11781,2026-04-07,2026-04-07,0,
great-expectations/great_expectations,MLOps,11779,2026-04-06,2026-04-14,7,
great-expectations/great_expectations,MLOps,11777,2026-04-06,2026-04-08,2,"dependencies,javascript"
great-expectations/great_expectations,MLOps,11776,2026-04-06,2026-04-06,0,"dependencies,javascript"
great-expectations/great_expectations,MLOps,11775,2026-04-06,2026-04-06,0,
great-expectations/great_expectations,MLOps,11769,2026-04-03,2026-04-06,3,
great-expectations/great_expectations,MLOps,11768,2026-04-03,2026-04-03,0,
great-expectations/great_expectations,MLOps,11766,2026-04-02,2026-04-02,0,
great-expectations/great_expectations,MLOps,11763,2026-04-02,2026-04-02,0,
great-expectations/great_expectations,MLOps,11762,2026-04-01,2026-04-01,0,
great-expectations/great_expectations,MLOps,11761,2026-04-01,2026-04-08,7,
great-expectations/great_expectations,MLOps,11759,2026-03-31,2026-04-01,1,agent-review-requested
great-expectations/great_expectations,MLOps,11758,2026-03-31,2026-04-02,1,agent-review-requested
great-expectations/great_expectations,MLOps,11757,2026-03-31,2026-04-07,7,
great-expectations/great_expectations,MLOps,11756,2026-03-27,2026-04-07,10,
great-expectations/great_expectations,MLOps,11755,2026-03-27,2026-04-06,9,
great-expectations/great_expectations,MLOps,11754,2026-03-27,2026-04-07,10,
great-expectations/great_expectations,MLOps,11753,2026-03-27,2026-03-27,0,
great-expectations/great_expectations,MLOps,11752,2026-03-27,2026-03-27,0,
great-expectations/great_expectations,MLOps,11751,2026-03-27,2026-03-27,0,
great-expectations/great_expectations,MLOps,11750,2026-03-27,2026-03-30,3,community
great-expectations/great_expectations,MLOps,11749,2026-03-27,2026-03-27,0,
great-expectations/great_expectations,MLOps,11748,2026-03-27,2026-03-27,0,
great-expectations/great_expectations,MLOps,11747,2026-03-26,2026-04-20,25,
SeldonIO/seldon-core,MLOps,7104,2026-03-09,2026-03-23,13,"dependencies,v2"
SeldonIO/seldon-core,MLOps,7100,2026-02-16,2026-03-09,20,"dependencies,v2"
SeldonIO/seldon-core,MLOps,7096,2026-01-26,2026-01-26,0,
SeldonIO/seldon-core,MLOps,7095,2026-01-23,2026-01-26,2,
SeldonIO/seldon-core,MLOps,7092,2026-01-15,2026-01-23,7,
SeldonIO/seldon-core,MLOps,7090,2026-01-14,2026-01-14,0,
SeldonIO/seldon-core,MLOps,7089,2026-01-14,2026-01-14,0,
SeldonIO/seldon-core,MLOps,7088,2026-01-13,2026-01-14,0,
SeldonIO/seldon-core,MLOps,7086,2026-01-12,2026-01-12,0,
SeldonIO/seldon-core,MLOps,7085,2026-01-12,2026-01-12,0,
SeldonIO/seldon-core,MLOps,7084,2026-01-12,2026-02-02,20,"dependencies,v2"
SeldonIO/seldon-core,MLOps,7083,2026-01-12,2026-03-09,55,"dependencies,v2"
SeldonIO/seldon-core,MLOps,7082,2026-01-09,2026-01-19,9,
SeldonIO/seldon-core,MLOps,7080,2026-01-08,2026-01-08,0,"gRPC,go"
SeldonIO/seldon-core,MLOps,7078,2026-01-08,2026-01-08,0,
SeldonIO/seldon-core,MLOps,7077,2026-01-07,2026-01-09,1,
SeldonIO/seldon-core,MLOps,7075,2026-01-07,2026-01-09,1,
SeldonIO/seldon-core,MLOps,7074,2026-01-07,2026-01-07,0,
SeldonIO/seldon-core,MLOps,7073,2026-01-07,2026-01-07,0,
SeldonIO/seldon-core,MLOps,7069,2026-01-06,2026-01-06,0,
SeldonIO/seldon-core,MLOps,7068,2026-01-06,2026-01-07,0,
SeldonIO/seldon-core,MLOps,7067,2026-01-05,2026-01-05,0,
SeldonIO/seldon-core,MLOps,7066,2026-01-05,2026-01-05,0,
SeldonIO/seldon-core,MLOps,7065,2026-01-05,2026-01-06,1,
SeldonIO/seldon-core,MLOps,7063,2025-12-29,2026-01-12,14,"dependencies,v2"
SeldonIO/seldon-core,MLOps,7062,2025-12-29,2026-02-16,49,"dependencies,v2"
SeldonIO/seldon-core,MLOps,7060,2025-12-29,2025-12-29,0,
SeldonIO/seldon-core,MLOps,7059,2025-12-23,2025-12-24,0,
SeldonIO/seldon-core,MLOps,7058,2025-12-23,2025-12-23,0,
SeldonIO/seldon-core,MLOps,7057,2025-12-23,2025-12-23,0,
SeldonIO/seldon-core,MLOps,7056,2025-12-23,2025-12-23,0,
SeldonIO/seldon-core,MLOps,7055,2025-12-23,2025-12-23,0,
SeldonIO/seldon-core,MLOps,7054,2025-12-23,2025-12-23,0,
SeldonIO/seldon-core,MLOps,7053,2025-12-22,2025-12-22,0,
SeldonIO/seldon-core,MLOps,7051,2025-12-22,2025-12-22,0,
SeldonIO/seldon-core,MLOps,7050,2025-12-22,2025-12-22,0,
SeldonIO/seldon-core,MLOps,7049,2025-12-22,2025-12-22,0,
SeldonIO/seldon-core,MLOps,7048,2025-12-19,2025-12-19,0,
SeldonIO/seldon-core,MLOps,7047,2025-12-19,2025-12-19,0,
SeldonIO/seldon-core,MLOps,7045,2025-12-19,2025-12-19,0,
SeldonIO/seldon-core,MLOps,7042,2025-12-18,2025-12-18,0,
SeldonIO/seldon-core,MLOps,7041,2025-12-18,2025-12-18,0,
SeldonIO/seldon-core,MLOps,7040,2025-12-18,2025-12-18,0,
SeldonIO/seldon-core,MLOps,7039,2025-12-18,2025-12-18,0,
SeldonIO/seldon-core,MLOps,7038,2025-12-18,2025-12-18,0,
SeldonIO/seldon-core,MLOps,7037,2025-12-18,2025-12-18,0,
SeldonIO/seldon-core,MLOps,7036,2025-12-18,2025-12-18,0,
SeldonIO/seldon-core,MLOps,7034,2025-12-18,2025-12-18,0,
SeldonIO/seldon-core,MLOps,7033,2025-12-18,2025-12-18,0,
SeldonIO/seldon-core,MLOps,7031,2025-12-18,2025-12-18,0,
SeldonIO/seldon-core,MLOps,7030,2025-12-17,2025-12-18,0,
SeldonIO/seldon-core,MLOps,7029,2025-12-17,2025-12-18,0,
SeldonIO/seldon-core,MLOps,7028,2025-12-17,2025-12-17,0,
SeldonIO/seldon-core,MLOps,7025,2025-12-17,2025-12-22,5,
SeldonIO/seldon-core,MLOps,7024,2025-12-17,2025-12-17,0,
SeldonIO/seldon-core,MLOps,7023,2025-12-17,2025-12-17,0,
SeldonIO/seldon-core,MLOps,7021,2025-12-16,2025-12-16,0,
SeldonIO/seldon-core,MLOps,7020,2025-12-16,2025-12-16,0,
SeldonIO/seldon-core,MLOps,7018,2025-12-16,2025-12-16,0,
SeldonIO/seldon-core,MLOps,7015,2025-12-12,2025-12-16,3,
SeldonIO/seldon-core,MLOps,7014,2025-12-12,2025-12-17,4,
SeldonIO/seldon-core,MLOps,7013,2025-12-12,2025-12-12,0,
SeldonIO/seldon-core,MLOps,7012,2025-12-12,2025-12-15,2,
SeldonIO/seldon-core,MLOps,7011,2025-12-12,2025-12-12,0,
SeldonIO/seldon-core,MLOps,7010,2025-12-12,2025-12-15,2,
SeldonIO/seldon-core,MLOps,7008,2025-12-11,2025-12-19,7,v1
SeldonIO/seldon-core,MLOps,7007,2025-12-11,2025-12-12,0,
SeldonIO/seldon-core,MLOps,7005,2025-12-11,2025-12-11,0,
SeldonIO/seldon-core,MLOps,7004,2025-12-11,2025-12-11,0,
SeldonIO/seldon-core,MLOps,7003,2025-12-10,2025-12-17,6,
SeldonIO/seldon-core,MLOps,7002,2025-12-10,2025-12-15,4,
SeldonIO/seldon-core,MLOps,7001,2025-12-10,2025-12-10,0,
SeldonIO/seldon-core,MLOps,6999,2025-12-10,2025-12-10,0,
SeldonIO/seldon-core,MLOps,6998,2025-12-10,2025-12-10,0,
SeldonIO/seldon-core,MLOps,6995,2025-12-10,2025-12-10,0,
SeldonIO/seldon-core,MLOps,6994,2025-12-10,2025-12-10,0,
SeldonIO/seldon-core,MLOps,6991,2025-12-09,2025-12-09,0,
SeldonIO/seldon-core,MLOps,6988,2025-12-09,2025-12-09,0,
SeldonIO/seldon-core,MLOps,6987,2025-12-09,2025-12-09,0,
SeldonIO/seldon-core,MLOps,6986,2025-12-09,2025-12-17,8,
SeldonIO/seldon-core,MLOps,6984,2025-12-09,2025-12-09,0,
SeldonIO/seldon-core,MLOps,6983,2025-12-09,2025-12-09,0,
SeldonIO/seldon-core,MLOps,6982,2025-12-09,2025-12-09,0,
SeldonIO/seldon-core,MLOps,6979,2025-12-08,2025-12-09,0,
SeldonIO/seldon-core,MLOps,6978,2025-12-08,2025-12-08,0,
SeldonIO/seldon-core,MLOps,6977,2025-12-08,2025-12-17,8,
SeldonIO/seldon-core,MLOps,6976,2025-12-08,2025-12-09,0,
SeldonIO/seldon-core,MLOps,6974,2025-12-08,2025-12-09,1,
SeldonIO/seldon-core,MLOps,6972,2025-12-05,2025-12-08,3,
SeldonIO/seldon-core,MLOps,6971,2025-12-05,2025-12-09,4,
SeldonIO/seldon-core,MLOps,6970,2025-12-04,2025-12-08,4,
SeldonIO/seldon-core,MLOps,6969,2025-12-03,2025-12-08,4,
SeldonIO/seldon-core,MLOps,6968,2025-12-01,2025-12-01,0,
SeldonIO/seldon-core,MLOps,6967,2025-12-01,2026-02-09,69,"dependencies,v2"
SeldonIO/seldon-core,MLOps,6966,2025-11-27,2025-12-08,10,
SeldonIO/seldon-core,MLOps,6965,2025-11-27,2025-12-05,7,
SeldonIO/seldon-core,MLOps,6963,2025-11-25,2025-11-25,0,v1
SeldonIO/seldon-core,MLOps,6962,2025-11-25,2025-12-10,15,
SeldonIO/seldon-core,MLOps,6960,2025-11-25,2025-12-01,5,
SeldonIO/seldon-core,MLOps,6958,2025-11-25,2025-11-25,0,
apache/flink,MLOps,28119,2026-05-06,2026-05-06,0,
apache/flink,MLOps,28117,2026-05-05,2026-05-05,0,
apache/flink,MLOps,28116,2026-05-05,2026-05-05,0,
apache/flink,MLOps,28111,2026-05-04,2026-05-06,1,
apache/flink,MLOps,28110,2026-05-04,2026-05-05,1,
apache/flink,MLOps,28109,2026-05-04,2026-05-05,0,
apache/flink,MLOps,28105,2026-05-04,2026-05-04,0,
apache/flink,MLOps,28104,2026-05-04,2026-05-04,0,target:release-2.3
apache/flink,MLOps,28103,2026-05-04,2026-05-04,0,target:release-1.20
apache/flink,MLOps,28102,2026-05-04,2026-05-04,0,target:release-2.0
apache/flink,MLOps,28101,2026-05-04,2026-05-04,0,target:release-2.1
apache/flink,MLOps,28100,2026-05-04,2026-05-04,0,target:release-2.2
apache/flink,MLOps,28099,2026-05-03,2026-05-04,0,community-reviewed
apache/flink,MLOps,28098,2026-05-03,2026-05-04,0,
apache/flink,MLOps,28097,2026-05-03,2026-05-03,0,
apache/flink,MLOps,28093,2026-05-03,2026-05-03,0,
apache/flink,MLOps,28089,2026-05-02,2026-05-02,0,"community-reviewed,target:release-2.1"
apache/flink,MLOps,28088,2026-05-02,2026-05-02,0,"community-reviewed,target:release-2.2"
apache/flink,MLOps,28087,2026-05-02,2026-05-02,0,"community-reviewed,target:release-2.3"
apache/flink,MLOps,28081,2026-05-01,2026-05-02,0,
apache/flink,MLOps,28079,2026-04-30,2026-04-30,0,
apache/flink,MLOps,28078,2026-04-30,2026-05-01,0,community-reviewed
apache/flink,MLOps,28077,2026-04-30,2026-04-30,0,
apache/flink,MLOps,28076,2026-04-30,2026-05-01,0,community-reviewed
apache/flink,MLOps,28075,2026-04-30,2026-04-30,0,"community-reviewed,target:release-2.3"
apache/flink,MLOps,28072,2026-04-29,2026-05-01,1,
apache/flink,MLOps,28070,2026-04-29,2026-05-05,6,community-reviewed
apache/flink,MLOps,28067,2026-04-29,2026-05-03,4,"community-reviewed,target:release-2.2"
apache/flink,MLOps,28065,2026-04-29,2026-05-06,7,
apache/flink,MLOps,28064,2026-04-29,2026-04-29,0,
apache/flink,MLOps,28063,2026-04-29,2026-04-29,0,
apache/flink,MLOps,28062,2026-04-28,2026-04-29,0,target:release-2.2
apache/flink,MLOps,28058,2026-04-28,2026-05-04,5,
apache/flink,MLOps,28057,2026-04-28,2026-04-29,0,target:release-2.2
apache/flink,MLOps,28056,2026-04-28,2026-04-29,0,target:release-2.3
apache/flink,MLOps,28055,2026-04-28,2026-04-28,0,
apache/flink,MLOps,28052,2026-04-27,2026-04-28,0,target:release-2.3
apache/flink,MLOps,28051,2026-04-27,2026-04-27,0,
apache/flink,MLOps,28050,2026-04-27,2026-05-02,4,community-reviewed
apache/flink,MLOps,28049,2026-04-27,2026-04-27,0,
apache/flink,MLOps,28046,2026-04-27,2026-04-27,0,
apache/flink,MLOps,28045,2026-04-27,2026-04-27,0,target:release-2.3
apache/flink,MLOps,28044,2026-04-27,2026-04-27,0,
apache/flink,MLOps,28043,2026-04-27,2026-04-27,0,
apache/flink,MLOps,28041,2026-04-27,2026-04-28,1,community-reviewed
apache/flink,MLOps,28039,2026-04-27,2026-04-27,0,target:release-2.3
apache/flink,MLOps,28038,2026-04-27,2026-04-27,0,
apache/flink,MLOps,28035,2026-04-26,2026-04-27,0,target:release-2.3
apache/flink,MLOps,28034,2026-04-26,2026-04-27,1,community-reviewed
apache/flink,MLOps,28033,2026-04-25,2026-04-27,1,target:release-2.2
apache/flink,MLOps,28032,2026-04-25,2026-04-27,1,target:release-2.1
apache/flink,MLOps,28031,2026-04-25,2026-04-27,1,target:release-2.0
apache/flink,MLOps,28030,2026-04-24,2026-04-29,4,
apache/flink,MLOps,28029,2026-04-24,2026-04-27,2,community-reviewed
apache/flink,MLOps,28028,2026-04-24,2026-04-25,0,community-reviewed
apache/flink,MLOps,28026,2026-04-24,2026-04-27,2,
apache/flink,MLOps,28022,2026-04-24,2026-04-24,0,community-reviewed
apache/flink,MLOps,28021,2026-04-24,2026-04-24,0,
apache/flink,MLOps,28020,2026-04-24,2026-04-24,0,
apache/flink,MLOps,28019,2026-04-24,2026-04-24,0,target:release-1.20
apache/flink,MLOps,28018,2026-04-24,2026-04-24,0,target:release-2.1
apache/flink,MLOps,28017,2026-04-24,2026-04-24,0,target:release-2.0
apache/flink,MLOps,28016,2026-04-24,2026-04-24,0,
apache/flink,MLOps,28015,2026-04-23,2026-04-24,0,community-reviewed
apache/flink,MLOps,28013,2026-04-23,2026-04-23,0,
apache/flink,MLOps,28012,2026-04-23,2026-04-27,3,
apache/flink,MLOps,28010,2026-04-23,2026-04-24,0,"community-reviewed,target:release-2.3"
apache/flink,MLOps,28009,2026-04-23,2026-04-23,0,community-reviewed
apache/flink,MLOps,28007,2026-04-23,2026-04-23,0,
apache/flink,MLOps,28003,2026-04-23,2026-04-30,7,community-reviewed
apache/flink,MLOps,28001,2026-04-22,2026-04-28,5,
apache/flink,MLOps,27998,2026-04-22,2026-04-22,0,target:release-2.3
apache/flink,MLOps,27997,2026-04-22,2026-04-22,0,
apache/flink,MLOps,27996,2026-04-22,2026-04-23,0,
apache/flink,MLOps,27995,2026-04-22,2026-04-22,0,
apache/flink,MLOps,27994,2026-04-22,2026-04-23,1,community-reviewed
apache/flink,MLOps,27993,2026-04-22,2026-04-23,1,community-reviewed-LGTM
apache/flink,MLOps,27991,2026-04-21,2026-04-28,6,community-reviewed
apache/flink,MLOps,27990,2026-04-21,2026-04-22,0,target:release-2.3
apache/flink,MLOps,27989,2026-04-21,2026-04-28,6,
apache/flink,MLOps,27988,2026-04-21,2026-04-22,0,target:release-2.3
apache/flink,MLOps,27987,2026-04-21,2026-04-21,0,target:release-2.3
apache/flink,MLOps,27986,2026-04-21,2026-04-22,1,target:release-2.3
apache/flink,MLOps,27985,2026-04-21,2026-04-21,0,
apache/flink,MLOps,27983,2026-04-21,2026-04-21,0,community-reviewed
apache/flink,MLOps,27980,2026-04-20,2026-04-24,3,
apache/flink,MLOps,27978,2026-04-20,2026-04-22,1,community-reviewed
apache/flink,MLOps,27977,2026-04-20,2026-04-20,0,
apache/flink,MLOps,27976,2026-04-20,2026-04-21,1,target:release-2.3
apache/flink,MLOps,27975,2026-04-20,2026-04-21,1,community-reviewed
apache/flink,MLOps,27974,2026-04-20,2026-04-21,0,
apache/flink,MLOps,27973,2026-04-20,2026-04-21,1,community-reviewed
apache/flink,MLOps,27970,2026-04-19,2026-04-21,1,
apache/flink,MLOps,27968,2026-04-19,2026-04-21,1,
apache/flink,MLOps,27967,2026-04-18,2026-04-19,0,"community-reviewed,target:release-2.0"
apache/flink,MLOps,27965,2026-04-18,2026-04-20,2,
apache/flink,MLOps,27964,2026-04-18,2026-04-20,2,community-reviewed
apache/flink,MLOps,27963,2026-04-17,2026-04-18,0,community-reviewed
apache/flink,MLOps,27962,2026-04-17,2026-04-22,4,community-reviewed
apache/flink,MLOps,27961,2026-04-17,2026-04-17,0,
lightly-ai/lightly,MLOps,1921,2026-05-04,2026-05-05,0,
lightly-ai/lightly,MLOps,1915,2026-04-21,2026-04-21,0,
lightly-ai/lightly,MLOps,1914,2026-04-11,2026-04-19,8,
lightly-ai/lightly,MLOps,1913,2026-04-10,2026-04-23,12,
lightly-ai/lightly,MLOps,1911,2026-04-10,2026-04-10,0,
lightly-ai/lightly,MLOps,1910,2026-04-10,2026-04-10,0,
lightly-ai/lightly,MLOps,1909,2026-04-07,2026-04-10,2,
lightly-ai/lightly,MLOps,1908,2026-04-07,2026-04-10,2,
lightly-ai/lightly,MLOps,1907,2026-04-06,2026-04-07,1,
lightly-ai/lightly,MLOps,1905,2026-03-24,2026-03-24,0,
lightly-ai/lightly,MLOps,1904,2026-03-24,2026-03-24,0,
lightly-ai/lightly,MLOps,1903,2026-03-23,2026-03-23,0,
lightly-ai/lightly,MLOps,1901,2026-03-08,2026-04-19,41,
lightly-ai/lightly,MLOps,1899,2026-03-03,2026-03-04,0,
lightly-ai/lightly,MLOps,1897,2026-02-26,2026-03-05,7,
lightly-ai/lightly,MLOps,1896,2026-02-23,2026-03-02,6,
lightly-ai/lightly,MLOps,1895,2026-02-19,2026-03-02,11,
lightly-ai/lightly,MLOps,1893,2026-02-12,2026-03-03,19,
lightly-ai/lightly,MLOps,1891,2025-12-19,2026-03-23,93,
lightly-ai/lightly,MLOps,1890,2025-12-19,2026-03-23,94,
lightly-ai/lightly,MLOps,1889,2025-12-19,2025-12-23,4,
lightly-ai/lightly,MLOps,1886,2025-11-02,2025-11-03,0,
lightly-ai/lightly,MLOps,1885,2025-10-23,2025-10-23,0,
lightly-ai/lightly,MLOps,1884,2025-10-13,2025-10-13,0,
lightly-ai/lightly,MLOps,1883,2025-09-24,2025-09-25,1,
lightly-ai/lightly,MLOps,1882,2025-09-24,2025-09-24,0,
lightly-ai/lightly,MLOps,1880,2025-09-05,2025-09-08,2,
lightly-ai/lightly,MLOps,1878,2025-08-07,2025-08-14,6,
lightly-ai/lightly,MLOps,1876,2025-08-06,2025-08-14,7,
lightly-ai/lightly,MLOps,1875,2025-08-01,2025-08-04,2,
lightly-ai/lightly,MLOps,1874,2025-07-31,2025-08-14,13,
lightly-ai/lightly,MLOps,1873,2025-07-25,2025-08-04,9,
lightly-ai/lightly,MLOps,1872,2025-07-24,2025-07-24,0,
lightly-ai/lightly,MLOps,1871,2025-07-22,2025-07-22,0,
lightly-ai/lightly,MLOps,1870,2025-07-22,2025-07-22,0,
lightly-ai/lightly,MLOps,1869,2025-07-22,2025-07-22,0,
lightly-ai/lightly,MLOps,1868,2025-07-22,2025-07-22,0,
lightly-ai/lightly,MLOps,1867,2025-07-21,2025-07-22,1,
lightly-ai/lightly,MLOps,1866,2025-07-21,2025-07-22,1,
lightly-ai/lightly,MLOps,1865,2025-07-19,2025-07-21,2,
lightly-ai/lightly,MLOps,1864,2025-07-18,2025-07-22,4,good first issue
lightly-ai/lightly,MLOps,1863,2025-07-18,2025-07-21,2,good first issue
lightly-ai/lightly,MLOps,1862,2025-07-16,2025-07-18,1,
lightly-ai/lightly,MLOps,1861,2025-07-15,2025-07-15,0,
lightly-ai/lightly,MLOps,1860,2025-07-14,2025-07-15,0,
lightly-ai/lightly,MLOps,1859,2025-07-10,2025-07-11,0,
lightly-ai/lightly,MLOps,1858,2025-07-10,2025-07-10,0,
lightly-ai/lightly,MLOps,1857,2025-07-09,2025-07-09,0,
lightly-ai/lightly,MLOps,1856,2025-07-08,2025-07-09,0,
lightly-ai/lightly,MLOps,1855,2025-07-04,2025-07-07,2,
lightly-ai/lightly,MLOps,1854,2025-07-03,2025-07-04,1,
lightly-ai/lightly,MLOps,1853,2025-06-30,2025-07-01,0,
lightly-ai/lightly,MLOps,1852,2025-06-30,2025-07-01,0,
lightly-ai/lightly,MLOps,1851,2025-06-30,2025-07-03,2,
lightly-ai/lightly,MLOps,1850,2025-06-29,2025-06-30,0,
lightly-ai/lightly,MLOps,1849,2025-06-27,2025-06-30,3,
lightly-ai/lightly,MLOps,1848,2025-06-26,2025-06-26,0,
lightly-ai/lightly,MLOps,1847,2025-06-17,2025-06-18,0,
lightly-ai/lightly,MLOps,1846,2025-06-11,2025-06-11,0,
lightly-ai/lightly,MLOps,1845,2025-06-11,2025-06-11,0,
lightly-ai/lightly,MLOps,1844,2025-06-11,2025-06-11,0,
lightly-ai/lightly,MLOps,1843,2025-06-10,2025-06-13,2,
lightly-ai/lightly,MLOps,1842,2025-06-06,2025-06-11,4,
lightly-ai/lightly,MLOps,1841,2025-06-03,2025-06-04,1,
lightly-ai/lightly,MLOps,1840,2025-06-03,2025-06-03,0,
lightly-ai/lightly,MLOps,1839,2025-06-03,2025-06-03,0,
lightly-ai/lightly,MLOps,1838,2025-06-02,2025-06-02,0,
lightly-ai/lightly,MLOps,1837,2025-06-02,2025-06-02,0,
lightly-ai/lightly,MLOps,1836,2025-05-30,2025-06-02,2,
lightly-ai/lightly,MLOps,1835,2025-05-30,2025-05-30,0,
lightly-ai/lightly,MLOps,1834,2025-05-28,2025-05-29,0,
lightly-ai/lightly,MLOps,1833,2025-05-28,2025-05-28,0,
lightly-ai/lightly,MLOps,1832,2025-05-28,2025-05-28,0,
lightly-ai/lightly,MLOps,1831,2025-05-27,2025-05-27,0,
lightly-ai/lightly,MLOps,1830,2025-05-26,2025-05-26,0,
lightly-ai/lightly,MLOps,1829,2025-05-23,2025-06-04,11,bug
lightly-ai/lightly,MLOps,1828,2025-05-21,2025-05-21,0,
lightly-ai/lightly,MLOps,1827,2025-05-19,2025-06-03,15,
lightly-ai/lightly,MLOps,1826,2025-05-19,2025-05-19,0,
lightly-ai/lightly,MLOps,1825,2025-05-07,2025-05-07,0,
lightly-ai/lightly,MLOps,1823,2025-05-06,2025-05-12,5,
lightly-ai/lightly,MLOps,1821,2025-05-01,2025-05-02,0,
lightly-ai/lightly,MLOps,1820,2025-04-30,2025-05-09,8,
lightly-ai/lightly,MLOps,1819,2025-04-28,2025-04-29,1,
lightly-ai/lightly,MLOps,1818,2025-04-22,2025-04-22,0,
lightly-ai/lightly,MLOps,1817,2025-04-17,2025-04-17,0,
lightly-ai/lightly,MLOps,1816,2025-04-17,2025-04-17,0,
lightly-ai/lightly,MLOps,1815,2025-04-15,2025-04-15,0,
lightly-ai/lightly,MLOps,1813,2025-04-07,2025-04-07,0,
lightly-ai/lightly,MLOps,1812,2025-03-18,2025-03-18,0,
lightly-ai/lightly,MLOps,1811,2025-03-17,2025-03-18,0,
lightly-ai/lightly,MLOps,1810,2025-03-13,2025-03-14,0,
lightly-ai/lightly,MLOps,1809,2025-03-03,2025-03-03,0,
lightly-ai/lightly,MLOps,1808,2025-02-25,2025-02-25,0,
lightly-ai/lightly,MLOps,1807,2025-02-25,2025-03-03,5,
lightly-ai/lightly,MLOps,1806,2025-02-23,2025-03-03,7,
lightly-ai/lightly,MLOps,1805,2025-02-18,2025-02-18,0,
lightly-ai/lightly,MLOps,1804,2025-02-13,2025-02-14,0,
lightly-ai/lightly,MLOps,1803,2025-02-13,2025-02-13,0,
lightly-ai/lightly,MLOps,1802,2025-02-11,2025-02-19,7,
optuna/optuna,AutoML/RL,6644,2026-05-01,2026-05-03,2,
optuna/optuna,AutoML/RL,6643,2026-05-01,2026-05-01,0,other
optuna/optuna,AutoML/RL,6641,2026-04-30,2026-05-01,0,document
optuna/optuna,AutoML/RL,6637,2026-04-26,2026-04-28,1,other
optuna/optuna,AutoML/RL,6636,2026-04-26,2026-04-27,0,other
optuna/optuna,AutoML/RL,6634,2026-04-22,2026-04-24,1,
optuna/optuna,AutoML/RL,6633,2026-04-20,2026-04-20,0,
optuna/optuna,AutoML/RL,6632,2026-04-19,2026-04-20,0,
optuna/optuna,AutoML/RL,6631,2026-04-19,2026-04-20,0,document
optuna/optuna,AutoML/RL,6629,2026-04-17,2026-04-17,0,
optuna/optuna,AutoML/RL,6628,2026-04-17,2026-04-21,3,bug
optuna/optuna,AutoML/RL,6627,2026-04-15,2026-04-23,7,enhancement
optuna/optuna,AutoML/RL,6626,2026-04-15,2026-04-21,5,bug
optuna/optuna,AutoML/RL,6625,2026-04-14,2026-04-17,2,document
optuna/optuna,AutoML/RL,6624,2026-04-14,2026-04-21,6,compatibility
optuna/optuna,AutoML/RL,6622,2026-04-10,2026-04-14,4,
optuna/optuna,AutoML/RL,6621,2026-04-10,2026-04-15,5,bug
optuna/optuna,AutoML/RL,6618,2026-04-08,2026-04-08,0,code-fix
optuna/optuna,AutoML/RL,6616,2026-04-07,2026-05-01,23,compatibility
optuna/optuna,AutoML/RL,6615,2026-04-07,2026-04-14,6,feature
optuna/optuna,AutoML/RL,6614,2026-04-07,2026-04-07,0,code-fix
optuna/optuna,AutoML/RL,6611,2026-04-03,2026-04-08,5,
optuna/optuna,AutoML/RL,6610,2026-04-02,2026-04-03,0,code-fix
optuna/optuna,AutoML/RL,6609,2026-04-01,2026-04-03,1,code-fix
optuna/optuna,AutoML/RL,6607,2026-04-01,2026-04-01,0,code-fix
optuna/optuna,AutoML/RL,6606,2026-03-31,2026-04-01,0,
optuna/optuna,AutoML/RL,6605,2026-03-31,2026-04-01,0,
optuna/optuna,AutoML/RL,6604,2026-03-31,2026-04-01,0,
optuna/optuna,AutoML/RL,6603,2026-03-31,2026-04-01,0,
optuna/optuna,AutoML/RL,6602,2026-03-29,2026-03-30,0,
optuna/optuna,AutoML/RL,6601,2026-03-29,2026-03-30,0,
optuna/optuna,AutoML/RL,6600,2026-03-29,2026-03-30,0,
optuna/optuna,AutoML/RL,6599,2026-03-29,2026-03-30,0,
optuna/optuna,AutoML/RL,6598,2026-03-29,2026-03-30,0,
optuna/optuna,AutoML/RL,6597,2026-03-29,2026-04-24,25,code-fix
optuna/optuna,AutoML/RL,6596,2026-03-29,2026-03-30,1,
optuna/optuna,AutoML/RL,6595,2026-03-29,2026-03-30,1,
optuna/optuna,AutoML/RL,6594,2026-03-26,2026-03-27,0,code-fix
optuna/optuna,AutoML/RL,6593,2026-03-26,2026-03-27,0,code-fix
optuna/optuna,AutoML/RL,6592,2026-03-26,2026-03-27,0,code-fix
optuna/optuna,AutoML/RL,6591,2026-03-26,2026-03-27,0,code-fix
optuna/optuna,AutoML/RL,6590,2026-03-26,2026-03-27,0,
optuna/optuna,AutoML/RL,6589,2026-03-25,2026-03-26,0,code-fix
optuna/optuna,AutoML/RL,6588,2026-03-25,2026-03-26,0,code-fix
optuna/optuna,AutoML/RL,6587,2026-03-25,2026-03-26,0,code-fix
optuna/optuna,AutoML/RL,6586,2026-03-25,2026-03-26,0,code-fix
optuna/optuna,AutoML/RL,6585,2026-03-25,2026-03-26,0,code-fix
optuna/optuna,AutoML/RL,6584,2026-03-25,2026-03-26,0,code-fix
optuna/optuna,AutoML/RL,6583,2026-03-25,2026-03-26,0,code-fix
optuna/optuna,AutoML/RL,6582,2026-03-25,2026-03-27,1,
optuna/optuna,AutoML/RL,6581,2026-03-25,2026-03-26,1,code-fix
optuna/optuna,AutoML/RL,6580,2026-03-25,2026-03-26,1,code-fix
optuna/optuna,AutoML/RL,6579,2026-03-25,2026-03-26,1,code-fix
optuna/optuna,AutoML/RL,6578,2026-03-25,2026-03-25,0,code-fix
optuna/optuna,AutoML/RL,6577,2026-03-25,2026-03-25,0,code-fix
optuna/optuna,AutoML/RL,6576,2026-03-25,2026-03-25,0,code-fix
optuna/optuna,AutoML/RL,6575,2026-03-25,2026-03-25,0,code-fix
optuna/optuna,AutoML/RL,6574,2026-03-25,2026-04-06,12,enhancement
optuna/optuna,AutoML/RL,6573,2026-03-24,2026-03-25,0,
optuna/optuna,AutoML/RL,6572,2026-03-24,2026-03-25,0,code-fix
optuna/optuna,AutoML/RL,6571,2026-03-24,2026-03-25,0,code-fix
optuna/optuna,AutoML/RL,6570,2026-03-24,2026-03-25,0,code-fix
optuna/optuna,AutoML/RL,6569,2026-03-24,2026-03-25,0,code-fix
optuna/optuna,AutoML/RL,6568,2026-03-24,2026-03-25,0,code-fix
optuna/optuna,AutoML/RL,6567,2026-03-24,2026-03-25,0,code-fix
optuna/optuna,AutoML/RL,6566,2026-03-24,2026-03-25,0,code-fix
optuna/optuna,AutoML/RL,6565,2026-03-23,2026-03-24,0,code-fix
optuna/optuna,AutoML/RL,6564,2026-03-23,2026-03-24,0,code-fix
optuna/optuna,AutoML/RL,6563,2026-03-23,2026-03-23,0,code-fix
optuna/optuna,AutoML/RL,6562,2026-03-23,2026-03-23,0,code-fix
optuna/optuna,AutoML/RL,6561,2026-03-23,2026-03-23,0,code-fix
optuna/optuna,AutoML/RL,6560,2026-03-23,2026-03-23,0,code-fix
optuna/optuna,AutoML/RL,6559,2026-03-22,2026-03-23,0,code-fix
optuna/optuna,AutoML/RL,6558,2026-03-22,2026-03-23,0,code-fix
optuna/optuna,AutoML/RL,6557,2026-03-22,2026-03-23,0,code-fix
optuna/optuna,AutoML/RL,6556,2026-03-22,2026-03-23,0,
optuna/optuna,AutoML/RL,6555,2026-03-22,2026-03-23,0,code-fix
optuna/optuna,AutoML/RL,6554,2026-03-22,2026-03-23,0,code-fix
optuna/optuna,AutoML/RL,6553,2026-03-22,2026-03-23,0,code-fix
optuna/optuna,AutoML/RL,6552,2026-03-22,2026-03-23,0,code-fix
optuna/optuna,AutoML/RL,6551,2026-03-22,2026-03-23,0,
optuna/optuna,AutoML/RL,6550,2026-03-22,2026-03-23,0,code-fix
optuna/optuna,AutoML/RL,6549,2026-03-22,2026-03-23,0,
optuna/optuna,AutoML/RL,6548,2026-03-22,2026-03-23,0,code-fix
optuna/optuna,AutoML/RL,6547,2026-03-21,2026-03-23,1,code-fix
optuna/optuna,AutoML/RL,6546,2026-03-20,2026-03-23,2,code-fix
optuna/optuna,AutoML/RL,6545,2026-03-20,2026-03-23,2,code-fix
optuna/optuna,AutoML/RL,6544,2026-03-20,2026-03-23,2,code-fix
optuna/optuna,AutoML/RL,6543,2026-03-20,2026-03-23,2,code-fix
optuna/optuna,AutoML/RL,6542,2026-03-20,2026-03-23,2,
optuna/optuna,AutoML/RL,6541,2026-03-20,2026-03-23,2,code-fix
optuna/optuna,AutoML/RL,6540,2026-03-20,2026-03-27,6,code-fix
optuna/optuna,AutoML/RL,6539,2026-03-20,2026-03-23,2,code-fix
optuna/optuna,AutoML/RL,6538,2026-03-20,2026-03-23,2,code-fix
optuna/optuna,AutoML/RL,6537,2026-03-20,2026-03-23,2,code-fix
optuna/optuna,AutoML/RL,6536,2026-03-20,2026-03-23,2,code-fix
optuna/optuna,AutoML/RL,6535,2026-03-20,2026-03-23,2,code-fix
optuna/optuna,AutoML/RL,6534,2026-03-20,2026-03-23,2,code-fix
optuna/optuna,AutoML/RL,6533,2026-03-20,2026-03-23,2,code-fix
optuna/optuna,AutoML/RL,6532,2026-03-20,2026-03-23,2,code-fix
openai/gym,AutoML/RL,3328,2026-03-26,2026-03-26,0,
openai/gym,AutoML/RL,3326,2026-02-05,2026-02-05,0,
openai/gym,AutoML/RL,3324,2025-09-28,2025-09-28,0,
openai/gym,AutoML/RL,3321,2025-08-22,2025-08-22,0,
openai/gym,AutoML/RL,3319,2025-07-16,2025-07-16,0,
openai/gym,AutoML/RL,3315,2025-05-18,2025-05-18,0,
openai/gym,AutoML/RL,3309,2025-02-14,2025-02-16,1,
openai/gym,AutoML/RL,3305,2024-12-09,2024-12-26,16,
openai/gym,AutoML/RL,3304,2024-12-01,2024-12-02,1,
openai/gym,AutoML/RL,3296,2024-10-12,2025-10-26,379,
openai/gym,AutoML/RL,3289,2024-09-19,2024-09-20,0,
openai/gym,AutoML/RL,3277,2024-05-29,2024-05-31,2,
openai/gym,AutoML/RL,3271,2024-05-02,2024-05-04,1,
openai/gym,AutoML/RL,3269,2024-04-17,2024-04-17,0,
openai/gym,AutoML/RL,3268,2024-04-10,2024-04-12,2,
openai/gym,AutoML/RL,3266,2024-04-06,2025-07-11,461,
openai/gym,AutoML/RL,3263,2024-04-02,2024-04-03,0,
openai/gym,AutoML/RL,3262,2024-03-14,2024-03-25,10,
openai/gym,AutoML/RL,3255,2024-02-06,2024-02-06,0,
openai/gym,AutoML/RL,3247,2023-10-22,2023-10-22,0,
openai/gym,AutoML/RL,3246,2023-10-20,2023-10-24,4,
openai/gym,AutoML/RL,3239,2023-08-01,2023-08-03,1,
openai/gym,AutoML/RL,3234,2023-07-11,2023-07-11,0,
openai/gym,AutoML/RL,3232,2023-07-09,2023-07-09,0,
openai/gym,AutoML/RL,3231,2023-07-09,2023-07-09,0,
openai/gym,AutoML/RL,3228,2023-07-02,2023-07-31,28,
openai/gym,AutoML/RL,3217,2023-06-08,2023-06-13,4,
openai/gym,AutoML/RL,3213,2023-05-18,2023-05-18,0,
openai/gym,AutoML/RL,3212,2023-05-18,2023-05-18,0,
openai/gym,AutoML/RL,3209,2023-04-20,2023-04-20,0,
openai/gym,AutoML/RL,3207,2023-04-17,2023-04-27,10,
openai/gym,AutoML/RL,3205,2023-04-11,2023-04-11,0,
openai/gym,AutoML/RL,3204,2023-04-07,2023-05-07,29,
openai/gym,AutoML/RL,3197,2023-03-15,2023-03-15,0,
openai/gym,AutoML/RL,3195,2023-03-13,2023-03-15,2,
openai/gym,AutoML/RL,3194,2023-03-10,2023-03-20,9,
openai/gym,AutoML/RL,3193,2023-03-09,2023-03-09,0,
openai/gym,AutoML/RL,3191,2023-03-06,2023-03-22,16,
openai/gym,AutoML/RL,3190,2023-03-05,2023-05-08,64,
openai/gym,AutoML/RL,3188,2023-03-01,2023-03-06,4,
openai/gym,AutoML/RL,3185,2023-02-24,2023-02-25,0,
openai/gym,AutoML/RL,3184,2023-02-24,2023-02-24,0,
openai/gym,AutoML/RL,3183,2023-02-24,2023-02-24,0,
openai/gym,AutoML/RL,3178,2023-02-15,2023-02-22,6,
openai/gym,AutoML/RL,3177,2023-02-07,2023-02-08,0,
openai/gym,AutoML/RL,3175,2023-01-23,2023-02-24,31,
openai/gym,AutoML/RL,3173,2023-01-16,2023-01-16,0,
openai/gym,AutoML/RL,3171,2023-01-11,2023-01-11,0,
openai/gym,AutoML/RL,3169,2023-01-03,2023-01-03,0,
openai/gym,AutoML/RL,3165,2022-12-18,2022-12-21,2,
openai/gym,AutoML/RL,3163,2022-12-15,2022-12-27,11,
openai/gym,AutoML/RL,3161,2022-12-11,2022-12-11,0,
openai/gym,AutoML/RL,3160,2022-12-08,2022-12-20,11,
openai/gym,AutoML/RL,3159,2022-12-07,2022-12-08,0,
openai/gym,AutoML/RL,3158,2022-11-30,2022-12-07,6,
openai/gym,AutoML/RL,3157,2022-11-28,2022-12-07,8,
openai/gym,AutoML/RL,3153,2022-11-23,2022-12-05,11,
openai/gym,AutoML/RL,3152,2022-11-22,2023-02-24,93,
openai/gym,AutoML/RL,3151,2022-11-22,2022-11-22,0,
openai/gym,AutoML/RL,3148,2022-11-12,2022-11-12,0,
openai/gym,AutoML/RL,3147,2022-11-11,2022-11-17,6,
openai/gym,AutoML/RL,3146,2022-11-10,2022-11-16,6,
openai/gym,AutoML/RL,3145,2022-11-05,2022-11-05,0,
openai/gym,AutoML/RL,3144,2022-11-03,2023-08-27,297,
openai/gym,AutoML/RL,3142,2022-11-02,2022-11-02,0,
openai/gym,AutoML/RL,3141,2022-10-31,2022-11-01,1,
openai/gym,AutoML/RL,3140,2022-10-31,2022-10-31,0,
openai/gym,AutoML/RL,3139,2022-10-28,2022-10-31,3,
openai/gym,AutoML/RL,3134,2022-10-21,2022-10-21,0,
openai/gym,AutoML/RL,3132,2022-10-21,2022-10-22,1,
openai/gym,AutoML/RL,3131,2022-10-19,2022-10-20,1,
openai/gym,AutoML/RL,3130,2022-10-18,2022-10-19,0,
openai/gym,AutoML/RL,3129,2022-10-16,2022-10-21,5,
openai/gym,AutoML/RL,3128,2022-10-15,2022-11-11,27,
openai/gym,AutoML/RL,3126,2022-10-14,2022-11-11,27,
openai/gym,AutoML/RL,3125,2022-10-12,2022-10-25,13,
openai/gym,AutoML/RL,3124,2022-10-11,2022-10-13,2,
openai/gym,AutoML/RL,3123,2022-10-10,2022-10-26,15,
openai/gym,AutoML/RL,3122,2022-10-09,2022-10-13,4,
openai/gym,AutoML/RL,3120,2022-10-06,2022-10-25,18,
openai/gym,AutoML/RL,3119,2022-10-06,2022-10-07,0,
openai/gym,AutoML/RL,3118,2022-10-06,2022-11-11,36,
openai/gym,AutoML/RL,3117,2022-10-05,2022-10-06,0,
openai/gym,AutoML/RL,3116,2022-10-04,2022-10-04,0,
openai/gym,AutoML/RL,3114,2022-10-03,2022-10-11,7,
openai/gym,AutoML/RL,3112,2022-10-03,2022-10-04,0,
openai/gym,AutoML/RL,3111,2022-10-03,2022-10-04,0,
openai/gym,AutoML/RL,3110,2022-10-03,2022-10-13,10,
openai/gym,AutoML/RL,3109,2022-10-03,2022-10-03,0,
openai/gym,AutoML/RL,3108,2022-10-02,2022-10-25,23,
openai/gym,AutoML/RL,3107,2022-10-01,2022-10-02,1,
openai/gym,AutoML/RL,3105,2022-09-30,2022-10-04,3,
openai/gym,AutoML/RL,3104,2022-09-30,2022-10-03,2,
openai/gym,AutoML/RL,3103,2022-09-28,2022-10-25,27,
openai/gym,AutoML/RL,3101,2022-09-27,2022-10-13,16,
openai/gym,AutoML/RL,3100,2022-09-27,2022-10-04,7,
openai/gym,AutoML/RL,3099,2022-09-26,2022-10-25,29,
openai/gym,AutoML/RL,3098,2022-09-25,2022-10-04,9,
openai/gym,AutoML/RL,3097,2022-09-25,2022-10-13,18,
openai/gym,AutoML/RL,3096,2022-09-25,2022-10-13,18,
microsoft/nni,AutoML/RL,5792,2024-06-06,2024-06-06,0,
microsoft/nni,AutoML/RL,5782,2024-05-14,2024-05-15,0,
microsoft/nni,AutoML/RL,5767,2024-04-02,2024-04-03,0,
microsoft/nni,AutoML/RL,5763,2024-03-22,2024-03-22,0,
microsoft/nni,AutoML/RL,5762,2024-03-22,2024-03-22,0,
microsoft/nni,AutoML/RL,5758,2024-03-19,2024-03-28,8,
microsoft/nni,AutoML/RL,5740,2024-01-25,2024-01-26,0,
microsoft/nni,AutoML/RL,5727,2023-12-28,2023-12-28,0,
microsoft/nni,AutoML/RL,5715,2023-11-27,2023-11-28,1,
microsoft/nni,AutoML/RL,5700,2023-10-26,2023-10-26,0,
microsoft/nni,AutoML/RL,5683,2023-09-21,2023-09-21,0,
microsoft/nni,AutoML/RL,5678,2023-09-11,2023-10-06,25,
microsoft/nni,AutoML/RL,5675,2023-09-04,2023-09-19,14,
microsoft/nni,AutoML/RL,5669,2023-08-22,2023-09-08,16,
microsoft/nni,AutoML/RL,5668,2023-08-21,2023-09-13,22,
microsoft/nni,AutoML/RL,5660,2023-08-13,2023-08-17,3,
microsoft/nni,AutoML/RL,5655,2023-08-03,2023-08-03,0,
microsoft/nni,AutoML/RL,5653,2023-08-01,2023-08-01,0,
microsoft/nni,AutoML/RL,5645,2023-07-20,2023-08-03,14,
microsoft/nni,AutoML/RL,5640,2023-07-19,2023-07-19,0,
microsoft/nni,AutoML/RL,5638,2023-07-19,2023-07-28,9,
microsoft/nni,AutoML/RL,5637,2023-07-18,2023-08-07,19,
microsoft/nni,AutoML/RL,5626,2023-06-30,2023-07-04,3,
microsoft/nni,AutoML/RL,5621,2023-06-27,2023-07-07,10,
microsoft/nni,AutoML/RL,5620,2023-06-27,2023-06-29,1,
microsoft/nni,AutoML/RL,5619,2023-06-26,2023-06-30,3,
microsoft/nni,AutoML/RL,5615,2023-06-20,2023-06-21,0,
microsoft/nni,AutoML/RL,5613,2023-06-19,2023-07-05,16,
microsoft/nni,AutoML/RL,5612,2023-06-16,2023-07-03,16,
microsoft/nni,AutoML/RL,5610,2023-06-15,2023-07-07,22,
microsoft/nni,AutoML/RL,5607,2023-06-12,2023-06-13,1,
microsoft/nni,AutoML/RL,5604,2023-06-09,2023-06-29,19,
microsoft/nni,AutoML/RL,5603,2023-06-09,2023-06-29,19,
microsoft/nni,AutoML/RL,5602,2023-06-08,2023-06-19,10,
microsoft/nni,AutoML/RL,5601,2023-06-07,2023-06-28,20,
microsoft/nni,AutoML/RL,5600,2023-06-07,2023-06-09,2,
microsoft/nni,AutoML/RL,5599,2023-06-06,2023-06-29,22,
microsoft/nni,AutoML/RL,5597,2023-06-06,2023-06-07,0,
microsoft/nni,AutoML/RL,5596,2023-06-05,2023-06-16,10,
microsoft/nni,AutoML/RL,5595,2023-06-05,2023-06-05,0,
microsoft/nni,AutoML/RL,5594,2023-06-01,2023-06-21,19,
microsoft/nni,AutoML/RL,5593,2023-06-01,2023-06-02,0,
microsoft/nni,AutoML/RL,5592,2023-06-01,2023-07-03,31,
microsoft/nni,AutoML/RL,5591,2023-06-01,2023-06-27,25,
microsoft/nni,AutoML/RL,5590,2023-05-31,2023-06-01,0,
microsoft/nni,AutoML/RL,5589,2023-05-30,2023-06-07,7,
microsoft/nni,AutoML/RL,5583,2023-05-26,2023-05-29,3,
microsoft/nni,AutoML/RL,5581,2023-05-26,2023-05-29,3,
microsoft/nni,AutoML/RL,5580,2023-05-26,2023-05-29,3,
microsoft/nni,AutoML/RL,5578,2023-05-25,2023-06-27,32,
microsoft/nni,AutoML/RL,5576,2023-05-23,2023-12-27,217,v3.1
microsoft/nni,AutoML/RL,5575,2023-05-23,2023-06-30,37,
microsoft/nni,AutoML/RL,5573,2023-05-23,2023-07-10,47,
microsoft/nni,AutoML/RL,5571,2023-05-22,2023-06-28,37,
microsoft/nni,AutoML/RL,5570,2023-05-20,2023-05-23,3,
microsoft/nni,AutoML/RL,5569,2023-05-18,2023-06-26,38,
microsoft/nni,AutoML/RL,5567,2023-05-16,2023-05-18,1,
microsoft/nni,AutoML/RL,5565,2023-05-15,2023-05-20,4,
microsoft/nni,AutoML/RL,5564,2023-05-15,2023-05-24,8,
microsoft/nni,AutoML/RL,5563,2023-05-15,2023-05-18,3,
microsoft/nni,AutoML/RL,5562,2023-05-15,2023-05-16,1,
microsoft/nni,AutoML/RL,5561,2023-05-15,2023-05-18,3,
microsoft/nni,AutoML/RL,5560,2023-05-14,2023-05-15,0,
microsoft/nni,AutoML/RL,5559,2023-05-14,2023-06-07,23,
microsoft/nni,AutoML/RL,5557,2023-05-12,2023-05-24,12,
microsoft/nni,AutoML/RL,5555,2023-05-10,2023-05-19,8,
microsoft/nni,AutoML/RL,5554,2023-05-10,2023-05-12,1,
microsoft/nni,AutoML/RL,5553,2023-05-10,2023-05-10,0,
microsoft/nni,AutoML/RL,5552,2023-05-10,2023-05-10,0,
microsoft/nni,AutoML/RL,5551,2023-05-10,2023-05-12,1,
microsoft/nni,AutoML/RL,5550,2023-05-09,2023-05-10,0,
microsoft/nni,AutoML/RL,5549,2023-05-09,2023-05-24,15,
microsoft/nni,AutoML/RL,5548,2023-05-09,2023-05-10,1,
microsoft/nni,AutoML/RL,5547,2023-05-08,2023-06-05,27,
microsoft/nni,AutoML/RL,5546,2023-05-08,2023-05-08,0,
microsoft/nni,AutoML/RL,5545,2023-05-08,2023-05-09,0,
microsoft/nni,AutoML/RL,5544,2023-05-08,2023-05-08,0,
microsoft/nni,AutoML/RL,5543,2023-05-08,2023-05-08,0,
microsoft/nni,AutoML/RL,5542,2023-05-06,2023-05-09,2,
microsoft/nni,AutoML/RL,5541,2023-05-05,2023-05-08,2,
microsoft/nni,AutoML/RL,5539,2023-05-04,2023-05-04,0,
microsoft/nni,AutoML/RL,5538,2023-05-03,2023-05-12,8,
microsoft/nni,AutoML/RL,5537,2023-05-02,2023-05-02,0,
microsoft/nni,AutoML/RL,5534,2023-04-27,2023-05-05,7,
microsoft/nni,AutoML/RL,5533,2023-04-26,2023-05-10,13,
microsoft/nni,AutoML/RL,5532,2023-04-26,2023-04-28,1,
microsoft/nni,AutoML/RL,5531,2023-04-26,2023-05-08,12,
microsoft/nni,AutoML/RL,5530,2023-04-26,2023-04-28,1,
microsoft/nni,AutoML/RL,5529,2023-04-25,2023-04-26,0,
microsoft/nni,AutoML/RL,5528,2023-04-25,2023-04-26,0,
microsoft/nni,AutoML/RL,5527,2023-04-25,2023-04-26,0,
microsoft/nni,AutoML/RL,5526,2023-04-21,2023-04-28,7,
microsoft/nni,AutoML/RL,5525,2023-04-21,2023-04-26,4,
microsoft/nni,AutoML/RL,5523,2023-04-19,2023-04-22,2,
microsoft/nni,AutoML/RL,5522,2023-04-19,2023-05-10,20,
microsoft/nni,AutoML/RL,5521,2023-04-16,2023-04-25,8,
microsoft/nni,AutoML/RL,5520,2023-04-16,2023-04-17,0,
microsoft/nni,AutoML/RL,5519,2023-04-14,2023-04-17,3,
microsoft/nni,AutoML/RL,5518,2023-04-13,2023-04-19,6,
microsoft/nni,AutoML/RL,5517,2023-04-12,2023-06-28,76,v3.1
automl/auto-sklearn,AutoML/RL,1776,2026-03-31,2026-03-31,0,
automl/auto-sklearn,AutoML/RL,1775,2026-03-31,2026-03-31,0,
automl/auto-sklearn,AutoML/RL,1774,2026-03-24,2026-03-31,7,
automl/auto-sklearn,AutoML/RL,1773,2026-03-24,2026-03-24,0,
automl/auto-sklearn,AutoML/RL,1772,2026-03-23,2026-03-23,0,
automl/auto-sklearn,AutoML/RL,1771,2026-01-20,2026-04-20,90,"dependencies,github_actions"
automl/auto-sklearn,AutoML/RL,1770,2026-01-12,2026-04-21,98,"dependencies,Stale,github_actions"
automl/auto-sklearn,AutoML/RL,1769,2026-01-07,2026-04-18,100,"dependencies,Stale,github_actions"
automl/auto-sklearn,AutoML/RL,1768,2026-01-07,2026-04-18,100,"dependencies,Stale,github_actions"
automl/auto-sklearn,AutoML/RL,1767,2026-01-07,2026-04-18,100,"dependencies,Stale,github_actions"
automl/auto-sklearn,AutoML/RL,1764,2025-10-27,2026-01-07,71,"dependencies,github_actions"
automl/auto-sklearn,AutoML/RL,1763,2025-10-13,2026-01-20,98,"dependencies,Stale,github_actions"
automl/auto-sklearn,AutoML/RL,1762,2025-10-02,2026-01-11,100,"dependencies,Stale,github_actions"
automl/auto-sklearn,AutoML/RL,1761,2025-09-04,2026-01-07,124,"dependencies,Stale,github_actions"
automl/auto-sklearn,AutoML/RL,1760,2025-09-04,2026-01-07,124,"dependencies,Stale,github_actions"
automl/auto-sklearn,AutoML/RL,1759,2025-08-11,2025-10-18,67,"dependencies,Stale,github_actions"
automl/auto-sklearn,AutoML/RL,1758,2025-08-06,2025-10-13,67,"dependencies,Stale,github_actions"
automl/auto-sklearn,AutoML/RL,1756,2025-06-18,2025-08-26,68,"dependencies,Stale,github_actions"
automl/auto-sklearn,AutoML/RL,1754,2025-06-02,2025-06-03,0,
automl/auto-sklearn,AutoML/RL,1751,2025-01-22,2025-06-18,146,"dependencies,Stale"
automl/auto-sklearn,AutoML/RL,1750,2025-01-09,2025-06-25,166,Stale
automl/auto-sklearn,AutoML/RL,1749,2024-11-29,2025-01-22,54,dependencies
automl/auto-sklearn,AutoML/RL,1748,2024-11-24,2025-06-26,213,Stale
automl/auto-sklearn,AutoML/RL,1746,2024-11-15,2025-06-26,222,"dependencies,Stale"
automl/auto-sklearn,AutoML/RL,1744,2024-10-24,2025-06-26,244,"dependencies,Stale"
automl/auto-sklearn,AutoML/RL,1743,2024-10-08,2024-10-24,15,dependencies
automl/auto-sklearn,AutoML/RL,1742,2024-09-26,2024-10-08,11,dependencies
automl/auto-sklearn,AutoML/RL,1739,2024-09-03,2025-06-18,287,"dependencies,Stale"
automl/auto-sklearn,AutoML/RL,1737,2024-08-26,2024-11-02,67,"dependencies,Stale"
automl/auto-sklearn,AutoML/RL,1736,2024-08-26,2024-11-02,67,"dependencies,Stale"
automl/auto-sklearn,AutoML/RL,1733,2024-07-03,2024-09-09,67,"dependencies,Stale"
automl/auto-sklearn,AutoML/RL,1732,2024-06-24,2024-08-31,67,"dependencies,Stale"
automl/auto-sklearn,AutoML/RL,1731,2024-06-17,2024-08-24,67,"dependencies,Stale"
automl/auto-sklearn,AutoML/RL,1730,2024-06-17,2024-08-24,67,"dependencies,Stale"
automl/auto-sklearn,AutoML/RL,1729,2024-06-17,2024-08-24,67,"dependencies,Stale"
automl/auto-sklearn,AutoML/RL,1726,2024-04-03,2024-04-05,1,
automl/auto-sklearn,AutoML/RL,1717,2024-01-16,2025-06-03,504,
automl/auto-sklearn,AutoML/RL,1715,2023-12-25,2024-07-03,190,"dependencies,Stale"
automl/auto-sklearn,AutoML/RL,1714,2023-12-20,2024-01-11,22,
automl/auto-sklearn,AutoML/RL,1713,2023-12-15,2024-06-24,191,"dependencies,Stale"
automl/auto-sklearn,AutoML/RL,1712,2023-12-13,2024-06-17,187,dependencies
automl/auto-sklearn,AutoML/RL,1711,2023-12-07,2024-06-16,191,"dependencies,Stale"
automl/auto-sklearn,AutoML/RL,1710,2023-12-06,2024-06-16,192,"dependencies,Stale"
automl/auto-sklearn,AutoML/RL,1708,2023-11-24,2024-02-10,77,Stale
automl/auto-sklearn,AutoML/RL,1702,2023-10-23,2023-11-14,21,
automl/auto-sklearn,AutoML/RL,1701,2023-10-18,2023-12-25,67,"dependencies,Stale"
automl/auto-sklearn,AutoML/RL,1699,2023-10-05,2023-10-05,0,
automl/auto-sklearn,AutoML/RL,1697,2023-09-25,2023-10-18,23,dependencies
automl/auto-sklearn,AutoML/RL,1693,2023-09-12,2023-11-20,68,"dependencies,Stale"
automl/auto-sklearn,AutoML/RL,1692,2023-09-12,2023-11-20,68,"dependencies,Stale"
automl/auto-sklearn,AutoML/RL,1691,2023-09-12,2023-11-20,68,"dependencies,Stale"
automl/auto-sklearn,AutoML/RL,1689,2023-09-04,2023-09-25,20,dependencies
automl/auto-sklearn,AutoML/RL,1686,2023-08-29,2023-11-08,70,Stale
automl/auto-sklearn,AutoML/RL,1682,2023-08-24,2023-09-04,11,dependencies
automl/auto-sklearn,AutoML/RL,1681,2023-08-11,2023-08-14,2,
automl/auto-sklearn,AutoML/RL,1680,2023-08-09,2023-08-09,0,
automl/auto-sklearn,AutoML/RL,1679,2023-07-31,2023-10-03,64,Stale
automl/auto-sklearn,AutoML/RL,1676,2023-07-19,2023-07-21,1,
automl/auto-sklearn,AutoML/RL,1669,2023-06-12,2023-08-19,67,"dependencies,Stale"
automl/auto-sklearn,AutoML/RL,1664,2023-04-23,2023-04-28,4,question
automl/auto-sklearn,AutoML/RL,1662,2023-04-18,2023-04-18,0,
automl/auto-sklearn,AutoML/RL,1660,2023-04-14,2023-04-16,2,
automl/auto-sklearn,AutoML/RL,1659,2023-04-14,2023-04-17,2,
automl/auto-sklearn,AutoML/RL,1658,2023-04-13,2023-06-12,59,dependencies
automl/auto-sklearn,AutoML/RL,1657,2023-04-07,2023-04-18,11,bug
automl/auto-sklearn,AutoML/RL,1656,2023-04-06,2023-06-13,67,"dependencies,Stale"
automl/auto-sklearn,AutoML/RL,1655,2023-04-05,2023-06-13,68,"dependencies,Stale"
automl/auto-sklearn,AutoML/RL,1653,2023-03-24,2023-04-13,19,dependencies
automl/auto-sklearn,AutoML/RL,1652,2023-03-23,2023-05-31,68,"dependencies,Stale"
automl/auto-sklearn,AutoML/RL,1651,2023-03-23,2023-03-23,0,
automl/auto-sklearn,AutoML/RL,1650,2023-03-16,2023-04-17,32,
automl/auto-sklearn,AutoML/RL,1649,2023-03-16,2023-03-24,7,dependencies
automl/auto-sklearn,AutoML/RL,1647,2023-03-12,2023-03-25,13,
automl/auto-sklearn,AutoML/RL,1646,2023-02-27,2023-04-05,36,dependencies
automl/auto-sklearn,AutoML/RL,1644,2023-02-16,2023-02-16,0,
automl/auto-sklearn,AutoML/RL,1643,2023-02-10,2023-02-13,3,question
automl/auto-sklearn,AutoML/RL,1642,2023-01-31,2023-04-09,67,"dependencies,Stale"
automl/auto-sklearn,AutoML/RL,1638,2023-01-05,2023-03-14,67,"dependencies,Stale"
automl/auto-sklearn,AutoML/RL,1637,2023-01-04,2023-01-06,2,question
automl/auto-sklearn,AutoML/RL,1636,2022-12-29,2023-03-08,68,Stale
automl/auto-sklearn,AutoML/RL,1635,2022-12-21,2023-02-28,68,"dependencies,Stale"
automl/auto-sklearn,AutoML/RL,1632,2022-12-13,2023-01-05,23,dependencies
automl/auto-sklearn,AutoML/RL,1630,2022-12-08,2022-12-08,0,
automl/auto-sklearn,AutoML/RL,1628,2022-12-01,2022-12-07,5,
automl/auto-sklearn,AutoML/RL,1627,2022-11-30,2022-11-30,0,
automl/auto-sklearn,AutoML/RL,1626,2022-11-28,2022-11-29,0,question
automl/auto-sklearn,AutoML/RL,1623,2022-11-24,2022-11-25,0,
automl/auto-sklearn,AutoML/RL,1622,2022-11-23,2022-11-24,0,
automl/auto-sklearn,AutoML/RL,1621,2022-11-23,2022-11-24,0,
automl/auto-sklearn,AutoML/RL,1620,2022-11-22,2022-12-07,15,question
automl/auto-sklearn,AutoML/RL,1619,2022-11-16,2023-01-22,67,Stale
automl/auto-sklearn,AutoML/RL,1618,2022-11-15,2023-05-25,190,"maintenance,Stale"
automl/auto-sklearn,AutoML/RL,1617,2022-11-15,2022-11-15,0,maintenance
automl/auto-sklearn,AutoML/RL,1611,2022-11-15,2023-06-06,202,"maintenance,Stale"
automl/auto-sklearn,AutoML/RL,1610,2022-11-15,2022-11-15,0,
automl/auto-sklearn,AutoML/RL,1609,2022-11-15,2022-11-15,0,
automl/auto-sklearn,AutoML/RL,1608,2022-11-11,2022-11-14,2,
automl/auto-sklearn,AutoML/RL,1606,2022-11-09,2022-11-14,4,enhancement
automl/auto-sklearn,AutoML/RL,1605,2022-11-09,2022-11-15,6,
automl/auto-sklearn,AutoML/RL,1602,2022-10-26,2023-01-22,87,Stale
openai/baselines,AutoML/RL,1228,2023-12-21,2023-12-21,0,
openai/baselines,AutoML/RL,1218,2023-03-18,2023-03-18,0,
openai/baselines,AutoML/RL,1217,2023-03-07,2023-03-07,0,
openai/baselines,AutoML/RL,1210,2022-12-06,2022-12-06,0,
openai/baselines,AutoML/RL,1198,2022-04-16,2022-04-20,4,
openai/baselines,AutoML/RL,1195,2022-04-01,2022-05-12,41,
openai/baselines,AutoML/RL,1191,2021-10-26,2021-10-26,0,
openai/baselines,AutoML/RL,1189,2021-10-11,2021-10-15,3,
openai/baselines,AutoML/RL,1165,2021-05-09,2021-05-11,1,
openai/baselines,AutoML/RL,1164,2021-04-29,2021-04-29,0,
openai/baselines,AutoML/RL,1163,2021-02-25,2021-02-27,1,
openai/baselines,AutoML/RL,1161,2021-02-02,2021-02-08,5,
openai/baselines,AutoML/RL,1156,2021-01-06,2021-01-18,12,
openai/baselines,AutoML/RL,1154,2020-12-19,2020-12-19,0,
openai/baselines,AutoML/RL,1147,2020-10-20,2020-10-20,0,
openai/baselines,AutoML/RL,1142,2020-09-02,2020-09-02,0,
openai/baselines,AutoML/RL,1138,2020-08-28,2020-08-29,0,
openai/baselines,AutoML/RL,1132,2020-08-01,2020-08-12,11,
openai/baselines,AutoML/RL,1126,2020-07-11,2020-07-14,2,
openai/baselines,AutoML/RL,1123,2020-07-06,2020-07-08,2,
openai/baselines,AutoML/RL,1121,2020-07-04,2020-07-08,3,
openai/baselines,AutoML/RL,1117,2020-06-30,2020-07-01,1,
openai/baselines,AutoML/RL,1116,2020-06-28,2020-06-29,1,
openai/baselines,AutoML/RL,1113,2020-06-13,2020-06-19,6,
openai/baselines,AutoML/RL,1111,2020-05-28,2020-05-30,1,
openai/baselines,AutoML/RL,1108,2020-05-23,2020-05-25,1,
openai/baselines,AutoML/RL,1107,2020-05-15,2020-06-08,24,
openai/baselines,AutoML/RL,1103,2020-05-05,2020-05-10,4,
openai/baselines,AutoML/RL,1102,2020-05-01,2020-05-01,0,
openai/baselines,AutoML/RL,1099,2020-04-20,2020-04-20,0,
openai/baselines,AutoML/RL,1096,2020-04-02,2020-04-02,0,
openai/baselines,AutoML/RL,1093,2020-03-31,2020-03-31,0,
openai/baselines,AutoML/RL,1090,2020-03-12,2020-03-12,0,
openai/baselines,AutoML/RL,1084,2020-02-16,2020-02-23,6,
openai/baselines,AutoML/RL,1083,2020-02-10,2020-02-27,16,
openai/baselines,AutoML/RL,1082,2020-02-10,2021-06-18,493,
openai/baselines,AutoML/RL,1076,2020-01-29,2020-01-31,1,
openai/baselines,AutoML/RL,1066,2020-01-10,2020-01-10,0,
openai/baselines,AutoML/RL,1065,2020-01-08,2020-01-09,0,
openai/baselines,AutoML/RL,1046,2019-11-28,2019-12-30,31,
openai/baselines,AutoML/RL,1041,2019-11-21,2019-11-25,3,
openai/baselines,AutoML/RL,1035,2019-11-12,2020-07-02,232,
openai/baselines,AutoML/RL,1034,2019-11-08,2019-11-10,1,
openai/baselines,AutoML/RL,1032,2019-11-08,2019-11-08,0,
openai/baselines,AutoML/RL,1031,2019-11-07,2019-11-08,1,
openai/baselines,AutoML/RL,1029,2019-11-05,2019-11-05,0,
openai/baselines,AutoML/RL,1028,2019-11-05,2019-11-08,3,
openai/baselines,AutoML/RL,1027,2019-11-04,2019-11-15,11,
openai/baselines,AutoML/RL,1023,2019-10-29,2019-11-08,10,
openai/baselines,AutoML/RL,1020,2019-10-16,2019-11-08,23,
openai/baselines,AutoML/RL,1018,2019-10-11,2019-11-08,28,
openai/baselines,AutoML/RL,1017,2019-10-11,2019-10-25,14,
openai/baselines,AutoML/RL,1016,2019-10-10,2019-10-10,0,
openai/baselines,AutoML/RL,1015,2019-10-08,2019-10-25,17,
openai/baselines,AutoML/RL,1014,2019-10-08,2019-10-25,17,
openai/baselines,AutoML/RL,1012,2019-10-02,2019-10-25,23,
openai/baselines,AutoML/RL,1011,2019-10-02,2019-10-02,0,
openai/baselines,AutoML/RL,1010,2019-10-02,2019-10-02,0,
openai/baselines,AutoML/RL,1007,2019-09-24,2019-09-24,0,
openai/baselines,AutoML/RL,1006,2019-09-20,2019-11-08,49,
openai/baselines,AutoML/RL,1002,2019-09-09,2019-10-25,46,
openai/baselines,AutoML/RL,1001,2019-09-08,2019-11-05,57,
openai/baselines,AutoML/RL,1000,2019-09-06,2019-09-27,21,
openai/baselines,AutoML/RL,998,2019-08-31,2019-09-27,27,
openai/baselines,AutoML/RL,997,2019-08-29,2019-08-29,0,
openai/baselines,AutoML/RL,995,2019-08-26,2019-11-08,74,
openai/baselines,AutoML/RL,994,2019-08-26,2019-10-25,60,
openai/baselines,AutoML/RL,993,2019-08-23,2019-10-25,63,
openai/baselines,AutoML/RL,991,2019-08-23,2019-08-23,0,
openai/baselines,AutoML/RL,990,2019-08-16,2019-09-27,42,
openai/baselines,AutoML/RL,989,2019-08-14,2019-08-20,6,
openai/baselines,AutoML/RL,987,2019-08-13,2019-08-26,12,
openai/baselines,AutoML/RL,985,2019-08-12,2019-12-08,117,
openai/baselines,AutoML/RL,984,2019-08-09,2019-11-08,91,
openai/baselines,AutoML/RL,982,2019-08-09,2019-11-08,91,
openai/baselines,AutoML/RL,981,2019-08-08,2019-10-25,78,
openai/baselines,AutoML/RL,978,2019-08-06,2019-08-08,2,
openai/baselines,AutoML/RL,976,2019-08-04,2019-08-05,1,
openai/baselines,AutoML/RL,973,2019-07-31,2019-11-08,100,
openai/baselines,AutoML/RL,972,2019-07-31,2019-08-12,12,
openai/baselines,AutoML/RL,970,2019-07-29,2019-08-05,7,
openai/baselines,AutoML/RL,968,2019-07-28,2019-07-28,0,
openai/baselines,AutoML/RL,966,2019-07-25,2019-08-10,15,
openai/baselines,AutoML/RL,965,2019-07-24,2019-11-08,107,
openai/baselines,AutoML/RL,959,2019-07-10,2019-08-23,43,
openai/baselines,AutoML/RL,950,2019-07-02,2019-08-05,34,
openai/baselines,AutoML/RL,949,2019-07-02,2019-08-05,34,
openai/baselines,AutoML/RL,948,2019-06-30,2019-06-30,0,
openai/baselines,AutoML/RL,946,2019-06-27,2019-06-27,0,
openai/baselines,AutoML/RL,945,2019-06-27,2020-03-17,264,
openai/baselines,AutoML/RL,933,2019-06-11,2019-06-24,13,
openai/baselines,AutoML/RL,930,2019-06-09,2019-08-05,57,
openai/baselines,AutoML/RL,926,2019-06-04,2019-06-13,9,
openai/baselines,AutoML/RL,921,2019-05-31,2019-05-31,0,
openai/baselines,AutoML/RL,920,2019-05-31,2019-05-31,0,
openai/baselines,AutoML/RL,917,2019-05-30,2019-06-07,8,
openai/baselines,AutoML/RL,915,2019-05-26,2019-05-31,5,
openai/baselines,AutoML/RL,912,2019-05-23,2019-05-24,1,
openai/baselines,AutoML/RL,911,2019-05-22,2019-05-31,9,
openai/baselines,AutoML/RL,908,2019-05-21,2019-08-29,99,
DLR-RM/stable-baselines3,AutoML/RL,2248,2026-05-01,2026-05-01,0,question
DLR-RM/stable-baselines3,AutoML/RL,2247,2026-04-30,2026-05-02,1,
DLR-RM/stable-baselines3,AutoML/RL,2246,2026-04-30,2026-05-02,2,bug
DLR-RM/stable-baselines3,AutoML/RL,2244,2026-04-19,2026-04-19,0,
DLR-RM/stable-baselines3,AutoML/RL,2243,2026-04-19,2026-04-19,0,
DLR-RM/stable-baselines3,AutoML/RL,2242,2026-04-17,2026-04-19,1,
DLR-RM/stable-baselines3,AutoML/RL,2241,2026-04-17,2026-04-19,1,"bug,duplicate,RTFM,check the checklist"
DLR-RM/stable-baselines3,AutoML/RL,2237,2026-04-04,2026-04-09,4,"PR template not filled,LLM generated"
DLR-RM/stable-baselines3,AutoML/RL,2236,2026-04-04,2026-04-09,4,"PR template not filled,LLM generated"
DLR-RM/stable-baselines3,AutoML/RL,2235,2026-04-01,2026-04-01,0,
DLR-RM/stable-baselines3,AutoML/RL,2234,2026-03-28,2026-04-19,22,
DLR-RM/stable-baselines3,AutoML/RL,2233,2026-03-27,2026-04-01,4,"PR template not filled,LLM generated"
DLR-RM/stable-baselines3,AutoML/RL,2232,2026-03-27,2026-03-27,0,
DLR-RM/stable-baselines3,AutoML/RL,2231,2026-03-18,2026-03-18,0,
DLR-RM/stable-baselines3,AutoML/RL,2230,2026-03-17,2026-03-19,2,"PR template not filled,LLM generated"
DLR-RM/stable-baselines3,AutoML/RL,2229,2026-03-17,2026-03-19,2,"PR template not filled,LLM generated"
DLR-RM/stable-baselines3,AutoML/RL,2227,2026-03-13,2026-03-13,0,
DLR-RM/stable-baselines3,AutoML/RL,2226,2026-03-13,2026-03-19,6,more information needed
DLR-RM/stable-baselines3,AutoML/RL,2225,2026-03-12,2026-03-12,0,"more information needed,LLM generated"
DLR-RM/stable-baselines3,AutoML/RL,2224,2026-02-28,2026-02-28,0,question
DLR-RM/stable-baselines3,AutoML/RL,2223,2026-02-27,2026-04-19,51,"PR template not filled,check the checklist,LLM generated"
DLR-RM/stable-baselines3,AutoML/RL,2222,2026-02-22,2026-02-25,2,LLM generated
DLR-RM/stable-baselines3,AutoML/RL,2221,2026-02-20,2026-02-22,1,LLM generated
DLR-RM/stable-baselines3,AutoML/RL,2220,2026-02-20,2026-03-13,21,"question,custom gym env,No tech support"
DLR-RM/stable-baselines3,AutoML/RL,2219,2026-02-19,2026-02-21,1,
DLR-RM/stable-baselines3,AutoML/RL,2218,2026-02-18,2026-02-19,1,
DLR-RM/stable-baselines3,AutoML/RL,2217,2026-02-12,2026-03-13,29,documentation
DLR-RM/stable-baselines3,AutoML/RL,2216,2026-02-12,2026-02-12,0,
DLR-RM/stable-baselines3,AutoML/RL,2215,2026-02-11,2026-02-11,0,"duplicate,enhancement"
DLR-RM/stable-baselines3,AutoML/RL,2214,2026-02-05,2026-02-08,3,
DLR-RM/stable-baselines3,AutoML/RL,2213,2026-01-30,2026-02-19,20,"bug,help wanted"
DLR-RM/stable-baselines3,AutoML/RL,2212,2026-01-23,2026-01-23,0,LLM generated
DLR-RM/stable-baselines3,AutoML/RL,2211,2026-01-22,2026-01-23,0,
DLR-RM/stable-baselines3,AutoML/RL,2210,2026-01-10,2026-01-11,1,documentation
DLR-RM/stable-baselines3,AutoML/RL,2209,2026-01-09,2026-01-09,0,
DLR-RM/stable-baselines3,AutoML/RL,2208,2025-12-20,2026-01-22,33,
DLR-RM/stable-baselines3,AutoML/RL,2207,2025-12-20,2026-01-23,33,custom gym env
DLR-RM/stable-baselines3,AutoML/RL,2206,2025-12-17,2025-12-17,0,question
DLR-RM/stable-baselines3,AutoML/RL,2205,2025-12-15,2025-12-18,2,
DLR-RM/stable-baselines3,AutoML/RL,2201,2025-12-08,2025-12-08,0,question
DLR-RM/stable-baselines3,AutoML/RL,2200,2025-12-06,2025-12-08,1,
DLR-RM/stable-baselines3,AutoML/RL,2198,2025-12-05,2025-12-05,0,
DLR-RM/stable-baselines3,AutoML/RL,2197,2025-12-05,2025-12-05,0,
DLR-RM/stable-baselines3,AutoML/RL,2196,2025-11-30,2026-03-13,103,documentation
DLR-RM/stable-baselines3,AutoML/RL,2195,2025-11-26,2025-12-02,5,"duplicate,enhancement"
DLR-RM/stable-baselines3,AutoML/RL,2192,2025-11-18,2025-11-18,0,
DLR-RM/stable-baselines3,AutoML/RL,2191,2025-11-16,2025-11-16,0,LLM generated
DLR-RM/stable-baselines3,AutoML/RL,2190,2025-11-12,2025-11-14,1,
DLR-RM/stable-baselines3,AutoML/RL,2189,2025-11-12,2025-11-14,1,documentation
DLR-RM/stable-baselines3,AutoML/RL,2188,2025-11-07,2025-12-04,27,"question,RTFM,check the checklist"
DLR-RM/stable-baselines3,AutoML/RL,2187,2025-11-05,2025-11-19,14,"question,custom gym env"
DLR-RM/stable-baselines3,AutoML/RL,2186,2025-11-05,2025-11-11,6,question
DLR-RM/stable-baselines3,AutoML/RL,2184,2025-10-30,2025-10-31,1,
DLR-RM/stable-baselines3,AutoML/RL,2183,2025-10-27,2025-10-29,2,
DLR-RM/stable-baselines3,AutoML/RL,2182,2025-10-27,2025-10-29,2,documentation
DLR-RM/stable-baselines3,AutoML/RL,2181,2025-10-22,2025-10-22,0,
DLR-RM/stable-baselines3,AutoML/RL,2180,2025-10-15,2025-10-15,0,"duplicate,question,RTFM,check the checklist"
DLR-RM/stable-baselines3,AutoML/RL,2179,2025-10-09,2025-10-09,0,
DLR-RM/stable-baselines3,AutoML/RL,2177,2025-09-26,2025-09-26,0,
DLR-RM/stable-baselines3,AutoML/RL,2176,2025-09-13,2025-09-13,0,
DLR-RM/stable-baselines3,AutoML/RL,2175,2025-09-10,2025-09-10,0,"bug,duplicate,RTFM,check the checklist"
DLR-RM/stable-baselines3,AutoML/RL,2174,2025-09-08,2025-09-08,0,
DLR-RM/stable-baselines3,AutoML/RL,2173,2025-09-04,2025-09-04,0,
DLR-RM/stable-baselines3,AutoML/RL,2172,2025-08-29,2025-09-08,9,"help wanted,custom gym env"
DLR-RM/stable-baselines3,AutoML/RL,2171,2025-08-29,2025-08-29,0,
DLR-RM/stable-baselines3,AutoML/RL,2170,2025-08-29,2025-09-01,3,
DLR-RM/stable-baselines3,AutoML/RL,2169,2025-08-29,2025-08-29,0,
DLR-RM/stable-baselines3,AutoML/RL,2168,2025-08-27,2025-08-27,0,
DLR-RM/stable-baselines3,AutoML/RL,2167,2025-08-27,2025-08-27,0,
DLR-RM/stable-baselines3,AutoML/RL,2166,2025-08-05,2025-12-05,122,
DLR-RM/stable-baselines3,AutoML/RL,2164,2025-07-28,2025-07-30,1,"bug,more information needed"
DLR-RM/stable-baselines3,AutoML/RL,2163,2025-07-27,2025-08-05,8,
DLR-RM/stable-baselines3,AutoML/RL,2162,2025-07-27,2025-08-05,8,enhancement
DLR-RM/stable-baselines3,AutoML/RL,2161,2025-07-25,2025-07-25,0,
DLR-RM/stable-baselines3,AutoML/RL,2160,2025-07-23,2025-07-23,0,custom gym env
DLR-RM/stable-baselines3,AutoML/RL,2159,2025-07-23,2025-07-23,0,"duplicate,question"
DLR-RM/stable-baselines3,AutoML/RL,2157,2025-07-21,2025-07-21,0,
DLR-RM/stable-baselines3,AutoML/RL,2156,2025-07-19,2025-07-28,8,question
DLR-RM/stable-baselines3,AutoML/RL,2155,2025-07-18,2025-07-18,0,"documentation,duplicate"
DLR-RM/stable-baselines3,AutoML/RL,2154,2025-07-18,2025-11-16,121,LLM generated
DLR-RM/stable-baselines3,AutoML/RL,2153,2025-07-18,2025-11-16,121,enhancement
DLR-RM/stable-baselines3,AutoML/RL,2152,2025-07-14,2025-08-27,43,"bug,more information needed,check the checklist"
DLR-RM/stable-baselines3,AutoML/RL,2151,2025-07-10,2025-07-11,0,"enhancement,RTFM"
DLR-RM/stable-baselines3,AutoML/RL,2150,2025-07-04,2025-07-04,0,
DLR-RM/stable-baselines3,AutoML/RL,2149,2025-06-23,2025-08-05,43,question
DLR-RM/stable-baselines3,AutoML/RL,2147,2025-06-11,2025-06-16,5,
DLR-RM/stable-baselines3,AutoML/RL,2146,2025-06-10,2025-06-10,0,bug
DLR-RM/stable-baselines3,AutoML/RL,2144,2025-06-06,2025-06-16,9,
DLR-RM/stable-baselines3,AutoML/RL,2143,2025-05-31,2025-06-03,2,
DLR-RM/stable-baselines3,AutoML/RL,2140,2025-05-14,2025-05-15,0,
DLR-RM/stable-baselines3,AutoML/RL,2139,2025-05-14,2025-09-08,117,
DLR-RM/stable-baselines3,AutoML/RL,2138,2025-05-14,2025-05-20,6,"question,custom gym env"
DLR-RM/stable-baselines3,AutoML/RL,2137,2025-05-13,2025-12-18,218,"bug,documentation,help wanted"
DLR-RM/stable-baselines3,AutoML/RL,2133,2025-05-09,2025-05-09,0,
DLR-RM/stable-baselines3,AutoML/RL,2130,2025-05-06,2025-05-20,14,"question,custom gym env,windows"
DLR-RM/stable-baselines3,AutoML/RL,2129,2025-05-06,2025-05-23,17,question
DLR-RM/stable-baselines3,AutoML/RL,2128,2025-05-05,2025-05-09,3,
DLR-RM/stable-baselines3,AutoML/RL,2127,2025-05-03,2025-05-05,1,check the checklist
DLR-RM/stable-baselines3,AutoML/RL,2126,2025-04-29,2025-05-09,9,question
DLR-RM/stable-baselines3,AutoML/RL,2125,2025-04-27,2025-05-14,16,
keras-team/keras-tuner,AutoML/RL,1051,2026-01-14,2026-01-14,0,
keras-team/keras-tuner,AutoML/RL,1049,2025-12-19,2025-12-20,0,
keras-team/keras-tuner,AutoML/RL,1048,2025-11-11,2025-11-11,0,
keras-team/keras-tuner,AutoML/RL,1046,2025-09-02,2025-10-01,29,"dependencies,github_actions"
keras-team/keras-tuner,AutoML/RL,1041,2025-04-11,2025-04-17,5,bug
keras-team/keras-tuner,AutoML/RL,1038,2025-03-19,2025-03-20,1,
keras-team/keras-tuner,AutoML/RL,1030,2024-12-01,2025-09-02,274,dependencies
keras-team/keras-tuner,AutoML/RL,1026,2024-09-16,2024-09-18,1,
keras-team/keras-tuner,AutoML/RL,1013,2024-06-24,2024-06-24,0,
keras-team/keras-tuner,AutoML/RL,1005,2024-04-10,2024-04-10,0,bug
keras-team/keras-tuner,AutoML/RL,1000,2024-03-14,2024-03-14,0,bug
keras-team/keras-tuner,AutoML/RL,995,2024-03-04,2024-03-04,0,
keras-team/keras-tuner,AutoML/RL,994,2024-03-04,2024-03-04,0,
keras-team/keras-tuner,AutoML/RL,993,2024-03-04,2024-12-01,271,dependencies
keras-team/keras-tuner,AutoML/RL,992,2024-03-04,2024-03-04,0,
keras-team/keras-tuner,AutoML/RL,991,2024-03-04,2024-03-04,0,
keras-team/keras-tuner,AutoML/RL,987,2024-02-15,2024-02-15,0,bug
keras-team/keras-tuner,AutoML/RL,986,2024-02-13,2024-03-04,19,
keras-team/keras-tuner,AutoML/RL,985,2024-02-11,2024-06-26,135,bug
keras-team/keras-tuner,AutoML/RL,984,2023-12-27,2024-03-04,67,
keras-team/keras-tuner,AutoML/RL,983,2023-11-29,2023-11-29,0,
keras-team/keras-tuner,AutoML/RL,980,2023-11-16,2023-11-17,1,
keras-team/keras-tuner,AutoML/RL,979,2023-11-16,2023-11-17,1,
keras-team/keras-tuner,AutoML/RL,977,2023-11-15,2023-11-17,2,
keras-team/keras-tuner,AutoML/RL,976,2023-11-13,2023-11-17,4,bug
keras-team/keras-tuner,AutoML/RL,975,2023-11-07,2023-11-07,0,
keras-team/keras-tuner,AutoML/RL,974,2023-11-07,2023-11-07,0,
keras-team/keras-tuner,AutoML/RL,973,2023-11-07,2023-11-07,0,
keras-team/keras-tuner,AutoML/RL,972,2023-11-07,2023-11-07,0,
keras-team/keras-tuner,AutoML/RL,971,2023-11-07,2023-11-07,0,
keras-team/keras-tuner,AutoML/RL,970,2023-11-06,2023-11-06,0,
keras-team/keras-tuner,AutoML/RL,969,2023-10-25,2023-10-26,0,
keras-team/keras-tuner,AutoML/RL,968,2023-10-25,2023-10-25,0,
keras-team/keras-tuner,AutoML/RL,967,2023-10-25,2023-10-25,0,
keras-team/keras-tuner,AutoML/RL,966,2023-10-24,2023-10-25,0,
keras-team/keras-tuner,AutoML/RL,965,2023-10-24,2023-10-24,0,
keras-team/keras-tuner,AutoML/RL,964,2023-10-24,2023-10-24,0,
keras-team/keras-tuner,AutoML/RL,962,2023-10-21,2023-10-23,1,
keras-team/keras-tuner,AutoML/RL,961,2023-10-12,2023-10-12,0,
keras-team/keras-tuner,AutoML/RL,960,2023-10-12,2023-10-12,0,
keras-team/keras-tuner,AutoML/RL,959,2023-10-10,2023-10-10,0,
keras-team/keras-tuner,AutoML/RL,958,2023-10-09,2023-10-09,0,
keras-team/keras-tuner,AutoML/RL,957,2023-10-09,2023-10-10,0,
keras-team/keras-tuner,AutoML/RL,955,2023-10-02,2023-10-02,0,
keras-team/keras-tuner,AutoML/RL,954,2023-10-02,2023-10-02,0,
keras-team/keras-tuner,AutoML/RL,953,2023-09-29,2023-09-29,0,
keras-team/keras-tuner,AutoML/RL,952,2023-09-29,2023-09-29,0,
keras-team/keras-tuner,AutoML/RL,951,2023-09-28,2023-09-29,0,
keras-team/keras-tuner,AutoML/RL,950,2023-09-28,2023-09-28,0,
keras-team/keras-tuner,AutoML/RL,949,2023-09-27,2023-09-29,1,
keras-team/keras-tuner,AutoML/RL,948,2023-09-26,2023-09-26,0,
keras-team/keras-tuner,AutoML/RL,947,2023-09-26,2023-09-26,0,bug
keras-team/keras-tuner,AutoML/RL,946,2023-09-25,2023-09-25,0,
keras-team/keras-tuner,AutoML/RL,945,2023-09-24,2023-09-25,1,bug
keras-team/keras-tuner,AutoML/RL,944,2023-09-22,2023-09-22,0,
keras-team/keras-tuner,AutoML/RL,943,2023-09-22,2023-09-22,0,
keras-team/keras-tuner,AutoML/RL,942,2023-09-22,2023-09-22,0,
keras-team/keras-tuner,AutoML/RL,941,2023-09-22,2023-09-22,0,
keras-team/keras-tuner,AutoML/RL,940,2023-09-22,2023-09-22,0,
keras-team/keras-tuner,AutoML/RL,939,2023-09-22,2023-09-22,0,
keras-team/keras-tuner,AutoML/RL,938,2023-09-22,2023-09-22,0,
keras-team/keras-tuner,AutoML/RL,937,2023-09-22,2023-09-22,0,
keras-team/keras-tuner,AutoML/RL,936,2023-09-22,2023-09-22,0,
keras-team/keras-tuner,AutoML/RL,935,2023-09-22,2023-09-22,0,
keras-team/keras-tuner,AutoML/RL,934,2023-09-21,2023-09-21,0,
keras-team/keras-tuner,AutoML/RL,933,2023-09-21,2023-09-25,4,
keras-team/keras-tuner,AutoML/RL,932,2023-09-20,2023-09-20,0,
keras-team/keras-tuner,AutoML/RL,931,2023-09-20,2023-09-20,0,
keras-team/keras-tuner,AutoML/RL,930,2023-09-12,2023-09-13,0,
keras-team/keras-tuner,AutoML/RL,929,2023-09-12,2023-09-13,0,
keras-team/keras-tuner,AutoML/RL,928,2023-09-11,2023-09-18,6,
keras-team/keras-tuner,AutoML/RL,927,2023-08-31,2023-11-08,68,
keras-team/keras-tuner,AutoML/RL,926,2023-08-25,2023-09-13,19,
keras-team/keras-tuner,AutoML/RL,925,2023-08-25,2023-09-13,19,bug
keras-team/keras-tuner,AutoML/RL,923,2023-08-10,2023-08-10,0,
keras-team/keras-tuner,AutoML/RL,921,2023-08-02,2023-08-10,8,
keras-team/keras-tuner,AutoML/RL,916,2023-07-18,2023-11-27,132,
keras-team/keras-tuner,AutoML/RL,914,2023-07-12,2023-07-12,0,bug
keras-team/keras-tuner,AutoML/RL,911,2023-06-12,2023-06-12,0,
keras-team/keras-tuner,AutoML/RL,906,2023-04-19,2023-04-22,3,
keras-team/keras-tuner,AutoML/RL,905,2023-04-19,2023-04-23,4,bug
keras-team/keras-tuner,AutoML/RL,904,2023-04-19,2023-04-22,3,
keras-team/keras-tuner,AutoML/RL,903,2023-04-19,2023-04-23,4,bug
keras-team/keras-tuner,AutoML/RL,902,2023-04-19,2023-10-04,168,
keras-team/keras-tuner,AutoML/RL,900,2023-04-13,2023-04-13,0,
keras-team/keras-tuner,AutoML/RL,899,2023-04-12,2023-04-13,0,
keras-team/keras-tuner,AutoML/RL,898,2023-04-12,2023-04-12,0,
keras-team/keras-tuner,AutoML/RL,897,2023-04-12,2023-04-12,0,
keras-team/keras-tuner,AutoML/RL,896,2023-04-11,2023-04-11,0,
keras-team/keras-tuner,AutoML/RL,895,2023-04-11,2023-04-11,0,
keras-team/keras-tuner,AutoML/RL,894,2023-04-11,2023-04-11,0,
keras-team/keras-tuner,AutoML/RL,893,2023-04-07,2023-04-07,0,
keras-team/keras-tuner,AutoML/RL,892,2023-04-07,2023-04-11,3,
keras-team/keras-tuner,AutoML/RL,891,2023-04-04,2023-04-11,6,
keras-team/keras-tuner,AutoML/RL,890,2023-04-02,2023-04-02,0,
keras-team/keras-tuner,AutoML/RL,889,2023-04-02,2023-04-02,0,
keras-team/keras-tuner,AutoML/RL,888,2023-04-02,2023-04-02,0,
keras-team/keras-tuner,AutoML/RL,887,2023-03-29,2023-04-02,3,
keras-team/keras-tuner,AutoML/RL,886,2023-03-27,2023-03-27,0,
keras-team/keras-tuner,AutoML/RL,885,2023-03-27,2023-03-27,0,
automl/SMAC3,AutoML/RL,1303,2026-03-05,2026-03-19,13,feature
automl/SMAC3,AutoML/RL,1301,2026-02-25,2026-03-04,6,
automl/SMAC3,AutoML/RL,1300,2026-02-25,2026-02-25,0,
automl/SMAC3,AutoML/RL,1299,2026-02-25,2026-03-04,7,feature
automl/SMAC3,AutoML/RL,1298,2026-02-25,2026-03-04,6,feature
automl/SMAC3,AutoML/RL,1297,2026-02-24,2026-02-25,0,
automl/SMAC3,AutoML/RL,1295,2026-02-16,2026-02-23,7,
automl/SMAC3,AutoML/RL,1294,2026-02-16,2026-02-16,0,
automl/SMAC3,AutoML/RL,1292,2026-02-10,2026-02-10,0,
automl/SMAC3,AutoML/RL,1291,2026-02-10,2026-02-10,0,
automl/SMAC3,AutoML/RL,1290,2026-02-09,2026-03-02,21,"dependencies,github_actions"
automl/SMAC3,AutoML/RL,1289,2026-02-08,2026-02-16,7,
automl/SMAC3,AutoML/RL,1288,2026-02-02,2026-02-09,6,"dependencies,github_actions"
automl/SMAC3,AutoML/RL,1286,2025-12-29,2026-02-02,35,"dependencies,github_actions"
automl/SMAC3,AutoML/RL,1284,2025-12-15,2025-12-16,0,
automl/SMAC3,AutoML/RL,1281,2025-12-11,2025-12-11,0,
automl/SMAC3,AutoML/RL,1280,2025-12-11,2025-12-11,0,
automl/SMAC3,AutoML/RL,1279,2025-11-28,2025-12-05,6,
automl/SMAC3,AutoML/RL,1278,2025-11-24,2025-11-27,2,
automl/SMAC3,AutoML/RL,1277,2025-11-24,2025-11-24,0,"dependencies,github_actions"
automl/SMAC3,AutoML/RL,1276,2025-11-13,2025-11-27,13,
automl/SMAC3,AutoML/RL,1275,2025-11-13,2026-02-25,104,enhancement
automl/SMAC3,AutoML/RL,1274,2025-11-11,2025-11-24,12,
automl/SMAC3,AutoML/RL,1272,2025-11-07,2025-11-20,12,
automl/SMAC3,AutoML/RL,1271,2025-11-06,2025-11-06,0,
automl/SMAC3,AutoML/RL,1270,2025-11-06,2025-11-11,5,
automl/SMAC3,AutoML/RL,1269,2025-11-03,2025-11-27,23,documentation
automl/SMAC3,AutoML/RL,1267,2025-10-19,2025-11-05,17,
automl/SMAC3,AutoML/RL,1266,2025-10-16,2025-10-24,7,
automl/SMAC3,AutoML/RL,1265,2025-10-07,2025-11-06,30,
automl/SMAC3,AutoML/RL,1264,2025-09-30,2025-12-05,65,bug
automl/SMAC3,AutoML/RL,1263,2025-09-26,2026-04-10,195,
automl/SMAC3,AutoML/RL,1262,2025-09-26,2025-11-11,46,bug
automl/SMAC3,AutoML/RL,1257,2025-09-24,2025-09-26,1,documentation
automl/SMAC3,AutoML/RL,1256,2025-09-24,2025-09-26,1,documentation
automl/SMAC3,AutoML/RL,1255,2025-09-23,2025-11-06,43,feature
automl/SMAC3,AutoML/RL,1254,2025-09-08,2025-09-26,18,"dependencies,github_actions"
automl/SMAC3,AutoML/RL,1253,2025-09-03,2025-09-26,22,documentation
automl/SMAC3,AutoML/RL,1252,2025-09-02,2026-03-25,203,feature
automl/SMAC3,AutoML/RL,1250,2025-08-27,2025-09-26,29,documentation
automl/SMAC3,AutoML/RL,1248,2025-08-18,2025-08-18,0,"dependencies,github_actions"
automl/SMAC3,AutoML/RL,1247,2025-08-14,2025-10-16,63,
automl/SMAC3,AutoML/RL,1246,2025-08-14,2025-09-26,42,
automl/SMAC3,AutoML/RL,1245,2025-08-13,2025-09-26,43,
automl/SMAC3,AutoML/RL,1244,2025-07-31,2025-07-31,0,
automl/SMAC3,AutoML/RL,1243,2025-07-31,2025-07-31,0,
automl/SMAC3,AutoML/RL,1240,2025-07-15,2026-04-08,267,
automl/SMAC3,AutoML/RL,1238,2025-07-01,2025-11-24,146,documentation
automl/SMAC3,AutoML/RL,1237,2025-06-16,2025-06-19,3,"dependencies,github_actions"
automl/SMAC3,AutoML/RL,1234,2025-05-20,2025-11-24,187,
automl/SMAC3,AutoML/RL,1233,2025-04-28,2025-05-15,17,"dependencies,github_actions"
automl/SMAC3,AutoML/RL,1230,2025-04-12,2025-05-05,23,
automl/SMAC3,AutoML/RL,1228,2025-04-01,2025-04-03,1,
automl/SMAC3,AutoML/RL,1226,2025-03-27,2025-11-24,241,"enhancement,parallel"
automl/SMAC3,AutoML/RL,1223,2025-03-27,2025-04-08,11,
automl/SMAC3,AutoML/RL,1220,2025-03-26,2025-03-27,0,
automl/SMAC3,AutoML/RL,1219,2025-03-25,2025-03-27,1,
automl/SMAC3,AutoML/RL,1218,2025-03-25,2025-03-27,1,
automl/SMAC3,AutoML/RL,1217,2025-03-19,2025-07-02,105,
automl/SMAC3,AutoML/RL,1216,2025-03-14,2025-05-20,66,
automl/SMAC3,AutoML/RL,1215,2025-03-07,2025-03-24,16,documentation
automl/SMAC3,AutoML/RL,1213,2025-03-04,2025-03-17,13,"enhancement,discussion"
automl/SMAC3,AutoML/RL,1212,2025-02-27,2025-04-17,48,"documentation,bug"
automl/SMAC3,AutoML/RL,1211,2025-02-27,2025-03-05,6,
automl/SMAC3,AutoML/RL,1210,2025-02-27,2025-04-10,41,documentation
automl/SMAC3,AutoML/RL,1209,2025-02-27,2025-02-28,0,
automl/SMAC3,AutoML/RL,1208,2025-02-27,2025-04-16,48,
automl/SMAC3,AutoML/RL,1207,2025-02-27,2025-02-27,0,
automl/SMAC3,AutoML/RL,1206,2025-02-27,2025-05-15,76,"discussion,documentation"
automl/SMAC3,AutoML/RL,1205,2025-02-27,2025-09-26,211,"discussion,feature"
automl/SMAC3,AutoML/RL,1203,2025-02-13,2025-02-19,6,
automl/SMAC3,AutoML/RL,1202,2025-02-12,2025-11-11,272,bug
automl/SMAC3,AutoML/RL,1201,2025-02-11,2025-02-19,7,
automl/SMAC3,AutoML/RL,1200,2025-01-24,2025-02-20,26,
automl/SMAC3,AutoML/RL,1199,2025-01-21,2025-01-23,1,
automl/SMAC3,AutoML/RL,1196,2025-01-15,2025-01-15,0,
automl/SMAC3,AutoML/RL,1195,2025-01-15,2025-01-15,0,
automl/SMAC3,AutoML/RL,1194,2025-01-15,2025-01-15,0,
automl/SMAC3,AutoML/RL,1193,2025-01-15,2025-01-15,0,
automl/SMAC3,AutoML/RL,1192,2025-01-14,2025-01-15,1,
automl/SMAC3,AutoML/RL,1191,2025-01-13,2025-06-05,142,enhancement
automl/SMAC3,AutoML/RL,1190,2025-01-13,2025-01-13,0,
automl/SMAC3,AutoML/RL,1189,2025-01-13,2025-01-20,7,
automl/SMAC3,AutoML/RL,1188,2025-01-13,2025-01-13,0,
automl/SMAC3,AutoML/RL,1187,2025-01-13,2025-01-13,0,dependency
automl/SMAC3,AutoML/RL,1186,2025-01-13,2025-02-26,44,
automl/SMAC3,AutoML/RL,1185,2024-12-23,2025-01-13,21,bug
automl/SMAC3,AutoML/RL,1182,2024-12-18,2025-01-13,26,documentation
automl/SMAC3,AutoML/RL,1180,2024-12-13,2025-01-13,31,
automl/SMAC3,AutoML/RL,1179,2024-12-06,2025-02-27,82,bug
automl/SMAC3,AutoML/RL,1177,2024-12-04,2025-01-13,39,
automl/SMAC3,AutoML/RL,1176,2024-12-02,2025-01-13,41,bug
automl/SMAC3,AutoML/RL,1175,2024-12-02,2024-12-02,0,
automl/SMAC3,AutoML/RL,1174,2024-11-29,2025-01-13,45,enhancement
automl/SMAC3,AutoML/RL,1173,2024-11-26,2024-11-29,2,
automl/SMAC3,AutoML/RL,1171,2024-11-25,2024-11-27,2,dependency
automl/SMAC3,AutoML/RL,1166,2024-11-20,2024-12-02,11,documentation
automl/SMAC3,AutoML/RL,1165,2024-11-20,2024-11-21,0,documentation
automl/SMAC3,AutoML/RL,1164,2024-11-20,2025-01-13,54,documentation
automl/SMAC3,AutoML/RL,1163,2024-11-18,2024-11-21,2,
facebookresearch/nevergrad,AutoML/RL,1713,2026-03-16,2026-03-16,0,CLA Signed
facebookresearch/nevergrad,AutoML/RL,1712,2026-03-16,2026-03-16,0,CLA Signed
facebookresearch/nevergrad,AutoML/RL,1711,2026-03-16,2026-03-16,0,CLA Signed
facebookresearch/nevergrad,AutoML/RL,1710,2026-03-13,2026-03-16,2,CLA Signed
facebookresearch/nevergrad,AutoML/RL,1709,2026-03-12,2026-03-16,3,"CLA Signed,dependencies,python"
facebookresearch/nevergrad,AutoML/RL,1707,2025-12-26,2026-03-16,80,
facebookresearch/nevergrad,AutoML/RL,1696,2025-05-19,2026-03-16,300,"CLA Signed,dependencies,python"
facebookresearch/nevergrad,AutoML/RL,1695,2025-04-25,2025-11-11,199,
facebookresearch/nevergrad,AutoML/RL,1694,2025-04-23,2025-04-23,0,CLA Signed
facebookresearch/nevergrad,AutoML/RL,1693,2025-04-23,2025-04-23,0,CLA Signed
facebookresearch/nevergrad,AutoML/RL,1691,2025-04-07,2025-04-07,0,CLA Signed
facebookresearch/nevergrad,AutoML/RL,1689,2025-03-31,2025-04-14,13,CLA Signed
facebookresearch/nevergrad,AutoML/RL,1688,2025-03-28,2025-04-03,6,CLA Signed
facebookresearch/nevergrad,AutoML/RL,1687,2025-03-24,2025-03-24,0,CLA Signed
facebookresearch/nevergrad,AutoML/RL,1686,2025-03-24,2025-03-24,0,CLA Signed
facebookresearch/nevergrad,AutoML/RL,1684,2025-03-24,2025-03-24,0,CLA Signed
facebookresearch/nevergrad,AutoML/RL,1683,2025-03-24,2025-03-24,0,CLA Signed
facebookresearch/nevergrad,AutoML/RL,1682,2025-03-24,2025-03-24,0,CLA Signed
facebookresearch/nevergrad,AutoML/RL,1681,2025-03-12,2025-03-12,0,CLA Signed
facebookresearch/nevergrad,AutoML/RL,1680,2025-02-27,2025-02-28,0,"CLA Signed,dependencies"
facebookresearch/nevergrad,AutoML/RL,1679,2025-02-27,2025-02-28,0,CLA Signed
facebookresearch/nevergrad,AutoML/RL,1677,2025-02-24,2025-02-24,0,CLA Signed
facebookresearch/nevergrad,AutoML/RL,1676,2025-02-24,2025-02-24,0,CLA Signed
facebookresearch/nevergrad,AutoML/RL,1675,2025-02-16,2025-02-27,11,CLA Signed
facebookresearch/nevergrad,AutoML/RL,1674,2025-02-16,2025-02-16,0,CLA Signed
facebookresearch/nevergrad,AutoML/RL,1673,2025-02-12,2025-02-16,3,
facebookresearch/nevergrad,AutoML/RL,1672,2025-01-02,2025-04-23,110,
facebookresearch/nevergrad,AutoML/RL,1671,2024-12-05,2024-12-05,0,CLA Signed
facebookresearch/nevergrad,AutoML/RL,1670,2024-12-05,2024-12-05,0,CLA Signed
facebookresearch/nevergrad,AutoML/RL,1669,2024-12-04,2024-12-04,0,CLA Signed
facebookresearch/nevergrad,AutoML/RL,1668,2024-12-03,2024-12-04,0,CLA Signed
facebookresearch/nevergrad,AutoML/RL,1667,2024-12-03,2024-12-03,0,CLA Signed
facebookresearch/nevergrad,AutoML/RL,1665,2024-12-02,2024-12-04,2,CLA Signed
facebookresearch/nevergrad,AutoML/RL,1663,2024-12-01,2024-12-01,0,CLA Signed
facebookresearch/nevergrad,AutoML/RL,1662,2024-12-01,2024-12-02,1,CLA Signed
facebookresearch/nevergrad,AutoML/RL,1661,2024-11-29,2024-11-29,0,CLA Signed
facebookresearch/nevergrad,AutoML/RL,1660,2024-11-29,2024-11-29,0,CLA Signed
facebookresearch/nevergrad,AutoML/RL,1659,2024-11-28,2024-11-29,0,CLA Signed
facebookresearch/nevergrad,AutoML/RL,1658,2024-11-28,2024-11-29,0,CLA Signed
facebookresearch/nevergrad,AutoML/RL,1657,2024-11-28,2024-11-28,0,CLA Signed
facebookresearch/nevergrad,AutoML/RL,1656,2024-11-28,2024-11-30,1,
facebookresearch/nevergrad,AutoML/RL,1655,2024-11-28,2024-11-28,0,CLA Signed
facebookresearch/nevergrad,AutoML/RL,1654,2024-11-27,2024-12-02,4,CLA Signed
facebookresearch/nevergrad,AutoML/RL,1652,2024-11-22,2024-11-22,0,CLA Signed
facebookresearch/nevergrad,AutoML/RL,1650,2024-11-20,2024-11-20,0,CLA Signed
facebookresearch/nevergrad,AutoML/RL,1649,2024-11-20,2024-11-20,0,CLA Signed
facebookresearch/nevergrad,AutoML/RL,1648,2024-11-20,2024-11-20,0,CLA Signed
facebookresearch/nevergrad,AutoML/RL,1647,2024-11-19,2024-11-19,0,CLA Signed
facebookresearch/nevergrad,AutoML/RL,1646,2024-11-19,2024-11-19,0,CLA Signed
facebookresearch/nevergrad,AutoML/RL,1645,2024-11-12,2024-11-12,0,CLA Signed
facebookresearch/nevergrad,AutoML/RL,1644,2024-10-12,2024-10-12,0,CLA Signed
facebookresearch/nevergrad,AutoML/RL,1643,2024-10-03,2024-10-04,0,CLA Signed
facebookresearch/nevergrad,AutoML/RL,1642,2024-10-03,2024-10-03,0,CLA Signed
facebookresearch/nevergrad,AutoML/RL,1640,2024-09-25,2024-09-25,0,CLA Signed
facebookresearch/nevergrad,AutoML/RL,1639,2024-09-25,2024-09-25,0,CLA Signed
facebookresearch/nevergrad,AutoML/RL,1638,2024-09-23,2024-09-25,2,CLA Signed
facebookresearch/nevergrad,AutoML/RL,1637,2024-09-23,2024-09-23,0,CLA Signed
facebookresearch/nevergrad,AutoML/RL,1636,2024-09-23,2024-09-23,0,CLA Signed
facebookresearch/nevergrad,AutoML/RL,1635,2024-09-13,2024-09-23,9,CLA Signed
facebookresearch/nevergrad,AutoML/RL,1634,2024-09-12,2024-10-12,30,CLA Signed
facebookresearch/nevergrad,AutoML/RL,1633,2024-09-12,2024-09-23,10,CLA Signed
facebookresearch/nevergrad,AutoML/RL,1632,2024-09-12,2024-09-12,0,CLA Signed
facebookresearch/nevergrad,AutoML/RL,1631,2024-09-10,2024-09-12,1,CLA Signed
facebookresearch/nevergrad,AutoML/RL,1630,2024-09-06,2024-09-09,3,CLA Signed
facebookresearch/nevergrad,AutoML/RL,1629,2024-09-06,2024-09-06,0,
facebookresearch/nevergrad,AutoML/RL,1628,2024-09-03,2024-09-03,0,CLA Signed
facebookresearch/nevergrad,AutoML/RL,1627,2024-08-27,2024-08-28,0,CLA Signed
facebookresearch/nevergrad,AutoML/RL,1626,2024-08-16,2024-08-16,0,CLA Signed
facebookresearch/nevergrad,AutoML/RL,1625,2024-08-16,2024-08-16,0,CLA Signed
facebookresearch/nevergrad,AutoML/RL,1624,2024-07-30,2024-07-30,0,CLA Signed
facebookresearch/nevergrad,AutoML/RL,1623,2024-07-24,2024-07-24,0,CLA Signed
facebookresearch/nevergrad,AutoML/RL,1622,2024-07-24,2024-07-24,0,CLA Signed
facebookresearch/nevergrad,AutoML/RL,1621,2024-07-24,2024-07-24,0,CLA Signed
facebookresearch/nevergrad,AutoML/RL,1620,2024-07-24,2024-07-24,0,CLA Signed
facebookresearch/nevergrad,AutoML/RL,1619,2024-07-24,2024-07-24,0,CLA Signed
facebookresearch/nevergrad,AutoML/RL,1618,2024-07-16,2024-07-24,8,CLA Signed
facebookresearch/nevergrad,AutoML/RL,1616,2024-06-22,2024-06-22,0,
facebookresearch/nevergrad,AutoML/RL,1615,2024-06-20,2024-06-20,0,CLA Signed
facebookresearch/nevergrad,AutoML/RL,1614,2024-06-19,2024-09-11,84,CLA Signed
facebookresearch/nevergrad,AutoML/RL,1613,2024-06-19,2024-06-21,2,CLA Signed
facebookresearch/nevergrad,AutoML/RL,1612,2024-06-10,2024-09-23,104,
facebookresearch/nevergrad,AutoML/RL,1611,2024-06-06,2024-09-26,111,CLA Signed
facebookresearch/nevergrad,AutoML/RL,1610,2024-05-29,2024-06-19,20,CLA Signed
facebookresearch/nevergrad,AutoML/RL,1609,2024-05-22,2024-09-23,123,
facebookresearch/nevergrad,AutoML/RL,1608,2024-05-09,2024-12-02,206,CLA Signed
facebookresearch/nevergrad,AutoML/RL,1607,2024-05-02,2024-09-23,143,
facebookresearch/nevergrad,AutoML/RL,1606,2024-04-08,2024-06-06,59,"CLA Signed,dependencies"
facebookresearch/nevergrad,AutoML/RL,1605,2024-03-27,2024-04-08,11,CLA Signed
facebookresearch/nevergrad,AutoML/RL,1604,2024-03-22,2024-09-25,187,
facebookresearch/nevergrad,AutoML/RL,1603,2024-03-20,2024-03-25,5,"CLA Signed,dependencies"
facebookresearch/nevergrad,AutoML/RL,1601,2024-03-06,2024-06-07,93,CLA Signed
facebookresearch/nevergrad,AutoML/RL,1600,2024-02-23,2024-03-26,31,CLA Signed
facebookresearch/nevergrad,AutoML/RL,1599,2024-02-20,2024-02-20,0,CLA Signed
facebookresearch/nevergrad,AutoML/RL,1598,2024-02-20,2024-02-20,0,
facebookresearch/nevergrad,AutoML/RL,1597,2024-02-20,2024-02-20,0,CLA Signed
facebookresearch/nevergrad,AutoML/RL,1596,2024-02-16,2024-02-20,3,CLA Signed
facebookresearch/nevergrad,AutoML/RL,1595,2024-02-16,2024-09-25,222,
facebookresearch/nevergrad,AutoML/RL,1594,2024-02-14,2024-09-23,221,
facebookresearch/nevergrad,AutoML/RL,1593,2024-02-05,2024-09-25,232,
facebookresearch/nevergrad,AutoML/RL,1591,2024-01-31,2024-02-01,0,
pytorch/rl,AutoML/RL,3710,2026-05-06,2026-05-06,0,"CLA Signed,CI"
pytorch/rl,AutoML/RL,3709,2026-05-06,2026-05-06,0,"CLA Signed,Objectives"
pytorch/rl,AutoML/RL,3707,2026-05-06,2026-05-06,0,"CLA Signed,Objectives,BugFix"
pytorch/rl,AutoML/RL,3706,2026-05-06,2026-05-06,0,"CLA Signed,quality,Environments,Objectives,Collectors,llm/,ReplayBuffers,Modules,Transforms,Record,Trainers,Services"
pytorch/rl,AutoML/RL,3705,2026-05-06,2026-05-06,0,"CLA Signed,CI"
pytorch/rl,AutoML/RL,3704,2026-05-05,2026-05-06,0,"CLA Signed,Feature,Modules,Integrations/torch_geometric,Integrations"
pytorch/rl,AutoML/RL,3699,2026-04-30,2026-05-01,0,"Documentation,CLA Signed,Feature,Trainers"
pytorch/rl,AutoML/RL,3698,2026-04-30,2026-05-01,0,"CLA Signed,Environments,BugFix,Environments/gym"
pytorch/rl,AutoML/RL,3696,2026-04-30,2026-04-30,0,"Documentation,CLA Signed"
pytorch/rl,AutoML/RL,3695,2026-04-30,2026-05-06,6,"Documentation,CLA Signed,Examples,Collectors,Feature,sota-implementations/,ReplayBuffers,Modules,Trainers,Integrations/torch_geometric,Integrations"
pytorch/rl,AutoML/RL,3694,2026-04-29,2026-05-01,1,"CLA Signed,Feature,sota-implementations/,Modules,Trainers,Integrations/torch_geometric,Integrations"
pytorch/rl,AutoML/RL,3693,2026-04-29,2026-04-30,0,"Documentation,CLA Signed,Feature,Trainers"
pytorch/rl,AutoML/RL,3692,2026-04-29,2026-04-30,0,"Documentation,CLA Signed,Feature,Trainers"
pytorch/rl,AutoML/RL,3691,2026-04-28,2026-04-29,0,"Documentation,CLA Signed,Feature,Trainers"
pytorch/rl,AutoML/RL,3689,2026-04-28,2026-04-29,0,"Documentation,CLA Signed,CI,Environments,Feature"
pytorch/rl,AutoML/RL,3688,2026-04-28,2026-04-29,0,"Documentation,CLA Signed,Feature,Trainers"
pytorch/rl,AutoML/RL,3687,2026-04-28,2026-04-29,0,"CLA Signed,Environments,Feature,Environments/pettingzoo"
pytorch/rl,AutoML/RL,3686,2026-04-28,2026-04-28,0,"Documentation,CLA Signed"
pytorch/rl,AutoML/RL,3685,2026-04-28,2026-04-30,1,"Documentation,CLA Signed,CI,Benchmarks,Feature,ReplayBuffers"
pytorch/rl,AutoML/RL,3684,2026-04-28,2026-04-28,0,"CLA Signed,Refactoring,Transforms"
pytorch/rl,AutoML/RL,3683,2026-04-28,2026-04-29,1,"CLA Signed,Environments,Feature,sota-implementations/,Trainers,Environments/vmas"
pytorch/rl,AutoML/RL,3682,2026-04-28,2026-04-29,0,"CLA Signed,Environments,BugFix,Environments/pettingzoo"
pytorch/rl,AutoML/RL,3681,2026-04-28,2026-04-28,0,enhancement
pytorch/rl,AutoML/RL,3680,2026-04-28,2026-05-06,7,"Documentation,CLA Signed,Examples,Collectors,Feature,Transforms,Integrations/torch_geometric,Integrations"
pytorch/rl,AutoML/RL,3679,2026-04-28,2026-04-28,0,"CLA Signed,BugFix,sota-implementations/,Trainers"
pytorch/rl,AutoML/RL,3678,2026-04-28,2026-05-06,8,enhancement
pytorch/rl,AutoML/RL,3677,2026-04-27,2026-04-28,0,"CLA Signed,CI,Benchmarks,Data,Objectives,Feature,ReplayBuffers,Modules,Integrations/torch_geometric,Integrations"
pytorch/rl,AutoML/RL,3676,2026-04-27,2026-04-28,0,"Documentation,CLA Signed,Feature,Transforms,Trainers"
pytorch/rl,AutoML/RL,3675,2026-04-27,2026-04-27,0,"CLA Signed,CI"
pytorch/rl,AutoML/RL,3673,2026-04-27,2026-04-27,0,"CLA Signed,CI,Collectors,llm/,BugFix,Modules,Record,Integrations/torch_geometric,Integrations"
pytorch/rl,AutoML/RL,3672,2026-04-25,2026-04-30,4,"Documentation,CLA Signed,Collectors,Feature,Integrations/torch_geometric,Integrations"
pytorch/rl,AutoML/RL,3671,2026-04-24,2026-04-24,0,"CLA Signed,CI,Collectors,Record,Integrations/torch_geometric,Integrations"
pytorch/rl,AutoML/RL,3670,2026-04-24,2026-04-24,0,"CLA Signed,Examples,Collectors,Deprecation,sota-implementations/,Transforms,Trainers,Integrations/torch_geometric,Integrations"
pytorch/rl,AutoML/RL,3669,2026-04-24,2026-04-24,0,"CLA Signed,Dependencies,python,sota-implementations/"
pytorch/rl,AutoML/RL,3668,2026-04-24,2026-04-24,0,"CLA Signed,Collectors,Record"
pytorch/rl,AutoML/RL,3667,2026-04-23,2026-04-28,5,"Documentation,CLA Signed,Objectives,Feature,Modules,Integrations/torch_geometric,Integrations"
pytorch/rl,AutoML/RL,3666,2026-04-22,2026-04-24,1,"CLA Signed,Trainers"
pytorch/rl,AutoML/RL,3665,2026-04-22,2026-04-22,0,"Documentation,CLA Signed,Benchmarks,Examples,Collectors,sota-implementations/,ReplayBuffers,tutorials/"
pytorch/rl,AutoML/RL,3664,2026-04-22,2026-04-22,0,"CLA Signed,Collectors,Modules,Integrations/torch_geometric,Integrations"
pytorch/rl,AutoML/RL,3663,2026-04-22,2026-04-23,0,"CLA Signed,CI,Environments,Collectors,Feature,Integrations/torch_geometric,Integrations"
pytorch/rl,AutoML/RL,3662,2026-04-21,2026-04-21,0,"CLA Signed,BugFix,Transforms,Record"
pytorch/rl,AutoML/RL,3661,2026-04-20,2026-04-21,0,"Documentation,CLA Signed,Objectives,Collectors,Feature,sota-implementations/,ReplayBuffers,Transforms,WeightUpdate,tutorials/,Integrations/torch_geometric,Integrations"
pytorch/rl,AutoML/RL,3660,2026-04-20,2026-04-20,0,"Documentation,CLA Signed,Collectors,Feature,sota-implementations/,Integrations/torch_geometric,Integrations"
pytorch/rl,AutoML/RL,3659,2026-04-20,2026-04-20,0,"CLA Signed,Feature,sota-implementations/"
pytorch/rl,AutoML/RL,3658,2026-04-20,2026-04-20,0,"CLA Signed,Objectives"
pytorch/rl,AutoML/RL,3657,2026-04-20,2026-04-20,0,"Documentation,CLA Signed,Feature,Transforms"
pytorch/rl,AutoML/RL,3656,2026-04-20,2026-04-20,0,"CLA Signed,Collectors,Feature,Integrations/torch_geometric,Integrations"
pytorch/rl,AutoML/RL,3655,2026-04-20,2026-04-20,0,"CLA Signed,Feature,ReplayBuffers,Transforms"
pytorch/rl,AutoML/RL,3654,2026-04-20,2026-04-20,0,"CLA Signed,Feature,Transforms"
pytorch/rl,AutoML/RL,3653,2026-04-20,2026-04-20,0,"Documentation,CLA Signed,Collectors,Feature,sota-implementations/,Integrations/torch_geometric,Integrations"
pytorch/rl,AutoML/RL,3652,2026-04-20,2026-04-20,0,"CLA Signed,Feature,sota-implementations/"
pytorch/rl,AutoML/RL,3651,2026-04-20,2026-04-20,0,"CLA Signed,Objectives"
pytorch/rl,AutoML/RL,3650,2026-04-20,2026-04-20,0,"Documentation,CLA Signed,Feature,Transforms"
pytorch/rl,AutoML/RL,3649,2026-04-20,2026-04-20,0,"CLA Signed,Collectors,Feature,Integrations/torch_geometric,Integrations"
pytorch/rl,AutoML/RL,3648,2026-04-20,2026-04-20,0,"Documentation,CLA Signed,Feature,ReplayBuffers,Transforms"
pytorch/rl,AutoML/RL,3647,2026-04-20,2026-04-20,0,"CLA Signed,Feature,Transforms"
pytorch/rl,AutoML/RL,3646,2026-04-20,2026-04-20,0,"Documentation,CLA Signed,Collectors,Feature,sota-implementations/,Integrations/torch_geometric,Integrations"
pytorch/rl,AutoML/RL,3645,2026-04-20,2026-04-20,0,"CLA Signed,Feature,sota-implementations/"
pytorch/rl,AutoML/RL,3644,2026-04-20,2026-04-20,0,"CLA Signed,Objectives"
pytorch/rl,AutoML/RL,3643,2026-04-20,2026-04-20,0,"Documentation,CLA Signed,Feature,Transforms"
pytorch/rl,AutoML/RL,3642,2026-04-20,2026-04-20,0,"CLA Signed,Collectors,Feature,Integrations/torch_geometric,Integrations"
pytorch/rl,AutoML/RL,3641,2026-04-20,2026-04-20,0,"Documentation,CLA Signed,Feature,ReplayBuffers,Transforms"
pytorch/rl,AutoML/RL,3640,2026-04-20,2026-04-20,0,"CLA Signed,Feature,Transforms"
pytorch/rl,AutoML/RL,3639,2026-04-17,2026-04-29,12,"Documentation,CLA Signed,Objectives,Feature,Modules,Integrations/torch_geometric,Integrations"
pytorch/rl,AutoML/RL,3638,2026-04-15,2026-04-20,4,"Documentation,CLA Signed,Collectors,Feature,sota-implementations/,Integrations/torch_geometric,Integrations"
pytorch/rl,AutoML/RL,3637,2026-04-15,2026-04-20,5,"CLA Signed,Feature,ReplayBuffers,Transforms"
pytorch/rl,AutoML/RL,3635,2026-04-15,2026-04-28,13,enhancement
pytorch/rl,AutoML/RL,3634,2026-04-15,2026-04-20,5,"CLA Signed,Feature,sota-implementations/"
pytorch/rl,AutoML/RL,3633,2026-04-15,2026-04-20,5,"CLA Signed,Objectives"
pytorch/rl,AutoML/RL,3632,2026-04-15,2026-04-20,5,"Documentation,CLA Signed,Feature,Transforms"
pytorch/rl,AutoML/RL,3631,2026-04-15,2026-04-21,6,"CLA Signed,Collectors,Feature,Integrations/torch_geometric,Integrations"
pytorch/rl,AutoML/RL,3630,2026-04-15,2026-04-20,5,"CLA Signed,Collectors,Feature,Integrations/torch_geometric,Integrations"
pytorch/rl,AutoML/RL,3629,2026-04-15,2026-04-21,6,"CLA Signed,Feature,ReplayBuffers,Transforms"
pytorch/rl,AutoML/RL,3628,2026-04-15,2026-04-20,5,"CLA Signed,Feature,Transforms"
pytorch/rl,AutoML/RL,3627,2026-04-13,2026-04-15,1,"Documentation,CLA Signed,Collectors,Feature,WeightUpdate,Integrations/torch_geometric,Integrations"
pytorch/rl,AutoML/RL,3626,2026-04-13,2026-04-14,0,"CLA Signed,BugFix,Transforms"
pytorch/rl,AutoML/RL,3625,2026-04-13,2026-04-13,0,"CLA Signed,BugFix,Record"
pytorch/rl,AutoML/RL,3624,2026-04-12,2026-04-12,0,"CLA Signed,Collectors,Feature,Integrations/torch_geometric,Integrations"
pytorch/rl,AutoML/RL,3623,2026-04-12,2026-04-12,0,"CLA Signed,llm/,Feature,Transforms,Record"
pytorch/rl,AutoML/RL,3622,2026-04-12,2026-04-12,0,"CLA Signed,Environments,Collectors,BugFix,ReplayBuffers,Transforms,WeightUpdate,tutorials/,Environments/robohive,Integrations/torch_geometric,Integrations"
pytorch/rl,AutoML/RL,3621,2026-04-12,2026-05-05,23,"Documentation,CLA Signed,CI,Objectives,Feature,sota-implementations/,Modules,Integrations/torch_geometric,Integrations"
pytorch/rl,AutoML/RL,3620,2026-04-11,2026-04-21,9,"Documentation,CLA Signed,Objectives,Collectors,Feature,sota-implementations/,ReplayBuffers,Transforms,Integrations/torch_geometric,Integrations"
pytorch/rl,AutoML/RL,3619,2026-04-11,2026-04-14,3,"Documentation,CLA Signed,Feature,Trainers"
pytorch/rl,AutoML/RL,3618,2026-04-10,2026-04-11,0,"Documentation,CLA Signed,Collectors,Feature,ReplayBuffers,tutorials/"
pytorch/rl,AutoML/RL,3617,2026-04-10,2026-04-14,3,enhancement
pytorch/rl,AutoML/RL,3616,2026-04-10,2026-04-10,0,"CLA Signed,CI"
pytorch/rl,AutoML/RL,3615,2026-04-10,2026-04-10,0,"CLA Signed,CI"
pytorch/rl,AutoML/RL,3614,2026-04-10,2026-04-10,0,"CLA Signed,Transforms"
pytorch/rl,AutoML/RL,3613,2026-04-10,2026-05-05,25,enhancement
pytorch/rl,AutoML/RL,3612,2026-04-09,2026-04-09,0,"CLA Signed,Objectives,llm/,Feature"
pytorch/rl,AutoML/RL,3611,2026-04-09,2026-04-09,0,"CLA Signed,Collectors,Feature"
pytorch/rl,AutoML/RL,3609,2026-04-09,2026-04-09,0,
pytorch/rl,AutoML/RL,3608,2026-04-09,2026-04-09,0,"CLA Signed,CI,Objectives,llm/,Modules,Transforms"
pytorch/rl,AutoML/RL,3607,2026-04-09,2026-04-10,1,"CLA Signed,Transforms"
pytorch/rl,AutoML/RL,3606,2026-04-08,2026-04-09,0,"CLA Signed,CI,Objectives,Transforms"
pytorch/rl,AutoML/RL,3605,2026-04-08,2026-04-08,0,"CLA Signed,CI"
pytorch/rl,AutoML/RL,3604,2026-04-08,2026-04-11,2,"Documentation,CLA Signed,CI,Examples,Objectives,Feature,sota-implementations/,Modules"
pytorch/rl,AutoML/RL,3603,2026-04-08,2026-04-08,0,"CLA Signed,CI,ciflow/rocm-mi300,module: rocm"
pytorch/rl,AutoML/RL,3602,2026-04-08,2026-04-08,0,"CLA Signed,CI,Transforms"
pytorch/rl,AutoML/RL,3600,2026-04-07,2026-04-10,3,"Documentation,CLA Signed,tutorials/"
thu-ml/tianshou,AutoML/RL,1295,2026-04-03,2026-04-03,0,
thu-ml/tianshou,AutoML/RL,1291,2026-04-03,2026-04-03,0,
thu-ml/tianshou,AutoML/RL,1290,2026-04-02,2026-04-02,0,
thu-ml/tianshou,AutoML/RL,1289,2026-04-02,2026-04-02,0,
thu-ml/tianshou,AutoML/RL,1288,2026-03-11,2026-03-29,17,
thu-ml/tianshou,AutoML/RL,1287,2026-02-11,2026-04-02,50,
thu-ml/tianshou,AutoML/RL,1284,2025-11-18,2025-11-18,0,
thu-ml/tianshou,AutoML/RL,1282,2025-10-29,2025-10-31,1,
thu-ml/tianshou,AutoML/RL,1280,2025-10-26,2025-10-26,0,
thu-ml/tianshou,AutoML/RL,1278,2025-10-22,2025-10-23,0,
thu-ml/tianshou,AutoML/RL,1277,2025-10-21,2025-10-22,1,
thu-ml/tianshou,AutoML/RL,1276,2025-10-16,2025-11-30,45,
thu-ml/tianshou,AutoML/RL,1274,2025-09-27,2025-10-22,24,
thu-ml/tianshou,AutoML/RL,1273,2025-08-24,2025-09-06,12,
thu-ml/tianshou,AutoML/RL,1272,2025-08-22,2025-09-06,14,
thu-ml/tianshou,AutoML/RL,1269,2025-07-12,2025-10-23,102,
thu-ml/tianshou,AutoML/RL,1268,2025-07-12,2025-07-14,2,
thu-ml/tianshou,AutoML/RL,1266,2025-06-19,2025-10-07,110,
thu-ml/tianshou,AutoML/RL,1265,2025-06-19,2025-07-10,21,
thu-ml/tianshou,AutoML/RL,1263,2025-05-25,2025-05-27,1,
thu-ml/tianshou,AutoML/RL,1262,2025-05-22,2025-06-21,30,
thu-ml/tianshou,AutoML/RL,1261,2025-05-21,2025-08-01,71,
thu-ml/tianshou,AutoML/RL,1260,2025-05-20,2025-05-21,0,
thu-ml/tianshou,AutoML/RL,1259,2025-05-15,2025-07-15,60,
thu-ml/tianshou,AutoML/RL,1258,2025-05-15,2025-06-23,39,
thu-ml/tianshou,AutoML/RL,1257,2025-05-13,2025-07-15,62,
thu-ml/tianshou,AutoML/RL,1256,2025-04-29,2025-10-21,174,
thu-ml/tianshou,AutoML/RL,1255,2025-04-08,2025-06-21,74,
thu-ml/tianshou,AutoML/RL,1254,2025-03-22,2025-10-23,215,"dependencies,minor,python"
thu-ml/tianshou,AutoML/RL,1253,2025-03-06,2025-10-23,230,dependencies
thu-ml/tianshou,AutoML/RL,1252,2025-03-06,2025-10-24,232,"dependencies,python"
thu-ml/tianshou,AutoML/RL,1250,2025-03-01,2025-03-02,1,"bug,documentation"
thu-ml/tianshou,AutoML/RL,1248,2025-02-27,2025-03-02,3,
thu-ml/tianshou,AutoML/RL,1246,2025-02-12,2025-02-16,4,
thu-ml/tianshou,AutoML/RL,1245,2025-02-11,2025-02-12,0,
thu-ml/tianshou,AutoML/RL,1243,2025-02-09,2025-02-22,13,
thu-ml/tianshou,AutoML/RL,1242,2025-02-04,2025-02-06,1,
thu-ml/tianshou,AutoML/RL,1240,2025-01-24,2025-01-24,0,
thu-ml/tianshou,AutoML/RL,1238,2025-01-19,2025-01-23,3,
thu-ml/tianshou,AutoML/RL,1237,2025-01-19,2025-01-26,7,
thu-ml/tianshou,AutoML/RL,1236,2025-01-19,2025-05-14,115,question
thu-ml/tianshou,AutoML/RL,1235,2025-01-17,2025-06-21,155,bug
thu-ml/tianshou,AutoML/RL,1234,2025-01-09,2025-03-06,55,dependencies
thu-ml/tianshou,AutoML/RL,1232,2024-12-25,2025-07-03,189,
thu-ml/tianshou,AutoML/RL,1231,2024-12-22,2025-05-20,149,question
thu-ml/tianshou,AutoML/RL,1230,2024-12-10,2024-12-10,0,
thu-ml/tianshou,AutoML/RL,1229,2024-12-10,2024-12-10,0,
thu-ml/tianshou,AutoML/RL,1228,2024-12-09,2024-12-09,0,
thu-ml/tianshou,AutoML/RL,1227,2024-11-22,2024-11-24,1,dependencies
thu-ml/tianshou,AutoML/RL,1225,2024-10-30,2025-06-23,235,
thu-ml/tianshou,AutoML/RL,1224,2024-10-26,2024-10-26,0,dependencies
thu-ml/tianshou,AutoML/RL,1221,2024-10-10,2024-10-10,0,
thu-ml/tianshou,AutoML/RL,1218,2024-09-30,2024-10-24,24,
thu-ml/tianshou,AutoML/RL,1214,2024-09-02,2024-09-02,0,
thu-ml/tianshou,AutoML/RL,1213,2024-08-30,2024-09-02,3,
thu-ml/tianshou,AutoML/RL,1212,2024-08-29,2024-08-31,1,dependencies
thu-ml/tianshou,AutoML/RL,1211,2024-08-29,2024-08-31,1,dependencies
thu-ml/tianshou,AutoML/RL,1210,2024-08-17,2024-08-31,14,
thu-ml/tianshou,AutoML/RL,1209,2024-08-15,2024-08-16,1,
thu-ml/tianshou,AutoML/RL,1208,2024-08-14,2024-08-14,0,
thu-ml/tianshou,AutoML/RL,1207,2024-08-14,2024-08-26,12,
thu-ml/tianshou,AutoML/RL,1206,2024-08-14,2024-08-14,0,
thu-ml/tianshou,AutoML/RL,1204,2024-08-14,2025-07-15,334,refactoring
thu-ml/tianshou,AutoML/RL,1202,2024-08-13,2024-08-14,1,
thu-ml/tianshou,AutoML/RL,1201,2024-08-10,2024-08-12,1,"build/test,dependencies"
thu-ml/tianshou,AutoML/RL,1200,2024-08-10,2024-08-10,0,
thu-ml/tianshou,AutoML/RL,1199,2024-08-10,2024-08-10,0,refactoring
thu-ml/tianshou,AutoML/RL,1198,2024-08-10,2025-10-23,438,algorithm enhancement
thu-ml/tianshou,AutoML/RL,1197,2024-08-09,2025-10-23,439,"enhancement,documentation"
thu-ml/tianshou,AutoML/RL,1196,2024-08-08,2024-08-20,11,
thu-ml/tianshou,AutoML/RL,1195,2024-08-07,2024-08-08,1,"enhancement,refactoring,high-level-api"
thu-ml/tianshou,AutoML/RL,1194,2024-08-07,2024-08-08,1,"enhancement,refactoring"
thu-ml/tianshou,AutoML/RL,1193,2024-08-07,2024-08-07,0,
thu-ml/tianshou,AutoML/RL,1192,2024-08-07,2024-08-07,0,bug
thu-ml/tianshou,AutoML/RL,1191,2024-08-07,2024-08-07,0,"bug,high-level-api"
thu-ml/tianshou,AutoML/RL,1190,2024-08-07,2024-08-07,0,
thu-ml/tianshou,AutoML/RL,1189,2024-08-06,2024-08-06,0,
thu-ml/tianshou,AutoML/RL,1188,2024-08-06,2024-08-07,0,
thu-ml/tianshou,AutoML/RL,1187,2024-08-05,2024-08-06,1,
thu-ml/tianshou,AutoML/RL,1186,2024-08-02,2024-08-02,0,
thu-ml/tianshou,AutoML/RL,1185,2024-08-02,2024-08-02,0,
thu-ml/tianshou,AutoML/RL,1184,2024-08-01,2024-08-06,4,question
thu-ml/tianshou,AutoML/RL,1183,2024-08-01,2024-08-06,4,
thu-ml/tianshou,AutoML/RL,1182,2024-08-01,2024-08-02,1,Batch and Buffer
thu-ml/tianshou,AutoML/RL,1181,2024-07-29,2024-07-31,2,
thu-ml/tianshou,AutoML/RL,1180,2024-07-25,2025-03-22,239,dependencies
thu-ml/tianshou,AutoML/RL,1179,2024-07-23,2024-07-28,5,
thu-ml/tianshou,AutoML/RL,1178,2024-07-20,2024-07-20,0,
thu-ml/tianshou,AutoML/RL,1177,2024-07-20,2024-07-20,0,
thu-ml/tianshou,AutoML/RL,1175,2024-07-18,2024-07-18,0,dependencies
thu-ml/tianshou,AutoML/RL,1174,2024-07-15,2025-10-24,465,dependencies
thu-ml/tianshou,AutoML/RL,1173,2024-07-14,2024-07-20,6,"build/test,dependencies"
thu-ml/tianshou,AutoML/RL,1171,2024-07-09,2024-07-09,0,dependencies
thu-ml/tianshou,AutoML/RL,1170,2024-07-08,2024-07-18,10,enhancement
thu-ml/tianshou,AutoML/RL,1169,2024-07-08,2024-07-18,10,typing
thu-ml/tianshou,AutoML/RL,1168,2024-07-06,2024-07-20,13,
thu-ml/tianshou,AutoML/RL,1167,2024-07-05,2024-07-08,2,dependencies
thu-ml/tianshou,AutoML/RL,1164,2024-07-01,2024-07-20,18,performance issues
thu-ml/tianshou,AutoML/RL,1162,2024-06-17,2024-06-20,2,dependencies
thu-ml/tianshou,AutoML/RL,1158,2024-06-06,2024-06-09,2,dependencies
google-deepmind/acme,AutoML/RL,364,2026-03-02,2026-04-21,50,
google-deepmind/acme,AutoML/RL,363,2026-02-19,2026-02-19,0,
google-deepmind/acme,AutoML/RL,360,2026-01-16,2026-01-16,0,
google-deepmind/acme,AutoML/RL,346,2025-07-07,2025-07-20,13,
google-deepmind/acme,AutoML/RL,345,2025-07-07,2025-07-20,13,
google-deepmind/acme,AutoML/RL,340,2025-04-20,2025-05-10,19,
google-deepmind/acme,AutoML/RL,337,2025-02-13,2025-02-13,0,
google-deepmind/acme,AutoML/RL,322,2024-08-11,2024-08-11,0,
google-deepmind/acme,AutoML/RL,319,2024-05-04,2024-11-16,195,
google-deepmind/acme,AutoML/RL,315,2023-12-16,2024-01-10,25,
google-deepmind/acme,AutoML/RL,302,2023-06-08,2023-06-08,0,
google-deepmind/acme,AutoML/RL,298,2023-05-10,2023-05-22,11,
google-deepmind/acme,AutoML/RL,292,2023-03-16,2023-10-09,207,bug
google-deepmind/acme,AutoML/RL,290,2023-02-21,2023-02-24,3,
google-deepmind/acme,AutoML/RL,288,2023-02-16,2023-03-08,20,
google-deepmind/acme,AutoML/RL,277,2022-12-10,2023-02-10,62,
google-deepmind/acme,AutoML/RL,276,2022-11-03,2022-11-03,0,
google-deepmind/acme,AutoML/RL,270,2022-09-27,2022-10-03,6,question
google-deepmind/acme,AutoML/RL,269,2022-09-25,2023-01-04,100,question
google-deepmind/acme,AutoML/RL,268,2022-09-21,2022-09-22,0,
google-deepmind/acme,AutoML/RL,267,2022-09-13,2024-07-30,685,
google-deepmind/acme,AutoML/RL,266,2022-09-08,2022-09-09,0,
google-deepmind/acme,AutoML/RL,265,2022-09-07,2022-09-13,6,
google-deepmind/acme,AutoML/RL,264,2022-08-29,2022-08-29,0,
google-deepmind/acme,AutoML/RL,263,2022-08-25,2022-08-30,4,
google-deepmind/acme,AutoML/RL,262,2022-08-25,2022-09-26,31,
google-deepmind/acme,AutoML/RL,260,2022-08-21,2022-09-29,38,
google-deepmind/acme,AutoML/RL,259,2022-08-16,2022-09-26,41,
google-deepmind/acme,AutoML/RL,256,2022-08-04,2022-08-04,0,
google-deepmind/acme,AutoML/RL,254,2022-07-26,2022-08-25,29,
google-deepmind/acme,AutoML/RL,253,2022-07-21,2022-07-22,0,
google-deepmind/acme,AutoML/RL,252,2022-07-21,2022-07-21,0,
google-deepmind/acme,AutoML/RL,251,2022-07-18,2025-11-06,1206,
google-deepmind/acme,AutoML/RL,250,2022-07-09,2022-07-10,1,
google-deepmind/acme,AutoML/RL,248,2022-07-06,2022-07-06,0,
google-deepmind/acme,AutoML/RL,247,2022-07-05,2022-07-07,1,
google-deepmind/acme,AutoML/RL,244,2022-07-02,2022-07-07,5,
google-deepmind/acme,AutoML/RL,243,2022-06-24,2022-07-05,10,
google-deepmind/acme,AutoML/RL,242,2022-06-23,2022-07-05,11,
google-deepmind/acme,AutoML/RL,240,2022-06-22,2022-07-05,12,
google-deepmind/acme,AutoML/RL,239,2022-06-10,2022-07-07,26,
google-deepmind/acme,AutoML/RL,235,2022-05-25,2022-06-13,18,
google-deepmind/acme,AutoML/RL,234,2022-05-25,2022-06-08,14,
google-deepmind/acme,AutoML/RL,233,2022-05-24,2022-06-03,9,
google-deepmind/acme,AutoML/RL,229,2022-05-16,2023-10-16,518,
google-deepmind/acme,AutoML/RL,228,2022-05-05,2022-05-11,6,
google-deepmind/acme,AutoML/RL,227,2022-05-02,2022-05-03,0,
google-deepmind/acme,AutoML/RL,226,2022-05-02,2022-05-23,20,
google-deepmind/acme,AutoML/RL,225,2022-04-29,2022-05-30,30,
google-deepmind/acme,AutoML/RL,224,2022-04-28,2022-04-29,0,
google-deepmind/acme,AutoML/RL,223,2022-04-24,2022-04-27,2,
google-deepmind/acme,AutoML/RL,222,2022-04-17,2022-05-23,35,
google-deepmind/acme,AutoML/RL,220,2022-04-12,2022-05-10,28,
google-deepmind/acme,AutoML/RL,219,2022-04-11,2022-05-31,49,
google-deepmind/acme,AutoML/RL,218,2022-04-10,2022-05-23,42,
google-deepmind/acme,AutoML/RL,217,2022-04-07,2022-04-07,0,
google-deepmind/acme,AutoML/RL,215,2022-04-02,2022-09-29,179,
google-deepmind/acme,AutoML/RL,214,2022-03-31,2022-04-04,3,
google-deepmind/acme,AutoML/RL,213,2022-03-30,2022-05-23,54,
google-deepmind/acme,AutoML/RL,212,2022-03-22,2022-04-10,18,
google-deepmind/acme,AutoML/RL,211,2022-03-21,2022-03-31,10,
google-deepmind/acme,AutoML/RL,210,2022-03-21,2022-03-22,1,
google-deepmind/acme,AutoML/RL,209,2022-03-21,2022-03-31,10,
google-deepmind/acme,AutoML/RL,208,2022-03-05,2022-03-31,26,
google-deepmind/acme,AutoML/RL,207,2022-03-04,2022-03-31,26,
google-deepmind/acme,AutoML/RL,206,2022-03-03,2022-04-01,29,
google-deepmind/acme,AutoML/RL,204,2022-02-21,2022-03-31,37,
google-deepmind/acme,AutoML/RL,202,2022-02-20,2022-03-03,10,
google-deepmind/acme,AutoML/RL,200,2022-02-11,2022-03-03,19,
google-deepmind/acme,AutoML/RL,199,2022-02-10,2022-05-23,102,
google-deepmind/acme,AutoML/RL,198,2022-02-06,2022-02-21,14,
google-deepmind/acme,AutoML/RL,197,2022-02-03,2022-02-03,0,
google-deepmind/acme,AutoML/RL,196,2022-02-02,2022-04-01,58,
google-deepmind/acme,AutoML/RL,195,2022-01-19,2022-01-31,11,
google-deepmind/acme,AutoML/RL,194,2022-01-19,2022-01-31,11,
google-deepmind/acme,AutoML/RL,193,2022-01-12,2022-02-22,41,
google-deepmind/acme,AutoML/RL,192,2022-01-12,2022-01-18,6,
google-deepmind/acme,AutoML/RL,191,2022-01-11,2022-01-11,0,
google-deepmind/acme,AutoML/RL,190,2022-01-08,2022-01-08,0,
google-deepmind/acme,AutoML/RL,189,2022-01-06,2022-01-08,2,
google-deepmind/acme,AutoML/RL,188,2022-01-05,2022-01-10,5,
google-deepmind/acme,AutoML/RL,187,2021-12-26,2022-01-07,12,
google-deepmind/acme,AutoML/RL,186,2021-12-26,2022-01-07,12,
google-deepmind/acme,AutoML/RL,185,2021-12-25,2022-01-08,14,
google-deepmind/acme,AutoML/RL,184,2021-12-22,2021-12-22,0,
google-deepmind/acme,AutoML/RL,183,2021-12-22,2022-01-10,19,
google-deepmind/acme,AutoML/RL,182,2021-12-21,2022-09-29,281,
google-deepmind/acme,AutoML/RL,181,2021-12-21,2021-12-22,0,
google-deepmind/acme,AutoML/RL,180,2021-12-17,2022-01-07,20,
google-deepmind/acme,AutoML/RL,179,2021-12-14,2021-12-17,2,
google-deepmind/acme,AutoML/RL,178,2021-12-13,2022-01-08,25,
google-deepmind/acme,AutoML/RL,177,2021-12-13,2022-01-08,26,
google-deepmind/acme,AutoML/RL,176,2021-12-10,2022-01-07,28,
google-deepmind/acme,AutoML/RL,175,2021-12-03,2021-12-08,5,
google-deepmind/acme,AutoML/RL,174,2021-12-03,2021-12-08,5,
google-deepmind/acme,AutoML/RL,173,2021-11-29,2021-12-07,8,
google-deepmind/acme,AutoML/RL,172,2021-11-26,2022-05-10,164,
google-deepmind/acme,AutoML/RL,171,2021-11-26,2022-05-23,177,
google-deepmind/acme,AutoML/RL,170,2021-11-24,2021-11-24,0,
google-deepmind/acme,AutoML/RL,169,2021-11-17,2022-02-18,93,cla: yes
tensorflow/agents,AutoML/RL,964,2026-04-02,2026-04-03,1,
tensorflow/agents,AutoML/RL,955,2025-02-28,2025-03-12,11,
tensorflow/agents,AutoML/RL,951,2025-02-09,2025-02-09,0,
tensorflow/agents,AutoML/RL,950,2025-01-31,2025-01-31,0,
tensorflow/agents,AutoML/RL,943,2024-09-18,2024-09-18,0,
tensorflow/agents,AutoML/RL,936,2024-08-01,2024-08-01,0,
tensorflow/agents,AutoML/RL,934,2024-07-31,2024-08-01,1,
tensorflow/agents,AutoML/RL,932,2024-07-16,2024-08-01,15,
tensorflow/agents,AutoML/RL,919,2024-03-03,2024-03-08,4,
tensorflow/agents,AutoML/RL,913,2024-01-21,2024-01-27,6,
tensorflow/agents,AutoML/RL,911,2024-01-05,2024-01-27,21,
tensorflow/agents,AutoML/RL,908,2023-12-26,2024-02-12,48,
tensorflow/agents,AutoML/RL,906,2023-12-21,2023-12-21,0,
tensorflow/agents,AutoML/RL,903,2023-12-14,2023-12-16,1,
tensorflow/agents,AutoML/RL,901,2023-12-05,2023-12-16,10,
tensorflow/agents,AutoML/RL,900,2023-12-03,2023-12-05,2,
tensorflow/agents,AutoML/RL,899,2023-11-26,2023-12-15,19,
tensorflow/agents,AutoML/RL,898,2023-11-23,2023-11-25,2,
tensorflow/agents,AutoML/RL,897,2023-11-22,2023-12-14,22,
tensorflow/agents,AutoML/RL,895,2023-10-28,2023-12-14,47,
tensorflow/agents,AutoML/RL,894,2023-10-28,2023-12-14,47,
tensorflow/agents,AutoML/RL,889,2023-09-20,2023-09-20,0,
tensorflow/agents,AutoML/RL,854,2023-08-18,2023-08-22,3,
tensorflow/agents,AutoML/RL,851,2023-07-26,2023-10-09,75,
tensorflow/agents,AutoML/RL,850,2023-07-21,2023-09-30,70,
tensorflow/agents,AutoML/RL,849,2023-07-12,2023-07-13,0,
tensorflow/agents,AutoML/RL,846,2023-06-25,2023-07-24,28,
tensorflow/agents,AutoML/RL,837,2023-04-20,2023-04-21,0,
tensorflow/agents,AutoML/RL,833,2023-04-05,2023-04-05,0,
tensorflow/agents,AutoML/RL,826,2023-03-07,2023-09-30,207,
tensorflow/agents,AutoML/RL,825,2023-02-27,2023-03-15,16,
tensorflow/agents,AutoML/RL,824,2023-02-17,2023-11-10,265,
tensorflow/agents,AutoML/RL,823,2023-02-16,2023-03-28,39,
tensorflow/agents,AutoML/RL,822,2023-02-13,2023-02-15,1,
tensorflow/agents,AutoML/RL,821,2023-01-23,2023-02-09,17,
tensorflow/agents,AutoML/RL,820,2023-01-23,2023-10-09,259,
tensorflow/agents,AutoML/RL,819,2023-01-19,2023-01-20,0,
tensorflow/agents,AutoML/RL,814,2023-01-03,2023-09-30,270,
tensorflow/agents,AutoML/RL,812,2023-01-02,2023-01-05,2,
tensorflow/agents,AutoML/RL,811,2023-01-02,2023-01-06,3,
tensorflow/agents,AutoML/RL,806,2022-12-20,2022-12-22,1,
tensorflow/agents,AutoML/RL,804,2022-12-11,2022-12-15,3,
tensorflow/agents,AutoML/RL,803,2022-12-06,2022-12-29,22,
tensorflow/agents,AutoML/RL,797,2022-11-21,2022-11-24,2,
tensorflow/agents,AutoML/RL,796,2022-11-19,2023-10-09,324,
tensorflow/agents,AutoML/RL,794,2022-11-14,2022-11-14,0,
tensorflow/agents,AutoML/RL,789,2022-10-25,2022-10-26,0,
tensorflow/agents,AutoML/RL,787,2022-10-20,2022-10-25,5,
tensorflow/agents,AutoML/RL,785,2022-10-17,2023-10-09,357,
tensorflow/agents,AutoML/RL,783,2022-10-10,2023-09-30,354,
tensorflow/agents,AutoML/RL,782,2022-10-10,2022-10-19,8,
tensorflow/agents,AutoML/RL,777,2022-09-29,2023-10-09,375,
tensorflow/agents,AutoML/RL,774,2022-09-22,2022-09-27,5,
tensorflow/agents,AutoML/RL,771,2022-09-02,2022-09-02,0,
tensorflow/agents,AutoML/RL,769,2022-08-27,2022-08-28,0,
tensorflow/agents,AutoML/RL,766,2022-08-19,2022-08-29,10,
tensorflow/agents,AutoML/RL,763,2022-07-26,2022-12-17,144,
tensorflow/agents,AutoML/RL,761,2022-07-13,2022-07-13,0,
tensorflow/agents,AutoML/RL,757,2022-06-27,2022-06-27,0,
tensorflow/agents,AutoML/RL,754,2022-06-18,2022-09-23,97,
tensorflow/agents,AutoML/RL,753,2022-06-18,2022-09-23,97,
tensorflow/agents,AutoML/RL,750,2022-06-15,2022-06-15,0,
tensorflow/agents,AutoML/RL,749,2022-06-11,2023-09-30,476,
tensorflow/agents,AutoML/RL,747,2022-06-05,2022-06-07,2,
tensorflow/agents,AutoML/RL,746,2022-06-05,2022-06-07,2,
tensorflow/agents,AutoML/RL,745,2022-06-03,2022-06-07,4,
tensorflow/agents,AutoML/RL,744,2022-06-02,2022-09-23,113,
tensorflow/agents,AutoML/RL,743,2022-05-27,2022-06-15,19,
tensorflow/agents,AutoML/RL,742,2022-05-24,2022-07-20,56,
tensorflow/agents,AutoML/RL,741,2022-05-23,2022-09-23,123,
tensorflow/agents,AutoML/RL,740,2022-05-20,2022-06-15,26,
tensorflow/agents,AutoML/RL,736,2022-04-23,2022-04-23,0,
tensorflow/agents,AutoML/RL,734,2022-04-12,2022-04-26,14,
tensorflow/agents,AutoML/RL,731,2022-04-05,2023-09-30,543,
tensorflow/agents,AutoML/RL,729,2022-03-28,2022-03-29,0,
tensorflow/agents,AutoML/RL,723,2022-03-16,2022-03-16,0,
tensorflow/agents,AutoML/RL,722,2022-03-15,2023-09-18,552,
tensorflow/agents,AutoML/RL,721,2022-03-13,2022-03-14,1,
tensorflow/agents,AutoML/RL,719,2022-03-03,2022-03-16,12,
tensorflow/agents,AutoML/RL,712,2022-02-25,2023-09-30,581,
tensorflow/agents,AutoML/RL,711,2022-02-23,2022-03-07,11,
tensorflow/agents,AutoML/RL,708,2022-02-18,2022-02-18,0,
tensorflow/agents,AutoML/RL,707,2022-02-13,2022-03-02,16,
tensorflow/agents,AutoML/RL,705,2022-02-12,2023-09-30,594,
tensorflow/agents,AutoML/RL,704,2022-02-02,2022-04-12,68,
tensorflow/agents,AutoML/RL,702,2022-01-19,2022-02-16,27,
tensorflow/agents,AutoML/RL,697,2022-01-08,2022-01-26,17,
tensorflow/agents,AutoML/RL,696,2022-01-08,2022-01-08,0,
tensorflow/agents,AutoML/RL,693,2021-12-30,2021-12-30,0,
tensorflow/agents,AutoML/RL,692,2021-12-30,2022-01-04,5,
tensorflow/agents,AutoML/RL,689,2021-12-27,2021-12-28,0,
tensorflow/agents,AutoML/RL,686,2021-12-23,2022-01-13,21,
tensorflow/agents,AutoML/RL,685,2021-12-16,2021-12-18,1,
tensorflow/agents,AutoML/RL,683,2021-12-06,2022-01-04,29,
tensorflow/agents,AutoML/RL,680,2021-11-24,2021-12-03,8,
tensorflow/agents,AutoML/RL,679,2021-11-22,2021-11-24,2,
tensorflow/agents,AutoML/RL,677,2021-11-17,2021-11-24,7,
tensorflow/agents,AutoML/RL,674,2021-10-31,2021-11-01,1,
tensorflow/agents,AutoML/RL,672,2021-10-25,2021-11-10,15,
tensorflow/agents,AutoML/RL,671,2021-10-24,2021-11-01,7,
google/dopamine,AutoML/RL,232,2026-02-12,2026-03-24,39,
google/dopamine,AutoML/RL,229,2025-04-03,2025-04-03,0,
google/dopamine,AutoML/RL,225,2024-10-24,2024-10-24,0,
google/dopamine,AutoML/RL,223,2024-09-30,2024-10-09,8,
google/dopamine,AutoML/RL,216,2023-11-06,2023-11-06,0,
google/dopamine,AutoML/RL,215,2023-11-06,2024-04-03,149,
google/dopamine,AutoML/RL,214,2023-10-22,2023-10-22,0,
google/dopamine,AutoML/RL,204,2023-04-07,2023-04-07,0,
google/dopamine,AutoML/RL,202,2023-03-22,2023-06-29,99,
google/dopamine,AutoML/RL,200,2022-10-11,2022-10-11,0,
google/dopamine,AutoML/RL,198,2022-05-24,2022-05-25,1,
google/dopamine,AutoML/RL,196,2022-05-18,2022-05-24,5,
google/dopamine,AutoML/RL,191,2022-02-14,2022-03-21,35,
google/dopamine,AutoML/RL,183,2021-09-02,2021-09-02,0,cla: yes
google/dopamine,AutoML/RL,182,2021-08-25,2021-08-31,6,
google/dopamine,AutoML/RL,181,2021-08-18,2021-09-02,15,
google/dopamine,AutoML/RL,179,2021-06-27,2021-06-29,2,
google/dopamine,AutoML/RL,178,2021-06-18,2021-06-18,0,cla: yes
google/dopamine,AutoML/RL,176,2021-05-06,2021-10-30,176,
google/dopamine,AutoML/RL,175,2021-05-02,2021-05-12,9,
google/dopamine,AutoML/RL,174,2021-04-08,2021-04-08,0,cla: yes
google/dopamine,AutoML/RL,172,2021-03-22,2021-03-22,0,
google/dopamine,AutoML/RL,171,2021-03-19,2021-04-08,20,"cla: yes,dependencies"
google/dopamine,AutoML/RL,168,2021-01-22,2021-01-22,0,
google/dopamine,AutoML/RL,167,2021-01-18,2021-04-08,79,"cla: yes,dependencies"
google/dopamine,AutoML/RL,166,2021-01-16,2021-05-08,111,
google/dopamine,AutoML/RL,165,2021-01-07,2021-01-07,0,
google/dopamine,AutoML/RL,163,2021-01-01,2021-04-12,101,
google/dopamine,AutoML/RL,162,2020-12-22,2021-05-09,138,
google/dopamine,AutoML/RL,161,2020-12-21,2021-05-07,136,
google/dopamine,AutoML/RL,158,2020-12-10,2020-12-10,0,
google/dopamine,AutoML/RL,156,2020-11-01,2020-11-02,0,
google/dopamine,AutoML/RL,155,2020-10-18,2020-10-19,1,
google/dopamine,AutoML/RL,152,2020-09-25,2021-01-18,114,"cla: yes,dependencies"
google/dopamine,AutoML/RL,149,2020-08-05,2020-08-05,0,
google/dopamine,AutoML/RL,148,2020-08-04,2021-05-09,277,
google/dopamine,AutoML/RL,147,2020-08-02,2020-08-03,1,
google/dopamine,AutoML/RL,145,2020-07-28,2020-07-30,2,
google/dopamine,AutoML/RL,144,2020-07-25,2020-08-01,6,
google/dopamine,AutoML/RL,137,2020-05-15,2020-05-15,0,
google/dopamine,AutoML/RL,126,2019-12-20,2019-12-20,0,
google/dopamine,AutoML/RL,125,2019-12-20,2019-12-23,2,
google/dopamine,AutoML/RL,124,2019-12-18,2019-12-19,1,
google/dopamine,AutoML/RL,123,2019-12-16,2019-12-19,2,
google/dopamine,AutoML/RL,121,2019-10-22,2019-10-24,1,
google/dopamine,AutoML/RL,119,2019-09-15,2025-10-05,2212,cla: yes
google/dopamine,AutoML/RL,117,2019-09-05,2020-05-18,256,cla: yes
google/dopamine,AutoML/RL,116,2019-09-04,2019-09-04,0,
google/dopamine,AutoML/RL,115,2019-08-30,2019-09-04,4,
google/dopamine,AutoML/RL,114,2019-08-08,2019-08-13,4,
google/dopamine,AutoML/RL,112,2019-07-21,2023-10-10,1541,
google/dopamine,AutoML/RL,111,2019-07-07,2019-09-17,71,cla: yes
google/dopamine,AutoML/RL,109,2019-06-22,2022-05-23,1066,cla: yes
google/dopamine,AutoML/RL,108,2019-06-20,2020-12-19,548,cla: yes
google/dopamine,AutoML/RL,103,2019-05-16,2019-05-16,0,
google/dopamine,AutoML/RL,100,2019-04-17,2019-04-23,6,
google/dopamine,AutoML/RL,99,2019-04-16,2019-04-16,0,
google/dopamine,AutoML/RL,95,2019-03-28,2019-03-29,1,
google/dopamine,AutoML/RL,94,2019-03-27,2019-03-27,0,
google/dopamine,AutoML/RL,92,2019-03-18,2021-04-12,755,
google/dopamine,AutoML/RL,87,2019-02-25,2019-02-26,0,
google/dopamine,AutoML/RL,83,2019-02-14,2019-02-15,1,
google/dopamine,AutoML/RL,79,2019-02-06,2019-02-06,0,cla: yes
google/dopamine,AutoML/RL,78,2019-02-04,2019-02-05,1,
google/dopamine,AutoML/RL,76,2019-02-03,2019-02-05,2,
google/dopamine,AutoML/RL,75,2019-02-01,2019-02-01,0,cla: yes
google/dopamine,AutoML/RL,74,2019-01-31,2019-01-31,0,cla: yes
google/dopamine,AutoML/RL,73,2019-01-31,2019-01-31,0,cla: yes
google/dopamine,AutoML/RL,72,2019-01-31,2019-01-31,0,cla: yes
google/dopamine,AutoML/RL,70,2019-01-15,2019-01-15,0,
google/dopamine,AutoML/RL,69,2019-01-08,2019-01-22,13,cla: yes
google/dopamine,AutoML/RL,68,2019-01-03,2026-04-13,2656,cla: yes
google/dopamine,AutoML/RL,67,2019-01-03,2019-01-04,1,cla: yes
google/dopamine,AutoML/RL,66,2019-01-02,2019-01-14,11,
google/dopamine,AutoML/RL,65,2018-12-31,2019-01-22,22,
google/dopamine,AutoML/RL,62,2018-12-19,2019-01-30,41,
google/dopamine,AutoML/RL,61,2018-12-09,2019-01-30,52,
google/dopamine,AutoML/RL,60,2018-12-04,2019-01-30,56,
google/dopamine,AutoML/RL,59,2018-11-30,2019-01-30,60,
google/dopamine,AutoML/RL,57,2018-11-29,2019-01-30,61,
google/dopamine,AutoML/RL,56,2018-11-27,2018-11-28,0,
google/dopamine,AutoML/RL,55,2018-11-26,2018-11-27,0,
google/dopamine,AutoML/RL,52,2018-11-14,2018-11-22,8,cla: yes
google/dopamine,AutoML/RL,50,2018-11-11,2018-11-13,1,
google/dopamine,AutoML/RL,47,2018-11-05,2018-11-05,0,
google/dopamine,AutoML/RL,46,2018-10-29,2018-11-04,5,
google/dopamine,AutoML/RL,45,2018-10-28,2018-12-05,38,
google/dopamine,AutoML/RL,44,2018-10-27,2018-11-09,13,
google/dopamine,AutoML/RL,41,2018-10-17,2020-02-26,497,cla: yes
google/dopamine,AutoML/RL,40,2018-10-15,2019-03-22,158,
google/dopamine,AutoML/RL,39,2018-10-14,2018-10-19,5,
google/dopamine,AutoML/RL,38,2018-10-12,2018-10-19,6,
google/dopamine,AutoML/RL,35,2018-10-02,2018-10-19,16,
google/dopamine,AutoML/RL,33,2018-09-30,2019-04-16,198,
google/dopamine,AutoML/RL,32,2018-09-28,2018-11-09,42,cla: yes
google/dopamine,AutoML/RL,31,2018-09-26,2018-10-19,22,
google/dopamine,AutoML/RL,30,2018-09-25,2018-09-25,0,
google/dopamine,AutoML/RL,29,2018-09-25,2018-09-25,0,
google/dopamine,AutoML/RL,28,2018-09-24,2018-09-24,0,
google/dopamine,AutoML/RL,27,2018-09-20,2018-09-20,0,
mljar/mljar-supervised,AutoML/RL,808,2026-03-26,2026-03-26,0,
mljar/mljar-supervised,AutoML/RL,807,2026-03-24,2026-03-24,0,enhancement
mljar/mljar-supervised,AutoML/RL,800,2025-07-07,2025-07-07,0,
mljar/mljar-supervised,AutoML/RL,796,2025-04-14,2025-04-14,0,
mljar/mljar-supervised,AutoML/RL,795,2025-03-25,2025-04-01,6,
mljar/mljar-supervised,AutoML/RL,793,2025-03-12,2025-04-01,19,
mljar/mljar-supervised,AutoML/RL,789,2024-12-31,2025-01-10,10,
mljar/mljar-supervised,AutoML/RL,788,2024-12-31,2025-01-10,10,
mljar/mljar-supervised,AutoML/RL,787,2024-12-31,2025-01-10,10,
mljar/mljar-supervised,AutoML/RL,785,2024-11-05,2025-04-01,146,bug
mljar/mljar-supervised,AutoML/RL,784,2024-10-25,2024-10-28,2,
mljar/mljar-supervised,AutoML/RL,783,2024-10-22,2024-10-28,5,
mljar/mljar-supervised,AutoML/RL,782,2024-10-09,2025-01-13,96,
mljar/mljar-supervised,AutoML/RL,781,2024-09-30,2024-09-30,0,
mljar/mljar-supervised,AutoML/RL,780,2024-09-27,2024-09-27,0,
mljar/mljar-supervised,AutoML/RL,779,2024-09-25,2024-09-25,0,
mljar/mljar-supervised,AutoML/RL,778,2024-09-24,2024-09-26,1,
mljar/mljar-supervised,AutoML/RL,777,2024-09-11,2024-09-30,19,
mljar/mljar-supervised,AutoML/RL,776,2024-09-10,2024-10-14,33,
mljar/mljar-supervised,AutoML/RL,774,2024-09-05,2024-09-05,0,
mljar/mljar-supervised,AutoML/RL,772,2024-09-02,2024-09-02,0,
mljar/mljar-supervised,AutoML/RL,771,2024-09-02,2024-09-30,28,bug
mljar/mljar-supervised,AutoML/RL,769,2024-08-30,2024-09-02,2,
mljar/mljar-supervised,AutoML/RL,768,2024-08-29,2024-08-29,0,
mljar/mljar-supervised,AutoML/RL,767,2024-08-29,2024-08-29,0,
mljar/mljar-supervised,AutoML/RL,766,2024-08-29,2024-08-29,0,
mljar/mljar-supervised,AutoML/RL,765,2024-08-29,2024-08-29,0,
mljar/mljar-supervised,AutoML/RL,764,2024-08-27,2024-08-27,0,
mljar/mljar-supervised,AutoML/RL,763,2024-08-26,2024-08-26,0,
mljar/mljar-supervised,AutoML/RL,762,2024-08-23,2024-08-29,6,
mljar/mljar-supervised,AutoML/RL,761,2024-08-23,2024-08-29,6,
mljar/mljar-supervised,AutoML/RL,760,2024-08-23,2024-08-29,6,
mljar/mljar-supervised,AutoML/RL,759,2024-08-23,2024-08-29,6,
mljar/mljar-supervised,AutoML/RL,758,2024-08-23,2024-08-27,4,
mljar/mljar-supervised,AutoML/RL,757,2024-08-23,2024-08-29,5,
mljar/mljar-supervised,AutoML/RL,756,2024-08-23,2024-08-29,5,
mljar/mljar-supervised,AutoML/RL,755,2024-08-23,2024-08-29,5,
mljar/mljar-supervised,AutoML/RL,754,2024-08-23,2024-09-02,9,
mljar/mljar-supervised,AutoML/RL,753,2024-08-23,2024-08-29,6,
mljar/mljar-supervised,AutoML/RL,752,2024-08-23,2024-08-29,6,
mljar/mljar-supervised,AutoML/RL,751,2024-08-23,2024-08-29,5,
mljar/mljar-supervised,AutoML/RL,750,2024-08-23,2024-09-02,10,
mljar/mljar-supervised,AutoML/RL,749,2024-08-23,2024-09-30,37,
mljar/mljar-supervised,AutoML/RL,748,2024-08-23,2024-08-26,3,
mljar/mljar-supervised,AutoML/RL,747,2024-08-22,2024-09-30,38,
mljar/mljar-supervised,AutoML/RL,746,2024-08-22,2024-08-22,0,
mljar/mljar-supervised,AutoML/RL,745,2024-08-22,2024-08-22,0,
mljar/mljar-supervised,AutoML/RL,744,2024-08-22,2024-08-22,0,
mljar/mljar-supervised,AutoML/RL,743,2024-08-14,2024-09-25,41,
mljar/mljar-supervised,AutoML/RL,742,2024-08-14,2024-09-25,41,
mljar/mljar-supervised,AutoML/RL,739,2024-07-29,2024-09-25,58,
mljar/mljar-supervised,AutoML/RL,738,2024-07-27,2024-09-30,64,
mljar/mljar-supervised,AutoML/RL,735,2024-07-10,2024-07-10,0,
mljar/mljar-supervised,AutoML/RL,734,2024-07-10,2024-07-10,0,
mljar/mljar-supervised,AutoML/RL,733,2024-07-08,2024-09-25,78,
mljar/mljar-supervised,AutoML/RL,732,2024-07-08,2024-07-09,1,
mljar/mljar-supervised,AutoML/RL,731,2024-07-08,2024-07-08,0,
mljar/mljar-supervised,AutoML/RL,728,2024-06-03,2024-06-03,0,
mljar/mljar-supervised,AutoML/RL,727,2024-05-24,2024-09-30,129,
mljar/mljar-supervised,AutoML/RL,726,2024-05-22,2025-04-01,313,
mljar/mljar-supervised,AutoML/RL,725,2024-05-22,2024-05-22,0,
mljar/mljar-supervised,AutoML/RL,724,2024-05-08,2024-05-09,0,
mljar/mljar-supervised,AutoML/RL,720,2024-04-16,2024-09-30,166,
mljar/mljar-supervised,AutoML/RL,718,2024-04-15,2024-08-22,129,
mljar/mljar-supervised,AutoML/RL,715,2024-03-09,2024-03-11,1,
mljar/mljar-supervised,AutoML/RL,714,2024-03-08,2024-03-08,0,bug
mljar/mljar-supervised,AutoML/RL,712,2024-03-03,2024-03-03,0,
mljar/mljar-supervised,AutoML/RL,710,2024-02-27,2024-03-04,5,bug
mljar/mljar-supervised,AutoML/RL,709,2024-02-27,2024-03-04,6,
mljar/mljar-supervised,AutoML/RL,707,2024-02-12,2024-07-17,156,
mljar/mljar-supervised,AutoML/RL,706,2024-02-08,2024-02-09,1,
mljar/mljar-supervised,AutoML/RL,705,2024-02-05,2024-09-07,215,
mljar/mljar-supervised,AutoML/RL,704,2024-02-04,2024-02-05,0,
mljar/mljar-supervised,AutoML/RL,703,2024-02-03,2024-09-30,239,
mljar/mljar-supervised,AutoML/RL,702,2024-02-02,2024-07-17,165,
mljar/mljar-supervised,AutoML/RL,700,2024-01-30,2024-01-31,0,
mljar/mljar-supervised,AutoML/RL,699,2024-01-30,2024-01-30,0,
mljar/mljar-supervised,AutoML/RL,698,2024-01-29,2024-01-30,0,
mljar/mljar-supervised,AutoML/RL,697,2024-01-27,2024-03-04,37,
mljar/mljar-supervised,AutoML/RL,695,2024-01-24,2024-01-24,0,
mljar/mljar-supervised,AutoML/RL,694,2024-01-22,2024-09-30,252,
mljar/mljar-supervised,AutoML/RL,693,2024-01-22,2024-03-04,42,
mljar/mljar-supervised,AutoML/RL,692,2024-01-22,2024-01-22,0,
mljar/mljar-supervised,AutoML/RL,691,2024-01-21,2024-09-30,252,
mljar/mljar-supervised,AutoML/RL,689,2024-01-07,2024-01-08,0,
mljar/mljar-supervised,AutoML/RL,688,2024-01-06,2024-01-08,2,
mljar/mljar-supervised,AutoML/RL,686,2023-12-12,2024-09-30,293,
mljar/mljar-supervised,AutoML/RL,685,2023-12-11,2023-12-12,0,
mljar/mljar-supervised,AutoML/RL,684,2023-12-11,2024-09-30,293,"bug,help wanted"
mljar/mljar-supervised,AutoML/RL,683,2023-12-11,2024-01-08,27,"bug,help wanted,good first issue"
mljar/mljar-supervised,AutoML/RL,682,2023-12-10,2024-03-04,85,
mljar/mljar-supervised,AutoML/RL,680,2023-12-05,2024-03-04,90,
mljar/mljar-supervised,AutoML/RL,679,2023-11-30,2023-12-14,14,
mljar/mljar-supervised,AutoML/RL,678,2023-11-28,2023-11-28,0,
mljar/mljar-supervised,AutoML/RL,674,2023-11-11,2023-11-11,0,
mljar/mljar-supervised,AutoML/RL,672,2023-11-09,2024-09-30,326,
mljar/mljar-supervised,AutoML/RL,670,2023-11-08,2024-03-04,116,
mljar/mljar-supervised,AutoML/RL,669,2023-11-03,2024-09-30,331,"bug,help wanted,good first issue"
mljar/mljar-supervised,AutoML/RL,668,2023-11-02,2024-03-04,122,
mljar/mljar-supervised,AutoML/RL,667,2023-11-02,2024-03-04,122,
pycaret/pycaret,AutoML/RL,4176,2026-01-23,2026-04-27,94,
pycaret/pycaret,AutoML/RL,4175,2026-01-18,2026-01-18,0,
pycaret/pycaret,AutoML/RL,4174,2025-12-31,2026-04-27,116,enhancement
pycaret/pycaret,AutoML/RL,4173,2025-12-07,2026-04-27,141,bug
pycaret/pycaret,AutoML/RL,4172,2025-10-31,2025-10-31,0,
pycaret/pycaret,AutoML/RL,4171,2025-10-24,2026-04-27,184,
pycaret/pycaret,AutoML/RL,4170,2025-09-25,2026-04-27,213,documentation
pycaret/pycaret,AutoML/RL,4169,2025-06-23,2026-04-27,307,
pycaret/pycaret,AutoML/RL,4168,2025-06-12,2025-06-13,1,
pycaret/pycaret,AutoML/RL,4166,2025-06-03,2026-04-27,327,
pycaret/pycaret,AutoML/RL,4165,2025-05-22,2026-02-01,254,bug
pycaret/pycaret,AutoML/RL,4164,2025-05-04,2026-04-27,358,
pycaret/pycaret,AutoML/RL,4163,2025-04-23,2026-04-27,369,enhancement
pycaret/pycaret,AutoML/RL,4162,2025-04-21,2026-04-27,371,"dependencies,python"
pycaret/pycaret,AutoML/RL,4161,2025-04-16,2026-04-27,376,bug
pycaret/pycaret,AutoML/RL,4160,2025-04-10,2025-04-10,0,bug
pycaret/pycaret,AutoML/RL,4158,2025-03-24,2026-04-27,399,bug
pycaret/pycaret,AutoML/RL,4157,2025-03-20,2026-04-27,403,"dependencies,python"
pycaret/pycaret,AutoML/RL,4156,2025-03-19,2026-04-27,404,enhancement
pycaret/pycaret,AutoML/RL,4155,2025-02-28,2026-04-27,423,"dependencies,python"
pycaret/pycaret,AutoML/RL,4153,2025-02-25,2025-02-28,2,"dependencies,python"
pycaret/pycaret,AutoML/RL,4152,2025-02-24,2025-03-04,8,bug
pycaret/pycaret,AutoML/RL,4151,2025-02-20,2025-02-23,2,
pycaret/pycaret,AutoML/RL,4150,2025-02-20,2025-03-06,14,
pycaret/pycaret,AutoML/RL,4149,2025-02-19,2025-02-23,3,enhancement
pycaret/pycaret,AutoML/RL,4148,2025-02-18,2026-04-27,433,bug
pycaret/pycaret,AutoML/RL,4147,2025-02-17,2025-02-18,0,
pycaret/pycaret,AutoML/RL,4146,2025-02-17,2025-02-18,1,
pycaret/pycaret,AutoML/RL,4145,2025-02-17,2025-02-23,5,
pycaret/pycaret,AutoML/RL,4144,2025-02-16,2025-04-21,63,"dependencies,python"
pycaret/pycaret,AutoML/RL,4143,2025-02-15,2025-02-16,0,
pycaret/pycaret,AutoML/RL,4142,2025-02-15,2025-02-16,0,
pycaret/pycaret,AutoML/RL,4141,2025-02-15,2026-04-27,435,
pycaret/pycaret,AutoML/RL,4140,2025-02-14,2025-02-16,2,"dependencies,python"
pycaret/pycaret,AutoML/RL,4139,2025-02-14,2025-03-20,33,"dependencies,python"
pycaret/pycaret,AutoML/RL,4138,2025-02-14,2025-02-25,10,"dependencies,python"
pycaret/pycaret,AutoML/RL,4137,2025-02-14,2026-04-27,437,"dependencies,python"
pycaret/pycaret,AutoML/RL,4136,2025-02-14,2026-04-27,437,"dependencies,python"
pycaret/pycaret,AutoML/RL,4135,2025-02-13,2025-02-13,0,"dependencies,python"
pycaret/pycaret,AutoML/RL,4134,2025-02-11,2026-04-27,439,enhancement
pycaret/pycaret,AutoML/RL,4133,2025-02-11,2026-04-27,440,installation
pycaret/pycaret,AutoML/RL,4132,2025-02-10,2025-02-11,0,
pycaret/pycaret,AutoML/RL,4131,2025-02-10,2025-02-13,3,"dependencies,python"
pycaret/pycaret,AutoML/RL,4130,2025-02-10,2025-02-13,3,"dependencies,python"
pycaret/pycaret,AutoML/RL,4129,2025-02-09,2025-02-11,1,
pycaret/pycaret,AutoML/RL,4128,2025-02-09,2025-02-18,9,enhancement
pycaret/pycaret,AutoML/RL,4127,2025-02-09,2025-02-11,1,enhancement
pycaret/pycaret,AutoML/RL,4126,2025-02-09,2025-02-09,0,
pycaret/pycaret,AutoML/RL,4125,2025-02-09,2025-02-11,1,
pycaret/pycaret,AutoML/RL,4124,2025-02-09,2025-02-16,6,
pycaret/pycaret,AutoML/RL,4123,2025-02-09,2026-04-27,441,enhancement
pycaret/pycaret,AutoML/RL,4122,2025-02-09,2025-02-11,1,
pycaret/pycaret,AutoML/RL,4121,2025-02-08,2026-04-27,443,enhancement
pycaret/pycaret,AutoML/RL,4120,2025-02-03,2025-02-10,6,"dependencies,python"
pycaret/pycaret,AutoML/RL,4119,2025-02-02,2025-02-09,6,enhancement
pycaret/pycaret,AutoML/RL,4118,2025-01-27,2025-02-03,6,"dependencies,python"
pycaret/pycaret,AutoML/RL,4117,2025-01-22,2026-04-27,459,bug
pycaret/pycaret,AutoML/RL,4115,2025-01-16,2025-02-13,28,"dependencies,python"
pycaret/pycaret,AutoML/RL,4114,2025-01-16,2025-02-13,28,"dependencies,python"
pycaret/pycaret,AutoML/RL,4113,2024-12-16,2026-04-27,496,
pycaret/pycaret,AutoML/RL,4112,2024-12-16,2026-04-27,497,bug
pycaret/pycaret,AutoML/RL,4111,2024-12-16,2025-01-27,41,"dependencies,python"
pycaret/pycaret,AutoML/RL,4109,2024-12-12,2025-02-13,63,"no-pr-activity,dependencies,python"
pycaret/pycaret,AutoML/RL,4107,2024-12-08,2026-04-27,504,bug
pycaret/pycaret,AutoML/RL,4106,2024-12-06,2025-02-18,74,bug
pycaret/pycaret,AutoML/RL,4105,2024-12-05,2024-12-16,10,"dependencies,python"
pycaret/pycaret,AutoML/RL,4104,2024-12-02,2026-04-27,510,no-pr-activity
pycaret/pycaret,AutoML/RL,4103,2024-12-02,2025-02-07,67,"no-pr-activity,dependencies,python"
pycaret/pycaret,AutoML/RL,4102,2024-12-01,2026-04-27,511,no-pr-activity
pycaret/pycaret,AutoML/RL,4100,2024-11-23,2026-04-27,520,bug
pycaret/pycaret,AutoML/RL,4098,2024-11-20,2026-04-27,523,no-pr-activity
pycaret/pycaret,AutoML/RL,4097,2024-11-20,2024-12-05,15,"dependencies,python"
pycaret/pycaret,AutoML/RL,4096,2024-11-12,2026-04-27,530,bug
pycaret/pycaret,AutoML/RL,4094,2024-11-12,2026-04-27,531,bug
pycaret/pycaret,AutoML/RL,4093,2024-11-08,2024-11-20,11,"dependencies,python"
pycaret/pycaret,AutoML/RL,4092,2024-11-08,2025-01-15,68,"no-pr-activity,dependencies,python"
pycaret/pycaret,AutoML/RL,4091,2024-11-08,2024-12-02,24,"dependencies,python"
pycaret/pycaret,AutoML/RL,4090,2024-11-08,2024-12-12,33,"dependencies,python"
pycaret/pycaret,AutoML/RL,4089,2024-11-08,2025-01-15,68,"no-pr-activity,dependencies,python"
pycaret/pycaret,AutoML/RL,4084,2024-10-30,2026-04-27,544,bug
pycaret/pycaret,AutoML/RL,4083,2024-10-28,2026-04-27,546,bug
pycaret/pycaret,AutoML/RL,4082,2024-10-18,2024-12-29,71,"installation,no-issue-activity"
pycaret/pycaret,AutoML/RL,4081,2024-10-17,2026-04-27,557,bug
pycaret/pycaret,AutoML/RL,4080,2024-10-15,2026-04-27,558,bug
pycaret/pycaret,AutoML/RL,4079,2024-10-13,2026-04-27,561,bug
pycaret/pycaret,AutoML/RL,4078,2024-10-11,2024-12-21,70,"documentation,no-issue-activity"
pycaret/pycaret,AutoML/RL,4077,2024-10-03,2026-04-27,570,enhancement
pycaret/pycaret,AutoML/RL,4072,2024-09-12,2026-04-27,592,no-pr-activity
pycaret/pycaret,AutoML/RL,4071,2024-09-11,2026-04-27,593,bug
pycaret/pycaret,AutoML/RL,4070,2024-09-10,2026-04-27,594,enhancement
pycaret/pycaret,AutoML/RL,4069,2024-09-04,2026-04-27,599,no-pr-activity
pycaret/pycaret,AutoML/RL,4068,2024-09-03,2025-02-18,168,no-pr-activity
pycaret/pycaret,AutoML/RL,4067,2024-09-03,2026-04-27,601,enhancement
pycaret/pycaret,AutoML/RL,4066,2024-09-03,2026-04-27,601,enhancement
pycaret/pycaret,AutoML/RL,4064,2024-08-31,2026-04-27,603,bug
pycaret/pycaret,AutoML/RL,4063,2024-08-30,2024-11-07,68,"no-pr-activity,dependencies,python"
pycaret/pycaret,AutoML/RL,4062,2024-08-30,2024-11-07,68,"no-pr-activity,dependencies,python"
pycaret/pycaret,AutoML/RL,4061,2024-08-30,2024-11-07,68,"no-pr-activity,dependencies,python"
pycaret/pycaret,AutoML/RL,4060,2024-08-30,2024-11-07,68,"no-pr-activity,dependencies,python"
pycaret/pycaret,AutoML/RL,4059,2024-08-30,2024-11-07,68,"no-pr-activity,dependencies,python"
hill-a/stable-baselines,AutoML/RL,1201,2025-02-12,2025-02-12,0,
hill-a/stable-baselines,AutoML/RL,1191,2024-02-01,2024-02-02,0,
hill-a/stable-baselines,AutoML/RL,1189,2023-08-10,2023-08-10,0,
hill-a/stable-baselines,AutoML/RL,1184,2023-06-23,2023-06-24,0,
hill-a/stable-baselines,AutoML/RL,1183,2023-05-08,2023-05-09,1,
hill-a/stable-baselines,AutoML/RL,1176,2022-10-11,2022-10-11,0,
hill-a/stable-baselines,AutoML/RL,1172,2022-08-31,2022-09-04,3,
hill-a/stable-baselines,AutoML/RL,1169,2022-08-01,2022-08-03,1,question
hill-a/stable-baselines,AutoML/RL,1168,2022-07-29,2022-07-29,0,
hill-a/stable-baselines,AutoML/RL,1163,2022-05-18,2022-05-18,0,question
hill-a/stable-baselines,AutoML/RL,1162,2022-05-09,2022-05-09,0,"custom gym env,more information needed,No tech support"
hill-a/stable-baselines,AutoML/RL,1161,2022-04-19,2022-04-19,0,"question,custom gym env"
hill-a/stable-baselines,AutoML/RL,1160,2022-04-15,2022-04-16,0,"question,windows"
hill-a/stable-baselines,AutoML/RL,1159,2022-04-10,2022-04-10,0,question
hill-a/stable-baselines,AutoML/RL,1158,2022-04-04,2022-04-04,0,question
hill-a/stable-baselines,AutoML/RL,1157,2022-04-03,2022-04-03,0,"question,RTFM"
hill-a/stable-baselines,AutoML/RL,1156,2022-03-31,2022-03-31,0,question
hill-a/stable-baselines,AutoML/RL,1155,2022-03-30,2022-03-30,0,question
hill-a/stable-baselines,AutoML/RL,1153,2022-03-07,2022-03-07,0,
hill-a/stable-baselines,AutoML/RL,1151,2022-02-09,2022-02-12,2,"custom gym env,more information needed"
hill-a/stable-baselines,AutoML/RL,1150,2022-01-30,2022-06-20,141,question
hill-a/stable-baselines,AutoML/RL,1149,2022-01-15,2022-01-17,1,question
hill-a/stable-baselines,AutoML/RL,1148,2022-01-12,2022-01-13,1,question
hill-a/stable-baselines,AutoML/RL,1146,2021-12-08,2021-12-10,2,"question,custom gym env"
hill-a/stable-baselines,AutoML/RL,1145,2021-12-07,2021-12-08,1,question
hill-a/stable-baselines,AutoML/RL,1144,2021-11-28,2021-11-28,0,No tech support
hill-a/stable-baselines,AutoML/RL,1143,2021-11-25,2021-11-25,0,duplicate
hill-a/stable-baselines,AutoML/RL,1142,2021-10-25,2021-10-26,0,custom gym env
hill-a/stable-baselines,AutoML/RL,1138,2021-09-21,2021-09-23,2,"question,RTFM"
hill-a/stable-baselines,AutoML/RL,1137,2021-09-08,2021-09-09,0,"question,custom gym env"
hill-a/stable-baselines,AutoML/RL,1136,2021-08-31,2021-09-02,1,"question,custom gym env"
hill-a/stable-baselines,AutoML/RL,1133,2021-08-17,2021-08-25,8,
hill-a/stable-baselines,AutoML/RL,1132,2021-08-17,2021-08-25,8,bug
hill-a/stable-baselines,AutoML/RL,1131,2021-08-16,2021-08-23,6,"question,RTFM"
hill-a/stable-baselines,AutoML/RL,1130,2021-07-15,2021-08-14,29,question
hill-a/stable-baselines,AutoML/RL,1129,2021-07-15,2021-07-15,0,question
hill-a/stable-baselines,AutoML/RL,1127,2021-07-05,2021-07-05,0,question
hill-a/stable-baselines,AutoML/RL,1126,2021-06-29,2021-06-29,0,question
hill-a/stable-baselines,AutoML/RL,1125,2021-06-23,2021-07-20,26,question
hill-a/stable-baselines,AutoML/RL,1124,2021-06-20,2021-06-21,1,"question,No tech support"
hill-a/stable-baselines,AutoML/RL,1123,2021-06-18,2021-06-18,0,"duplicate,question,openai gym"
hill-a/stable-baselines,AutoML/RL,1122,2021-06-15,2021-06-15,0,question
hill-a/stable-baselines,AutoML/RL,1121,2021-06-11,2021-07-20,39,question
hill-a/stable-baselines,AutoML/RL,1120,2021-06-03,2021-06-06,3,question
hill-a/stable-baselines,AutoML/RL,1119,2021-05-26,2021-08-14,79,question
hill-a/stable-baselines,AutoML/RL,1118,2021-05-25,2021-06-02,8,
hill-a/stable-baselines,AutoML/RL,1115,2021-05-12,2021-05-13,0,question
hill-a/stable-baselines,AutoML/RL,1113,2021-05-07,2021-05-07,0,"question,RTFM"
hill-a/stable-baselines,AutoML/RL,1112,2021-04-19,2021-04-19,0,
hill-a/stable-baselines,AutoML/RL,1111,2021-04-16,2021-04-17,1,"question,custom gym env"
hill-a/stable-baselines,AutoML/RL,1110,2021-04-16,2021-04-16,0,
hill-a/stable-baselines,AutoML/RL,1109,2021-04-16,2021-05-16,30,"question,RTFM"
hill-a/stable-baselines,AutoML/RL,1108,2021-04-15,2021-04-16,0,question
hill-a/stable-baselines,AutoML/RL,1107,2021-04-03,2021-04-04,0,"question,No tech support"
hill-a/stable-baselines,AutoML/RL,1106,2021-03-28,2021-03-28,0,question
hill-a/stable-baselines,AutoML/RL,1105,2021-03-26,2021-03-26,0,question
hill-a/stable-baselines,AutoML/RL,1104,2021-03-19,2021-03-20,1,"question,openai gym"
hill-a/stable-baselines,AutoML/RL,1103,2021-03-17,2021-03-17,0,"question,custom gym env"
hill-a/stable-baselines,AutoML/RL,1102,2021-03-15,2021-03-19,3,
hill-a/stable-baselines,AutoML/RL,1101,2021-03-15,2021-05-16,61,"question,custom gym env,more information needed"
hill-a/stable-baselines,AutoML/RL,1099,2021-03-12,2021-03-12,0,
hill-a/stable-baselines,AutoML/RL,1098,2021-03-09,2021-03-10,0,question
hill-a/stable-baselines,AutoML/RL,1097,2021-03-05,2021-03-05,0,"question,custom gym env,more information needed,No tech support"
hill-a/stable-baselines,AutoML/RL,1095,2021-02-28,2021-03-15,15,"question,RTFM"
hill-a/stable-baselines,AutoML/RL,1094,2021-02-24,2021-08-14,170,enhancement
hill-a/stable-baselines,AutoML/RL,1093,2021-02-23,2021-02-23,0,"enhancement,documentation"
hill-a/stable-baselines,AutoML/RL,1092,2021-02-22,2021-02-22,0,
hill-a/stable-baselines,AutoML/RL,1091,2021-02-22,2021-02-22,0,
hill-a/stable-baselines,AutoML/RL,1090,2021-02-20,2021-08-14,174,question
hill-a/stable-baselines,AutoML/RL,1089,2021-02-16,2021-03-15,27,more information needed
hill-a/stable-baselines,AutoML/RL,1088,2021-02-15,2021-03-15,28,"question,more information needed,RTFM"
hill-a/stable-baselines,AutoML/RL,1087,2021-02-15,2021-02-15,0,"question,RTFM"
hill-a/stable-baselines,AutoML/RL,1086,2021-02-11,2021-02-11,0,"duplicate,question,No tech support"
hill-a/stable-baselines,AutoML/RL,1085,2021-02-11,2021-07-20,159,question
hill-a/stable-baselines,AutoML/RL,1084,2021-02-08,2021-02-09,1,
hill-a/stable-baselines,AutoML/RL,1083,2021-01-30,2021-02-01,2,"question,RTFM"
hill-a/stable-baselines,AutoML/RL,1082,2021-01-29,2021-01-29,0,question
hill-a/stable-baselines,AutoML/RL,1081,2021-01-27,2021-03-19,51,
hill-a/stable-baselines,AutoML/RL,1080,2021-01-25,2021-01-25,0,
hill-a/stable-baselines,AutoML/RL,1079,2021-01-25,2021-01-29,3,"custom gym env,more information needed"
hill-a/stable-baselines,AutoML/RL,1078,2021-01-23,2021-01-25,1,"question,No tech support"
hill-a/stable-baselines,AutoML/RL,1077,2021-01-23,2021-01-24,1,"question,custom gym env"
hill-a/stable-baselines,AutoML/RL,1076,2021-01-22,2021-01-22,0,"question,custom gym env,No tech support"
hill-a/stable-baselines,AutoML/RL,1075,2021-01-20,2021-01-21,1,custom gym env
hill-a/stable-baselines,AutoML/RL,1074,2021-01-19,2021-01-19,0,"custom gym env,more information needed"
hill-a/stable-baselines,AutoML/RL,1073,2021-01-19,2021-01-22,3,"custom gym env,more information needed,No tech support"
hill-a/stable-baselines,AutoML/RL,1072,2021-01-18,2021-01-19,0,question
hill-a/stable-baselines,AutoML/RL,1070,2021-01-18,2021-01-19,0,"custom gym env,more information needed"
hill-a/stable-baselines,AutoML/RL,1068,2021-01-15,2021-08-14,211,question
hill-a/stable-baselines,AutoML/RL,1067,2021-01-14,2021-03-19,64,
hill-a/stable-baselines,AutoML/RL,1066,2021-01-12,2021-03-19,65,bug
hill-a/stable-baselines,AutoML/RL,1065,2021-01-11,2021-01-12,0,question
hill-a/stable-baselines,AutoML/RL,1064,2021-01-04,2021-02-01,28,question
hill-a/stable-baselines,AutoML/RL,1063,2020-12-18,2020-12-19,1,"question,custom gym env,more information needed"
hill-a/stable-baselines,AutoML/RL,1062,2020-12-17,2020-12-17,0,"custom gym env,more information needed"
hill-a/stable-baselines,AutoML/RL,1061,2020-12-17,2020-12-23,5,question
hill-a/stable-baselines,AutoML/RL,1060,2020-12-15,2020-12-23,7,
hill-a/stable-baselines,AutoML/RL,1059,2020-12-15,2020-12-23,8,bug
hill-a/stable-baselines,AutoML/RL,1058,2020-12-09,2020-12-23,14,bug
hill-a/stable-baselines,AutoML/RL,1057,2020-12-08,2021-02-01,54,"question,custom gym env,more information needed"
google/vizier,AutoML/RL,1300,2026-02-12,2026-02-17,5,
google/vizier,AutoML/RL,1299,2026-02-09,2026-02-09,0,
google/vizier,AutoML/RL,1298,2026-02-06,2026-02-07,0,
google/vizier,AutoML/RL,1297,2026-02-06,2026-02-08,2,
google/vizier,AutoML/RL,1296,2026-01-30,2026-01-30,0,
google/vizier,AutoML/RL,1295,2026-01-30,2026-01-31,0,
google/vizier,AutoML/RL,1294,2026-01-09,2026-01-13,3,
google/vizier,AutoML/RL,1293,2025-12-18,2026-01-07,19,
google/vizier,AutoML/RL,1292,2025-12-17,2025-12-18,1,
google/vizier,AutoML/RL,1291,2025-11-05,2025-11-07,1,
google/vizier,AutoML/RL,1290,2025-10-22,2025-10-24,1,
google/vizier,AutoML/RL,1289,2025-10-22,2025-10-22,0,
google/vizier,AutoML/RL,1288,2025-10-10,2025-10-10,0,
google/vizier,AutoML/RL,1287,2025-10-09,2025-10-09,0,
google/vizier,AutoML/RL,1286,2025-10-09,2025-10-09,0,
google/vizier,AutoML/RL,1285,2025-09-16,2025-09-18,2,
google/vizier,AutoML/RL,1284,2025-09-15,2025-09-16,0,
google/vizier,AutoML/RL,1283,2025-09-15,2025-09-16,0,
google/vizier,AutoML/RL,1282,2025-09-12,2025-09-12,0,
google/vizier,AutoML/RL,1281,2025-09-12,2025-09-12,0,
google/vizier,AutoML/RL,1280,2025-09-12,2025-09-12,0,
google/vizier,AutoML/RL,1279,2025-09-11,2025-09-12,1,
google/vizier,AutoML/RL,1278,2025-08-26,2025-08-26,0,
google/vizier,AutoML/RL,1277,2025-08-18,2025-08-19,0,
google/vizier,AutoML/RL,1276,2025-08-18,2025-08-18,0,
google/vizier,AutoML/RL,1274,2025-08-13,2025-08-13,0,
google/vizier,AutoML/RL,1273,2025-08-04,2025-08-08,3,
google/vizier,AutoML/RL,1272,2025-07-28,2025-07-30,1,
google/vizier,AutoML/RL,1271,2025-07-22,2025-07-22,0,
google/vizier,AutoML/RL,1270,2025-07-22,2025-07-22,0,
google/vizier,AutoML/RL,1269,2025-07-22,2025-07-22,0,
google/vizier,AutoML/RL,1268,2025-07-21,2025-10-13,83,
google/vizier,AutoML/RL,1267,2025-07-16,2025-07-17,1,
google/vizier,AutoML/RL,1266,2025-07-15,2025-07-17,1,
google/vizier,AutoML/RL,1265,2025-07-11,2025-07-11,0,
google/vizier,AutoML/RL,1264,2025-07-11,2025-07-11,0,
google/vizier,AutoML/RL,1263,2025-06-27,2025-06-27,0,
google/vizier,AutoML/RL,1262,2025-06-26,2025-06-26,0,
google/vizier,AutoML/RL,1261,2025-06-25,2025-06-26,0,
google/vizier,AutoML/RL,1259,2025-06-24,2025-06-25,1,
google/vizier,AutoML/RL,1257,2025-06-13,2025-06-25,12,
google/vizier,AutoML/RL,1256,2025-05-07,2025-05-07,0,
google/vizier,AutoML/RL,1255,2025-05-01,2025-05-01,0,
google/vizier,AutoML/RL,1252,2025-04-28,2025-04-29,0,
google/vizier,AutoML/RL,1251,2025-04-28,2025-04-29,0,
google/vizier,AutoML/RL,1250,2025-04-16,2025-06-26,71,
google/vizier,AutoML/RL,1249,2025-04-15,2025-04-15,0,
google/vizier,AutoML/RL,1248,2025-04-15,2025-11-25,224,
google/vizier,AutoML/RL,1247,2025-04-11,2025-04-15,3,
google/vizier,AutoML/RL,1246,2025-04-10,2025-04-10,0,
google/vizier,AutoML/RL,1245,2025-04-08,2025-04-08,0,
google/vizier,AutoML/RL,1243,2025-04-04,2025-04-08,3,
google/vizier,AutoML/RL,1242,2025-03-12,2025-03-17,5,
google/vizier,AutoML/RL,1241,2025-02-10,2025-02-10,0,
google/vizier,AutoML/RL,1240,2025-02-07,2025-02-13,5,
google/vizier,AutoML/RL,1239,2025-02-05,2025-04-29,83,
google/vizier,AutoML/RL,1238,2025-02-04,2025-10-13,250,
google/vizier,AutoML/RL,1237,2025-02-04,2025-02-10,6,
google/vizier,AutoML/RL,1236,2025-02-04,2025-02-14,10,
google/vizier,AutoML/RL,1235,2025-02-01,2025-02-01,0,
google/vizier,AutoML/RL,1234,2025-01-31,2025-01-31,0,
google/vizier,AutoML/RL,1233,2025-01-31,2025-01-31,0,
google/vizier,AutoML/RL,1232,2025-01-31,2025-01-31,0,
google/vizier,AutoML/RL,1231,2025-01-31,2025-01-31,0,
google/vizier,AutoML/RL,1230,2025-01-31,2025-01-31,0,
google/vizier,AutoML/RL,1229,2025-01-30,2025-01-31,0,
google/vizier,AutoML/RL,1226,2025-01-22,2025-01-23,0,
google/vizier,AutoML/RL,1225,2025-01-17,2025-01-17,0,
google/vizier,AutoML/RL,1224,2025-01-14,2025-01-15,1,
google/vizier,AutoML/RL,1223,2025-01-13,2025-01-13,0,
google/vizier,AutoML/RL,1222,2025-01-11,2025-01-15,3,
google/vizier,AutoML/RL,1221,2025-01-06,2025-01-07,0,
google/vizier,AutoML/RL,1220,2025-01-06,2025-01-07,1,
google/vizier,AutoML/RL,1218,2025-01-04,2025-01-06,1,
google/vizier,AutoML/RL,1217,2025-01-03,2025-01-07,3,
google/vizier,AutoML/RL,1216,2024-12-23,2024-12-25,1,
google/vizier,AutoML/RL,1215,2024-12-23,2025-01-06,14,
google/vizier,AutoML/RL,1214,2024-12-20,2024-12-23,3,
google/vizier,AutoML/RL,1213,2024-12-19,2024-12-20,0,
google/vizier,AutoML/RL,1212,2024-12-18,2024-12-18,0,
google/vizier,AutoML/RL,1211,2024-12-17,2024-12-18,0,
google/vizier,AutoML/RL,1210,2024-12-16,2024-12-18,2,
google/vizier,AutoML/RL,1209,2024-12-13,2024-12-16,3,
google/vizier,AutoML/RL,1208,2024-12-12,2024-12-17,4,
google/vizier,AutoML/RL,1207,2024-12-05,2025-01-06,31,
google/vizier,AutoML/RL,1206,2024-12-04,2024-12-06,1,
google/vizier,AutoML/RL,1204,2024-12-03,2025-01-07,35,
google/vizier,AutoML/RL,1203,2024-12-01,2024-12-02,1,
google/vizier,AutoML/RL,1202,2024-12-01,2024-12-02,1,
google/vizier,AutoML/RL,1201,2024-11-27,2024-12-03,6,
google/vizier,AutoML/RL,1200,2024-11-23,2024-11-25,2,
google/vizier,AutoML/RL,1199,2024-11-19,2024-12-03,14,
google/vizier,AutoML/RL,1198,2024-11-18,2024-11-19,0,
google/vizier,AutoML/RL,1197,2024-11-18,2025-01-07,49,
google/vizier,AutoML/RL,1196,2024-11-14,2024-11-14,0,
google/vizier,AutoML/RL,1195,2024-11-11,2024-11-11,0,
google/vizier,AutoML/RL,1194,2024-11-10,2024-11-11,1,
google/vizier,AutoML/RL,1193,2024-11-08,2024-11-12,4,
google/vizier,AutoML/RL,1192,2024-11-08,2024-11-12,3,
google/vizier,AutoML/RL,1190,2024-11-06,2024-11-06,0,
optuna/optuna-dashboard,AutoML/RL,1273,2026-04-23,2026-04-23,0,"dependencies,rust"
optuna/optuna-dashboard,AutoML/RL,1270,2026-04-09,2026-04-09,0,
optuna/optuna-dashboard,AutoML/RL,1269,2026-04-08,2026-04-09,0,"dependencies,python:uv"
optuna/optuna-dashboard,AutoML/RL,1268,2026-04-06,2026-04-22,15,"dependencies,javascript"
optuna/optuna-dashboard,AutoML/RL,1267,2026-04-05,2026-04-05,0,"dependencies,python:uv"
optuna/optuna-dashboard,AutoML/RL,1266,2026-04-04,2026-04-05,1,"dependencies,python:uv"
optuna/optuna-dashboard,AutoML/RL,1265,2026-04-02,2026-04-03,0,"dependencies,javascript"
optuna/optuna-dashboard,AutoML/RL,1264,2026-04-02,2026-04-02,0,"dependencies,javascript"
optuna/optuna-dashboard,AutoML/RL,1263,2026-04-02,2026-04-02,0,"dependencies,javascript"
optuna/optuna-dashboard,AutoML/RL,1262,2026-04-01,2026-04-09,7,
optuna/optuna-dashboard,AutoML/RL,1261,2026-04-01,2026-04-01,0,
optuna/optuna-dashboard,AutoML/RL,1260,2026-04-01,2026-04-01,0,
optuna/optuna-dashboard,AutoML/RL,1259,2026-04-01,2026-04-01,0,
optuna/optuna-dashboard,AutoML/RL,1258,2026-04-01,2026-04-01,0,
optuna/optuna-dashboard,AutoML/RL,1257,2026-03-31,2026-03-31,0,
optuna/optuna-dashboard,AutoML/RL,1256,2026-03-30,2026-03-30,0,"dependencies,python:uv"
optuna/optuna-dashboard,AutoML/RL,1255,2026-03-29,2026-03-30,1,"dependencies,python:uv"
optuna/optuna-dashboard,AutoML/RL,1254,2026-03-27,2026-03-28,0,bug
optuna/optuna-dashboard,AutoML/RL,1253,2026-03-27,2026-03-27,0,"dependencies,javascript"
optuna/optuna-dashboard,AutoML/RL,1252,2026-03-26,2026-03-26,0,
optuna/optuna-dashboard,AutoML/RL,1251,2026-03-26,2026-03-26,0,
optuna/optuna-dashboard,AutoML/RL,1250,2026-03-26,2026-03-26,0,"dependencies,python:uv"
optuna/optuna-dashboard,AutoML/RL,1249,2026-03-26,2026-03-26,0,
optuna/optuna-dashboard,AutoML/RL,1248,2026-03-26,2026-04-22,27,"dependencies,javascript"
optuna/optuna-dashboard,AutoML/RL,1247,2026-03-26,2026-03-27,1,"dependencies,javascript"
optuna/optuna-dashboard,AutoML/RL,1246,2026-03-25,2026-03-26,0,"dependencies,javascript"
optuna/optuna-dashboard,AutoML/RL,1245,2026-03-23,2026-03-24,0,"dependencies,javascript"
optuna/optuna-dashboard,AutoML/RL,1243,2026-03-20,2026-03-21,1,"dependencies,javascript"
optuna/optuna-dashboard,AutoML/RL,1242,2026-03-19,2026-03-21,1,"dependencies,javascript"
optuna/optuna-dashboard,AutoML/RL,1241,2026-03-16,2026-03-18,1,
optuna/optuna-dashboard,AutoML/RL,1239,2026-03-12,2026-03-13,0,"dependencies,python:uv"
optuna/optuna-dashboard,AutoML/RL,1238,2026-03-12,2026-03-12,0,"dependencies,python:uv"
optuna/optuna-dashboard,AutoML/RL,1237,2026-03-12,2026-03-12,0,"dependencies,python:uv"
optuna/optuna-dashboard,AutoML/RL,1236,2026-03-04,2026-03-04,0,"dependencies,javascript"
optuna/optuna-dashboard,AutoML/RL,1235,2026-02-28,2026-02-28,0,"dependencies,javascript"
optuna/optuna-dashboard,AutoML/RL,1234,2026-02-28,2026-02-28,0,"dependencies,javascript"
optuna/optuna-dashboard,AutoML/RL,1233,2026-02-28,2026-02-28,0,"dependencies,javascript"
optuna/optuna-dashboard,AutoML/RL,1232,2026-02-28,2026-02-28,0,"dependencies,javascript"
optuna/optuna-dashboard,AutoML/RL,1231,2026-02-28,2026-02-28,0,"dependencies,javascript"
optuna/optuna-dashboard,AutoML/RL,1229,2026-02-14,2026-02-16,1,"dependencies,javascript"
optuna/optuna-dashboard,AutoML/RL,1228,2026-02-11,2026-02-24,12,"dependencies,javascript"
optuna/optuna-dashboard,AutoML/RL,1227,2026-02-11,2026-02-12,0,"dependencies,python:uv"
optuna/optuna-dashboard,AutoML/RL,1226,2026-02-10,2026-02-24,13,"dependencies,javascript"
optuna/optuna-dashboard,AutoML/RL,1225,2026-02-07,2026-02-24,17,"dependencies,javascript"
optuna/optuna-dashboard,AutoML/RL,1224,2026-02-05,2026-02-10,4,"dependencies,python:uv"
optuna/optuna-dashboard,AutoML/RL,1223,2026-02-05,2026-04-13,67,"enhancement,stale"
optuna/optuna-dashboard,AutoML/RL,1222,2026-02-05,2026-02-10,4,"dependencies,javascript"
optuna/optuna-dashboard,AutoML/RL,1221,2026-01-22,2026-01-22,0,"dependencies,javascript"
optuna/optuna-dashboard,AutoML/RL,1220,2026-01-21,2026-01-22,0,"dependencies,javascript"
optuna/optuna-dashboard,AutoML/RL,1219,2026-01-21,2026-01-21,0,"dependencies,python:uv"
optuna/optuna-dashboard,AutoML/RL,1218,2026-01-21,2026-01-21,0,"dependencies,python:uv"
optuna/optuna-dashboard,AutoML/RL,1217,2026-01-21,2026-01-21,0,"dependencies,python:uv"
optuna/optuna-dashboard,AutoML/RL,1216,2026-01-21,2026-01-21,0,"dependencies,python:uv"
optuna/optuna-dashboard,AutoML/RL,1215,2026-01-21,2026-01-21,0,"dependencies,python:uv"
optuna/optuna-dashboard,AutoML/RL,1214,2026-01-20,2026-01-21,0,"dependencies,python:uv"
optuna/optuna-dashboard,AutoML/RL,1213,2026-01-20,2026-01-21,0,"dependencies,python:uv"
optuna/optuna-dashboard,AutoML/RL,1212,2026-01-09,2026-02-24,46,"dependencies,javascript"
optuna/optuna-dashboard,AutoML/RL,1211,2026-01-09,2026-02-24,46,"dependencies,javascript"
optuna/optuna-dashboard,AutoML/RL,1210,2026-01-05,2026-02-24,50,"dependencies,javascript"
optuna/optuna-dashboard,AutoML/RL,1209,2026-01-01,2026-01-05,3,"dependencies,javascript"
optuna/optuna-dashboard,AutoML/RL,1208,2025-12-26,2026-02-24,59,
optuna/optuna-dashboard,AutoML/RL,1207,2025-12-26,2026-02-24,59,bug
optuna/optuna-dashboard,AutoML/RL,1206,2025-12-25,2026-02-24,60,
optuna/optuna-dashboard,AutoML/RL,1205,2025-12-18,2026-02-24,67,"dependencies,javascript"
optuna/optuna-dashboard,AutoML/RL,1204,2025-12-12,2025-12-26,13,
optuna/optuna-dashboard,AutoML/RL,1203,2025-12-12,2025-12-26,14,
optuna/optuna-dashboard,AutoML/RL,1202,2025-12-02,2025-12-02,0,"dependencies,javascript"
optuna/optuna-dashboard,AutoML/RL,1201,2025-12-01,2025-12-02,0,"dependencies,javascript"
optuna/optuna-dashboard,AutoML/RL,1200,2025-11-25,2025-11-25,0,"dependencies,javascript"
optuna/optuna-dashboard,AutoML/RL,1199,2025-11-25,2025-11-25,0,"dependencies,javascript"
optuna/optuna-dashboard,AutoML/RL,1198,2025-11-25,2026-02-24,91,"dependencies,javascript"
optuna/optuna-dashboard,AutoML/RL,1197,2025-11-19,2025-11-25,5,"dependencies,javascript"
optuna/optuna-dashboard,AutoML/RL,1196,2025-11-17,2025-12-26,38,
optuna/optuna-dashboard,AutoML/RL,1195,2025-11-15,2025-11-19,3,"dependencies,javascript"
optuna/optuna-dashboard,AutoML/RL,1194,2025-11-10,2025-11-12,1,
optuna/optuna-dashboard,AutoML/RL,1192,2025-11-07,2025-11-12,4,
optuna/optuna-dashboard,AutoML/RL,1190,2025-10-29,2025-10-29,0,
optuna/optuna-dashboard,AutoML/RL,1189,2025-10-29,2025-10-29,0,
optuna/optuna-dashboard,AutoML/RL,1188,2025-10-29,2025-10-29,0,
optuna/optuna-dashboard,AutoML/RL,1187,2025-10-29,2025-10-29,0,
optuna/optuna-dashboard,AutoML/RL,1186,2025-10-24,2025-10-24,0,"dependencies,javascript"
optuna/optuna-dashboard,AutoML/RL,1185,2025-10-24,2025-10-24,0,
optuna/optuna-dashboard,AutoML/RL,1184,2025-10-21,2025-10-24,2,"dependencies,javascript"
optuna/optuna-dashboard,AutoML/RL,1183,2025-10-21,2025-10-23,2,
optuna/optuna-dashboard,AutoML/RL,1182,2025-10-20,2025-10-24,3,"dependencies,javascript"
optuna/optuna-dashboard,AutoML/RL,1181,2025-10-20,2025-10-22,1,
optuna/optuna-dashboard,AutoML/RL,1180,2025-10-17,2025-10-20,2,
optuna/optuna-dashboard,AutoML/RL,1179,2025-10-16,2025-10-16,0,
optuna/optuna-dashboard,AutoML/RL,1178,2025-10-10,2025-10-10,0,
optuna/optuna-dashboard,AutoML/RL,1177,2025-10-10,2025-10-10,0,
optuna/optuna-dashboard,AutoML/RL,1176,2025-10-10,2025-10-21,11,
optuna/optuna-dashboard,AutoML/RL,1175,2025-10-09,2025-10-10,0,
optuna/optuna-dashboard,AutoML/RL,1174,2025-09-28,2025-10-29,30,bug
optuna/optuna-dashboard,AutoML/RL,1173,2025-09-26,2025-10-29,32,
optuna/optuna-dashboard,AutoML/RL,1172,2025-09-26,2025-09-30,3,
optuna/optuna-dashboard,AutoML/RL,1171,2025-09-26,2025-10-09,12,
optuna/optuna-dashboard,AutoML/RL,1170,2025-09-26,2025-09-30,4,
optuna/optuna-dashboard,AutoML/RL,1169,2025-09-25,2025-10-03,8,
optuna/optuna-dashboard,AutoML/RL,1168,2025-09-24,2025-10-17,22,"dependencies,javascript"
optuna/optuna-dashboard,AutoML/RL,1167,2025-09-24,2025-10-15,21,
autonomio/talos,AutoML/RL,600,2024-04-22,2024-04-22,0,
autonomio/talos,AutoML/RL,599,2024-04-22,2024-04-22,0,
autonomio/talos,AutoML/RL,598,2024-04-20,2024-04-21,0,
autonomio/talos,AutoML/RL,596,2024-03-29,2024-04-20,21,
autonomio/talos,AutoML/RL,595,2023-11-21,2024-03-29,129,
autonomio/talos,AutoML/RL,594,2023-04-14,2024-04-20,372,
autonomio/talos,AutoML/RL,593,2022-09-18,2022-09-18,0,
autonomio/talos,AutoML/RL,592,2022-09-16,2022-09-18,1,
autonomio/talos,AutoML/RL,590,2022-08-11,2022-09-04,23,topic: backward compatibility
autonomio/talos,AutoML/RL,589,2022-08-07,2022-09-04,27,topic: backward compatibility
autonomio/talos,AutoML/RL,588,2022-04-17,2022-04-23,5,
autonomio/talos,AutoML/RL,587,2022-04-16,2022-04-16,0,
autonomio/talos,AutoML/RL,586,2022-04-16,2022-04-16,0,
autonomio/talos,AutoML/RL,585,2022-04-16,2022-04-16,0,
autonomio/talos,AutoML/RL,584,2022-04-15,2022-04-15,0,
autonomio/talos,AutoML/RL,583,2022-04-15,2022-04-15,0,
autonomio/talos,AutoML/RL,582,2022-04-14,2022-09-04,143,priority: HIGH
autonomio/talos,AutoML/RL,581,2022-04-13,2022-04-14,0,
autonomio/talos,AutoML/RL,580,2022-04-12,2022-04-16,3,
autonomio/talos,AutoML/RL,579,2022-04-10,2022-04-14,3,
autonomio/talos,AutoML/RL,578,2022-04-10,2022-04-10,0,
autonomio/talos,AutoML/RL,577,2022-04-10,2022-04-10,0,
autonomio/talos,AutoML/RL,576,2022-04-10,2022-04-10,0,
autonomio/talos,AutoML/RL,575,2022-04-10,2022-04-10,0,
autonomio/talos,AutoML/RL,574,2022-04-09,2022-04-09,0,
autonomio/talos,AutoML/RL,573,2022-04-08,2022-04-16,8,
autonomio/talos,AutoML/RL,572,2022-03-15,2022-04-03,18,
autonomio/talos,AutoML/RL,571,2022-03-15,2022-03-15,0,
autonomio/talos,AutoML/RL,570,2022-03-14,2022-03-15,0,
autonomio/talos,AutoML/RL,569,2022-03-14,2022-03-15,0,
autonomio/talos,AutoML/RL,568,2022-02-25,2022-04-08,42,
autonomio/talos,AutoML/RL,567,2022-02-10,2022-02-15,5,
autonomio/talos,AutoML/RL,565,2022-01-28,2022-03-15,45,
autonomio/talos,AutoML/RL,564,2022-01-28,2022-01-28,0,
autonomio/talos,AutoML/RL,563,2022-01-28,2022-01-28,0,
autonomio/talos,AutoML/RL,562,2022-01-28,2022-01-28,0,
autonomio/talos,AutoML/RL,561,2021-11-12,2022-01-29,78,
autonomio/talos,AutoML/RL,558,2021-10-04,2022-01-29,117,user support
autonomio/talos,AutoML/RL,557,2021-09-22,2021-11-10,48,user support
autonomio/talos,AutoML/RL,556,2021-09-02,2021-11-10,68,user support
autonomio/talos,AutoML/RL,553,2021-08-12,2022-01-29,170,"topic: tensorflow,user support"
autonomio/talos,AutoML/RL,552,2021-06-18,2022-04-16,301,user support
autonomio/talos,AutoML/RL,551,2021-06-14,2021-06-21,6,user support
autonomio/talos,AutoML/RL,550,2021-05-25,2021-05-25,0,
autonomio/talos,AutoML/RL,549,2021-05-17,2021-05-25,7,"user support,topic: upstream: astetik"
autonomio/talos,AutoML/RL,548,2021-04-10,2022-04-15,370,
autonomio/talos,AutoML/RL,547,2021-03-27,2022-01-29,308,investigation
autonomio/talos,AutoML/RL,546,2021-03-13,2021-05-27,74,
autonomio/talos,AutoML/RL,545,2021-02-23,2021-03-13,18,user support
autonomio/talos,AutoML/RL,544,2021-02-19,2021-03-13,22,user support
autonomio/talos,AutoML/RL,543,2021-02-15,2021-02-15,0,
autonomio/talos,AutoML/RL,542,2021-02-14,2021-05-25,100,user support
autonomio/talos,AutoML/RL,539,2021-02-11,2021-02-14,2,user support
autonomio/talos,AutoML/RL,538,2021-02-02,2021-02-14,12,"user support,topic: install"
autonomio/talos,AutoML/RL,534,2021-01-27,2021-05-27,120,
autonomio/talos,AutoML/RL,532,2021-01-15,2022-01-29,379,
autonomio/talos,AutoML/RL,531,2020-12-27,2022-01-29,398,
autonomio/talos,AutoML/RL,527,2020-12-19,2021-01-03,14,
autonomio/talos,AutoML/RL,526,2020-12-13,2022-02-08,422,"topic: examples,move-to-docs"
autonomio/talos,AutoML/RL,524,2020-11-24,2020-11-29,4,user support
autonomio/talos,AutoML/RL,523,2020-11-24,2020-11-24,0,
autonomio/talos,AutoML/RL,522,2020-11-21,2020-11-21,0,
autonomio/talos,AutoML/RL,521,2020-11-19,2020-12-11,21,
autonomio/talos,AutoML/RL,520,2020-11-19,2020-11-20,0,
autonomio/talos,AutoML/RL,519,2020-11-17,2020-11-18,0,
autonomio/talos,AutoML/RL,518,2020-11-11,2022-04-23,528,
autonomio/talos,AutoML/RL,517,2020-11-09,2021-05-25,196,
autonomio/talos,AutoML/RL,516,2020-11-09,2020-11-09,0,
autonomio/talos,AutoML/RL,515,2020-11-09,2020-11-09,0,
autonomio/talos,AutoML/RL,514,2020-11-09,2020-11-09,0,
autonomio/talos,AutoML/RL,513,2020-11-09,2020-11-09,0,
autonomio/talos,AutoML/RL,512,2020-11-01,2020-11-20,19,priority: MEDIUM
autonomio/talos,AutoML/RL,511,2020-10-20,2020-11-09,20,
autonomio/talos,AutoML/RL,510,2020-10-19,2020-11-15,27,user support
autonomio/talos,AutoML/RL,508,2020-10-17,2020-11-09,23,user support
autonomio/talos,AutoML/RL,507,2020-09-29,2020-11-15,47,
autonomio/talos,AutoML/RL,506,2020-09-26,2020-11-09,44,topic: dependencies
autonomio/talos,AutoML/RL,505,2020-09-18,2020-11-15,57,user support
autonomio/talos,AutoML/RL,504,2020-09-07,2020-10-19,41,
autonomio/talos,AutoML/RL,503,2020-09-07,2020-11-09,63,topic: examples
autonomio/talos,AutoML/RL,501,2020-08-03,2020-11-09,98,user support
autonomio/talos,AutoML/RL,500,2020-07-31,2020-11-15,106,user support
autonomio/talos,AutoML/RL,499,2020-07-24,2020-08-21,27,
autonomio/talos,AutoML/RL,498,2020-07-22,2022-04-16,632,"priority: HIGH,topic: upstream: astetik"
autonomio/talos,AutoML/RL,497,2020-07-12,2020-07-17,5,
autonomio/talos,AutoML/RL,496,2020-07-03,2020-11-09,129,user support
autonomio/talos,AutoML/RL,495,2020-06-25,2022-04-23,667,
autonomio/talos,AutoML/RL,494,2020-06-02,2020-06-03,1,user support
autonomio/talos,AutoML/RL,493,2020-05-28,2020-11-15,171,"user support,move-to-docs"
autonomio/talos,AutoML/RL,492,2020-05-24,2020-11-15,174,"topic: keras,user support"
autonomio/talos,AutoML/RL,491,2020-05-18,2020-11-15,180,user support
autonomio/talos,AutoML/RL,489,2020-05-06,2020-11-09,187,
autonomio/talos,AutoML/RL,488,2020-05-05,2020-11-09,188,
autonomio/talos,AutoML/RL,487,2020-04-23,2020-11-09,199,user support
autonomio/talos,AutoML/RL,486,2020-04-22,2020-11-18,209,
autonomio/talos,AutoML/RL,485,2020-04-22,2020-04-23,0,
autonomio/talos,AutoML/RL,484,2020-04-22,2022-09-04,865,
autonomio/talos,AutoML/RL,483,2020-04-22,2022-09-04,865,
autonomio/talos,AutoML/RL,482,2020-04-19,2022-09-04,867,"priority: MEDIUM,topic: tensorflow,value: ⭐⭐⭐"
autonomio/talos,AutoML/RL,481,2020-04-15,2020-11-09,207,
